{
  "type": "FeatureCollection",
  "features": [
    {
      "type": "Feature",
      "geometry": {
        "type": "Polygon",
        "coordinates": [
          [
            [
              -89.40776905243601,
              43.073752000000006
            ],
            [
              -89.40776938704559,
              43.07375107109348
            ],
            [
              -89.40777015140186,
              43.073749466422974
            ],
            [
              -89.40777107029213,
              43.07374794496032
            ],
            [
              -89.40777213475664,
              43.073746521540755
            ],
            [
              -89.40777333441618,
              43.07374521004353
            ],
            [
              -89.40777465757327,
              43.0737440232566
            ],
            [
              -89.40777609132631,
              43.07374297275189
            ],
            [
              -89.40777762169529,
              43.07374206877248
            ],
            [
              -89.4077792337581,
              43.073741320132775
            ],
            [
              -89.40778091179612,
              43.07374073413248
            ],
            [
              -89.4077826394474,
              43.07374031648546
            ],
            [
              -89.40778439986622,
              43.073740071264076
            ],
            [
              -89.40778617588737,
              43.07374000085936
            ],
            [
              -89.40807525963638,
              43.07374282578199
            ],
            [
              -89.40807700186298,
              43.073621741033996
            ],
            [
              -89.40807711286222,
              43.07361998746389
            ],
            [
              -89.40807739430429,
              43.073618253070826
            ],
            [
              -89.40807784350739,
              43.07361655438147
            ],
            [
              -89.40807845619116,
              43.07361490758229
            ],
            [
              -89.40807922651746,
              43.07361332836529
            ],
            [
              -89.40808014714601,
              43.0736118317785
            ],
            [
              -89.40808120930434,
              43.07361043208259
            ],
            [
              -89.40808240287136,
              43.07360914261497
            ],
            [
              -89.4080837164738,
              43.07360797566272
            ],
            [
              -89.40808513759463,
              43.073606942345464
            ],
            [
              -89.40808665269228,
              43.07360605250949
            ],
            [
              -89.40808824732969,
              43.07360531463385
            ],
            [
              -89.4080899063119,
              43.07360473574961
            ],
            [
              -89.4080916138308,
              43.07360432137284
            ],
            [
              -89.40809335361583,
              43.07360407545205
            ],
            [
              -89.4080951090889,
              43.07360400033057
            ],
            [
              -89.4082601090889,
              43.073605000330566
            ],
            [
              -89.40826186605851,
              43.07360509698836
            ],
            [
              -89.40826360519524,
              43.07360536473512
            ],
            [
              -89.40826530987917,
              43.07360580101214
            ],
            [
              -89.40826696381957,
              43.073606401650174
            ],
            [
              -89.4082685512107,
              43.073607160909255
            ],
            [
              -89.40827005688273,
              43.07360807153358
            ],
            [
              -89.40827146644682,
              43.07360912482081
            ],
            [
              -89.40827276643255,
              43.0736103107053
            ],
            [
              -89.4082739444167,
              43.073611617854205
            ],
            [
              -89.40827498914194,
              43.07361303377585
            ],
            [
              -89.40827589062442,
              43.07361454493906
            ],
            [
              -89.40827664024918,
              43.073616136902515
            ],
            [
              -89.40827723085249,
              43.073617794452716
            ],
            [
              -89.40827765679028,
              43.07361950174939
            ],
            [
              -89.40827791399208,
              43.07362124247687
            ],
            [
              -89.408278,
              43.073623
            ],
            [
              -89.408278,
              43.073885
            ],
            [
              -89.40827791265752,
              43.07388677107316
            ],
            [
              -89.40827765147776,
              43.07388852495857
            ],
            [
              -89.40827721899535,
              43.07389024463524
            ],
            [
              -89.40827661940746,
              43.073891913414194
            ],
            [
              -89.40827585853287,
              43.073893515100416
            ],
            [
              -89.40827494375569,
              43.07389503414998
            ],
            [
              -89.40827388395356,
              43.07389645582094
            ],
            [
              -89.40827268941156,
              43.073897766316385
            ],
            [
              -89.4082713717224,
              43.07389895291831
            ],
            [
              -89.40826994367387,
              43.073900004111096
            ],
            [
              -89.40826841912478,
              43.0739009096932
            ],
            [
              -89.40826681287045,
              43.07390166087621
            ],
            [
              -89.40826514049914,
              43.0739022503701
            ],
            [
              -89.40826341824072,
              43.073902672454
            ],
            [
              -89.40826166280924,
              43.0739029230317
            ],
            [
              -89.40825989124066,
              43.073902999671425
            ],
            [
              -89.40794634178171,
              43.07390110511277
            ],
            [
              -89.407945987667,
              43.07391066620988
            ],
            [
              -89.40794584131714,
              43.07391238482752
            ],
            [
              -89.40794553114299,
              43.07391408154697
            ],
            [
              -89.40794505999261,
              43.07391574078843
            ],
            [
              -89.4079444321923,
              43.07391734731625
            ],
            [
              -89.40794365350668,
              43.07391888637882
            ],
            [
              -89.40794273108588,
              43.073920343843994
            ],
            [
              -89.40794167339985,
              43.07392170632891
            ],
            [
              -89.40794049016057,
              43.07392296132281
            ],
            [
              -89.4079391922329,
              43.07392409730196
            ],
            [
              -89.40793779153479,
              43.07392510383548
            ],
            [
              -89.4079363009279,
              43.073925971681064
            ],
            [
              -89.4079347340994,
              43.07392669286989
            ],
            [
              -89.40793310543638,
              43.0739272607798
            ],
            [
              -89.40793142989372,
              43.07392767019606
            ],
            [
              -89.40792972285675,
              43.073927917359306
            ],
            [
              -89.407928,
              43.073927999999995
            ],
            [
              -89.407917,
              43.073927999999995
            ],
            [
              -89.407917,
              43.07398242347011
            ],
            [
              -89.40794142845,
              43.073983005099876
            ],
            [
              -89.40794316361146,
              43.07398313050685
            ],
            [
              -89.40794487856245,
              43.073983422834324
            ],
            [
              -89.40794655728345,
              43.07398387935163
            ],
            [
              -89.40794818409337,
              43.073984495794406
            ],
            [
              -89.40794974379605,
              43.07398526640441
            ],
            [
              -89.40795122182217,
              43.07398618398329
            ],
            [
              -89.40795260436536,
              43.07398723995988
            ],
            [
              -89.40795387851117,
              43.073988424470194
            ],
            [
              -89.40795503235768,
              43.07398972644964
            ],
            [
              -89.4079560551267,
              43.07399113373629
            ],
            [
              -89.40795693726449,
              43.073992633184574
            ],
            [
              -89.40795767053089,
              43.073994210788015
            ],
            [
              -89.40795824807643,
              43.07399585181007
            ],
            [
              -89.40795866450615,
              43.073997540921816
            ],
            [
              -89.40795891593021,
              43.07399926234512
            ],
            [
              -89.40795899999999,
              43.074001
            ],
            [
              -89.40795899999999,
              43.074106
            ],
            [
              -89.40795891332507,
              43.07410776430853
            ],
            [
              -89.40795865413504,
              43.0741095116258
            ],
            [
              -89.40795822492603,
              43.07411122512419
            ],
            [
              -89.40795762983159,
              43.074112888301784
            ],
            [
              -89.40795687458275,
              43.074114485141266
            ],
            [
              -89.40795596645302,
              43.0741160002642
            ],
            [
              -89.40795491418815,
              43.074117419079116
            ],
            [
              -89.40795372792205,
              43.07411872792206
            ],
            [
              -89.40795241907911,
              43.07411991418816
            ],
            [
              -89.40795100026419,
              43.07412096645302
            ],
            [
              -89.40794948514126,
              43.07412187458276
            ],
            [
              -89.40794788830178,
              43.074122629831585
            ],
            [
              -89.40794622512418,
              43.07412322492604
            ],
            [
              -89.40794451162579,
              43.07412365413505
            ],
            [
              -89.40794276430852,
              43.07412391332508
            ],
            [
              -89.407941,
              43.074124
            ],
            [
              -89.40791282775515,
              43.074124
            ],
            [
              -89.40791199916795,
              43.07421017306892
            ],
            [
              -89.40791189484828,
              43.07421194278277
            ],
            [
              -89.40791161695026,
              43.0742136936518
            ],
            [
              -89.40791116816946,
              43.07421540869276
            ],
            [
              -89.40791055285902,
              43.0742170712699
            ],
            [
              -89.40790977698741,
              43.07421866525638
            ],
            [
              -89.4079088480805,
              43.074220175190696
            ],
            [
              -89.40790777514859,
              43.07422158642661
            ],
            [
              -89.40790656859902,
              43.07422288527527
            ],
            [
              -89.40790524013522,
              43.07422405913796
            ],
            [
              -89.40790380264316,
              43.07422509662833
            ],
            [
              -89.40790227006639,
              43.07422598768282
            ],
            [
              -89.40790065727073,
              43.074226723658285
            ],
            [
              -89.40789897990018,
              43.074227297415824
            ],
            [
              -89.40789725422506,
              43.07422770339005
            ],
            [
              -89.40789549698427,
              43.07422793764305
            ],
            [
              -89.40789372522286,
              43.07422799790259
            ],
            [
              -89.40776272522287,
              43.07422599790259
            ],
            [
              -89.40776097950783,
              43.07422588624084
            ],
            [
              -89.40775925287514,
              43.07422560565407
            ],
            [
              -89.40775756163185,
              43.07422515879226
            ],
            [
              -89.40775592175075,
              43.07422454987575
            ],
            [
              -89.40775434871954,
              43.07422378465541
            ],
            [
              -89.40775285739458,
              43.074222870358284
            ],
            [
              -89.40775146186057,
              43.07422181561937
            ],
            [
              -89.40775017529751,
              43.07422063040006
            ],
            [
              -89.40774900985619,
              43.074219325894056
            ],
            [
              -89.40774877127522,
              43.074219
            ],
            [
              -89.407727,
              43.074219
            ],
            [
              -89.40772520200063,
              43.07421890997483
            ],
            [
              -89.4077234219863,
              43.07421864079981
            ],
            [
              -89.40772167776213,
              43.07421819516746
            ],
            [
              -89.4077199867752,
              43.07421757753534
            ],
            [
              -89.40771836594014,
              43.0742167940815
            ],
            [
              -89.40771683146983,
              43.07421585264267
            ],
            [
              -89.40771539871326,
              43.074214762635876
            ],
            [
              -89.407714082002,
              43.07421353496422
            ],
            [
              -89.40771289450686,
              43.07421218190787
            ],
            [
              -89.4077118481061,
              43.074210717001165
            ],
            [
              -89.40771095326666,
              43.07420915489727
            ],
            [
              -89.40768498042867,
              43.074158047054766
            ],
            [
              -89.40747919587562,
              43.07415892273371
            ],
            [
              -89.40747980541111,
              43.074215
            ],
            [
              -89.407508,
              43.074215
            ],
            [
              -89.40750979033878,
              43.07421508925778
            ],
            [
              -89.40751156292181,
              43.07421535614588
            ],
            [
              -89.40751330016946,
              43.07421579801745
            ],
            [
              -89.40751498485251,
              43.074216410490195
            ],
            [
              -89.40751660026308,
              43.074217187489914
            ],
            [
              -89.40751813038028,
              43.074218121310686
            ],
            [
              -89.40751956002912,
              43.07421920269131
            ],
            [
              -89.40752087503101,
              43.07422042090717
            ],
            [
              -89.40752206234441,
              43.07422176387656
            ],
            [
              -89.40752311019406,
              43.074223218280544
            ],
            [
              -89.40752400818792,
              43.07422476969503
            ],
            [
              -89.40752474742007,
              43.07422640273382
            ],
            [
              -89.40752532055919,
              43.07422810120119
            ],
            [
              -89.40752572192112,
              43.07422984825256
            ],
            [
              -89.40752594752537,
              43.07423162656147
            ],
            [
              -89.40752599513448,
              43.0742334184915
            ],
            [
              -89.40752399513447,
              43.074319418491505
            ],
            [
              -89.40752385851383,
              43.0743212524395
            ],
            [
              -89.40752353547948,
              43.07432306287572
            ],
            [
              -89.4075230294034,
              43.07432483090215
            ],
            [
              -89.40752234556817,
              43.07432653806349
            ],
            [
              -89.40752149111192,
              43.07432816653977
            ],
            [
              -89.40752047495378,
              43.07432969933235
            ],
            [
              -89.4075193077008,
              43.07433112044139
            ],
            [
              -89.40751800153716,
              43.07433241503284
            ],
            [
              -89.40751657009707,
              43.074333569593264
            ],
            [
              -89.40746557009707,
              43.07437056959326
            ],
            [
              -89.40746400597891,
              43.07437158500382
            ],
            [
              -89.40746234519868,
              43.07437243313897
            ],
            [
              -89.4074606055817,
              43.074373104895606
            ],
            [
              -89.40745880579946,
              43.074373593063704
            ],
            [
              -89.40745696516919,
              43.0743738924037
            ],
            [
              -89.40745510344657,
              43.07437399970274
            ],
            [
              -89.40728110344656,
              43.07437499970274
            ],
            [
              -89.40727933223131,
              43.0743749225709
            ],
            [
              -89.40727757719523,
              43.0743746715706
            ],
            [
              -89.40727585536408,
              43.074374249136824
            ],
            [
              -89.4072741834415,
              43.074373659367645
            ],
            [
              -89.40727257764696,
              43.074372907984454
            ],
            [
              -89.40727105355842,
              43.07437200227649
            ],
            [
              -89.40726962596119,
              43.07437095103011
            ],
            [
              -89.40726830870452,
              43.074369764443546
            ],
            [
              -89.40726711456723,
              43.07436845402798
            ],
            [
              -89.40726605513377,
              43.07436703249588
            ],
            [
              -89.40726514068179,
              43.07436551363764
            ],
            [
              -89.40726438008245,
              43.074363912187835
            ],
            [
              -89.40726378071442,
              43.07436224368229
            ],
            [
              -89.40726334839219,
              43.074360524307316
            ],
            [
              -89.4072630873098,
              43.07435877074273
            ],
            [
              -89.407263,
              43.074357
            ],
            [
              -89.407263,
              43.07413183561988
            ],
            [
              -89.40717191743245,
              43.074130999999994
            ],
            [
              -89.40698880111108,
              43.074130999999994
            ],
            [
              -89.406987998889,
              43.07420319998765
            ],
            [
              -89.40698789206273,
              43.074204968271125
            ],
            [
              -89.40698761193538,
              43.074206717490085
            ],
            [
              -89.4069871612202,
              43.074208430701724
            ],
            [
              -89.40698654428282,
              43.07421009131202
            ],
            [
              -89.40698576709882,
              43.074211683236435
            ],
            [
              -89.40698483719595,
              43.074213191055705
            ],
            [
              -89.40698376358118,
              43.07421460016522
            ],
            [
              -89.40698255665346,
              43.074215896916456
            ],
            [
              -89.40698122810298,
              43.07421706874918
            ],
            [
              -89.40697979079799,
              43.07421810431311
            ],
            [
              -89.4069782586601,
              43.07421899357787
            ],
            [
              -89.4069766465295,
              43.0742197279301
            ],
            [
              -89.40697497002114,
              43.07422030025693
            ],
            [
              -89.40697324537354,
              43.07422070501484
            ],
            [
              -89.40697148929151,
              43.07422093828338
            ],
            [
              -89.40696971878432,
              43.07422099780313
            ],
            [
              -89.40684171878432,
              43.074218997803136
            ],
            [
              -89.40683996306271,
              43.07421888437549
            ],
            [
              -89.40683822680155,
              43.07421860008448
            ],
            [
              -89.40683652658869,
              43.07421814764616
            ],
            [
              -89.40683487866758,
              43.07421753138303
            ],
            [
              -89.40683329878212,
              43.074216757182725
            ],
            [
              -89.40683180202616,
              43.074215832441794
            ],
            [
              -89.40683040269937,
              43.074214765995
            ],
            [
              -89.40682911417063,
              43.07421356803094
            ],
            [
              -89.40682794875025,
              43.074212249994694
            ],
            [
              -89.4068269175724,
              43.0742108244785
            ],
            [
              -89.40682603048872,
              43.07420930510141
            ],
            [
              -89.4068252959742,
              43.07420770637922
            ],
            [
              -89.40682472104625,
              43.074206043585775
            ],
            [
              -89.4068243111976,
              43.074204332607025
            ],
            [
              -89.40682407034383,
              43.07420258978929
            ],
            [
              -89.40682400078605,
              43.07420083178305
            ],
            [
              -89.40682483098962,
              43.074112
            ],
            [
              -89.406792,
              43.074112
            ],
            [
              -89.40679023569147,
              43.07411191332508
            ],
            [
              -89.4067884883742,
              43.07411165413505
            ],
            [
              -89.40678677487581,
              43.07411122492604
            ],
            [
              -89.40678511169821,
              43.07411062983159
            ],
            [
              -89.40678351485873,
              43.07410987458276
            ],
            [
              -89.4067819997358,
              43.074108966453025
            ],
            [
              -89.40678058092088,
              43.07410791418816
            ],
            [
              -89.40677927207794,
              43.074106727922064
            ],
            [
              -89.40677808581184,
              43.07410541907912
            ],
            [
              -89.40677703354697,
              43.0741040002642
            ],
            [
              -89.40677612541724,
              43.07410248514127
            ],
            [
              -89.4067753701684,
              43.074100888301786
            ],
            [
              -89.40677477507396,
              43.07409922512419
            ],
            [
              -89.40677434586495,
              43.0740975116258
            ],
            [
              -89.40677408667491,
              43.07409576430853
            ],
            [
              -89.406774,
              43.074094
            ],
            [
              -89.406774,
              43.074087
            ],
            [
              -89.40668968967844,
              43.074087
            ],
            [
              -89.40668799727851,
              43.07418431299615
            ],
            [
              -89.40668788218292,
              43.074186056096785
            ],
            [
              -89.4066875986611,
              43.07418777983173
            ],
            [
              -89.4066871493834,
              43.074189467965724
            ],
            [
              -89.40668653858145,
              43.07419110459878
            ],
            [
              -89.40668577200817,
              43.07419267431602
            ],
            [
              -89.40668485688366,
              43.07419416233281
            ],
            [
              -89.40668380182717,
              43.074195554634
            ],
            [
              -89.40668261677592,
              43.07419683810599
            ],
            [
              -89.40668131289152,
              43.07419800066019
            ],
            [
              -89.4066799024548,
              43.074199031346886
            ],
            [
              -89.4066783987502,
              43.07419992045839
            ],
            [
              -89.4066768159406,
              43.074200659620466
            ],
            [
              -89.40667516893394,
              43.07420124187119
            ],
            [
              -89.40667347324285,
              43.07420166172653
            ],
            [
              -89.40667174483845,
              43.07420191523204
            ],
            [
              -89.40667,
              43.074202
            ],
            [
              -89.406481,
              43.074202
            ],
            [
              -89.40647921118064,
              43.07420191089404
            ],
            [
              -89.40647744007177,
              43.07420164445837
            ],
            [
              -89.40647570420856,
              43.07420120333087
            ],
            [
              -89.40647402077718,
              43.074200591879006
            ],
            [
              -89.40647240644473,
              43.07419981615655
            ],
            [
              -89.40647087719418,
              43.07419888384367
            ],
            [
              -89.4064694481661,
              43.07419780417088
            ],
            [
              -89.40646813350882,
              43.07419658782766
            ],
            [
              -89.40646694623834,
              43.0741952468566
            ],
            [
              -89.4064658981094,
              43.07419379453422
            ],
            [
              -89.40646499949918,
              43.07419224523946
            ],
            [
              -89.40646425930451,
              43.07419061431137
            ],
            [
              -89.40646368485382,
              43.07418891789721
            ],
            [
              -89.40646328183455,
              43.07418717279262
            ],
            [
              -89.40646305423684,
              43.07418539627528
            ],
            [
              -89.40646300431408,
              43.07418360593389
            ],
            [
              -89.40646600245273,
              43.07404669093564
            ],
            [
              -89.40646900139444,
              43.073805775950966
            ],
            [
              -89.40646900208678,
              43.0738057259201
            ],
            [
              -89.40647200208679,
              43.0736087259201
            ],
            [
              -89.40647211444296,
              43.07360697346367
            ],
            [
              -89.40647239702811,
              43.07360524029516
            ],
            [
              -89.40647284715266,
              43.073603542910305
            ],
            [
              -89.40647346053247,
              43.07360189746427
            ],
            [
              -89.40647423132961,
              43.073600319617874
            ],
            [
              -89.40647515220785,
              43.07359882438856
            ],
            [
              -89.40647621440259,
              43.07359742600743
            ],
            [
              -89.4064774078042,
              43.073596137783824
            ],
            [
              -89.40647872105427,
              43.07359497197864
            ],
            [
              -89.4064801416537,
              43.07359393968765
            ],
            [
              -89.4064816560817,
              43.07359305073584
            ],
            [
              -89.4064832499244,
              43.07359231358399
            ],
            [
              -89.40648490801216,
              43.07359173524805
            ],
            [
              -89.40648661456382,
              43.073591321232456
            ],
            [
              -89.40648835333695,
              43.073591075477665
            ],
            [
              -89.4064901077825,
              43.07359100032269
            ],
            [
              -89.4066571077825,
              43.0735920003227
            ],
            [
              -89.40665886484032,
              43.07359209686143
            ],
            [
              -89.40666060407527,
              43.073592364506204
            ],
            [
              -89.40666230886492,
              43.07359280069905
            ],
            [
              -89.40666396291604,
              43.07359340127113
            ],
            [
              -89.40666555042034,
              43.073594160482585
            ],
            [
              -89.40666705620554,
              43.07359507107739
            ],
            [
              -89.40666846588034,
              43.073596124352704
            ],
            [
              -89.40666976597205,
              43.07359731024202
            ],
            [
              -89.40667094405526,
              43.073598617411434
            ],
            [
              -89.40667198887068,
              43.073600033367896
            ],
            [
              -89.40667289043265,
              43.07360154457865
            ],
            [
              -89.40667364012465,
              43.07360313660059
            ],
            [
              -89.40667423078165,
              43.073604794218234
            ],
            [
              -89.40667465675853,
              43.073606501589204
            ],
            [
              -89.4066749139841,
              43.07360824239561
            ],
            [
              -89.40667499999999,
              43.07361
            ],
            [
              -89.40667499999999,
              43.07373115584122
            ],
            [
              -89.40688707825984,
              43.073733000000004
            ],
            [
              -89.406965,
              43.073733000000004
            ],
            [
              -89.40696677964367,
              43.07373308819193
            ],
            [
              -89.40696854184843,
              43.07373335190351
            ],
            [
              -89.40697026934625,
              43.07373378855061
            ],
            [
              -89.4069719452092,
              43.07373439385448
            ],
            [
              -89.40697355301533,
              43.073735161883675
            ],
            [
              -89.40697507700958,
              43.07373608511221
            ],
            [
              -89.40697650225817,
              43.073737154493266
            ],
            [
              -89.40697781479496,
              43.07373835954787
            ],
            [
              -89.40697900175824,
              43.07373968846757
            ],
            [
              -89.40698005151685,
              43.07374112823014
            ],
            [
              -89.4069809537841,
              43.0737426647272
            ],
            [
              -89.40698169971859,
              43.07374428290246
            ],
            [
              -89.40698228201079,
              43.07374596689925
            ],
            [
              -89.40698269495479,
              43.07374770021591
            ],
            [
              -89.4069829345041,
              43.0737494658675
            ],
            [
              -89.40698299831136,
              43.07375124655221
            ],
            [
              -89.40698224826413,
              43.073806000000005
            ],
            [
              -89.406992,
              43.073806000000005
            ],
            [
              -89.4069937786608,
              43.0738060880943
            ],
            [
              -89.4069955399116,
              43.07380635151492
            ],
            [
              -89.40699726651286,
              43.07380678768342
            ],
            [
              -89.40699894156414,
              43.073807392330465
            ],
            [
              -89.40700054866961,
              43.073808159537634
            ],
            [
              -89.40700207209852,
              43.073809081795304
            ],
            [
              -89.40700349693915,
              43.07381015007617
            ],
            [
              -89.40700480924481,
              43.07381135392363
            ],
            [
              -89.4070059961703,
              43.073812681554124
            ],
            [
              -89.40700704609769,
              43.073814119972454
            ],
            [
              -89.40700794875004,
              43.073815655099025
            ],
            [
              -89.40700869529194,
              43.073817271907615
            ],
            [
              -89.40700927841606,
              43.073818954572495
            ],
            [
              -89.40700969241462,
              43.073820686623314
            ],
            [
              -89.4070099332353,
              43.07382245110631
            ],
            [
              -89.40700999852089,
              43.07382423075027
            ],
            [
              -89.40700906209563,
              43.07389727192078
            ],
            [
              -89.407082,
              43.07389785542401
            ],
            [
              -89.407082,
              43.073888
            ],
            [
              -89.407066,
              43.073888
            ],
            [
              -89.40706421748939,
              43.073887911522995
            ],
            [
              -89.40706245250226,
              43.07388764696177
            ],
            [
              -89.40706072238977,
              43.07388720891718
            ],
            [
              -89.40705904416032,
              43.07388660169553
            ],
            [
              -89.40705743431218,
              43.07388583126629
            ],
            [
              -89.40705590867142,
              43.07388490520337
            ],
            [
              -89.40705448223628,
              43.073883832610704
            ],
            [
              -89.40705316902972,
              43.073882624032706
            ],
            [
              -89.4070519819616,
              43.07388129135064
            ],
            [
              -89.4070509327017,
              43.0738798476658
            ],
            [
              -89.40705003156506,
              43.073878307170745
            ],
            [
              -89.40704928741059,
              43.07387668500973
            ],
            [
              -89.40704870755387,
              43.07387499712987
            ],
            [
              -89.40704829769537,
              43.07387326012433
            ],
            [
              -89.4070480618643,
              43.07387149106923
            ],
            [
              -89.40704800237907,
              43.073869707355755
            ],
            [
              -89.40705000237907,
              43.07374670735575
            ],
            [
              -89.40705011690719,
              43.073744951832175
            ],
            [
              -89.40705040226187,
              43.073743215873534
            ],
            [
              -89.40705085571732,
              43.073741516062405
            ],
            [
              -89.40705147294192,
              43.073739868636075
            ],
            [
              -89.4070522480397,
              43.07373828933144
            ],
            [
              -89.4070531736066,
              43.073736793234644
            ],
            [
              -89.40705424080124,
              43.07373539463702
            ],
            [
              -89.40705543942936,
              43.07373410689854
            ],
            [
              -89.40705675804114,
              43.07373294232021
            ],
            [
              -89.40705818404068,
              43.07373191202655
            ],
            [
              -89.40705970380625,
              43.07373102585935
            ],
            [
              -89.40706130282044,
              43.073730292283635
            ],
            [
              -89.40706296580882,
              43.073729718306815
            ],
            [
              -89.40706467688582,
              43.07372930941176
            ],
            [
              -89.40706641970658,
              43.07372906950439
            ],
            [
              -89.40706817762293,
              43.073729000876405
            ],
            [
              -89.40767617762293,
              43.07373500087641
            ],
            [
              -89.407677929953,
              43.07373510376349
            ],
            [
              -89.40767966392919,
              43.073735376844134
            ],
            [
              -89.40768136306133,
              43.07373581752133
            ],
            [
              -89.40768301119064,
              43.07373642160425
            ],
            [
              -89.4076845926434,
              43.073737183348044
            ],
            [
              -89.40768609237995,
              43.0737380955085
            ],
            [
              -89.40768749613777,
              43.073739149410976
            ],
            [
              -89.40768879056708,
              43.07374033503283
            ],
            [
              -89.40768996335785,
              43.07374164109876
            ],
            [
              -89.40769100335682,
              43.07374305518808
            ],
            [
              -89.40769190067356,
              43.073744563852756
            ],
            [
              -89.40769264677458,
              43.07374615274536
            ],
            [
              -89.40769323456443,
              43.073747806755485
            ],
            [
              -89.40769365845324,
              43.07374951015347
            ],
            [
              -89.40769391440982,
              43.07375124673997
            ],
            [
              -89.40769395118227,
              43.073752000000006
            ],
            [
              -89.40776905243601,
              43.073752000000006
            ]
          ],
          [
            [
              -89.40774527600227,
              43.07396092139902
            ],
            [
              -89.40774572094688,
              43.073932
            ],
            [
              -89.407745,
              43.073932
            ],
            [
              -89.40774323569148,
              43.07393191332508
            ],
            [
              -89.40774148837421,
              43.07393165413505
            ],
            [
              -89.40773977487582,
              43.07393122492604
            ],
            [
              -89.40773811169822,
              43.07393062983159
            ],
            [
              -89.40773651485874,
              43.07392987458276
            ],
            [
              -89.40773499973581,
              43.073928966453025
            ],
            [
              -89.40773358092089,
              43.07392791418816
            ],
            [
              -89.40773227207795,
              43.073926727922064
            ],
            [
              -89.40773108581185,
              43.07392541907912
            ],
            [
              -89.40773003354698,
              43.0739240002642
            ],
            [
              -89.40772912541725,
              43.07392248514127
            ],
            [
              -89.40772837016841,
              43.073920888301785
            ],
            [
              -89.40772777507397,
              43.07391922512419
            ],
            [
              -89.40772734586496,
              43.0739175116258
            ],
            [
              -89.40772708667492,
              43.07391576430853
            ],
            [
              -89.40772700000001,
              43.073914
            ],
            [
              -89.40772700000001,
              43.07388075840022
            ],
            [
              -89.40768884242549,
              43.07388024275732
            ],
            [
              -89.40768865112209,
              43.073881526739115
            ],
            [
              -89.40768821820159,
              43.07388324724058
            ],
            [
              -89.40768761801235,
              43.073884916766964
            ],
            [
              -89.407686856385,
              43.0738865190994
            ],
            [
              -89.40768594071847,
              43.0738880386718
            ],
            [
              -89.40768487990815,
              43.07388946072205
            ],
            [
              -89.40768368425941,
              43.07389077143543
            ],
            [
              -89.40768236538759,
              43.07389195807884
            ],
            [
              -89.40768093610504,
              43.07389300912444
            ],
            [
              -89.40767941029674,
              43.07389391436171
            ],
            [
              -89.40767780278539,
              43.07389466499658
            ],
            [
              -89.40767612918738,
              43.07389525373689
            ],
            [
              -89.40767440576113,
              43.07389567486326
            ],
            [
              -89.40767264924911,
              43.07389592428457
            ],
            [
              -89.40767087671522,
              43.0738959995778
            ],
            [
              -89.40754275997239,
              43.07389512206586
            ],
            [
              -89.40754223457495,
              43.0739345268729
            ],
            [
              -89.4075433491444,
              43.073934813183705
            ],
            [
              -89.40754504780466,
              43.073935437136434
            ],
            [
              -89.40754667523068,
              43.07393622849491
            ],
            [
              -89.40754821497357,
              43.073937179260646
            ],
            [
              -89.40754965147072,
              43.07393827982397
            ],
            [
              -89.407550970203,
              43.07393951906116
            ],
            [
              -89.40755215784161,
              43.07394088444689
            ],
            [
              -89.40755320238274,
              43.073942362180794
            ],
            [
              -89.4075540932689,
              43.07394393732699
            ],
            [
              -89.40755482149564,
              43.07394559396499
            ],
            [
              -89.40755537970256,
              43.073947315350686
            ],
            [
              -89.40755576224768,
              43.07394908408552
            ],
            [
              -89.40755596526454,
              43.07395088229236
            ],
            [
              -89.40755598670114,
              43.073952691796194
            ],
            [
              -89.4075557024403,
              43.07396008257795
            ],
            [
              -89.40774527600227,
              43.07396092139902
            ]
          ]
        ]
      },
      "properties": {
        "building": "university",
        "name": "Medical Sciences Center",
        "@id": "relation/17672452",
        "addr:street": "University Avenue",
        "addr:housenumber": "1350",
        "person_counts": [
          0,
          0,
          0,
          0,
          0,
          0,
          0,
          0,
          0,
          0,
          0,
          0,
          0,
          0,
          0,
          0,
          0,
          0,
          0,
          0,
          0,
          0,
          0,
          0,
          0,
          0,
          0,
          0,
          0,
          0,
          0,
          0,
          0,
          0,
          0,
          0,
          0,
          0,
          0,
          2,
          2,
          2,
          2,
          2,
          2,
          2,
          2,
          2,
          2,
          2,
          0,
          0,
          0,
          0,
          0,
          0,
          0,
          0,
          0,
          0,
          0,
          0,
          0,
          0,
          0,
          0,
          0,
          0,
          0,
          0,
          0,
          0,
          0,
          0,
          0,
          0,
          0,
          0,
          0,
          0,
          0,
          0,
          0,
          0,
          0,
          0,
          0,
          0,
          0,
          0,
          0,
          0,
          0,
          0,
          0,
          0,
          0,
          0,
          0,
          0,
          0,
          0,
          0,
          0,
          0,
          0,
          0,
          0,
          0,
          0,
          0
        ],
        "instructor_counts": [
          0,
          0,
          0,
          0,
          0,
          0,
          0,
          0,
          0,
          0,
          0,
          0,
          0,
          0,
          0,
          0,
          0,
          0,
          0,
          0,
          0,
          0,
          0,
          0,
          0,
          0,
          0,
          0,
          0,
          0,
          0,
          0,
          0,
          0,
          0,
          0,
          0,
          0,
          0,
          1,
          1,
          1,
          1,
          1,
          1,
          1,
          1,
          1,
          1,
          1,
          0,
          0,
          0,
          0,
          0,
          0,
          0,
          0,
          0,
          0,
          0,
          0,
          0,
          0,
          0,
          0,
          0,
          0,
          0,
          0,
          0,
          0,
          0,
          0,
          0,
          0,
          0,
          0,
          0,
          0,
          0,
          0,
          0,
          0,
          0,
          0,
          0,
          0,
          0,
          0,
          0,
          0,
          0,
          0,
          0,
          0,
          0,
          0,
          0,
          0,
          0,
          0,
          0,
          0,
          0,
          0,
          0,
          0,
          0,
          0,
          0
        ]
      }
    },
    {
      "type": "Feature",
      "geometry": {
        "type": "Polygon",
        "coordinates": [
          [
            [
              -89.42117070733657,
              43.075359
            ],
            [
              -89.42116999758179,
              43.07540229504232
            ],
            [
              -89.42116988409802,
              43.07540403937195
            ],
            [
              -89.42116960195372,
              43.075405764468776
            ],
            [
              -89.42116915380973,
              43.07540745406381
            ],
            [
              -89.42116854389236,
              43.07540909222291
            ],
            [
              -89.4211677779536,
              43.075410663496996
            ],
            [
              -89.42116686321684,
              43.075412153067774
            ],
            [
              -89.42116580830873,
              43.07541354688746
            ],
            [
              -89.42116462317786,
              43.07541483181129
            ],
            [
              -89.4211633190009,
              43.07541599572145
            ],
            [
              -89.42116190807721,
              43.0754170276414
            ],
            [
              -89.42116040371288,
              43.07541791783936
            ],
            [
              -89.4211588200952,
              43.07541865792008
            ],
            [
              -89.42115717215887,
              43.075419240904054
            ],
            [
              -89.42115547544519,
              43.07541966129329
            ],
            [
              -89.42115374595544,
              43.075419915123206
            ],
            [
              -89.421152,
              43.075419999999994
            ],
            [
              -89.421118,
              43.075419999999994
            ],
            [
              -89.42111790270413,
              43.075419999737036
            ],
            [
              -89.42074790270412,
              43.07541799973704
            ],
            [
              -89.42074787755385,
              43.07541799958352
            ],
            [
              -89.42045393877605,
              43.075416
            ],
            [
              -89.420375,
              43.075416
            ],
            [
              -89.42037489024595,
              43.07541599966539
            ],
            [
              -89.42021089024594,
              43.07541499966539
            ],
            [
              -89.42020911527645,
              43.07541490105632
            ],
            [
              -89.42020735869022,
              43.07541462784341
            ],
            [
              -89.42020563762071,
              43.07541418269154
            ],
            [
              -89.42020396885493,
              43.07541356994264
            ],
            [
              -89.42020236866973,
              43.075412795573364
            ],
            [
              -89.42020085267305,
              43.07541186713677
            ],
            [
              -89.42019943565165,
              43.075410793688675
            ],
            [
              -89.42019813142691,
              43.07540958569931
            ],
            [
              -89.42019695272005,
              43.075408254951185
            ],
            [
              -89.42019591102795,
              43.0754068144242
            ],
            [
              -89.42019501651107,
              43.075405278169
            ],
            [
              -89.42019427789442,
              43.075403661169965
            ],
            [
              -89.42019370238232,
              43.075401979199015
            ],
            [
              -89.42019329558822,
              43.075400248661815
            ],
            [
              -89.4201930614799,
              43.07539848643772
            ],
            [
              -89.42019300234085,
              43.07539670971517
            ],
            [
              -89.42019371164272,
              43.07535273299983
            ],
            [
              -89.42014382138547,
              43.07535199931957
            ],
            [
              -89.4197728510939,
              43.07535009201731
            ],
            [
              -89.41977199938532,
              43.07545314875525
            ],
            [
              -89.41977189867549,
              43.07545490720093
            ],
            [
              -89.41977162658732,
              43.075456647385316
            ],
            [
              -89.41977118572599,
              43.07545835264628
            ],
            [
              -89.41977058031273,
              43.075460006656094
            ],
            [
              -89.41976981614432,
              43.07546159357775
            ],
            [
              -89.41976890053763,
              43.07546309821659
            ],
            [
              -89.41976784225949,
              43.07546450616583
            ],
            [
              -89.41976665144284,
              43.07546580394447
            ],
            [
              -89.41976533948967,
              43.075466979126375
            ],
            [
              -89.41976391896179,
              43.07546802045928
            ],
            [
              -89.41976240346067,
              43.075468917972515
            ],
            [
              -89.41976080749708,
              43.075469663072454
            ],
            [
              -89.41975914635226,
              43.075470248624825
            ],
            [
              -89.41975743593154,
              43.07547066902302
            ],
            [
              -89.41975569261206,
              43.075470920241756
            ],
            [
              -89.41975393308596,
              43.07547099987563
            ],
            [
              -89.41948493308595,
              43.07546999987562
            ],
            [
              -89.41948316402326,
              43.07546990612156
            ],
            [
              -89.41948141274445,
              43.075469638922804
            ],
            [
              -89.419479696213,
              43.07546920086752
            ],
            [
              -89.41947803105582,
              43.075468596198874
            ],
            [
              -89.41947643340215,
              43.075467830773874
            ],
            [
              -89.41947491872745,
              43.075466912006696
            ],
            [
              -89.41947350170331,
              43.07546584879682
            ],
            [
              -89.41947219605554,
              43.07546465144285
            ],
            [
              -89.41947101443105,
              43.075463331542764
            ],
            [
              -89.4194699682755,
              43.07546190188155
            ],
            [
              -89.41946906772225,
              43.075460376307404
            ],
            [
              -89.41946832149439,
              43.075458769597525
            ],
            [
              -89.41946773682012,
              43.07545709731506
            ],
            [
              -89.41946731936281,
              43.075455375658294
            ],
            [
              -89.41946707316609,
              43.075453621303765
            ],
            [
              -89.41946700061467,
              43.07545185124474
            ],
            [
              -89.41946785062497,
              43.075348999999996
            ],
            [
              -89.419453,
              43.075348999999996
            ],
            [
              -89.41945289772893,
              43.075348999709455
            ],
            [
              -89.41927689772892,
              43.07534799970946
            ],
            [
              -89.4192751159789,
              43.07534790113026
            ],
            [
              -89.41927335274549,
              43.07534762661439
            ],
            [
              -89.4192716253582,
              43.07534717885985
            ],
            [
              -89.4192699507942,
              43.075346562267285
            ],
            [
              -89.4192683455115,
              43.075345782896726
            ],
            [
              -89.41926682528724,
              43.07534484840801
            ],
            [
              -89.41926540506252,
              43.07534376798551
            ],
            [
              -89.41926409879568,
              43.075342552247896
            ],
            [
              -89.41926291932502,
              43.07534121314374
            ],
            [
              -89.41926187824268,
              43.07533976383406
            ],
            [
              -89.41926098578064,
              43.07533821856304
            ],
            [
              -89.41926025071025,
              43.075336592517985
            ],
            [
              -89.41925968025598,
              43.07533490168005
            ],
            [
              -89.41925928002438,
              43.075333162667214
            ],
            [
              -89.419259053949,
              43.07533139257091
            ],
            [
              -89.4192590042518,
              43.07532960878808
            ],
            [
              -89.41926000159039,
              43.07528373121355
            ],
            [
              -89.41926200059486,
              43.075037853663375
            ],
            [
              -89.41926210098005,
              43.075036096034445
            ],
            [
              -89.41926237258465,
              43.07503435661857
            ],
            [
              -89.41926281281053,
              43.07503265205476
            ],
            [
              -89.41926341744656,
              43.0750309986486
            ],
            [
              -89.41926418070886,
              43.07502941221635
            ],
            [
              -89.4192650952962,
              43.07502790793358
            ],
            [
              -89.41926615245974,
              43.07502650019005
            ],
            [
              -89.41926734208684,
              43.07502520245201
            ],
            [
              -89.41926865279768,
              43.07502402713345
            ],
            [
              -89.4192700720542,
              43.07502298547729
            ],
            [
              -89.41927158628,
              43.07502208744785
            ],
            [
              -89.41927318099022,
              43.07502134163556
            ],
            [
              -89.41927484093009,
              43.075020755174755
            ],
            [
              -89.41927655022086,
              43.075020333675425
            ],
            [
              -89.41927829251172,
              43.075020081169576
            ],
            [
              -89.41928005113616,
              43.075020000072634
            ],
            [
              -89.41961416116622,
              43.07502094924885
            ],
            [
              -89.41961600072388,
              43.07481583857151
            ],
            [
              -89.41961610263708,
              43.07481408052083
            ],
            [
              -89.41961637585281,
              43.07481234084222
            ],
            [
              -89.41961681775602,
              43.07481063618682
            ],
            [
              -89.41961742411709,
              43.074808982870536
            ],
            [
              -89.41961818913232,
              43.074807396717894
            ],
            [
              -89.41961910547943,
              43.07480589291057
            ],
            [
              -89.41962016438771,
              43.07480448584208
            ],
            [
              -89.41962135572196,
              43.07480318898002
            ],
            [
              -89.41962266807946,
              43.07480201473716
            ],
            [
              -89.41962408889911,
              43.07480097435262
            ],
            [
              -89.41962560458173,
              43.074800077784325
            ],
            [
              -89.41962720062011,
              43.074799333613676
            ],
            [
              -89.41962886173798,
              43.07479874896341
            ],
            [
              -89.41963057203613,
              43.07479832942945
            ],
            [
              -89.41963231514463,
              43.0747980790273
            ],
            [
              -89.41963407437953,
              43.07479800015368
            ],
            [
              -89.4198604571022,
              43.07479893561948
            ],
            [
              -89.41986109076174,
              43.074797580015556
            ],
            [
              -89.41986200116233,
              43.07479604837357
            ],
            [
              -89.41986305853099,
              43.0747946142439
            ],
            [
              -89.41986425250697,
              43.07479329167905
            ],
            [
              -89.41986557139091,
              43.07479209363835
            ],
            [
              -89.4198670022596,
              43.07479103186095
            ],
            [
              -89.41986853109243,
              43.07479011675082
            ],
            [
              -89.41987014290896,
              43.07478935727479
            ],
            [
              -89.4198718219156,
              43.074788760874675
            ],
            [
              -89.41987355166039,
              43.07478833339439
            ],
            [
              -89.41987531519418,
              43.074788079022646
            ],
            [
              -89.41987709523676,
              43.07478800025195
            ],
            [
              -89.42044409523676,
              43.07479100025195
            ],
            [
              -89.4204458531414,
              43.07479109564671
            ],
            [
              -89.42044759331921,
              43.07479136231146
            ],
            [
              -89.42044929912394,
              43.07479179769535
            ],
            [
              -89.42045095423815,
              43.07479239763355
            ],
            [
              -89.42045254282931,
              43.07479315638717
            ],
            [
              -89.4204540497012,
              43.0747940666981
            ],
            [
              -89.42045546043937,
              43.07479511985845
            ],
            [
              -89.42045676154892,
              43.074796305793875
            ],
            [
              -89.42045794058367,
              43.074797613159916
            ],
            [
              -89.42045898626516,
              43.07479902945054
            ],
            [
              -89.42045988859059,
              43.07480054111774
            ],
            [
              -89.42046013562398,
              43.074801065443246
            ],
            [
              -89.42069007317012,
              43.07480200014872
            ],
            [
              -89.42069184250991,
              43.07480209454951
            ],
            [
              -89.42069359399626,
              43.07480236244941
            ],
            [
              -89.42069531065772,
              43.07480280125254
            ],
            [
              -89.42069697586032,
              43.074803406707
            ],
            [
              -89.42069857346866,
              43.07480417294611
            ],
            [
              -89.42070008800235,
              43.074805092545205
            ],
            [
              -89.42070150478594,
              43.07480615659362
            ],
            [
              -89.42070281009119,
              43.074807354781
            ],
            [
              -89.42070399127002,
              43.07480867549723
            ],
            [
              -89.42070503687712,
              43.074810105944906
            ],
            [
              -89.42070593678085,
              43.07481163226338
            ],
            [
              -89.42070668226135,
              43.07481323966302
            ],
            [
              -89.42070726609512,
              43.07481491256855
            ],
            [
              -89.420707682625,
              43.074816634769945
            ],
            [
              -89.42070792781486,
              43.07481838957954
            ],
            [
              -89.42070799928892,
              43.074820159993685
            ],
            [
              -89.42070615987686,
              43.07502709385102
            ],
            [
              -89.421267093263,
              43.07503000024162
            ],
            [
              -89.4212688627577,
              43.075030096644625
            ],
            [
              -89.42127061419744,
              43.07503036657785
            ],
            [
              -89.42127233060616,
              43.07503080742492
            ],
            [
              -89.4212739953474,
              43.075031414912885
            ],
            [
              -89.4212755922855,
              43.07503218315361
            ],
            [
              -89.42127710594194,
              43.07503310470082
            ],
            [
              -89.42127852164543,
              43.07503417062234
            ],
            [
              -89.42127982567413,
              43.07503537058659
            ],
            [
              -89.4212810053886,
              43.0750366929628
            ],
            [
              -89.42128204935432,
              43.07503812493369
            ],
            [
              -89.42128294745254,
              43.075039652619736
            ],
            [
              -89.42128369097836,
              43.07504126121366
            ],
            [
              -89.42128427272506,
              43.075042935124
            ],
            [
              -89.42128468705401,
              43.0750446581262
            ],
            [
              -89.42128492994927,
              43.07504641351988
            ],
            [
              -89.42128499905655,
              43.07504818429069
            ],
            [
              -89.42128199905655,
              43.075341184290686
            ],
            [
              -89.42128189556516,
              43.075342936168184
            ],
            [
              -89.42128162196731,
              43.07534466964142
            ],
            [
              -89.42128118086366,
              43.075346368232836
            ],
            [
              -89.42128057644715,
              43.075348015796465
            ],
            [
              -89.42127981446303,
              43.07534959667137
            ],
            [
              -89.4212789021544,
              43.075351095830534
            ],
            [
              -89.42127784819318,
              43.07535249902367
            ],
            [
              -89.42127666259782,
              43.075353792912736
            ],
            [
              -89.42127535663802,
              43.07535496519863
            ],
            [
              -89.42127394272758,
              43.0753560047382
            ],
            [
              -89.42127243430645,
              43.07535690165007
            ],
            [
              -89.42127084571291,
              43.075357647408644
            ],
            [
              -89.4212691920474,
              43.07535823492512
            ],
            [
              -89.42126748902882,
              43.07535865861483
            ],
            [
              -89.42126575284526,
              43.07535891445041
            ],
            [
              -89.421264,
              43.075359
            ],
            [
              -89.42117070733657,
              43.075359
            ]
          ]
        ]
      },
      "properties": {
        "building": "university",
        "name": "Veterinary Medicine South",
        "@id": "way/38019751",
        "addr:street": "Linden Drive",
        "addr:housenumber": "2015",
        "person_counts": [
          155,
          155,
          155,
          166,
          166,
          166,
          166,
          166,
          166,
          166,
          166,
          11,
          11,
          109,
          109,
          109,
          109,
          109,
          109,
          109,
          109,
          109,
          109,
          109,
          11,
          11,
          110,
          110,
          110,
          110,
          110,
          110,
          110,
          110,
          110,
          110,
          110,
          110,
          110,
          110,
          110,
          110,
          110,
          110,
          110,
          110,
          110,
          110,
          110,
          110,
          11,
          11,
          10,
          10,
          10,
          10,
          10,
          10,
          10,
          10,
          10,
          10,
          10,
          10,
          10,
          10,
          10,
          109,
          109,
          109,
          109,
          109,
          109,
          109,
          109,
          109,
          109,
          109,
          109,
          109,
          109,
          109,
          109,
          109,
          109,
          109,
          109,
          109,
          109,
          109,
          109,
          10,
          10,
          10,
          10,
          10,
          10,
          10,
          10,
          10,
          10,
          10,
          10,
          10,
          10,
          10,
          10,
          10,
          10,
          10,
          10
        ],
        "instructor_counts": [
          11,
          11,
          11,
          19,
          19,
          19,
          19,
          19,
          19,
          19,
          19,
          8,
          8,
          10,
          10,
          10,
          10,
          10,
          10,
          10,
          10,
          10,
          10,
          10,
          8,
          8,
          9,
          9,
          9,
          9,
          9,
          9,
          9,
          9,
          9,
          9,
          9,
          9,
          9,
          9,
          9,
          9,
          9,
          9,
          9,
          9,
          9,
          9,
          9,
          9,
          8,
          8,
          6,
          6,
          6,
          6,
          6,
          6,
          6,
          6,
          6,
          6,
          6,
          8,
          8,
          8,
          8,
          9,
          9,
          9,
          9,
          9,
          9,
          9,
          9,
          9,
          9,
          9,
          9,
          9,
          9,
          9,
          9,
          9,
          9,
          9,
          9,
          9,
          9,
          9,
          9,
          8,
          8,
          8,
          8,
          8,
          8,
          8,
          8,
          8,
          8,
          8,
          8,
          8,
          8,
          8,
          8,
          8,
          8,
          8,
          8
        ]
      }
    },
    {
      "type": "Feature",
      "geometry": {
        "type": "Polygon",
        "coordinates": [
          [
            [
              -89.405535,
              43.07257053194379
            ],
            [
              -89.405535,
              43.072647
            ],
            [
              -89.40553491446988,
              43.07264875264626
            ],
            [
              -89.40553465869235,
              43.072650488636505
            ],
            [
              -89.40553423509814,
              43.07265219147303
            ],
            [
              -89.40553364771282,
              43.07265384497319
            ],
            [
              -89.40553290211852,
              43.0726554334232
            ],
            [
              -89.40553200540087,
              43.07265694172746
            ],
            [
              -89.4055309660817,
              43.07265835555204
            ],
            [
              -89.405529794038,
              43.07265966146088
            ],
            [
              -89.40552850040814,
              43.072660847043466
            ],
            [
              -89.40552709748592,
              43.072661901032795
            ],
            [
              -89.40552559860377,
              43.07266281341245
            ],
            [
              -89.40552401800613,
              43.07266357551176
            ],
            [
              -89.40552237071394,
              43.07266418008824
            ],
            [
              -89.40552067238198,
              43.07266462139639
            ],
            [
              -89.40551893915011,
              43.0726648952423
            ],
            [
              -89.40551718748983,
              43.07266499902352
            ],
            [
              -89.40543718330619,
              43.07266583240043
            ],
            [
              -89.40543687458276,
              43.07266648514126
            ],
            [
              -89.40543596645303,
              43.072668000264194
            ],
            [
              -89.40543491418816,
              43.07266941907911
            ],
            [
              -89.40543372792206,
              43.07267072792206
            ],
            [
              -89.40543241907912,
              43.072671914188156
            ],
            [
              -89.4054310002642,
              43.07267296645302
            ],
            [
              -89.40542948514127,
              43.072673874582755
            ],
            [
              -89.40542788830179,
              43.07267462983158
            ],
            [
              -89.40542622512419,
              43.07267522492604
            ],
            [
              -89.4054245116258,
              43.07267565413505
            ],
            [
              -89.40542276430853,
              43.07267591332508
            ],
            [
              -89.405421,
              43.072675999999994
            ],
            [
              -89.4053984277303,
              43.072675999999994
            ],
            [
              -89.40539741907911,
              43.07267691418816
            ],
            [
              -89.40539600026419,
              43.07267796645302
            ],
            [
              -89.40539448514126,
              43.072678874582756
            ],
            [
              -89.40539288830178,
              43.07267962983158
            ],
            [
              -89.40539122512418,
              43.07268022492604
            ],
            [
              -89.40538951162578,
              43.07268065413505
            ],
            [
              -89.40538776430851,
              43.07268091332508
            ],
            [
              -89.405386,
              43.072680999999996
            ],
            [
              -89.40535873002757,
              43.072680999999996
            ],
            [
              -89.40535865413506,
              43.0726815116258
            ],
            [
              -89.40535822492605,
              43.072683225124194
            ],
            [
              -89.4053576298316,
              43.07268488830179
            ],
            [
              -89.40535687458276,
              43.07268648514127
            ],
            [
              -89.40535596645303,
              43.0726880002642
            ],
            [
              -89.40535491418817,
              43.07268941907912
            ],
            [
              -89.40535372792206,
              43.072690727922065
            ],
            [
              -89.40535241907912,
              43.07269191418816
            ],
            [
              -89.4053510002642,
              43.072692966453026
            ],
            [
              -89.40534948514127,
              43.07269387458276
            ],
            [
              -89.40534788830179,
              43.07269462983159
            ],
            [
              -89.40534622512419,
              43.07269522492604
            ],
            [
              -89.4053445116258,
              43.07269565413505
            ],
            [
              -89.40534276430853,
              43.072695913325084
            ],
            [
              -89.405341,
              43.072696
            ],
            [
              -89.405237,
              43.072696
            ],
            [
              -89.40523523569148,
              43.072695913325084
            ],
            [
              -89.40523348837421,
              43.07269565413505
            ],
            [
              -89.40523177487582,
              43.07269522492604
            ],
            [
              -89.40523011169822,
              43.07269462983159
            ],
            [
              -89.40522851485873,
              43.07269387458276
            ],
            [
              -89.4052269997358,
              43.072692966453026
            ],
            [
              -89.40522558092088,
              43.07269191418816
            ],
            [
              -89.40522427207794,
              43.072690727922065
            ],
            [
              -89.40522308581184,
              43.07268941907912
            ],
            [
              -89.40522203354698,
              43.0726880002642
            ],
            [
              -89.40522112541724,
              43.07268648514127
            ],
            [
              -89.40522037016841,
              43.07268488830179
            ],
            [
              -89.40521977507396,
              43.072683225124194
            ],
            [
              -89.40521934586495,
              43.0726815116258
            ],
            [
              -89.40521908667492,
              43.07267976430853
            ],
            [
              -89.405219,
              43.072678
            ],
            [
              -89.405219,
              43.072677
            ],
            [
              -89.405204,
              43.072677
            ],
            [
              -89.40520223569148,
              43.07267691332508
            ],
            [
              -89.4052004883742,
              43.07267665413505
            ],
            [
              -89.40519877487581,
              43.07267622492604
            ],
            [
              -89.40519711169821,
              43.072675629831586
            ],
            [
              -89.40519551485873,
              43.07267487458276
            ],
            [
              -89.4051939997358,
              43.072673966453024
            ],
            [
              -89.40519258092088,
              43.07267291418816
            ],
            [
              -89.40519127207794,
              43.072671727922064
            ],
            [
              -89.40519008581184,
              43.07267041907912
            ],
            [
              -89.40518977500157,
              43.072669999999995
            ],
            [
              -89.405188,
              43.072669999999995
            ],
            [
              -89.40518623569147,
              43.07266991332508
            ],
            [
              -89.4051844883742,
              43.07266965413505
            ],
            [
              -89.40518277487581,
              43.07266922492604
            ],
            [
              -89.40518111169821,
              43.07266862983158
            ],
            [
              -89.40517951485873,
              43.072667874582756
            ],
            [
              -89.4051779997358,
              43.07266696645302
            ],
            [
              -89.40517658092088,
              43.07266591418816
            ],
            [
              -89.40517527207794,
              43.07266472792206
            ],
            [
              -89.40517408581184,
              43.07266341907911
            ],
            [
              -89.40517303354697,
              43.072662000264195
            ],
            [
              -89.40517212541724,
              43.07266048514126
            ],
            [
              -89.4051713701684,
              43.07265888830178
            ],
            [
              -89.40517077507396,
              43.07265722512419
            ],
            [
              -89.40517034586495,
              43.0726555116258
            ],
            [
              -89.40517008667491,
              43.07265376430853
            ],
            [
              -89.40517,
              43.072652
            ],
            [
              -89.40517,
              43.072590050069444
            ],
            [
              -89.40484599999999,
              43.07259095006944
            ],
            [
              -89.40484599999999,
              43.0727224350824
            ],
            [
              -89.404846897375,
              43.07272296530785
            ],
            [
              -89.4048483073712,
              43.07272399488105
            ],
            [
              -89.40484961099048,
              43.07272515621088
            ],
            [
              -89.40485079596877,
              43.07272643837184
            ],
            [
              -89.40485185115806,
              43.07272782930168
            ],
            [
              -89.4048527666314,
              43.07272931591488
            ],
            [
              -89.40485353377625,
              43.07273088422576
            ],
            [
              -89.40485414537551,
              43.072732519480056
            ],
            [
              -89.40485459567539,
              43.072734206293696
            ],
            [
              -89.4048548804396,
              43.07273592879756
            ],
            [
              -89.40485499698916,
              43.072737670786786
            ],
            [
              -89.40485754892644,
              43.07287717669189
            ],
            [
              -89.4048613079002,
              43.072875923700636
            ],
            [
              -89.40486323712608,
              43.07287539770527
            ],
            [
              -89.40486521279075,
              43.072875088945224
            ],
            [
              -89.40486721051191,
              43.072875001231026
            ],
            [
              -89.40503821051192,
              43.07287700123103
            ],
            [
              -89.40503975048473,
              43.07287708531878
            ],
            [
              -89.40504127760668,
              43.07287730092391
            ],
            [
              -89.40506827760667,
              43.07288230092391
            ],
            [
              -89.40507002804343,
              43.07288271651715
            ],
            [
              -89.40507172825022,
              43.07288330477167
            ],
            [
              -89.40507336124207,
              43.072884059810825
            ],
            [
              -89.40507491070548,
              43.072884974091814
            ],
            [
              -89.40507636116135,
              43.072886038480995
            ],
            [
              -89.40507769811967,
              43.072887242345175
            ],
            [
              -89.40507890822433,
              43.0728885736578
            ],
            [
              -89.40507997938639,
              43.0728900191191
            ],
            [
              -89.40508090090499,
              43.072891564288994
            ],
            [
              -89.40508166357422,
              43.07289319373129
            ],
            [
              -89.40508225977504,
              43.07289489116792
            ],
            [
              -89.40508268355143,
              43.07289663964158
            ],
            [
              -89.40508293066986,
              43.072898421685075
            ],
            [
              -89.40508299866165,
              43.07290021949587
            ],
            [
              -89.40507999866166,
              43.073146219495875
            ],
            [
              -89.4050798912492,
              43.07314797565227
            ],
            [
              -89.40507961289676,
              43.073149712932505
            ],
            [
              -89.4050791662638,
              43.073151414737936
            ],
            [
              -89.40507855561766,
              43.07315306480884
            ],
            [
              -89.40507778679266,
              43.0731546473798
            ],
            [
              -89.40507686713448,
              43.07315614733031
            ],
            [
              -89.40507580542987,
              43.073157550329256
            ],
            [
              -89.4050746118228,
              43.07315884297184
            ],
            [
              -89.40507329771744,
              43.07316001290766
            ],
            [
              -89.40507187566925,
              43.07316104895866
            ],
            [
              -89.40507035926507,
              43.07316194122603
            ],
            [
              -89.4050687629932,
              43.073162681184705
            ],
            [
              -89.40506710210505,
              43.073163261764805
            ],
            [
              -89.40506539246938,
              43.07316367741925
            ],
            [
              -89.40506365042074,
              43.073163924176725
            ],
            [
              -89.40506189260334,
              43.07316399967961
            ],
            [
              -89.40422389260334,
              43.073158999679606
            ],
            [
              -89.4042221180382,
              43.07315890134687
            ],
            [
              -89.40422036182075,
              43.07315862848977
            ],
            [
              -89.40421864107273,
              43.07315818376846
            ],
            [
              -89.40421697257014,
              43.07315757151863
            ],
            [
              -89.40421537257959,
              43.07315679770923
            ],
            [
              -89.40421385669974,
              43.073155869884324
            ],
            [
              -89.40421243970927,
              43.07315479708949
            ],
            [
              -89.40421113542274,
              43.07315358978364
            ],
            [
              -89.40420995655595,
              43.07315225973708
            ],
            [
              -89.40420891460192,
              43.073150819916755
            ],
            [
              -89.40420801971894,
              43.073149284359786
            ],
            [
              -89.40420728063138,
              43.07314766803669
            ],
            [
              -89.40420670454483,
              43.07314598670536
            ],
            [
              -89.40420629707565,
              43.073144256757494
            ],
            [
              -89.40420606219637,
              43.07314249505875
            ],
            [
              -89.40420600219686,
              43.07314071878432
            ],
            [
              -89.40421000219686,
              43.07288471878432
            ],
            [
              -89.4042101144378,
              43.07288297350924
            ],
            [
              -89.40421039551973,
              43.07288124736437
            ],
            [
              -89.4042108427892,
              43.07287955664465
            ],
            [
              -89.40421145202397,
              43.07287791731059
            ],
            [
              -89.40421221747282,
              43.07287634483763
            ],
            [
              -89.40421313190986,
              43.07287485407002
            ],
            [
              -89.40421418670272,
              43.07287345908071
            ],
            [
              -89.4042153718941,
              43.07287217303851
            ],
            [
              -89.40421667629569,
              43.07287100808374
            ],
            [
              -89.40421808759388,
              43.072869975213656
            ],
            [
              -89.40421959246588,
              43.072869084178635
            ],
            [
              -89.40422117670559,
              43.0728683433901
            ],
            [
              -89.4042228253577,
              43.07286775984115
            ],
            [
              -89.40422452285881,
              43.072867339040535
            ],
            [
              -89.40422625318438,
              43.07286708496064
            ],
            [
              -89.404228,
              43.072867
            ],
            [
              -89.404267,
              43.072867
            ],
            [
              -89.404267,
              43.072492999999994
            ],
            [
              -89.404224,
              43.072492999999994
            ],
            [
              -89.40422223569148,
              43.07249291332508
            ],
            [
              -89.40422048837421,
              43.07249265413505
            ],
            [
              -89.40421877487582,
              43.07249222492604
            ],
            [
              -89.40421711169822,
              43.07249162983158
            ],
            [
              -89.40421551485873,
              43.072490874582755
            ],
            [
              -89.4042139997358,
              43.07248996645302
            ],
            [
              -89.40421258092088,
              43.072488914188156
            ],
            [
              -89.40421127207794,
              43.07248772792206
            ],
            [
              -89.40421008581184,
              43.07248641907911
            ],
            [
              -89.40420903354698,
              43.072485000264194
            ],
            [
              -89.40420812541724,
              43.07248348514126
            ],
            [
              -89.40420737016841,
              43.07248188830178
            ],
            [
              -89.40420677507396,
              43.07248022512419
            ],
            [
              -89.40420634586495,
              43.072478511625796
            ],
            [
              -89.40420608667492,
              43.072476764308526
            ],
            [
              -89.404206,
              43.072475
            ],
            [
              -89.404206,
              43.072321
            ],
            [
              -89.40420608667492,
              43.072319235691474
            ],
            [
              -89.40420634586495,
              43.0723174883742
            ],
            [
              -89.40420677507396,
              43.07231577487581
            ],
            [
              -89.40420737016841,
              43.07231411169822
            ],
            [
              -89.40420812541724,
              43.07231251485874
            ],
            [
              -89.40420903354698,
              43.072310999735805
            ],
            [
              -89.40421008581184,
              43.07230958092089
            ],
            [
              -89.40421127207794,
              43.07230827207794
            ],
            [
              -89.40421258092088,
              43.07230708581184
            ],
            [
              -89.4042139997358,
              43.07230603354698
            ],
            [
              -89.40421551485873,
              43.072305125417245
            ],
            [
              -89.40421711169822,
              43.07230437016842
            ],
            [
              -89.40421877487582,
              43.07230377507396
            ],
            [
              -89.40422048837421,
              43.07230334586495
            ],
            [
              -89.40422223569148,
              43.07230308667492
            ],
            [
              -89.404224,
              43.072303000000005
            ],
            [
              -89.40422501888456,
              43.072303000000005
            ],
            [
              -89.40422500805927,
              43.07230246141934
            ],
            [
              -89.40422515181763,
              43.072300667107754
            ],
            [
              -89.40422547406996,
              43.072298896126675
            ],
            [
              -89.40422597159352,
              43.07229716618712
            ],
            [
              -89.40422663941273,
              43.07229549458967
            ],
            [
              -89.40422747084895,
              43.07229389805143
            ],
            [
              -89.40422845758725,
              43.07229239253887
            ],
            [
              -89.40422958975958,
              43.07229099310814
            ],
            [
              -89.40423085604344,
              43.07228971375451
            ],
            [
              -89.40423224377514,
              43.072288567272366
            ],
            [
              -89.4042337390764,
              43.07228756512733
            ],
            [
              -89.40425373907641,
              43.072275565127335
            ],
            [
              -89.40425509167397,
              43.07227483032531
            ],
            [
              -89.40425650210615,
              43.07227421377423
            ],
            [
              -89.40428750210614,
              43.07226221377423
            ],
            [
              -89.40428896742222,
              43.072261717836916
            ],
            [
              -89.40429046990955,
              43.07226134954784
            ],
            [
              -89.40433046990957,
              43.072253349547836
            ],
            [
              -89.40433158947788,
              43.072253162136256
            ],
            [
              -89.40436858947787,
              43.072248162136255
            ],
            [
              -89.40437040033305,
              43.072248009991675
            ],
            [
              -89.40440040033305,
              43.07224700999168
            ],
            [
              -89.404401,
              43.072247000000004
            ],
            [
              -89.404436,
              43.072247000000004
            ],
            [
              -89.40443776430853,
              43.07224708667492
            ],
            [
              -89.4044395116258,
              43.07224734586495
            ],
            [
              -89.40444122512419,
              43.07224777507396
            ],
            [
              -89.40444288830179,
              43.07224837016842
            ],
            [
              -89.40444448514127,
              43.072249125417244
            ],
            [
              -89.4044460002642,
              43.07225003354698
            ],
            [
              -89.40444741907912,
              43.07225108581184
            ],
            [
              -89.40444872792206,
              43.07225227207794
            ],
            [
              -89.40444991418816,
              43.072253580920886
            ],
            [
              -89.40445096645303,
              43.072254999735804
            ],
            [
              -89.40445187458276,
              43.072256514858736
            ],
            [
              -89.4044526298316,
              43.07225811169822
            ],
            [
              -89.40445322492604,
              43.07225977487581
            ],
            [
              -89.40445365413505,
              43.0722614883742
            ],
            [
              -89.40445391332509,
              43.07226323569147
            ],
            [
              -89.404454,
              43.072265
            ],
            [
              -89.404455,
              43.072265
            ],
            [
              -89.40445676430852,
              43.07226508667492
            ],
            [
              -89.40445851162579,
              43.07226534586495
            ],
            [
              -89.40446022512418,
              43.07226577507396
            ],
            [
              -89.40446188830178,
              43.072266370168414
            ],
            [
              -89.40446348514126,
              43.07226712541724
            ],
            [
              -89.4044650002642,
              43.072268033546976
            ],
            [
              -89.40446641907911,
              43.07226908581184
            ],
            [
              -89.40446772792205,
              43.07227027207794
            ],
            [
              -89.40446891418816,
              43.072271580920884
            ],
            [
              -89.40446996645302,
              43.0722729997358
            ],
            [
              -89.40447087458276,
              43.072274514858734
            ],
            [
              -89.40447162983159,
              43.072276111698216
            ],
            [
              -89.40447222492604,
              43.07227777487581
            ],
            [
              -89.40447265413505,
              43.0722794883742
            ],
            [
              -89.40447291332508,
              43.07228123569147
            ],
            [
              -89.404473,
              43.072283
            ],
            [
              -89.404473,
              43.072303000000005
            ],
            [
              -89.40447476430852,
              43.07230308667492
            ],
            [
              -89.40447651162579,
              43.07230334586495
            ],
            [
              -89.40447822512418,
              43.07230377507396
            ],
            [
              -89.40447988830178,
              43.07230437016842
            ],
            [
              -89.40448148514126,
              43.072305125417245
            ],
            [
              -89.4044830002642,
              43.07230603354698
            ],
            [
              -89.40448441907911,
              43.07230708581184
            ],
            [
              -89.40448572792205,
              43.07230827207794
            ],
            [
              -89.40448691418815,
              43.07230958092089
            ],
            [
              -89.40448796645302,
              43.072310999735805
            ],
            [
              -89.40448887458275,
              43.07231251485874
            ],
            [
              -89.40448962983159,
              43.07231411169822
            ],
            [
              -89.40449022492604,
              43.07231577487581
            ],
            [
              -89.40449065413505,
              43.0723174883742
            ],
            [
              -89.40449091332508,
              43.072319235691474
            ],
            [
              -89.404491,
              43.072321
            ],
            [
              -89.404491,
              43.07235493142882
            ],
            [
              -89.40472174578886,
              43.07235405406841
            ],
            [
              -89.40473148267697,
              43.07231285954183
            ],
            [
              -89.4047319572271,
              43.0723112082911
            ],
            [
              -89.40473258704672,
              43.072309609806176
            ],
            [
              -89.4047333663978,
              43.072308078650174
            ],
            [
              -89.40473428818002,
              43.072306628772814
            ],
            [
              -89.40473534399541,
              43.07230527338332
            ],
            [
              -89.40473652422487,
              43.07230402483006
            ],
            [
              -89.40473781811583,
              43.07230289448808
            ],
            [
              -89.4047392138802,
              43.072301892655446
            ],
            [
              -89.40474069880177,
              43.072301028459435
            ],
            [
              -89.40474225935203,
              43.07230030977336
            ],
            [
              -89.4047438813135,
              43.07229974314488
            ],
            [
              -89.40474554990915,
              43.0722993337363
            ],
            [
              -89.4047472499371,
              43.072299085277564
            ],
            [
              -89.40474896590915,
              43.07229900003228
            ],
            [
              -89.405259,
              43.072298034058626
            ],
            [
              -89.405259,
              43.072291
            ],
            [
              -89.40525908667492,
              43.07228923569147
            ],
            [
              -89.40525934586495,
              43.0722874883742
            ],
            [
              -89.40525977507396,
              43.07228577487581
            ],
            [
              -89.4052603701684,
              43.07228411169822
            ],
            [
              -89.40526112541724,
              43.072282514858735
            ],
            [
              -89.40526203354698,
              43.0722809997358
            ],
            [
              -89.40526308581184,
              43.072279580920885
            ],
            [
              -89.40526427207794,
              43.07227827207794
            ],
            [
              -89.40526558092088,
              43.07227708581184
            ],
            [
              -89.4052669997358,
              43.07227603354698
            ],
            [
              -89.40526851485873,
              43.07227512541724
            ],
            [
              -89.40527011169821,
              43.072274370168415
            ],
            [
              -89.40527177487581,
              43.07227377507396
            ],
            [
              -89.4052734883742,
              43.07227334586495
            ],
            [
              -89.40527523569148,
              43.07227308667492
            ],
            [
              -89.405277,
              43.072273
            ],
            [
              -89.40535177500159,
              43.072273
            ],
            [
              -89.40535208581184,
              43.07227258092089
            ],
            [
              -89.40535327207795,
              43.07227127207794
            ],
            [
              -89.40535458092089,
              43.072270085811844
            ],
            [
              -89.4053559997358,
              43.07226903354698
            ],
            [
              -89.40535751485874,
              43.072268125417246
            ],
            [
              -89.40535911169822,
              43.07226737016842
            ],
            [
              -89.40536077487582,
              43.07226677507396
            ],
            [
              -89.40536248837421,
              43.07226634586495
            ],
            [
              -89.40536423569148,
              43.07226608667492
            ],
            [
              -89.405366,
              43.072266000000006
            ],
            [
              -89.405455,
              43.072266000000006
            ],
            [
              -89.40545676430852,
              43.07226608667492
            ],
            [
              -89.4054585116258,
              43.07226634586495
            ],
            [
              -89.40546022512419,
              43.07226677507396
            ],
            [
              -89.40546188830179,
              43.07226737016842
            ],
            [
              -89.40546348514127,
              43.072268125417246
            ],
            [
              -89.4054650002642,
              43.07226903354698
            ],
            [
              -89.40546641907912,
              43.072270085811844
            ],
            [
              -89.40546772792206,
              43.07227127207794
            ],
            [
              -89.40546891418816,
              43.07227258092089
            ],
            [
              -89.40546996645303,
              43.072273999735806
            ],
            [
              -89.40547087458276,
              43.07227551485874
            ],
            [
              -89.4054716298316,
              43.07227711169822
            ],
            [
              -89.40547222492604,
              43.07227877487581
            ],
            [
              -89.40547265413505,
              43.072280488374204
            ],
            [
              -89.40547291332508,
              43.072282235691475
            ],
            [
              -89.405473,
              43.072284
            ],
            [
              -89.405473,
              43.072295000000004
            ],
            [
              -89.40553,
              43.072295000000004
            ],
            [
              -89.40553175964357,
              43.07229508621607
            ],
            [
              -89.40553350243052,
              43.07229534403839
            ],
            [
              -89.40553521166571,
              43.07229577099711
            ],
            [
              -89.40553687097541,
              43.07229636300217
            ],
            [
              -89.40553846446416,
              43.07229711438241
            ],
            [
              -89.40553997686705,
              43.072298017939936
            ],
            [
              -89.4055413936959,
              43.07229906501906
            ],
            [
              -89.40554270137811,
              43.072300245589226
            ],
            [
              -89.40554388738666,
              43.07230154834109
            ],
            [
              -89.4055449403601,
              43.07230296079485
            ],
            [
              -89.40554585021141,
              43.07230446941981
            ],
            [
              -89.4055466082246,
              43.07230605976402
            ],
            [
              -89.40554720713826,
              43.07230771659265
            ],
            [
              -89.40554764121502,
              43.072309424034025
            ],
            [
              -89.40554790629665,
              43.07231116573159
            ],
            [
              -89.40554799984375,
              43.07231292500065
            ],
            [
              -89.40554899984375,
              43.07255292500065
            ],
            [
              -89.40554892008018,
              43.072554694321724
            ],
            [
              -89.40554866682041,
              43.07255644723894
            ],
            [
              -89.40554824251642,
              43.07255816678114
            ],
            [
              -89.40554765127617,
              43.07255983630031
            ],
            [
              -89.40554689882384,
              43.07256143963271
            ],
            [
              -89.40554599244444,
              43.072562961255414
            ],
            [
              -89.40554494091323,
              43.07256438643659
            ],
            [
              -89.40554375441077,
              43.07256570137811
            ],
            [
              -89.40554244442438,
              43.07256689334914
            ],
            [
              -89.40554102363693,
              43.072567950809436
            ],
            [
              -89.40553950580397,
              43.072568863521006
            ],
            [
              -89.40553790562068,
              43.07256962264729
            ],
            [
              -89.40553623857949,
              43.072570220838685
            ],
            [
              -89.405535,
              43.07257053194379
            ]
          ]
        ]
      },
      "properties": {
        "building": "university",
        "name": "Chemistry Building",
        "@id": "way/153060482",
        "addr:street": "University Avenue",
        "addr:housenumber": "1101",
        "person_counts": [
          0,
          0,
          0,
          0,
          0,
          0,
          0,
          0,
          0,
          31,
          31,
          31,
          31,
          31,
          31,
          31,
          31,
          31,
          31,
          31,
          31,
          31,
          31,
          31,
          31,
          31,
          31,
          31,
          31,
          31,
          31,
          31,
          31,
          31,
          31,
          31,
          31,
          31,
          31,
          31,
          31,
          31,
          31,
          31,
          31,
          31,
          31,
          31,
          31,
          31,
          31,
          31,
          31,
          31,
          31,
          31,
          31,
          31,
          0,
          0,
          0,
          0,
          0,
          0,
          0,
          0,
          0,
          0,
          0,
          0,
          0,
          0,
          0,
          0,
          0,
          0,
          0,
          0,
          0,
          0,
          0,
          0,
          0,
          0,
          0,
          0,
          0,
          0,
          0,
          0,
          0,
          0,
          0,
          0,
          0,
          0,
          0,
          0,
          0,
          0,
          0,
          0,
          0,
          0,
          0,
          0,
          0,
          0,
          0,
          0,
          0
        ],
        "instructor_counts": [
          0,
          0,
          0,
          0,
          0,
          0,
          0,
          0,
          0,
          1,
          1,
          1,
          1,
          1,
          1,
          1,
          1,
          1,
          1,
          1,
          1,
          1,
          1,
          1,
          1,
          1,
          1,
          1,
          1,
          1,
          1,
          1,
          1,
          1,
          1,
          1,
          1,
          1,
          1,
          1,
          1,
          1,
          1,
          1,
          1,
          1,
          1,
          1,
          1,
          1,
          1,
          1,
          1,
          1,
          1,
          1,
          1,
          1,
          0,
          0,
          0,
          0,
          0,
          0,
          0,
          0,
          0,
          0,
          0,
          0,
          0,
          0,
          0,
          0,
          0,
          0,
          0,
          0,
          0,
          0,
          0,
          0,
          0,
          0,
          0,
          0,
          0,
          0,
          0,
          0,
          0,
          0,
          0,
          0,
          0,
          0,
          0,
          0,
          0,
          0,
          0,
          0,
          0,
          0,
          0,
          0,
          0,
          0,
          0,
          0,
          0
        ]
      }
    },
    {
      "type": "Feature",
      "geometry": {
        "type": "Polygon",
        "coordinates": [
          [
            [
              -89.43108227310312,
              43.07753443866586
            ],
            [
              -89.43108299805395,
              43.07758373532274
            ],
            [
              -89.43108293382033,
              43.07758554210517
            ],
            [
              -89.4310826886661,
              43.07758733333048
            ],
            [
              -89.43108226506439,
              43.077589090928356
            ],
            [
              -89.43108166728864,
              43.07759079716775
            ],
            [
              -89.43108090136934,
              43.0775924348357
            ],
            [
              -89.43107997503326,
              43.077593987411035
            ],
            [
              -89.4310788976255,
              43.077595439231
            ],
            [
              -89.43107768001519,
              43.0775967756493
            ],
            [
              -89.4310763344859,
              43.077597983183814
            ],
            [
              -89.43107487461162,
              43.07759904965267
            ],
            [
              -89.43107331511993,
              43.077599964297065
            ],
            [
              -89.43107167174334,
              43.07760071788985
            ],
            [
              -89.43106996106062,
              43.077601302828604
            ],
            [
              -89.43106820032955,
              43.077601713212324
            ],
            [
              -89.4310664073128,
              43.07760194490097
            ],
            [
              -89.43106460009874,
              43.0776019955572
            ],
            [
              -89.43103773138046,
              43.07760139847457
            ],
            [
              -89.43103699805395,
              43.077651264677264
            ],
            [
              -89.4310368929,
              43.07765296064528
            ],
            [
              -89.43103662829131,
              43.07765463914077
            ],
            [
              -89.431036206586,
              43.07765628520562
            ],
            [
              -89.43103563154213,
              43.077657884170726
            ],
            [
              -89.43103490828427,
              43.07765942178671
            ],
            [
              -89.43103404325785,
              43.07766088435095
            ],
            [
              -89.43103304417161,
              43.0776622588296
            ],
            [
              -89.43103191992907,
              43.07766353297384
            ],
            [
              -89.43103068054901,
              43.07766469542898
            ],
            [
              -89.43102933707635,
              43.077665735835666
            ],
            [
              -89.43102790148359,
              43.07766664492218
            ],
            [
              -89.4310263865642,
              43.0776674145871
            ],
            [
              -89.43094965706781,
              43.077701942860465
            ],
            [
              -89.43095598497177,
              43.07770853442709
            ],
            [
              -89.4309571207564,
              43.07770983737313
            ],
            [
              -89.43095812633044,
              43.077711243252196
            ],
            [
              -89.43095899242125,
              43.07771273910038
            ],
            [
              -89.43095971104245,
              43.077714311124126
            ],
            [
              -89.43096027556744,
              43.07771594482747
            ],
            [
              -89.43096068079066,
              43.07771762514567
            ],
            [
              -89.43096092297542,
              43.07771933658414
            ],
            [
              -89.43096099988848,
              43.07772106336133
            ],
            [
              -89.43096091082063,
              43.07772278955425
            ],
            [
              -89.43096065659317,
              43.077724499245306
            ],
            [
              -89.43096023955039,
              43.077726176669046
            ],
            [
              -89.43095966353793,
              43.077727806357586
            ],
            [
              -89.43095893386733,
              43.07772937328321
            ],
            [
              -89.43095805726705,
              43.07773086299695
            ],
            [
              -89.4309570418204,
              43.07773226176184
            ],
            [
              -89.43095589689105,
              43.07773355667954
            ],
            [
              -89.43095463303663,
              43.07773473580935
            ],
            [
              -89.43095326191144,
              43.07773578827825
            ],
            [
              -89.4309517961589,
              43.07773670438119
            ],
            [
              -89.43095024929505,
              43.07773747567058
            ],
            [
              -89.43087524929506,
              43.07777047567058
            ],
            [
              -89.43087410931084,
              43.07777093151857
            ],
            [
              -89.43077710931082,
              43.077805931518576
            ],
            [
              -89.43077669209978,
              43.07780607629937
            ],
            [
              -89.43070169209979,
              43.07783107629936
            ],
            [
              -89.43070026004949,
              43.07783148862425
            ],
            [
              -89.43062226004949,
              43.07785048862425
            ],
            [
              -89.43062178444507,
              43.0778505976696
            ],
            [
              -89.43052878444507,
              43.0778705976696
            ],
            [
              -89.4305279915176,
              43.07787074967105
            ],
            [
              -89.43043899151759,
              43.077885749671054
            ],
            [
              -89.43043762964344,
              43.07788592607772
            ],
            [
              -89.43033862964343,
              43.07789492607772
            ],
            [
              -89.43033822048567,
              43.077894958574966
            ],
            [
              -89.43023522048567,
              43.07790195857496
            ],
            [
              -89.43023414515658,
              43.0779019994147
            ],
            [
              -89.43012869983869,
              43.07790284978017
            ],
            [
              -89.43012898670113,
              43.077910308203805
            ],
            [
              -89.43012897019483,
              43.07791203542156
            ],
            [
              -89.43012878821,
              43.077913753104646
            ],
            [
              -89.43012844242244,
              43.077915445435764
            ],
            [
              -89.43012793601638,
              43.077917096831094
            ],
            [
              -89.430127273655,
              43.07791869208376
            ],
            [
              -89.43012646143771,
              43.077920216503884
            ],
            [
              -89.43012550684378,
              43.07792165605384
            ],
            [
              -89.4301244186636,
              43.077922997477536
            ],
            [
              -89.43012320691767,
              43.07792422842247
            ],
            [
              -89.43012188276434,
              43.077925337553495
            ],
            [
              -89.4301204583971,
              43.07792631465717
            ],
            [
              -89.43011894693221,
              43.077927150735846
            ],
            [
              -89.43011736228802,
              43.07792783809049
            ],
            [
              -89.43011571905669,
              43.07792837039159
            ],
            [
              -89.43011403236994,
              43.07792874273746
            ],
            [
              -89.43011231775961,
              43.07792895169935
            ],
            [
              -89.4301105910147,
              43.07792899535304
            ],
            [
              -89.4300665910147,
              43.07792799535304
            ],
            [
              -89.43006483434705,
              43.077927869245855
            ],
            [
              -89.4300630984121,
              43.077927572069086
            ],
            [
              -89.43006139982863,
              43.07792710666773
            ],
            [
              -89.4300597548579,
              43.077926477497265
            ],
            [
              -89.43005817924785,
              43.07792569058099
            ],
            [
              -89.43005668808249,
              43.077924753452386
            ],
            [
              -89.4300552956373,
              43.07792367508296
            ],
            [
              -89.43005401524276,
              43.077922465796384
            ],
            [
              -89.43005285915659,
              43.07792113716965
            ],
            [
              -89.43005183844649,
              43.077919701922255
            ],
            [
              -89.43005096288412,
              43.077918173794394
            ],
            [
              -89.43005024085161,
              43.077916567415464
            ],
            [
              -89.43004967926127,
              43.07791489816398
            ],
            [
              -89.43004928348944,
              43.07791318202038
            ],
            [
              -89.43004905732498,
              43.077911435414
            ],
            [
              -89.43004837532385,
              43.07790291039985
            ],
            [
              -89.42987990270412,
              43.07790199973704
            ],
            [
              -89.42987974827636,
              43.07790199823978
            ],
            [
              -89.42959374827636,
              43.077897998239784
            ],
            [
              -89.42959193406843,
              43.077897881049374
            ],
            [
              -89.42959014093479,
              43.07789758145659
            ],
            [
              -89.42958838716702,
              43.07789710251753
            ],
            [
              -89.42958669065506,
              43.07789644911781
            ],
            [
              -89.42958506870482,
              43.07789562792266
            ],
            [
              -89.42958353786163,
              43.077894647308995
            ],
            [
              -89.42958211374142,
              43.077893517279946
            ],
            [
              -89.42958081087147,
              43.07789224936278
            ],
            [
              -89.42957964254218,
              43.077890856491386
            ],
            [
              -89.42957862067156,
              43.07788935287426
            ],
            [
              -89.42957775568357,
              43.077887753849616
            ],
            [
              -89.42957705640184,
              43.07788607572891
            ],
            [
              -89.42957652995968,
              43.07788433563044
            ],
            [
              -89.42954268255055,
              43.07774795048191
            ],
            [
              -89.42953087798925,
              43.07771155308456
            ],
            [
              -89.42953042317606,
              43.07770988011084
            ],
            [
              -89.42953013142024,
              43.07770817114196
            ],
            [
              -89.42953000542838,
              43.07770644203173
            ],
            [
              -89.42953004636927,
              43.07770470882085
            ],
            [
              -89.42953025386312,
              43.07770298758803
            ],
            [
              -89.42953062598504,
              43.07770129430088
            ],
            [
              -89.42953115928292,
              43.077699644667746
            ],
            [
              -89.42953184880942,
              43.07769805399201
            ],
            [
              -89.42953268816794,
              43.077696537030114
            ],
            [
              -89.42953366957187,
              43.07769510785467
            ],
            [
              -89.42953478391689,
              43.07769377972392
            ],
            [
              -89.4295360208654,
              43.07769256495872
            ],
            [
              -89.42953736894242,
              43.077691474828235
            ],
            [
              -89.42953881564205,
              43.07769051944545
            ],
            [
              -89.42954034754351,
              43.07768970767329
            ],
            [
              -89.42960634754351,
              43.07765870767329
            ],
            [
              -89.42960699850333,
              43.07765841750789
            ],
            [
              -89.42965199850333,
              43.07763941750789
            ],
            [
              -89.42965386142144,
              43.07763874905769
            ],
            [
              -89.42970086142144,
              43.07762474905769
            ],
            [
              -89.42970181905572,
              43.07762449229584
            ],
            [
              -89.42976881905572,
              43.077608492295845
            ],
            [
              -89.42977059858377,
              43.07760816090809
            ],
            [
              -89.42982259858377,
              43.07760116090809
            ],
            [
              -89.42982382857552,
              43.07760103815809
            ],
            [
              -89.42986982857553,
              43.077598038158094
            ],
            [
              -89.42987032123783,
              43.07759801280228
            ],
            [
              -89.42990555006875,
              43.07759668341243
            ],
            [
              -89.42990545562228,
              43.077593
            ],
            [
              -89.429886,
              43.077593
            ],
            [
              -89.4298842510279,
              43.07759291482896
            ],
            [
              -89.42988251860713,
              43.07759266012185
            ],
            [
              -89.42988081913232,
              43.07759223828908
            ],
            [
              -89.42987916868641,
              43.077591653322635
            ],
            [
              -89.42987758288828,
              43.077590910758325
            ],
            [
              -89.42987607674505,
              43.07759001762336
            ],
            [
              -89.42987466451004,
              43.07758898236988
            ],
            [
              -89.42987335954787,
              43.07758781479497
            ],
            [
              -89.42987217420796,
              43.077586525947886
            ],
            [
              -89.42987111970774,
              43.07758512802559
            ],
            [
              -89.4298702060264,
              43.07758363425724
            ],
            [
              -89.42986944181052,
              43.07758205877903
            ],
            [
              -89.42986883429224,
              43.07758041650043
            ],
            [
              -89.42986838922074,
              43.077578722963054
            ],
            [
              -89.42986811080796,
              43.07757699419361
            ],
            [
              -89.42986800168863,
              43.077575246552215
            ],
            [
              -89.42986723948816,
              43.077519605918006
            ],
            [
              -89.4294835961117,
              43.07751099546815
            ],
            [
              -89.4294818743507,
              43.07751087404864
            ],
            [
              -89.4294801721352,
              43.07751058827595
            ],
            [
              -89.42947850511719,
              43.077510140777775
            ],
            [
              -89.42947688862505,
              43.0775095356689
            ],
            [
              -89.4294753375225,
              43.07750877851335
            ],
            [
              -89.42947386607207,
              43.07750787627321
            ],
            [
              -89.42947248780385,
              43.07750683724465
            ],
            [
              -89.4294712153911,
              43.07750567098162
            ],
            [
              -89.42947006053377,
              43.07750438820799
            ],
            [
              -89.42946903385085,
              43.077503000718956
            ],
            [
              -89.42946814478277,
              43.07750152127258
            ],
            [
              -89.42946740150457,
              43.077499963472484
            ],
            [
              -89.42946681085073,
              43.07749834164275
            ],
            [
              -89.42946637825239,
              43.07749667069622
            ],
            [
              -89.42946610768729,
              43.077494965997374
            ],
            [
              -89.4294660016433,
              43.077493243221035
            ],
            [
              -89.42946524159979,
              43.077436999999996
            ],
            [
              -89.429429,
              43.077436999999996
            ],
            [
              -89.42942722152085,
              43.07743691192373
            ],
            [
              -89.42942546044634,
              43.077436648556876
            ],
            [
              -89.4294237340108,
              43.077436212476805
            ],
            [
              -89.42942205910956,
              43.0774356079511
            ],
            [
              -89.4294204521336,
              43.07743484089581
            ],
            [
              -89.42941892880923,
              43.077433918817526
            ],
            [
              -89.42941750404405,
              43.077432850739946
            ],
            [
              -89.4294161917812,
              43.07743164711553
            ],
            [
              -89.4294150048628,
              43.07743031972327
            ],
            [
              -89.42941395490433,
              43.077428881553345
            ],
            [
              -89.42941305218096,
              43.077427346680054
            ],
            [
              -89.42941230552695,
              43.07742573012405
            ],
            [
              -89.42941172224926,
              43.07742404770536
            ],
            [
              -89.42941130805599,
              43.077422315888555
            ],
            [
              -89.42941106700052,
              43.07742055162163
            ],
            [
              -89.4294110014419,
              43.07741877217015
            ],
            [
              -89.42941400144191,
              43.07718177217015
            ],
            [
              -89.42941410887173,
              43.077180023253014
            ],
            [
              -89.42941438583942,
              43.07717829306771
            ],
            [
              -89.42941482972046,
              43.077176598009615
            ],
            [
              -89.42941543630855,
              43.077174954141256
            ],
            [
              -89.42941619985564,
              43.07717337704007
            ],
            [
              -89.42941711312628,
              43.077171881650806
            ],
            [
              -89.42941816746622,
              43.0771704821439
            ],
            [
              -89.42941935288447,
              43.07716919178121
            ],
            [
              -89.42942065814789,
              43.07716802279031
            ],
            [
              -89.4294220708877,
              43.07716698624868
            ],
            [
              -89.42942357771663,
              43.07716609197867
            ],
            [
              -89.42942516435586,
              43.07716534845445
            ],
            [
              -89.42942681577026,
              43.077164762721736
            ],
            [
              -89.42942851631086,
              43.07716434033098
            ],
            [
              -89.4294302498632,
              43.077164085284785
            ],
            [
              -89.429432,
              43.077164
            ],
            [
              -89.429495,
              43.077164
            ],
            [
              -89.42949676430852,
              43.07716408667492
            ],
            [
              -89.4294985116258,
              43.07716434586495
            ],
            [
              -89.42950022512419,
              43.07716477507396
            ],
            [
              -89.42950188830179,
              43.077165370168416
            ],
            [
              -89.42950348514127,
              43.07716612541724
            ],
            [
              -89.4295050002642,
              43.07716703354698
            ],
            [
              -89.42950641907912,
              43.07716808581184
            ],
            [
              -89.42950772792206,
              43.07716927207794
            ],
            [
              -89.42950891418816,
              43.077170580920885
            ],
            [
              -89.42950996645303,
              43.0771719997358
            ],
            [
              -89.42951087458276,
              43.077173514858735
            ],
            [
              -89.4295116298316,
              43.07717511169822
            ],
            [
              -89.42951222492604,
              43.07717677487581
            ],
            [
              -89.42951265413505,
              43.0771784883742
            ],
            [
              -89.42951291332508,
              43.07718023569147
            ],
            [
              -89.429513,
              43.077182
            ],
            [
              -89.429513,
              43.07719122399128
            ],
            [
              -89.4300385508132,
              43.07719780512847
            ],
            [
              -89.43003903354698,
              43.077196999735804
            ],
            [
              -89.43004008581184,
              43.077195580920886
            ],
            [
              -89.43004127207794,
              43.07719427207794
            ],
            [
              -89.43004258092088,
              43.07719308581184
            ],
            [
              -89.4300439997358,
              43.07719203354698
            ],
            [
              -89.43004551485873,
              43.077191125417244
            ],
            [
              -89.43004711169822,
              43.07719037016842
            ],
            [
              -89.43004877487581,
              43.07718977507396
            ],
            [
              -89.4300504883742,
              43.07718934586495
            ],
            [
              -89.43005223569148,
              43.07718908667492
            ],
            [
              -89.430054,
              43.077189000000004
            ],
            [
              -89.430116,
              43.077189000000004
            ],
            [
              -89.43011776588266,
              43.07718908683003
            ],
            [
              -89.43011951472847,
              43.0771893464824
            ],
            [
              -89.43012122966495,
              43.07718977645204
            ],
            [
              -89.43012289414676,
              43.07719037259069
            ],
            [
              -89.43012449211537,
              43.077191129146954
            ],
            [
              -89.4301260081539,
              43.07719203882172
            ],
            [
              -89.43012742763595,
              43.07719309283866
            ],
            [
              -89.43012873686668,
              43.07719428102885
            ],
            [
              -89.4301299232149,
              43.07719559192889
            ],
            [
              -89.43013097523502,
              43.077197012891496
            ],
            [
              -89.43013188277733,
              43.07719853020754
            ],
            [
              -89.43013217492933,
              43.07719914952956
            ],
            [
              -89.43080115742838,
              43.077205000688444
            ],
            [
              -89.43080292807481,
              43.077205103561035
            ],
            [
              -89.43080468000124,
              43.07720538019322
            ],
            [
              -89.43080639619791,
              43.077205827899135
            ],
            [
              -89.43080806000197,
              43.07720644233192
            ],
            [
              -89.43080965525925,
              43.077207217525945
            ],
            [
              -89.43081116648115,
              43.077208145954714
            ],
            [
              -89.43081257899492,
              43.07720921860396
            ],
            [
              -89.43081387908626,
              43.07721042505915
            ],
            [
              -89.43081505413232,
              43.07721175360659
            ],
            [
              -89.43081609272441,
              43.0772131913472
            ],
            [
              -89.43081698477866,
              43.0772147243217
            ],
            [
              -89.43081772163394,
              43.07721633764618
            ],
            [
              -89.43081829613601,
              43.0772180156566
            ],
            [
              -89.43081870270693,
              43.077219742060855
            ],
            [
              -89.43081893739922,
              43.07722150009701
            ],
            [
              -89.43081899793424,
              43.077223272695974
            ],
            [
              -89.43081727238572,
              43.07733715889768
            ],
            [
              -89.43102815719924,
              43.07733900068644
            ],
            [
              -89.4310299195188,
              43.077339102641325
            ],
            [
              -89.43103166337684,
              43.0773393767293
            ],
            [
              -89.43103337200127,
              43.07733982031425
            ],
            [
              -89.4310350289589,
              43.07734042912987
            ],
            [
              -89.43103661831346,
              43.0773411973207
            ],
            [
              -89.43103812477885,
              43.077342117498425
            ],
            [
              -89.43103953386623,
              43.07734318081298
            ],
            [
              -89.43104083202326,
              43.07734437703762
            ],
            [
              -89.43104200676453,
              43.0773456946673
            ],
            [
              -89.43104304679164,
              43.07734712102934
            ],
            [
              -89.43104394210182,
              43.077348642405276
            ],
            [
              -89.43104468408416,
              43.07735024416283
            ],
            [
              -89.43104526560242,
              43.07735191089663
            ],
            [
              -89.43104568106368,
              43.07735362657638
            ],
            [
              -89.43104592647214,
              43.077355374701014
            ],
            [
              -89.43104599946747,
              43.077357138457444
            ],
            [
              -89.43104513664933,
              43.07746930481556
            ],
            [
              -89.43132230504092,
              43.07747400258491
            ],
            [
              -89.43132234608984,
              43.07747400332748
            ],
            [
              -89.43136870769335,
              43.077474894896774
            ],
            [
              -89.43140901539647,
              43.0774480230947
            ],
            [
              -89.4314105034047,
              43.077447131544865
            ],
            [
              -89.43141207032191,
              43.07744638736741
            ],
            [
              -89.43141370159594,
              43.07744579747361
            ],
            [
              -89.43141538207692,
              43.07744536734188
            ],
            [
              -89.43141709615801,
              43.07744510096691
            ],
            [
              -89.43141882792033,
              43.07744500082256
            ],
            [
              -89.43142056128077,
              43.07744506783889
            ],
            [
              -89.4314222801414,
              43.077445301393496
            ],
            [
              -89.43142396853895,
              43.07744569931733
            ],
            [
              -89.43142561079303,
              43.077446257914836
            ],
            [
              -89.43142719165182,
              43.077446971998235
            ],
            [
              -89.43142869643368,
              43.07744783493575
            ],
            [
              -89.43143011116354,
              43.07744883871316
            ],
            [
              -89.43149511116353,
              43.07749983871316
            ],
            [
              -89.43149641590283,
              43.077500967526824
            ],
            [
              -89.4314976065781,
              43.0775022160689
            ],
            [
              -89.43149867225073,
              43.077503572869105
            ],
            [
              -89.43149960313042,
              43.07750502546262
            ],
            [
              -89.43150039066526,
              43.077506560504574
            ],
            [
              -89.43150102762023,
              43.07750816389264
            ],
            [
              -89.43150150814367,
              43.07750982089661
            ],
            [
              -89.43150182782104,
              43.0775115162937
            ],
            [
              -89.43150198371548,
              43.07751323450842
            ],
            [
              -89.43150197439482,
              43.07751495975567
            ],
            [
              -89.43150179994466,
              43.0775166761857
            ],
            [
              -89.43150146196768,
              43.077518368029814
            ],
            [
              -89.43150096356885,
              43.077520019745144
            ],
            [
              -89.43150030932692,
              43.077521616157505
            ],
            [
              -89.43149950525238,
              43.07752314260077
            ],
            [
              -89.43149855873217,
              43.07752458505161
            ],
            [
              -89.43149747846194,
              43.07752593025834
            ],
            [
              -89.43149627436603,
              43.07752716586263
            ],
            [
              -89.43149495750639,
              43.07752828051308
            ],
            [
              -89.43149353998092,
              43.077529263969474
            ],
            [
              -89.43147826926298,
              43.077538808168185
            ],
            [
              -89.43144895176779,
              43.0775612849145
            ],
            [
              -89.4314474798868,
              43.077562301364196
            ],
            [
              -89.43144591438889,
              43.07756316670803
            ],
            [
              -89.43144427073386,
              43.07756387240045
            ],
            [
              -89.43144256515333,
              43.077564411472515
            ],
            [
              -89.43144081449044,
              43.077564778600724
            ],
            [
              -89.43143903603357,
              43.07756497015956
            ],
            [
              -89.43143724734553,
              43.07756498425732
            ],
            [
              -89.4314354660902,
              43.07756482075479
            ],
            [
              -89.43143370985804,
              43.0775644812666
            ],
            [
              -89.4314319959924,
              43.07756396914532
            ],
            [
              -89.43143034141825,
              43.07756328944829
            ],
            [
              -89.43142876247505,
              43.077562448887754
            ],
            [
              -89.43142727475536,
              43.07756145576451
            ],
            [
              -89.43140088533475,
              43.07754187651696
            ],
            [
              -89.43135862508136,
              43.07754099609502
            ],
            [
              -89.43135857300155,
              43.07754099493463
            ],
            [
              -89.43108227310312,
              43.07753443866586
            ]
          ]
        ]
      },
      "properties": {
        "building": "university",
        "name": "Health Sciences Learning Center",
        "@id": "way/107463323",
        "addr:street": "Highland Avenue",
        "addr:housenumber": "750",
        "person_counts": [
          26,
          26,
          26,
          26,
          26,
          26,
          26,
          26,
          26,
          26,
          26,
          26,
          26,
          26,
          26,
          26,
          26,
          26,
          26,
          26,
          26,
          26,
          26,
          26,
          0,
          0,
          26,
          26,
          26,
          26,
          26,
          26,
          26,
          26,
          26,
          26,
          26,
          0,
          0,
          25,
          25,
          25,
          25,
          25,
          25,
          25,
          25,
          25,
          25,
          25,
          0,
          0,
          0,
          0,
          0,
          0,
          0,
          0,
          0,
          0,
          0,
          0,
          0,
          30,
          30,
          30,
          30,
          30,
          30,
          30,
          30,
          30,
          30,
          30,
          30,
          30,
          30,
          30,
          30,
          30,
          30,
          30,
          30,
          30,
          30,
          30,
          30,
          30,
          30,
          30,
          30,
          30,
          30,
          30,
          30,
          30,
          30,
          30,
          30,
          30,
          30,
          30,
          30,
          30,
          30,
          30,
          0,
          0,
          0,
          0,
          0
        ],
        "instructor_counts": [
          1,
          1,
          1,
          1,
          1,
          1,
          1,
          1,
          1,
          1,
          1,
          1,
          1,
          1,
          1,
          1,
          1,
          1,
          1,
          1,
          1,
          1,
          1,
          1,
          0,
          0,
          1,
          1,
          1,
          1,
          1,
          1,
          1,
          1,
          1,
          1,
          1,
          0,
          0,
          1,
          1,
          1,
          1,
          1,
          1,
          1,
          1,
          1,
          1,
          1,
          0,
          0,
          0,
          0,
          0,
          0,
          0,
          0,
          0,
          0,
          0,
          0,
          0,
          1,
          1,
          1,
          1,
          1,
          1,
          1,
          1,
          1,
          1,
          1,
          1,
          1,
          1,
          1,
          1,
          1,
          1,
          1,
          1,
          1,
          1,
          1,
          1,
          1,
          1,
          1,
          1,
          1,
          1,
          1,
          1,
          1,
          1,
          1,
          1,
          1,
          1,
          1,
          1,
          1,
          1,
          1,
          0,
          0,
          0,
          0,
          0
        ]
      }
    },
    {
      "type": "Feature",
      "geometry": {
        "type": "Polygon",
        "coordinates": [
          [
            [
              -89.415538,
              43.076273
            ],
            [
              -89.415523,
              43.076273
            ],
            [
              -89.41552264712664,
              43.076272996540794
            ],
            [
              -89.41548999999999,
              43.076272356401056
            ],
            [
              -89.41548999999999,
              43.076293
            ],
            [
              -89.41548991245809,
              43.076294773089174
            ],
            [
              -89.41548965068385,
              43.07629652893173
            ],
            [
              -89.41548921722357,
              43.07629825044879
            ],
            [
              -89.41548861629343,
              43.076299920895366
            ],
            [
              -89.41548785373861,
              43.07630152402323
            ],
            [
              -89.4154869369764,
              43.076303044238955
            ],
            [
              -89.41548587492402,
              43.07630446675558
            ],
            [
              -89.41548467791192,
              43.076305777736465
            ],
            [
              -89.41548335758333,
              43.07630696442985
            ],
            [
              -89.41548192678088,
              43.07630801529291
            ],
            [
              -89.41548039942184,
              43.07630892010404
            ],
            [
              -89.41547879036264,
              43.07630967006224
            ],
            [
              -89.4154771152544,
              43.07631025787276
            ],
            [
              -89.41547539039071,
              43.07631067781804
            ],
            [
              -89.4154736325491,
              43.076310925813324
            ],
            [
              -89.41547185882787,
              43.07631099944639
            ],
            [
              -89.41521685882788,
              43.07630899944639
            ],
            [
              -89.41521507971254,
              43.07630889727622
            ],
            [
              -89.41521331941894,
              43.07630861968567
            ],
            [
              -89.41521159520059,
              43.076308169395546
            ],
            [
              -89.41520992395745,
              43.07630755081937
            ],
            [
              -89.41520832207024,
              43.07630677002013
            ],
            [
              -89.41520680523986,
              43.076305834650846
            ],
            [
              -89.41520538833355,
              43.07630475387953
            ],
            [
              -89.41520408523914,
              43.076303538299406
            ],
            [
              -89.41520290872893,
              43.07630219982497
            ],
            [
              -89.41520187033447,
              43.07630075157532
            ],
            [
              -89.41520098023364,
              43.076299207745464
            ],
            [
              -89.41520024715074,
              43.0762975834673
            ],
            [
              -89.41519967827111,
              43.07629589466119
            ],
            [
              -89.41519927917062,
              43.07629415788
            ],
            [
              -89.41519905376107,
              43.07629239014681
            ],
            [
              -89.4151990042518,
              43.07629060878808
            ],
            [
              -89.41519960444285,
              43.076263
            ],
            [
              -89.415159,
              43.076263
            ],
            [
              -89.41515845479573,
              43.076262991741224
            ],
            [
              -89.41514346256523,
              43.07626253743121
            ],
            [
              -89.41514299221959,
              43.07627852918293
            ],
            [
              -89.41514285789165,
              43.07628025736697
            ],
            [
              -89.41514255795582,
              43.07628196461696
            ],
            [
              -89.41514209519356,
              43.07628363510047
            ],
            [
              -89.41514147389638,
              43.076285253326
            ],
            [
              -89.41514069982598,
              43.07628680428669
            ],
            [
              -89.41513978016083,
              43.07628827359947
            ],
            [
              -89.41513872342956,
              43.07628964763844
            ],
            [
              -89.41513753943195,
              43.07629091366123
            ],
            [
              -89.41513623914798,
              43.07629205992719
            ],
            [
              -89.41513483463605,
              43.07629307580625
            ],
            [
              -89.41513333892108,
              43.07629395187748
            ],
            [
              -89.41513176587385,
              43.076294680016524
            ],
            [
              -89.41513013008225,
              43.076295253470846
            ],
            [
              -89.41512844671603,
              43.07629566692245
            ],
            [
              -89.41512673138615,
              43.07629591653711
            ],
            [
              -89.415125,
              43.076296
            ],
            [
              -89.41509828025524,
              43.076296
            ],
            [
              -89.41509821700564,
              43.0762962511634
            ],
            [
              -89.4150976159104,
              43.07629792181492
            ],
            [
              -89.41509685314891,
              43.076299525119914
            ],
            [
              -89.41509593614255,
              43.076301045478864
            ],
            [
              -89.41509487381343,
              43.07630246809928
            ],
            [
              -89.41509367649758,
              43.07630377913961
            ],
            [
              -89.41509235584442,
              43.07630496584396
            ],
            [
              -89.41509092470338,
              43.07630601666617
            ],
            [
              -89.4150893969989,
              43.07630692138215
            ],
            [
              -89.41508778759493,
              43.076307671189376
            ],
            [
              -89.41508611215033,
              43.07630825879251
            ],
            [
              -89.41508438696656,
              43.07630867847441
            ],
            [
              -89.41508262882891,
              43.07630892615174
            ],
            [
              -89.41508085484342,
              43.0763089994147
            ],
            [
              -89.41495685484342,
              43.0763079994147
            ],
            [
              -89.41495510031271,
              43.07630789947452
            ],
            [
              -89.41495336388981,
              43.07630762891666
            ],
            [
              -89.41495166212628,
              43.07630719032007
            ],
            [
              -89.41495001124333,
              43.07630658786545
            ],
            [
              -89.41494842697719,
              43.0763058272954
            ],
            [
              -89.41494692442903,
              43.076304915859666
            ],
            [
              -89.41494551792115,
              43.07630386224604
            ],
            [
              -89.41494422086039,
              43.076302676497576
            ],
            [
              -89.4149430456103,
              43.07630136991681
            ],
            [
              -89.41494200337338,
              43.07629995495807
            ],
            [
              -89.4149411040842,
              43.07629844510872
            ],
            [
              -89.41494035631482,
              43.07629685476064
            ],
            [
              -89.41493976719293,
              43.07629519907304
            ],
            [
              -89.4149396742201,
              43.076294825910374
            ],
            [
              -89.4147588181911,
              43.0762929990818
            ],
            [
              -89.41475701534758,
              43.076292890253065
            ],
            [
              -89.41475523248587,
              43.07629260130215
            ],
            [
              -89.41475348755617,
              43.07629213513825
            ],
            [
              -89.4147517981267,
              43.0762914964548
            ],
            [
              -89.41475018120695,
              43.07629069168217
            ],
            [
              -89.41474865307634,
              43.07628972892294
            ],
            [
              -89.41474722912038,
              43.07628861787035
            ],
            [
              -89.41474592367567,
              43.07628736971066
            ],
            [
              -89.41474474988567,
              43.07628599701058
            ],
            [
              -89.41474371956832,
              43.07628451359067
            ],
            [
              -89.414742843097,
              43.07628293438628
            ],
            [
              -89.41474212929622,
              43.0762812752971
            ],
            [
              -89.41474158535262,
              43.07627955302714
            ],
            [
              -89.41474121674271,
              43.076277784916506
            ],
            [
              -89.41474102717774,
              43.076275988766845
            ],
            [
              -89.41474101856627,
              43.07627418266211
            ],
            [
              -89.41474116760074,
              43.07627090390379
            ],
            [
              -89.41473945855986,
              43.07627064817843
            ],
            [
              -89.41473773125105,
              43.07627021163224
            ],
            [
              -89.41473605555919,
              43.076269606466866
            ],
            [
              -89.41473444790073,
              43.07626883861099
            ],
            [
              -89.41473292402563,
              43.07626791558716
            ],
            [
              -89.41473149886298,
              43.076266846438074
            ],
            [
              -89.41473018637485,
              43.076265641637974
            ],
            [
              -89.41472899941947,
              43.07626431299008
            ],
            [
              -89.41472794962517,
              43.076262873510906
            ],
            [
              -89.41472704727664,
              43.07626133730276
            ],
            [
              -89.41472630121399,
              43.076259719415596
            ],
            [
              -89.41472571874628,
              43.07625803569955
            ],
            [
              -89.41472530557984,
              43.07625630264969
            ],
            [
              -89.41472506576235,
              43.076254537244374
            ],
            [
              -89.4147250016433,
              43.07625275677896
            ],
            [
              -89.4147260016433,
              43.076178756778965
            ],
            [
              -89.41472611046221,
              43.07617700891046
            ],
            [
              -89.41472638861805,
              43.076175279889014
            ],
            [
              -89.4147268334779,
              43.076173586081005
            ],
            [
              -89.41472744083084,
              43.07617194351951
            ],
            [
              -89.41472820492787,
              43.07617036775253
            ],
            [
              -89.41472911853626,
              43.076168873695785
            ],
            [
              -89.41473017300808,
              43.076167475491566
            ],
            [
              -89.41473135836202,
              43.076166186374856
            ],
            [
              -89.41473266337788,
              43.076165018548046
            ],
            [
              -89.41473407570277,
              43.07616398306541
            ],
            [
              -89.41473558196805,
              43.076163089728546
            ],
            [
              -89.41473716791586,
              43.07616234699348
            ],
            [
              -89.41473881853412,
              43.07616176189073
            ],
            [
              -89.41474051819856,
              43.0761613399587
            ],
            [
              -89.41474225082068,
              43.07616108519127
            ],
            [
              -89.41474323633916,
              43.07616103719301
            ],
            [
              -89.41474500157867,
              43.07602776161031
            ],
            [
              -89.41474511110371,
              43.076026003155086
            ],
            [
              -89.41474539201765,
              43.076024263831115
            ],
            [
              -89.41474584162914,
              43.07602256030242
            ],
            [
              -89.41474645563056,
              43.07602090889006
            ],
            [
              -89.41474722813932,
              43.0760193254158
            ],
            [
              -89.41474815175422,
              43.0760178250505
            ],
            [
              -89.41474921762634,
              43.07601642216876
            ],
            [
              -89.4147504155438,
              43.076015130211246
            ],
            [
              -89.41475173402972,
              43.07601396155586
            ],
            [
              -89.414753160452,
              43.07601292739919
            ],
            [
              -89.41475468114444,
              43.07601203764922
            ],
            [
              -89.4147562815377,
              43.07601130083043
            ],
            [
              -89.41475794629882,
              43.076010724002074
            ],
            [
              -89.41475965947814,
              43.076010312690606
            ],
            [
              -89.41476140466214,
              43.07601007083669
            ],
            [
              -89.41476316513067,
              43.076010000757464
            ],
            [
              -89.41496350852258,
              43.076011838770235
            ],
            [
              -89.41496378274627,
              43.076010749650116
            ],
            [
              -89.41496438365357,
              43.0760090792319
            ],
            [
              -89.41496514617978,
              43.076007476128545
            ],
            [
              -89.41496606290822,
              43.076005955932644
            ],
            [
              -89.4149671249223,
              43.076004533430385
            ],
            [
              -89.41496832189235,
              43.076003222457736
            ],
            [
              -89.41496964217603,
              43.076002035765875
            ],
            [
              -89.41497107293162,
              43.076000984897156
            ],
            [
              -89.41497260024285,
              43.07600008007287
            ],
            [
              -89.41497420925434,
              43.07599933009378
            ],
            [
              -89.41497588431602,
              43.07599874225457
            ],
            [
              -89.41497760913542,
              43.075998322272845
            ],
            [
              -89.41497936693607,
              43.07599807423357
            ],
            [
              -89.41498114062071,
              43.07599800054929
            ],
            [
              -89.41510914062071,
              43.07599900054929
            ],
            [
              -89.41511089545848,
              43.075999100077176
            ],
            [
              -89.41511263222293,
              43.075999370282005
            ],
            [
              -89.41511433435389,
              43.075999808587355
            ],
            [
              -89.41511598562143,
              43.07600041081397
            ],
            [
              -89.41511757028061,
              43.07600117121956
            ],
            [
              -89.4151190732216,
              43.076002082553615
            ],
            [
              -89.41512048011376,
              43.07600313612651
            ],
            [
              -89.41512177754227,
              43.07600432189235
            ],
            [
              -89.41512295313608,
              43.076005628544785
            ],
            [
              -89.4151239956858,
              43.0760070436248
            ],
            [
              -89.41512489525068,
              43.076008553639504
            ],
            [
              -89.4151256432533,
              43.07601014419082
            ],
            [
              -89.41512623256139,
              43.07601180011272
            ],
            [
              -89.41512661357683,
              43.07601332912793
            ],
            [
              -89.4151623395622,
              43.07601400320313
            ],
            [
              -89.41516408084154,
              43.07601412067958
            ],
            [
              -89.41516580255932,
              43.076014406235686
            ],
            [
              -89.41516748853005,
              43.07601485718699
            ],
            [
              -89.4151691229043,
              43.0760154692942
            ],
            [
              -89.41517069031765,
              43.07601623680302
            ],
            [
              -89.4151721760352,
              43.076017152498274
            ],
            [
              -89.41517356609002,
              43.076018207771696
            ],
            [
              -89.41517484741452,
              43.0760193927029
            ],
            [
              -89.41517600796323,
              43.0760206961526
            ],
            [
              -89.41517703682608,
              43.07602210586733
            ],
            [
              -89.41517792433096,
              43.07602360859468
            ],
            [
              -89.41517866213464,
              43.07602519020784
            ],
            [
              -89.41517924330115,
              43.07602683583838
            ],
            [
              -89.4151796623671,
              43.076028530016096
            ],
            [
              -89.41517991539293,
              43.07603025681439
            ],
            [
              -89.41517999999999,
              43.076032
            ],
            [
              -89.41517999999999,
              43.0760473185589
            ],
            [
              -89.41520046372528,
              43.076047683982566
            ],
            [
              -89.41520100591424,
              43.07602653861319
            ],
            [
              -89.41520113569328,
              43.07602479397511
            ],
            [
              -89.41520143422413,
              43.076023070175815
            ],
            [
              -89.41520189868675,
              43.07602138349887
            ],
            [
              -89.41520252469367,
              43.07601974987713
            ],
            [
              -89.41520330633146,
              43.07601818474231
            ],
            [
              -89.41520423621652,
              43.07601670287915
            ],
            [
              -89.41520530556488,
              43.07601531828579
            ],
            [
              -89.41520650427512,
              43.076014044041536
            ],
            [
              -89.41520782102386,
              43.07601289218329
            ],
            [
              -89.41520924337267,
              43.07601187359187
            ],
            [
              -89.41521075788562,
              43.076010997889185
            ],
            [
              -89.41521235025614,
              43.07601027334742
            ],
            [
              -89.41521400544221,
              43.07600970681081
            ],
            [
              -89.41521570780841,
              43.07600930363103
            ],
            [
              -89.4152174412737,
              43.07600906761666
            ],
            [
              -89.41521918946319,
              43.07600900099715
            ],
            [
              -89.41539134510421,
              43.076010813161794
            ],
            [
              -89.41539600330204,
              43.075767655235666
            ],
            [
              -89.4153961221574,
              43.075765906499555
            ],
            [
              -89.4153964105325,
              43.07576417761425
            ],
            [
              -89.4153968656929,
              43.07576248497324
            ],
            [
              -89.41539748332274,
              43.07576084462634
            ],
            [
              -89.41539825756557,
              43.07575927212749
            ],
            [
              -89.41539918107996,
              43.07575778238732
            ],
            [
              -89.41540024510901,
              43.075756389531705
            ],
            [
              -89.4154014395635,
              43.075755106767865
            ],
            [
              -89.41540275311745,
              43.075753946259105
            ],
            [
              -89.41540417331562,
              43.0757529190095
            ],
            [
              -89.41540568669153,
              43.07575203475956
            ],
            [
              -89.41540727889516,
              43.075751301893824
            ],
            [
              -89.41540893482906,
              43.075750727361424
            ],
            [
              -89.41541063879149,
              43.075750316610126
            ],
            [
              -89.41541237462528,
              43.07575007353473
            ],
            [
              -89.41541412587105,
              43.0757500004401
            ],
            [
              -89.41555712587106,
              43.07575100044011
            ],
            [
              -89.41555888170663,
              43.075751098626306
            ],
            [
              -89.41556061958119,
              43.07575136768217
            ],
            [
              -89.41556232290664,
              43.075751805039545
            ],
            [
              -89.41556397542463,
              43.07575240652383
            ],
            [
              -89.41556556136179,
              43.075753166393824
            ],
            [
              -89.41556706558023,
              43.075754077396525
            ],
            [
              -89.41556847372213,
              43.07575513083634
            ],
            [
              -89.41556977234667,
              43.07575631665815
            ],
            [
              -89.41557094905842,
              43.0757576235432
            ],
            [
              -89.41557199262559,
              43.0757590390172
            ],
            [
              -89.41557289308724,
              43.07576054956937
            ],
            [
              -89.41557364184847,
              43.07576214078139
            ],
            [
              -89.41557423176225,
              43.07576379746506
            ],
            [
              -89.41557465719787,
              43.07576550380723
            ],
            [
              -89.41557491409448,
              43.075767243520765
            ],
            [
              -89.415575,
              43.075769
            ],
            [
              -89.415575,
              43.075781132839516
            ],
            [
              -89.41569213332969,
              43.07578200049381
            ],
            [
              -89.41569390749284,
              43.07578210135561
            ],
            [
              -89.41569566306482,
              43.07578237666444
            ],
            [
              -89.41569738293519,
              43.07578282373705
            ],
            [
              -89.4156990503414,
              43.07578343821609
            ],
            [
              -89.41570064903229,
              43.075784214112616
            ],
            [
              -89.4157021634264,
              43.07578514386444
            ],
            [
              -89.41570357876387,
              43.07578621840984
            ],
            [
              -89.41570488125028,
              43.0757874272759
            ],
            [
              -89.41570605819109,
              43.07578875868053
            ],
            [
              -89.41570709811539,
              43.075790199647365
            ],
            [
              -89.41570799088768,
              43.07579173613219
            ],
            [
              -89.41570872780667,
              43.07579335315983
            ],
            [
              -89.41570930169004,
              43.07579503497012
            ],
            [
              -89.41570970694454,
              43.07579676517149
            ],
            [
              -89.41570993962037,
              43.07579852690073
            ],
            [
              -89.4157099974498,
              43.07580030298737
            ],
            [
              -89.4157053055809,
              43.076079
            ],
            [
              -89.41571,
              43.076079
            ],
            [
              -89.41571178296556,
              43.076079088522285
            ],
            [
              -89.4157135483942,
              43.07607935321846
            ],
            [
              -89.41571527892151,
              43.07607979148502
            ],
            [
              -89.41571695752636,
              43.07608039901126
            ],
            [
              -89.41571856769829,
              43.07608116982166
            ],
            [
              -89.41572009359999,
              43.076082096334694
            ],
            [
              -89.41572152022295,
              43.07608316943734
            ],
            [
              -89.41572283353518,
              43.07608437857476
            ],
            [
              -89.41572402061921,
              43.07608571185413
            ],
            [
              -89.4157250697991,
              43.07608715616155
            ],
            [
              -89.4157259707553,
              43.07608869729109
            ],
            [
              -89.4157267146262,
              43.0760903200845
            ],
            [
              -89.41572729409522,
              43.07609200858028
            ],
            [
              -89.4157277034628,
              43.07609374617072
            ],
            [
              -89.4157279387025,
              43.0760955157652
            ],
            [
              -89.41572799750053,
              43.07609729995834
            ],
            [
              -89.41572599750052,
              43.076217299958344
            ],
            [
              -89.41572588357519,
              43.07621904395161
            ],
            [
              -89.41572560105348,
              43.07622076867564
            ],
            [
              -89.41572515259885,
              43.07622245787069
            ],
            [
              -89.41572454243907,
              43.076224095611984
            ],
            [
              -89.41572377632639,
              43.07622566645979
            ],
            [
              -89.4157228614833,
              43.076227155605054
            ],
            [
              -89.41572180653442,
              43.076228549008924
            ],
            [
              -89.41572062142522,
              43.07622983353517
            ],
            [
              -89.41571931732827,
              43.076230997074006
            ],
            [
              -89.41571790653785,
              43.07623202865622
            ],
            [
              -89.41571640235411,
              43.07623291855664
            ],
            [
              -89.41571481895764,
              43.076233658385775
            ],
            [
              -89.41571317127585,
              43.076234241168926
            ],
            [
              -89.41571147484215,
              43.076234661411945
            ],
            [
              -89.41570974564958,
              43.076234915153016
            ],
            [
              -89.415708,
              43.076235
            ],
            [
              -89.41570672933872,
              43.076235
            ],
            [
              -89.41570599793424,
              43.07628327269597
            ],
            [
              -89.41570588550204,
              43.076285027021754
            ],
            [
              -89.41570560247857,
              43.076286762013886
            ],
            [
              -89.41570515156332,
              43.076288461124065
            ],
            [
              -89.41570453705708,
              43.076290108146246
            ],
            [
              -89.41570376482102,
              43.07629168737119
            ],
            [
              -89.41570284222068,
              43.07629318373632
            ],
            [
              -89.41570177805579,
              43.07629458296934
            ],
            [
              -89.41570058247632,
              43.07629587172443
            ],
            [
              -89.41569926688564,
              43.076297037709494
            ],
            [
              -89.41569784383184,
              43.07629806980341
            ],
            [
              -89.41569632688794,
              43.07629895816209
            ],
            [
              -89.41569473052247,
              43.07629969431242
            ],
            [
              -89.41569306996155,
              43.076300271233016
            ],
            [
              -89.41569136104351,
              43.07630068342123
            ],
            [
              -89.41568962006798,
              43.07630092694563
            ],
            [
              -89.41568786364029,
              43.07630099948349
            ],
            [
              -89.41555586364028,
              43.076299999483496
            ],
            [
              -89.41555410851416,
              43.07629990034305
            ],
            [
              -89.41555237142893,
              43.07629963046999
            ],
            [
              -89.41555066895285,
              43.07629919243835
            ],
            [
              -89.41554901732404,
              43.07629859042605
            ],
            [
              -89.41554743229565,
              43.07629783017506
            ],
            [
              -89.41554592898564,
              43.07629691893661
            ],
            [
              -89.41554452173246,
              43.07629586540206
            ],
            [
              -89.41554322395845,
              43.07629467961997
            ],
            [
              -89.41554204804173,
              43.07629337290027
            ],
            [
              -89.41554100519811,
              43.07629195770638
            ],
            [
              -89.41554010537419,
              43.076290447536365
            ],
            [
              -89.41553935715247,
              43.07628885679416
            ],
            [
              -89.41553876766942,
              43.076287200652175
            ],
            [
              -89.41553834254752,
              43.076285494906614
            ],
            [
              -89.41553808584156,
              43.0762837558268
            ],
            [
              -89.415538,
              43.076282
            ],
            [
              -89.415538,
              43.076273
            ]
          ]
        ]
      },
      "properties": {
        "building": "university",
        "name": "Animal Science Building",
        "@id": "way/37550805",
        "addr:street": "Observatory Drive",
        "addr:housenumber": "1675",
        "person_counts": [
          0,
          0,
          0,
          0,
          0,
          0,
          0,
          0,
          0,
          0,
          0,
          0,
          0,
          0,
          0,
          0,
          0,
          0,
          0,
          0,
          0,
          0,
          0,
          0,
          0,
          0,
          0,
          0,
          0,
          0,
          0,
          0,
          0,
          0,
          0,
          0,
          0,
          0,
          0,
          0,
          0,
          0,
          0,
          0,
          0,
          0,
          0,
          0,
          0,
          0,
          0,
          0,
          0,
          0,
          0,
          0,
          0,
          0,
          0,
          0,
          0,
          0,
          0,
          0,
          0,
          0,
          0,
          0,
          0,
          0,
          0,
          0,
          0,
          0,
          0,
          0,
          0,
          0,
          0,
          0,
          0,
          0,
          0,
          0,
          0,
          0,
          0,
          0,
          0,
          0,
          0,
          0,
          0,
          0,
          0,
          0,
          0,
          0,
          0,
          0,
          0,
          0,
          0,
          0,
          0,
          0,
          0,
          0,
          0,
          0,
          0
        ],
        "instructor_counts": [
          0,
          0,
          0,
          0,
          0,
          0,
          0,
          0,
          0,
          0,
          0,
          0,
          0,
          0,
          0,
          1,
          1,
          1,
          1,
          1,
          1,
          1,
          1,
          1,
          1,
          1,
          1,
          1,
          1,
          1,
          1,
          1,
          1,
          1,
          1,
          1,
          1,
          1,
          1,
          1,
          1,
          1,
          1,
          1,
          1,
          1,
          1,
          1,
          1,
          1,
          1,
          1,
          0,
          0,
          0,
          0,
          0,
          0,
          0,
          0,
          0,
          0,
          0,
          0,
          0,
          0,
          0,
          0,
          0,
          0,
          0,
          0,
          0,
          0,
          0,
          0,
          0,
          0,
          0,
          0,
          0,
          0,
          0,
          0,
          0,
          0,
          0,
          0,
          0,
          0,
          0,
          0,
          0,
          0,
          0,
          0,
          0,
          0,
          0,
          0,
          0,
          0,
          0,
          0,
          0,
          0,
          0,
          0,
          0,
          0,
          0
        ]
      }
    },
    {
      "type": "Feature",
      "geometry": {
        "type": "Polygon",
        "coordinates": [
          [
            [
              -89.40205703505359,
              43.074850122809146
            ],
            [
              -89.40205603505359,
              43.07483412280914
            ],
            [
              -89.402056,
              43.074833
            ],
            [
              -89.402056,
              43.074824
            ],
            [
              -89.402024,
              43.074824
            ],
            [
              -89.40202223569148,
              43.07482391332508
            ],
            [
              -89.4020204883742,
              43.07482365413505
            ],
            [
              -89.40201877487581,
              43.07482322492604
            ],
            [
              -89.40201711169821,
              43.07482262983159
            ],
            [
              -89.40201551485873,
              43.07482187458276
            ],
            [
              -89.4020139997358,
              43.074820966453025
            ],
            [
              -89.40201258092088,
              43.07481991418816
            ],
            [
              -89.40201127207794,
              43.074818727922064
            ],
            [
              -89.40201008581184,
              43.07481741907912
            ],
            [
              -89.40200903354697,
              43.0748160002642
            ],
            [
              -89.40200812541724,
              43.07481448514127
            ],
            [
              -89.4020073701684,
              43.074812888301786
            ],
            [
              -89.40200677507396,
              43.07481122512419
            ],
            [
              -89.40200634586495,
              43.0748095116258
            ],
            [
              -89.40200608667492,
              43.07480776430853
            ],
            [
              -89.402006,
              43.074806
            ],
            [
              -89.402006,
              43.0747384736033
            ],
            [
              -89.40187046737483,
              43.07474199393123
            ],
            [
              -89.40186867713113,
              43.074741951323574
            ],
            [
              -89.40186689998052,
              43.07474173104281
            ],
            [
              -89.40186515351233,
              43.074741335269174
            ],
            [
              -89.40186345501222,
              43.07474076791982
            ],
            [
              -89.40186182129108,
              43.07474003461008
            ],
            [
              -89.40186026851866,
              43.0747391425979
            ],
            [
              -89.40185881206352,
              43.07473810071195
            ],
            [
              -89.40185746634091,
              43.07473691926429
            ],
            [
              -89.40185624467011,
              43.0747356099483
            ],
            [
              -89.4018551591426,
              43.074734185722924
            ],
            [
              -89.40185422050237,
              43.07473266068441
            ],
            [
              -89.40185343803962,
              43.07473104992684
            ],
            [
              -89.40185281949877,
              43.07472936939266
            ],
            [
              -89.40185237100182,
              43.07472763571495
            ],
            [
              -89.40185209698777,
              43.07472586605277
            ],
            [
              -89.40185200016866,
              43.07472407792135
            ],
            [
              -89.40185101353596,
              43.07449616576544
            ],
            [
              -89.40176517474904,
              43.07449699915172
            ],
            [
              -89.40176339311533,
              43.07449692813213
            ],
            [
              -89.40176162724923,
              43.074496681192045
            ],
            [
              -89.40175989447837,
              43.074496260754586
            ],
            [
              -89.40175821180564,
              43.0744956709453
            ],
            [
              -89.40175659574234,
              43.07449491755173
            ],
            [
              -89.40175506214614,
              43.07449400796657
            ],
            [
              -89.4017536260655,
              43.074492951115154
            ],
            [
              -89.40175230159204,
              43.07449175736789
            ],
            [
              -89.4017511017222,
              43.07449043843845
            ],
            [
              -89.40175003822975,
              43.0744890072689
            ],
            [
              -89.40174912155024,
              43.07448747790264
            ],
            [
              -89.40174836067862,
              43.07448586534663
            ],
            [
              -89.401747763081,
              43.07448418542415
            ],
            [
              -89.4017473346213,
              43.074482454619485
            ],
            [
              -89.40174707950382,
              43.074480689916236
            ],
            [
              -89.4017470002319,
              43.07447890863062
            ],
            [
              -89.40174800023189,
              43.07428190863062
            ],
            [
              -89.40174809505784,
              43.07428015255677
            ],
            [
              -89.40174836079792,
              43.07427841411794
            ],
            [
              -89.40174879491546,
              43.07427670990865
            ],
            [
              -89.40174939326656,
              43.074275056196676
            ],
            [
              -89.40175015013955,
              43.07427346876774
            ],
            [
              -89.4017510583096,
              43.07427196277488
            ],
            [
              -89.40175210910763,
              43.07427055259376
            ],
            [
              -89.40175329250314,
              43.07426925168545
            ],
            [
              -89.40175459719983,
              43.074268072467966
            ],
            [
              -89.40175601074355,
              43.07426702619769
            ],
            [
              -89.40175751964111,
              43.07426612286193
            ],
            [
              -89.40175910948912,
              43.07426537108362
            ],
            [
              -89.40176076511148,
              43.07426477803895
            ],
            [
              -89.40176247070418,
              43.074264349388926
            ],
            [
              -89.40176420998628,
              43.07426408922528
            ],
            [
              -89.4017659663552,
              43.07426400003144
            ],
            [
              -89.40228279230524,
              43.07426303400163
            ],
            [
              -89.40228200118894,
              43.074194206882886
            ],
            [
              -89.40228206870411,
              43.074192428813184
            ],
            [
              -89.40228231144182,
              43.07419066609694
            ],
            [
              -89.40228272703006,
              43.0741889359592
            ],
            [
              -89.40228331140773,
              43.074187255306676
            ],
            [
              -89.40228405886438,
              43.07418564056251
            ],
            [
              -89.40228496209593,
              43.07418410750579
            ],
            [
              -89.40228601227615,
              43.07418267111737
            ],
            [
              -89.40228719914276,
              43.07418134543347
            ],
            [
              -89.40228851109785,
              43.07418014340851
            ],
            [
              -89.40228993532116,
              43.07417907678855
            ],
            [
              -89.40229145789533,
              43.07417815599647
            ],
            [
              -89.40229306394195,
              43.07417739003014
            ],
            [
              -89.40229473776692,
              43.074176786374494
            ],
            [
              -89.40229646301381,
              43.07417635092839
            ],
            [
              -89.40229822282373,
              43.074176087946945
            ],
            [
              -89.4023,
              43.074176
            ],
            [
              -89.402351,
              43.074176
            ],
            [
              -89.40235273485024,
              43.07417608379799
            ],
            [
              -89.40235445354749,
              43.07417633441171
            ],
            [
              -89.40235614008915,
              43.07417674950773
            ],
            [
              -89.40235777877203,
              43.07417732522114
            ],
            [
              -89.40235935433851,
              43.07417805619154
            ],
            [
              -89.40236085211869,
              43.07417893561295
            ],
            [
              -89.4023622581669,
              43.07417995529716
            ],
            [
              -89.4023635593916,
              43.07418110575002
            ],
            [
              -89.40236474367721,
              43.074182376259785
            ],
            [
              -89.402365799997,
              43.07418375499689
            ],
            [
              -89.40236671851568,
              43.074185229124055
            ],
            [
              -89.40236749068103,
              43.07418678491587
            ],
            [
              -89.40236810930351,
              43.07418840788651
            ],
            [
              -89.40236856862319,
              43.07419008292469
            ],
            [
              -89.40236886436341,
              43.07419179443432
            ],
            [
              -89.40236899377055,
              43.07419352647972
            ],
            [
              -89.40237351515133,
              43.07436533894924
            ],
            [
              -89.40240904025528,
              43.07436402320465
            ],
            [
              -89.40243866777402,
              43.07436195616846
            ],
            [
              -89.40245552481802,
              43.07429368514025
            ],
            [
              -89.40245601348703,
              43.07429204530633
            ],
            [
              -89.40245665565604,
              43.07429045928249
            ],
            [
              -89.40245744552207,
              43.074288941400965
            ],
            [
              -89.40245837594743,
              43.074287505378216
            ],
            [
              -89.40245943852423,
              43.07428616419098
            ],
            [
              -89.40246062365044,
              43.074284929959006
            ],
            [
              -89.40246192061655,
              43.074283813835535
            ],
            [
              -89.40246331770241,
              43.07428282590651
            ],
            [
              -89.40246480228315,
              43.074281975099424
            ],
            [
              -89.40246636094324,
              43.07428126910268
            ],
            [
              -89.4024679795977,
              43.07428071429606
            ],
            [
              -89.40246964361945,
              43.07428031569312
            ],
            [
              -89.4024713379714,
              43.07428007689589
            ],
            [
              -89.40247304734243,
              43.07428000006226
            ],
            [
              -89.40247475628563,
              43.07428008588655
            ],
            [
              -89.4025765959774,
              43.07429007017006
            ],
            [
              -89.40260135895498,
              43.07429205120826
            ],
            [
              -89.40262928244691,
              43.0742940457434
            ],
            [
              -89.40262988432613,
              43.074294098901845
            ],
            [
              -89.40276288432612,
              43.074308098901845
            ],
            [
              -89.40276464206593,
              43.07430837231281
            ],
            [
              -89.40276636423488,
              43.07430881788767
            ],
            [
              -89.40276803401308,
              43.07430943127464
            ],
            [
              -89.40276963509235,
              43.07431020648297
            ],
            [
              -89.40277115183548,
              43.07431113594146
            ],
            [
              -89.40277256942893,
              43.07431221057238
            ],
            [
              -89.40277387402753,
              43.07431341988016
            ],
            [
              -89.40277505288968,
              43.074314752053894
            ],
            [
              -89.40277609450182,
              43.07431619408266
            ],
            [
              -89.40277698869086,
              43.07431773188264
            ],
            [
              -89.40277772672354,
              43.074319350434635
            ],
            [
              -89.40277830139175,
              43.07432103393078
            ],
            [
              -89.40277870708287,
              43.074322765928905
            ],
            [
              -89.40277893983468,
              43.074324529513156
            ],
            [
              -89.40277899737394,
              43.074326307459174
            ],
            [
              -89.4027788791387,
              43.07432808240234
            ],
            [
              -89.4027785862837,
              43.074329837007355
            ],
            [
              -89.40274258628371,
              43.07449483700736
            ],
            [
              -89.4027421250534,
              43.07449654369431
            ],
            [
              -89.40274149862371,
              43.0744981969032
            ],
            [
              -89.40274071303763,
              43.074499780686104
            ],
            [
              -89.40273977587343,
              43.07450127976482
            ],
            [
              -89.40273869617157,
              43.07450267967827
            ],
            [
              -89.40273748434758,
              43.07450396692198
            ],
            [
              -89.40273615209148,
              43.074505129078375
            ],
            [
              -89.4027347122551,
              43.07450615493652
            ],
            [
              -89.40273317872801,
              43.074507034600344
            ],
            [
              -89.40273156630361,
              43.07450775958403
            ],
            [
              -89.4027298905364,
              43.07450832289392
            ],
            [
              -89.40272816759192,
              43.07450871909596
            ],
            [
              -89.4027264140908,
              43.07450894436812
            ],
            [
              -89.40272464694843,
              43.0745089965373
            ],
            [
              -89.40272288321182,
              43.07450887510022
            ],
            [
              -89.40266331664822,
              43.07450182116506
            ],
            [
              -89.40262656991462,
              43.074681379067805
            ],
            [
              -89.40284007197194,
              43.074706119649555
            ],
            [
              -89.40284180138829,
              43.07470640598264
            ],
            [
              -89.40284349475168,
              43.07470685918019
            ],
            [
              -89.40284513600197,
              43.074707474944
            ],
            [
              -89.40284670957327,
              43.07470824743407
            ],
            [
              -89.4028482005416,
              43.07470916932399
            ],
            [
              -89.40284959476637,
              43.07471023187039
            ],
            [
              -89.40285087902453,
              43.07471142499593
            ],
            [
              -89.40285204113596,
              43.074712737384814
            ],
            [
              -89.40285307007903,
              43.07471415659013
            ],
            [
              -89.40285395609507,
              43.074715669151914
            ],
            [
              -89.40285469078097,
              43.07471726072478
            ],
            [
              -89.40285526716885,
              43.07471891621401
            ],
            [
              -89.40285567979214,
              43.07472061991868
            ],
            [
              -89.40285592473748,
              43.07472235568057
            ],
            [
              -89.40285599968175,
              43.074724107037454
            ],
            [
              -89.40285590391417,
              43.07472585737918
            ],
            [
              -89.40285563834303,
              43.07472759010522
            ],
            [
              -89.40283263834303,
              43.07484059010522
            ],
            [
              -89.40283219984782,
              43.07484230709291
            ],
            [
              -89.40283159464549,
              43.07484397264234
            ],
            [
              -89.40283082860188,
              43.074845570610414
            ],
            [
              -89.40282990914174,
              43.07484708550904
            ],
            [
              -89.40282884517684,
              43.07484850265528
            ],
            [
              -89.40282764701949,
              43.07484980831364
            ],
            [
              -89.40282632628268,
              43.0748509898292
            ],
            [
              -89.40282489576744,
              43.0748520357503
            ],
            [
              -89.40282336933886,
              43.07485293593948
            ],
            [
              -89.40282176179163,
              43.0748536816718
            ],
            [
              -89.40282008870669,
              43.074854265719345
            ],
            [
              -89.40281836630015,
              43.07485468242131
            ],
            [
              -89.40281661126623,
              43.074854927738876
            ],
            [
              -89.40281484061533,
              43.07485499929434
            ],
            [
              -89.40281307150926,
              43.07485489639415
            ],
            [
              -89.402601,
              43.07483204386082
            ],
            [
              -89.402601,
              43.074848
            ],
            [
              -89.40260091332509,
              43.07484976430853
            ],
            [
              -89.40260065413506,
              43.0748515116258
            ],
            [
              -89.40260022492605,
              43.074853225124194
            ],
            [
              -89.4025996298316,
              43.074854888301786
            ],
            [
              -89.40259887458276,
              43.07485648514127
            ],
            [
              -89.40259796645303,
              43.0748580002642
            ],
            [
              -89.40259691418817,
              43.07485941907912
            ],
            [
              -89.40259572792206,
              43.074860727922065
            ],
            [
              -89.40259441907912,
              43.07486191418816
            ],
            [
              -89.4025930002642,
              43.074862966453026
            ],
            [
              -89.40259148514127,
              43.07486387458276
            ],
            [
              -89.40258988830179,
              43.07486462983159
            ],
            [
              -89.40258822512419,
              43.07486522492604
            ],
            [
              -89.4025865116258,
              43.07486565413505
            ],
            [
              -89.40258476430853,
              43.074865913325084
            ],
            [
              -89.402583,
              43.074866
            ],
            [
              -89.40222505999947,
              43.074866
            ],
            [
              -89.40207511999733,
              43.07486699960001
            ],
            [
              -89.4020733044628,
              43.074866919965224
            ],
            [
              -89.40207150621075,
              43.07486665767359
            ],
            [
              -89.40206974357062,
              43.074866215398636
            ],
            [
              -89.40206803450887,
              43.07486559764843
            ],
            [
              -89.40206639644586,
              43.07486481071966
            ],
            [
              -89.4020648460782,
              43.07486386263342
            ],
            [
              -89.40206339920871,
              43.074862763053495
            ],
            [
              -89.4020620705852,
              43.07486152318781
            ],
            [
              -89.40206087375023,
              43.07486015567423
            ],
            [
              -89.40205982090305,
              43.074858674451704
            ],
            [
              -89.40205892277524,
              43.07485709461823
            ],
            [
              -89.40205818852137,
              43.07485543227693
            ],
            [
              -89.40205762562562,
              43.07485370437192
            ],
            [
              -89.40205723982555,
              43.0748519285156
            ],
            [
              -89.40205703505359,
              43.074850122809146
            ]
          ]
        ]
      },
      "properties": {
        "building": "university",
        "name": "Law Building",
        "@id": "way/38855393",
        "addr:street": "Bascom Mall",
        "addr:housenumber": "975",
        "person_counts": [
          0,
          0,
          0,
          0,
          0,
          0,
          0,
          0,
          0,
          0,
          0,
          0,
          0,
          0,
          0,
          42,
          42,
          42,
          42,
          42,
          42,
          42,
          42,
          42,
          42,
          42,
          5,
          59,
          59,
          59,
          59,
          59,
          59,
          59,
          59,
          59,
          59,
          59,
          58,
          58,
          58,
          58,
          58,
          58,
          58,
          58,
          58,
          58,
          58,
          58,
          58,
          58,
          0,
          0,
          0,
          0,
          0,
          0,
          0,
          0,
          0,
          0,
          0,
          0,
          0,
          0,
          0,
          0,
          0,
          0,
          0,
          0,
          0,
          0,
          0,
          0,
          0,
          0,
          0,
          0,
          0,
          0,
          0,
          0,
          0,
          0,
          0,
          0,
          0,
          0,
          0,
          0,
          0,
          0,
          0,
          0,
          0,
          0,
          0,
          0,
          0,
          0,
          0,
          0,
          0,
          0,
          0,
          0,
          0,
          0,
          0
        ],
        "instructor_counts": [
          0,
          0,
          0,
          0,
          0,
          0,
          0,
          0,
          0,
          0,
          0,
          0,
          0,
          0,
          0,
          3,
          3,
          3,
          3,
          3,
          3,
          3,
          3,
          3,
          3,
          3,
          2,
          13,
          13,
          13,
          13,
          13,
          13,
          13,
          13,
          13,
          13,
          13,
          11,
          11,
          11,
          11,
          11,
          11,
          11,
          11,
          11,
          11,
          11,
          11,
          11,
          11,
          0,
          0,
          0,
          0,
          0,
          0,
          0,
          0,
          0,
          0,
          0,
          0,
          0,
          2,
          2,
          2,
          2,
          2,
          2,
          2,
          2,
          2,
          2,
          2,
          2,
          2,
          2,
          2,
          2,
          2,
          2,
          2,
          2,
          2,
          2,
          2,
          2,
          2,
          2,
          2,
          2,
          2,
          2,
          2,
          2,
          2,
          2,
          2,
          2,
          2,
          0,
          0,
          0,
          0,
          0,
          0,
          0,
          0,
          0
        ]
      }
    }
  ],
  "metadata": {
    "total_buildings": 6,
    "total_meetings": 197,
    "max_persons": 166,
    "total_chunks": 111,
    "chunk_duration_minutes": 5,
    "start_time": 1768571100000,
    "end_time": 1768604400000,
    "total_persons": [
      181,
      181,
      181,
      192,
      192,
      192,
      192,
      192,
      192,
      223,
      223,
      68,
      68,
      166,
      166,
      208,
      208,
      208,
      208,
      208,
      208,
      208,
      208,
      208,
      84,
      84,
      172,
      226,
      226,
      226,
      226,
      226,
      226,
      226,
      226,
      226,
      226,
      200,
      199,
      226,
      226,
      226,
      226,
      226,
      226,
      226,
      226,
      226,
      226,
      226,
      100,
      100,
      41,
      41,
      41,
      41,
      41,
      41,
      10,
      10,
      10,
      10,
      10,
      40,
      40,
      40,
      40,
      139,
      139,
      139,
      139,
      139,
      139,
      139,
      139,
      139,
      139,
      139,
      139,
      139,
      139,
      139,
      139,
      139,
      139,
      139,
      139,
      139,
      139,
      139,
      139,
      40,
      40,
      40,
      40,
      40,
      40,
      40,
      40,
      40,
      40,
      40,
      40,
      40,
      40,
      40,
      10,
      10,
      10,
      10,
      10
    ],
    "total_instructors": [
      12,
      12,
      12,
      20,
      20,
      20,
      20,
      20,
      20,
      21,
      21,
      10,
      10,
      12,
      12,
      16,
      16,
      16,
      16,
      16,
      16,
      16,
      16,
      16,
      13,
      13,
      14,
      25,
      25,
      25,
      25,
      25,
      25,
      25,
      25,
      25,
      25,
      24,
      22,
      24,
      24,
      24,
      24,
      24,
      24,
      24,
      24,
      24,
      24,
      24,
      21,
      21,
      7,
      7,
      7,
      7,
      7,
      7,
      6,
      6,
      6,
      6,
      6,
      9,
      9,
      11,
      11,
      12,
      12,
      12,
      12,
      12,
      12,
      12,
      12,
      12,
      12,
      12,
      12,
      12,
      12,
      12,
      12,
      12,
      12,
      12,
      12,
      12,
      12,
      12,
      12,
      11,
      11,
      11,
      11,
      11,
      11,
      11,
      11,
      11,
      11,
      11,
      9,
      9,
      9,
      9,
      8,
      8,
      8,
      8,
      8
    ]
  }
}