{
  "type": "FeatureCollection",
  "features": [
    {
      "type": "Feature",
      "geometry": {
        "type": "Polygon",
        "coordinates": [
          [
            [
              -89.40700329028483,
              43.07467800234086
            ],
            [
              -89.40718929028483,
              43.07468100234086
            ],
            [
              -89.40719103493988,
              43.074681115397134
            ],
            [
              -89.4071927603974,
              43.074681397176036
            ],
            [
              -89.40719445037945,
              43.07468184501927
            ],
            [
              -89.40719608894287,
              43.07468245470191
            ],
            [
              -89.40719766062948,
              43.07468322047222
            ],
            [
              -89.40719915061204,
              43.074684135105954
            ],
            [
              -89.40720054483415,
              43.0746851899745
            ],
            [
              -89.40720183014277,
              43.07468637512628
            ],
            [
              -89.40720299441233,
              43.0746876793806
            ],
            [
              -89.40720402665917,
              43.074689090433196
            ],
            [
              -89.40720491714511,
              43.074690594972246
            ],
            [
              -89.40720565746935,
              43.074692178803986
            ],
            [
              -89.40720624064768,
              43.07469382698662
            ],
            [
              -89.40720666117845,
              43.07469552397124
            ],
            [
              -89.40720691509436,
              43.07469725374859
            ],
            [
              -89.407207,
              43.074699
            ],
            [
              -89.407207,
              43.07496
            ],
            [
              -89.40720691219629,
              43.074961775732085
            ],
            [
              -89.40720664964174,
              43.07496353414018
            ],
            [
              -89.40720621489783,
              43.07496525806931
            ],
            [
              -89.40720561220591,
              43.07496693070089
            ],
            [
              -89.40720484744583,
              43.07496853571676
            ],
            [
              -89.40720392807856,
              43.07497005745845
            ],
            [
              -89.40720286307342,
              43.074971481079885
            ],
            [
              -89.40720166282057,
              43.07497279269226
            ],
            [
              -89.40720033902963,
              43.074973979499525
            ],
            [
              -89.40719890461548,
              43.07497502992322
            ],
            [
              -89.4071973735722,
              43.074975933715464
            ],
            [
              -89.40719576083661,
              43.074976682058875
            ],
            [
              -89.40719408214251,
              43.074977267652635
            ],
            [
              -89.40719235386719,
              43.07497768478371
            ],
            [
              -89.40719059287164,
              43.074977929382584
            ],
            [
              -89.40718881633609,
              43.07497799906296
            ],
            [
              -89.40679681633608,
              43.07497399906296
            ],
            [
              -89.40679504304785,
              43.07497389330429
            ],
            [
              -89.40679328882018,
              43.074973613266145
            ],
            [
              -89.40679157073914,
              43.0749731616761
            ],
            [
              -89.4067899055387,
              43.07497254293259
            ],
            [
              -89.40678830943777,
              43.07497176306215
            ],
            [
              -89.40678679798229,
              43.07497082966064
            ],
            [
              -89.40678538589371,
              43.07496975181934
            ],
            [
              -89.40678408692565,
              43.07496854003633
            ],
            [
              -89.40678291373,
              43.074967206114295
            ],
            [
              -89.40678187773356,
              43.07496576304553
            ],
            [
              -89.4067809890269,
              43.074964224885434
            ],
            [
              -89.40678025626592,
              43.07496260661555
            ],
            [
              -89.40677968658767,
              43.07496092399773
            ],
            [
              -89.40677928554078,
              43.074959193420526
            ],
            [
              -89.40677905703141,
              43.07495743173965
            ],
            [
              -89.40677900328524,
              43.07495565611373
            ],
            [
              -89.40678200328524,
              43.07479865611373
            ],
            [
              -89.40678212050771,
              43.074796920635784
            ],
            [
              -89.40678240469511,
              43.07479520457567
            ],
            [
              -89.40678285319359,
              43.07479352395855
            ],
            [
              -89.40678346181492,
              43.07479189447861
            ],
            [
              -89.40678422487558,
              43.0747903313525
            ],
            [
              -89.40678513524985,
              43.074788849177246
            ],
            [
              -89.40678618443631,
              43.0747874617939
            ],
            [
              -89.40678736263733,
              43.07478618215834
            ],
            [
              -89.40678865885045,
              43.074785022220254
            ],
            [
              -89.40679006097115,
              43.07478399281154
            ],
            [
              -89.40679155590598,
              43.07478310354517
            ],
            [
              -89.40679312969469,
              43.074782362725436
            ],
            [
              -89.4067947676407,
              43.07478177727036
            ],
            [
              -89.40679645444831,
              43.07478135264713
            ],
            [
              -89.40679817436552,
              43.07478109282103
            ],
            [
              -89.40679991133113,
              43.074781000218394
            ],
            [
              -89.406985,
              43.074780088451554
            ],
            [
              -89.406985,
              43.074696
            ],
            [
              -89.4069850884624,
              43.07469421763616
            ],
            [
              -89.4069853529801,
              43.07469245279144
            ],
            [
              -89.4069857909531,
              43.07469072281279
            ],
            [
              -89.40698639807651,
              43.07468904470443
            ],
            [
              -89.40698716838281,
              43.07468743496076
            ],
            [
              -89.40698809430054,
              43.074685909404195
            ],
            [
              -89.40698916672872,
              43.074684483029664
            ],
            [
              -89.40699037512628,
              43.07468316985723
            ],
            [
              -89.40699170761569,
              43.074681982794274
            ],
            [
              -89.4069931510997,
              43.07468093350862
            ],
            [
              -89.40699469139008,
              43.07468003231384
            ],
            [
              -89.4069963133471,
              43.074679288067955
            ],
            [
              -89.40699800102826,
              43.074678708086246
            ],
            [
              -89.40699973784508,
              43.07467829806945
            ],
            [
              -89.40700150672615,
              43.07467806204769
            ],
            [
              -89.40700329028483,
              43.07467800234086
            ]
          ]
        ]
      },
      "properties": {
        "building": "university",
        "name": "Bardeen Medical Laboratories",
        "@id": "way/38855411",
        "addr:street": "Linden Drive",
        "addr:housenumber": "1215",
        "person_counts": [
          0,
          0,
          0,
          0,
          0,
          0,
          0,
          0,
          0,
          0,
          0,
          0,
          0,
          0,
          0,
          0,
          0,
          0,
          29,
          29,
          29,
          29,
          29,
          29,
          29,
          29,
          29,
          29,
          29,
          0,
          0,
          0,
          0,
          0,
          0,
          0,
          0,
          0,
          0,
          0,
          0,
          0,
          0,
          0,
          0,
          0,
          0,
          0,
          0,
          0,
          0,
          0,
          0,
          0,
          0,
          0,
          0,
          0,
          0,
          0,
          0,
          0,
          0,
          0,
          0,
          0,
          0,
          0,
          0,
          0,
          0,
          0,
          0,
          0,
          0,
          0,
          0,
          0,
          0,
          0,
          0,
          0,
          0,
          0,
          0,
          0,
          0
        ],
        "instructor_counts": [
          0,
          0,
          0,
          0,
          0,
          0,
          0,
          0,
          0,
          0,
          0,
          0,
          0,
          0,
          0,
          0,
          0,
          0,
          1,
          1,
          1,
          1,
          1,
          1,
          1,
          1,
          1,
          1,
          1,
          0,
          0,
          0,
          0,
          0,
          0,
          0,
          0,
          0,
          0,
          0,
          0,
          0,
          0,
          0,
          0,
          0,
          0,
          0,
          0,
          0,
          0,
          0,
          0,
          0,
          0,
          0,
          0,
          0,
          0,
          0,
          0,
          0,
          0,
          0,
          0,
          0,
          0,
          0,
          0,
          0,
          0,
          0,
          0,
          0,
          0,
          0,
          0,
          0,
          0,
          0,
          0,
          0,
          0,
          0,
          0,
          0,
          0
        ]
      }
    },
    {
      "type": "Feature",
      "geometry": {
        "type": "Polygon",
        "coordinates": [
          [
            [
              -89.40687399848224,
              43.07528123374652
            ],
            [
              -89.4068722269791,
              43.07541763948761
            ],
            [
              -89.40688264244754,
              43.07541801146863
            ],
            [
              -89.40688437434673,
              43.07541815728503
            ],
            [
              -89.40688608410925,
              43.07541846945376
            ],
            [
              -89.40688775579454,
              43.07541894506438
            ],
            [
              -89.40688937381707,
              43.07541957968265
            ],
            [
              -89.40689092309154,
              43.07542036739186
            ],
            [
              -89.40689238917369,
              43.075421300847985
            ],
            [
              -89.40689375839483,
              43.07542237134817
            ],
            [
              -89.40689501798938,
              43.07542356891186
            ],
            [
              -89.40689615621378,
              43.07542488237385
            ],
            [
              -89.40689716245608,
              43.0754262994884
            ],
            [
              -89.40689802733482,
              43.07542780704336
            ],
            [
              -89.4068987427865,
              43.075429390983416
            ],
            [
              -89.40689930214077,
              43.075431036541076
            ],
            [
              -89.40689970018263,
              43.07543272837436
            ],
            [
              -89.40689993320105,
              43.07543445070988
            ],
            [
              -89.40689999902351,
              43.07543618748983
            ],
            [
              -89.40689918734093,
              43.07551410901743
            ],
            [
              -89.40738010821448,
              43.07551700032529
            ],
            [
              -89.40738188145781,
              43.07551709860015
            ],
            [
              -89.40738363638567,
              43.07551737114016
            ],
            [
              -89.40738535591433,
              43.075517815292216
            ],
            [
              -89.40738702330465,
              43.075518426732614
            ],
            [
              -89.40738862232504,
              43.07551919950916
            ],
            [
              -89.40739013740952,
              43.07552012609909
            ],
            [
              -89.40739155380913,
              43.07552119748231
            ],
            [
              -89.40739285773562,
              43.07552240322919
            ],
            [
              -89.40739403649563,
              43.07552373160214
            ],
            [
              -89.40739507861427,
              43.075525169669795
            ],
            [
              -89.40739597394679,
              43.075526703432985
            ],
            [
              -89.40739671377737,
              43.07552831796095
            ],
            [
              -89.407397290904,
              43.075529997536705
            ],
            [
              -89.40739769970848,
              43.075531725810045
            ],
            [
              -89.40739793621123,
              43.07553348595671
            ],
            [
              -89.40739799810994,
              43.07553526084217
            ],
            [
              -89.40739499810994,
              43.07574226084217
            ],
            [
              -89.40739488683126,
              43.075744015258735
            ],
            [
              -89.4073946049453,
              43.07574575045346
            ],
            [
              -89.40739415514074,
              43.07574744987579
            ],
            [
              -89.40739354170789,
              43.075749097316404
            ],
            [
              -89.40739277049775,
              43.07575067706175
            ],
            [
              -89.40739184886625,
              43.07575217404398
            ],
            [
              -89.40739078560405,
              43.07575357398466
            ],
            [
              -89.40738959085269,
              43.075754863530946
            ],
            [
              -89.40738827600791,
              43.07575603038295
            ],
            [
              -89.40738685361086,
              43.07575706341106
            ],
            [
              -89.4073853372286,
              43.07575795276211
            ],
            [
              -89.40738374132462,
              43.07575868995333
            ],
            [
              -89.40738208112087,
              43.07575926795328
            ],
            [
              -89.40738037245264,
              43.07575968124891
            ],
            [
              -89.40737863161745,
              43.07575992589815
            ],
            [
              -89.40737687521964,
              43.07575999956749
            ],
            [
              -89.40681771233231,
              43.07575612322165
            ],
            [
              -89.40681599769644,
              43.075863287963145
            ],
            [
              -89.40681587971378,
              43.075865077458865
            ],
            [
              -89.40681558424653,
              43.0758668463325
            ],
            [
              -89.40681511422771,
              43.075868577025176
            ],
            [
              -89.40681447432297,
              43.07587025235702
            ],
            [
              -89.4068136708844,
              43.07587185569769
            ],
            [
              -89.40681271188741,
              43.07587337113149
            ],
            [
              -89.40681160685156,
              43.07587478361533
            ],
            [
              -89.40681036674609,
              43.075876079128065
            ],
            [
              -89.40680900388101,
              43.075877244809675
            ],
            [
              -89.40680753178492,
              43.07587826908891
            ],
            [
              -89.40680596507072,
              43.075879141798175
            ],
            [
              -89.40680431929054,
              43.07587985427444
            ],
            [
              -89.40680261078136,
              43.07588039944525
            ],
            [
              -89.40680085650284,
              43.07588077189892
            ],
            [
              -89.40679907386901,
              43.07588096793826
            ],
            [
              -89.4067972805753,
              43.07588098561725
            ],
            [
              -89.406791,
              43.07588073439424
            ],
            [
              -89.406791,
              43.075881
            ],
            [
              -89.40679091187776,
              43.07588277894217
            ],
            [
              -89.40679064837386,
              43.075884540466085
            ],
            [
              -89.40679021206837,
              43.07588626732401
            ],
            [
              -89.40678960723332,
              43.07588794260767
            ],
            [
              -89.40678883979088,
              43.075889549913754
            ],
            [
              -89.40678791725531,
              43.07589107350456
            ],
            [
              -89.40678684865954,
              43.07589249846204
            ],
            [
              -89.40678564446654,
              43.07589381083394
            ],
            [
              -89.40678431646701,
              43.07589499777035
            ],
            [
              -89.40678287766387,
              43.075896047649536
            ],
            [
              -89.40678134214497,
              43.07589695019177
            ],
            [
              -89.40677972494511,
              43.07589769655992
            ],
            [
              -89.4067780418989,
              43.075898279446044
            ],
            [
              -89.40677630948565,
              43.075898693142875
            ],
            [
              -89.40677454466801,
              43.075898933599774
            ],
            [
              -89.40677276472599,
              43.07589899846233
            ],
            [
              -89.40661976472599,
              43.075896998462326
            ],
            [
              -89.4066180163159,
              43.07589689036046
            ],
            [
              -89.4066162866934,
              43.07589661281789
            ],
            [
              -89.40661459223986,
              43.075896168463245
            ],
            [
              -89.40661294900356,
              43.075895561505035
            ],
            [
              -89.40661137254766,
              43.075894797691795
            ],
            [
              -89.4066098778029,
              43.07589388425765
            ],
            [
              -89.40660847892609,
              43.075892829853785
            ],
            [
              -89.40660718916607,
              43.07589164446653
            ],
            [
              -89.40660602073824,
              43.07589033932276
            ],
            [
              -89.40660498470886,
              43.07588892678357
            ],
            [
              -89.40660409089023,
              43.0758874202272
            ],
            [
              -89.40660334774775,
              43.07588583392234
            ],
            [
              -89.40660276231976,
              43.07588418289299
            ],
            [
              -89.4066023401509,
              43.07588248277614
            ],
            [
              -89.40660208523956,
              43.0758807496737
            ],
            [
              -89.406602,
              43.075879
            ],
            [
              -89.406588,
              43.075879
            ],
            [
              -89.40658623569148,
              43.075878913325084
            ],
            [
              -89.40658448837421,
              43.07587865413505
            ],
            [
              -89.40658277487582,
              43.07587822492604
            ],
            [
              -89.40658111169822,
              43.07587762983159
            ],
            [
              -89.40657951485873,
              43.07587687458276
            ],
            [
              -89.4065779997358,
              43.075875966453026
            ],
            [
              -89.40657658092088,
              43.07587491418816
            ],
            [
              -89.40657527207794,
              43.075873727922065
            ],
            [
              -89.40657408581184,
              43.07587241907912
            ],
            [
              -89.40657303354698,
              43.0758710002642
            ],
            [
              -89.40657212541724,
              43.07586948514127
            ],
            [
              -89.40657137016841,
              43.07586788830179
            ],
            [
              -89.40657077507396,
              43.075866225124194
            ],
            [
              -89.40657034586495,
              43.0758645116258
            ],
            [
              -89.40657008667492,
              43.07586276430853
            ],
            [
              -89.40657,
              43.075860999999996
            ],
            [
              -89.406563,
              43.075860999999996
            ],
            [
              -89.40656122143061,
              43.07586091191477
            ],
            [
              -89.40655946026851,
              43.075860648521214
            ],
            [
              -89.40655773375065,
              43.07586021239721
            ],
            [
              -89.40655605877485,
              43.07585960781122
            ],
            [
              -89.40655445173456,
              43.075858840680475
            ],
            [
              -89.40655292835825,
              43.07585791851307
            ],
            [
              -89.40655150355559,
              43.075856850334496
            ],
            [
              -89.40655019127146,
              43.07585564659927
            ],
            [
              -89.40654900434954,
              43.075854319088656
            ],
            [
              -89.4065479544065,
              43.07585288079532
            ],
            [
              -89.4065470517184,
              43.075851345796195
            ],
            [
              -89.40654630512009,
              43.0758497291147
            ],
            [
              -89.40654572191869,
              43.0758480465737
            ],
            [
              -89.40654530782214,
              43.07584631464063
            ],
            [
              -89.40654506688331,
              43.07584455026635
            ],
            [
              -89.40654500146033,
              43.07584277071924
            ],
            [
              -89.40654676775618,
              43.07570411649406
            ],
            [
              -89.40640811464735,
              43.07570499963489
            ],
            [
              -89.40640630598818,
              43.07570492010949
            ],
            [
              -89.40640451446558,
              43.07570465930491
            ],
            [
              -89.40640275820252,
              43.07570421985944
            ],
            [
              -89.40640105496529,
              43.0757036062185
            ],
            [
              -89.40639942198376,
              43.07570282458965
            ],
            [
              -89.40639787577716,
              43.07570188287983
            ],
            [
              -89.40639643198682,
              43.07570079061533
            ],
            [
              -89.40639510521808,
              43.075699558845464
            ],
            [
              -89.4063939088925,
              43.07569820003078
            ],
            [
              -89.40639285511205,
              43.075696727916984
            ],
            [
              -89.40639195453673,
              43.07569515739593
            ],
            [
              -89.40639121627673,
              43.07569350435496
            ],
            [
              -89.40639064780028,
              43.07569178551616
            ],
            [
              -89.40639025485805,
              43.07569001826727
            ],
            [
              -89.40639004142504,
              43.07568822048568
            ],
            [
              -89.40638304142504,
              43.07558522048568
            ],
            [
              -89.4063830350536,
              43.075582877190854
            ],
            [
              -89.40638400254258,
              43.075567397367
            ],
            [
              -89.406385,
              43.07534695927702
            ],
            [
              -89.406385,
              43.0753
            ],
            [
              -89.40638508160838,
              43.07529828791299
            ],
            [
              -89.40638532569355,
              43.0752965913505
            ],
            [
              -89.40638573004222,
              43.07529492569628
            ],
            [
              -89.40638629098792,
              43.0752933060538
            ],
            [
              -89.40638700344425,
              43.07529174710934
            ],
            [
              -89.40638786095091,
              43.07529026299878
            ],
            [
              -89.40638885573239,
              43.07528886717943
            ],
            [
              -89.4063899787684,
              43.07528757230802
            ],
            [
              -89.40639121987572,
              43.07528639012594
            ],
            [
              -89.40639256780047,
              43.075285331352724
            ],
            [
              -89.4063940103202,
              43.07528440558891
            ],
            [
              -89.40639553435476,
              43.07528362122895
            ],
            [
              -89.40639712608477,
              43.07528298538511
            ],
            [
              -89.4063987710771,
              43.075282503822955
            ],
            [
              -89.40640045441559,
              43.07528218090911
            ],
            [
              -89.40640745441559,
              43.075281180909116
            ],
            [
              -89.40641,
              43.075281000000004
            ],
            [
              -89.406513,
              43.075281000000004
            ],
            [
              -89.40651313332968,
              43.07528100049381
            ],
            [
              -89.40664806666588,
              43.075282
            ],
            [
              -89.406672,
              43.075282
            ],
            [
              -89.40667227269597,
              43.075282002065755
            ],
            [
              -89.40672,
              43.075282725206726
            ],
            [
              -89.40672,
              43.07528
            ],
            [
              -89.40672008667492,
              43.07527823569147
            ],
            [
              -89.40672034586495,
              43.0752764883742
            ],
            [
              -89.40672077507396,
              43.07527477487581
            ],
            [
              -89.40672137016841,
              43.075273111698216
            ],
            [
              -89.40672212541725,
              43.075271514858734
            ],
            [
              -89.40672303354698,
              43.0752699997358
            ],
            [
              -89.40672408581185,
              43.075268580920884
            ],
            [
              -89.40672527207795,
              43.07526727207794
            ],
            [
              -89.40672658092089,
              43.07526608581184
            ],
            [
              -89.4067279997358,
              43.07526503354698
            ],
            [
              -89.40672951485874,
              43.07526412541724
            ],
            [
              -89.40673111169822,
              43.075263370168415
            ],
            [
              -89.40673277487582,
              43.07526277507396
            ],
            [
              -89.40673448837421,
              43.07526234586495
            ],
            [
              -89.40673623569148,
              43.07526208667492
            ],
            [
              -89.406738,
              43.075262
            ],
            [
              -89.406747,
              43.075262
            ],
            [
              -89.40674716513067,
              43.07526200075746
            ],
            [
              -89.40685616513068,
              43.07526300075746
            ],
            [
              -89.40685793283382,
              43.07526310407439
            ],
            [
              -89.40685968183233,
              43.075263380575755
            ],
            [
              -89.40686139520061,
              43.07526382758577
            ],
            [
              -89.40686305635785,
              43.07526444077858
            ],
            [
              -89.40686464922852,
              43.07526521422013
            ],
            [
              -89.40686615839792,
              43.075266140425576
            ],
            [
              -89.40686756926134,
              43.075267210431754
            ],
            [
              -89.40686886816542,
              43.075268413883876
            ],
            [
              -89.40687004254025,
              43.075269739135756
            ],
            [
              -89.40687108102105,
              43.075271173362516
            ],
            [
              -89.40687197355813,
              43.075272702684714
            ],
            [
              -89.40687271151411,
              43.07527431230261
            ],
            [
              -89.40687328774757,
              43.07527598663943
            ],
            [
              -89.40687369668211,
              43.075277709492106
            ],
            [
              -89.40687393436036,
              43.07527946418805
            ],
            [
              -89.40687399848224,
              43.07528123374652
            ]
          ]
        ]
      },
      "properties": {
        "building": "university",
        "name": "Van Hise Hall",
        "@id": "way/37727228",
        "addr:street": "Linden Drive",
        "addr:housenumber": "1220",
        "person_counts": [
          0,
          0,
          0,
          0,
          0,
          11,
          11,
          11,
          11,
          11,
          11,
          11,
          11,
          11,
          11,
          11,
          0,
          0,
          8,
          8,
          8,
          8,
          8,
          8,
          8,
          8,
          8,
          8,
          8,
          0,
          0,
          26,
          26,
          26,
          26,
          26,
          26,
          26,
          26,
          26,
          26,
          26,
          0,
          0,
          0,
          0,
          0,
          0,
          0,
          0,
          0,
          0,
          0,
          0,
          0,
          0,
          0,
          0,
          0,
          0,
          0,
          0,
          0,
          0,
          0,
          0,
          0,
          0,
          0,
          0,
          0,
          0,
          0,
          0,
          0,
          0,
          0,
          0,
          0,
          0,
          0,
          0,
          0,
          0,
          0,
          0,
          0
        ],
        "instructor_counts": [
          0,
          0,
          0,
          0,
          0,
          1,
          1,
          1,
          1,
          1,
          1,
          1,
          1,
          1,
          1,
          1,
          0,
          0,
          1,
          1,
          1,
          1,
          1,
          1,
          1,
          1,
          1,
          1,
          1,
          0,
          0,
          1,
          1,
          1,
          1,
          1,
          1,
          1,
          1,
          1,
          1,
          1,
          0,
          0,
          0,
          0,
          0,
          0,
          0,
          0,
          0,
          0,
          0,
          0,
          0,
          0,
          0,
          0,
          0,
          0,
          0,
          0,
          0,
          0,
          0,
          0,
          0,
          0,
          0,
          0,
          0,
          0,
          0,
          0,
          0,
          0,
          0,
          0,
          0,
          0,
          0,
          0,
          0,
          0,
          0,
          0,
          0
        ]
      }
    },
    {
      "type": "Feature",
      "geometry": {
        "type": "Polygon",
        "coordinates": [
          [
            [
              -89.40188448660119,
              43.07650807458382
            ],
            [
              -89.40188480161028,
              43.076508090388046
            ],
            [
              -89.40188658512679,
              43.076508360644404
            ],
            [
              -89.40188833263745,
              43.07650880805486
            ],
            [
              -89.40189002659181,
              43.076509428126016
            ],
            [
              -89.4018916499773,
              43.076510214630424
            ],
            [
              -89.40189318649006,
              43.07651115966914
            ],
            [
              -89.40189462069871,
              43.07651225375101
            ],
            [
              -89.40189593819935,
              43.076513485888064
            ],
            [
              -89.40189712576014,
              43.076514843705795
            ],
            [
              -89.40189817145428,
              43.07651631356749
            ],
            [
              -89.40189906477976,
              43.076517880711144
            ],
            [
              -89.40189979676477,
              43.07651952939776
            ],
            [
              -89.40190036005792,
              43.07652124306939
            ],
            [
              -89.401900749002,
              43.07652300451542
            ],
            [
              -89.40190095969079,
              43.076524796045454
            ],
            [
              -89.40190099000833,
              43.07652659966694
            ],
            [
              -89.40189999000833,
              43.07655659966694
            ],
            [
              -89.40189984948026,
              43.076558322940954
            ],
            [
              -89.401899544262,
              43.07656002478211
            ],
            [
              -89.40189907716969,
              43.076561689488166
            ],
            [
              -89.401898452513,
              43.076563301699544
            ],
            [
              -89.40189767605538,
              43.07656484654098
            ],
            [
              -89.40189675496094,
              43.076566309758846
            ],
            [
              -89.40189569772824,
              43.07656767785259
            ],
            [
              -89.40189451411193,
              43.07656893819935
            ],
            [
              -89.40189321503281,
              43.076570079170395
            ],
            [
              -89.40189181247696,
              43.076571090238424
            ],
            [
              -89.40189031938522,
              43.07657196207472
            ],
            [
              -89.40188874953375,
              43.076572686635195
            ],
            [
              -89.40188711740697,
              43.07657325723459
            ],
            [
              -89.40188543806389,
              43.076573668608226
            ],
            [
              -89.40188372699912,
              43.07657391696051
            ],
            [
              -89.40188242415526,
              43.07657397960529
            ],
            [
              -89.40187655670209,
              43.07675419423872
            ],
            [
              -89.40187684476345,
              43.076754226218156
            ],
            [
              -89.40187854036267,
              43.07675458204642
            ],
            [
              -89.40188019389808,
              43.07675509924183
            ],
            [
              -89.40188179005067,
              43.076755773012884
            ],
            [
              -89.40188331403297,
              43.07675659711748
            ],
            [
              -89.40188475172621,
              43.07675756392077
            ],
            [
              -89.40188608981101,
              43.07675866446589
            ],
            [
              -89.40188731589078,
              43.076759888556936
            ],
            [
              -89.4018884186066,
              43.07676122485341
            ],
            [
              -89.40188938774247,
              43.07676266097532
            ],
            [
              -89.4018902143199,
              43.07676418361783
            ],
            [
              -89.40189089068116,
              43.07676577867455
            ],
            [
              -89.40189141056013,
              43.076767431368204
            ],
            [
              -89.40189176914043,
              43.07676912638757
            ],
            [
              -89.40189196310006,
              43.07677084802926
            ],
            [
              -89.40189199064207,
              43.076772580343295
            ],
            [
              -89.40189099064206,
              43.076803580343295
            ],
            [
              -89.40189085181035,
              43.076805304965696
            ],
            [
              -89.40189054803693,
              43.07680700829138
            ],
            [
              -89.40189008212849,
              43.07680867458247
            ],
            [
              -89.40188945838979,
              43.07681028844328
            ],
            [
              -89.40188868258386,
              43.07681183496255
            ],
            [
              -89.40188776187877,
              43.07681329985122
            ],
            [
              -89.40188670478135,
              43.07681466957445
            ],
            [
              -89.40188552105867,
              43.0768159314767
            ],
            [
              -89.40188422164772,
              43.076817073898624
            ],
            [
              -89.4018828185544,
              43.07681808628482
            ],
            [
              -89.40188132474258,
              43.07681895928134
            ],
            [
              -89.40187975401433,
              43.076819684822155
            ],
            [
              -89.4018781208824,
              43.07682025620362
            ],
            [
              -89.4018764404361,
              43.07682066814646
            ],
            [
              -89.4018747282019,
              43.07682091684453
            ],
            [
              -89.40187439231886,
              43.07682093300613
            ],
            [
              -89.401870989308,
              43.076919620320965
            ],
            [
              -89.40187084696962,
              43.07692134215188
            ],
            [
              -89.40187054020988,
              43.07692304240491
            ],
            [
              -89.4018700718549,
              43.076924705415884
            ],
            [
              -89.40186944621955,
              43.07692631586375
            ],
            [
              -89.40186866906774,
              43.07692785891169
            ],
            [
              -89.40186774755922,
              43.07692932034385
            ],
            [
              -89.40186669018371,
              43.07693068669628
            ],
            [
              -89.40186550668267,
              43.07693194538098
            ],
            [
              -89.40186420795949,
              43.07693308480189
            ],
            [
              -89.4018628059791,
              43.07693409446169
            ],
            [
              -89.40186131365776,
              43.076934965058555
            ],
            [
              -89.40185974474397,
              43.0769356885718
            ],
            [
              -89.4018581136919,
              43.07693625833581
            ],
            [
              -89.40185643552817,
              43.07693666910145
            ],
            [
              -89.40185472571345,
              43.07693691708439
            ],
            [
              -89.401853,
              43.076936999999994
            ],
            [
              -89.40181744628693,
              43.076936999999994
            ],
            [
              -89.40181699121737,
              43.076951562225545
            ],
            [
              -89.4018168520826,
              43.07695330285622
            ],
            [
              -89.40181654494245,
              43.07695502181478
            ],
            [
              -89.40181607268742,
              43.07695670292418
            ],
            [
              -89.40181543976186,
              43.07695833036354
            ],
            [
              -89.40181465212224,
              43.076959888817086
            ],
            [
              -89.401813717181,
              43.07696136361825
            ],
            [
              -89.40181264373683,
              43.076962740887744
            ],
            [
              -89.40181144189191,
              43.07696400766412
            ],
            [
              -89.40181012295672,
              43.07696515202578
            ],
            [
              -89.40180869934375,
              43.07696616320318
            ],
            [
              -89.40180718445058,
              43.07696703168016
            ],
            [
              -89.40180559253379,
              43.07696774928352
            ],
            [
              -89.40180393857487,
              43.0769683092599
            ],
            [
              -89.4018022381392,
              43.076968706339386
            ],
            [
              -89.4018005072295,
              43.076968936785086
            ],
            [
              -89.4017987621353,
              43.07696899842828
            ],
            [
              -89.4008907621353,
              43.07695699842828
            ],
            [
              -89.40088901390173,
              43.07695689009262
            ],
            [
              -89.40088728447516,
              43.076956612350074
            ],
            [
              -89.40088559023204,
              43.076956167830694
            ],
            [
              -89.4008839472157,
              43.076955560743755
            ],
            [
              -89.40088237098439,
              43.07695479683797
            ],
            [
              -89.40088087646392,
              43.07695388334698
            ],
            [
              -89.40087947780637,
              43.07695282892093
            ],
            [
              -89.40087818825609,
              43.07695164354451
            ],
            [
              -89.4008770200242,
              43.076950338442416
            ],
            [
              -89.40087598417307,
              43.07694892597307
            ],
            [
              -89.40087509051149,
              43.07694741951158
            ],
            [
              -89.40087434750183,
              43.076945833323116
            ],
            [
              -89.40087376217988,
              43.076944182427766
            ],
            [
              -89.40087334008824,
              43.0769424824584
            ],
            [
              -89.40087308522381,
              43.07694074951254
            ],
            [
              -89.400873,
              43.076939
            ],
            [
              -89.400873,
              43.076918
            ],
            [
              -89.40082,
              43.076918
            ],
            [
              -89.40081939018077,
              43.07691798966705
            ],
            [
              -89.40076039018078,
              43.07691598966705
            ],
            [
              -89.4007586568905,
              43.07691584684392
            ],
            [
              -89.40075694547426,
              43.07691553741204
            ],
            [
              -89.40075527190893,
              43.0769150642601
            ],
            [
              -89.40075365181806,
              43.0769144318052
            ],
            [
              -89.40075210032596,
              43.07691364595161
            ],
            [
              -89.40075063191652,
              43.07691271403564
            ],
            [
              -89.40074926029807,
              43.076911644757175
            ],
            [
              -89.40074799827529,
              43.07691044809843
            ],
            [
              -89.40074685762978,
              43.076909135230785
            ],
            [
              -89.40074584901001,
              43.076907718410475
            ],
            [
              -89.4007449818319,
              43.0769062108642
            ],
            [
              -89.400744264191,
              43.07690462666561
            ],
            [
              -89.40074370278681,
              43.07690298060396
            ],
            [
              -89.4007433028603,
              43.076901288046
            ],
            [
              -89.40074306814499,
              43.07689956479258
            ],
            [
              -89.40074300083205,
              43.07689782693108
            ],
            [
              -89.400744,
              43.07679391346382
            ],
            [
              -89.400744,
              43.07675
            ],
            [
              -89.40074400935794,
              43.07674941965671
            ],
            [
              -89.40074500935793,
              43.07671841965671
            ],
            [
              -89.40074502710927,
              43.07671801247853
            ],
            [
              -89.40075001148625,
              43.07662729681744
            ],
            [
              -89.40075100486553,
              43.076584581508506
            ],
            [
              -89.40075100720465,
              43.076584490769946
            ],
            [
              -89.40075400720465,
              43.076478490769944
            ],
            [
              -89.40075414463567,
              43.076476722728714
            ],
            [
              -89.4007544553771,
              43.076474976791474
            ],
            [
              -89.40075493641274,
              43.0764732699049
            ],
            [
              -89.40075558307353,
              43.07647161863663
            ],
            [
              -89.40075638908273,
              43.076470039014445
            ],
            [
              -89.40075734661696,
              43.07646854637072
            ],
            [
              -89.40075844638201,
              43.07646715519356
            ],
            [
              -89.40075967770323,
              43.076465878986234
            ],
            [
              -89.40076102862895,
              43.076464730136045
            ],
            [
              -89.40076248604663,
              43.076463719794134
            ],
            [
              -89.40076403581007,
              43.07646285776723
            ],
            [
              -89.40076566287671,
              43.07646215242248
            ],
            [
              -89.40076735145368,
              43.07646161060619
            ],
            [
              -89.40076908515107,
              43.076461237577426
            ],
            [
              -89.40077084714099,
              43.076461036956935
            ],
            [
              -89.40077262032096,
              43.07646101069201
            ],
            [
              -89.4008303102528,
              43.076463000000004
            ],
            [
              -89.40088647991355,
              43.076463000000004
            ],
            [
              -89.40088651645746,
              43.076461647875355
            ],
            [
              -89.40085265391014,
              43.076460996672516
            ],
            [
              -89.40085090038203,
              43.07646087712517
            ],
            [
              -89.40084916687256,
              43.07646058712978
            ],
            [
              -89.40084746990975,
              43.0764601294513
            ],
            [
              -89.40084582567314,
              43.07645950845341
            ],
            [
              -89.4008442498396,
              43.076458730056984
            ],
            [
              -89.40084275743375,
              43.076457801683574
            ],
            [
              -89.40084136268484,
              43.076456732184674
            ],
            [
              -89.40084007889101,
              43.076455531757354
            ],
            [
              -89.40083891829245,
              43.07645421184698
            ],
            [
              -89.40083789195484,
              43.076452785038136
            ],
            [
              -89.40083700966368,
              43.07645126493462
            ],
            [
              -89.40083627983111,
              43.07644966602974
            ],
            [
              -89.40083570941567,
              43.07644800356812
            ],
            [
              -89.40083530385596,
              43.07644629340038
            ],
            [
              -89.40083506701872,
              43.076444551831976
            ],
            [
              -89.40083500116208,
              43.07644279546775
            ],
            [
              -89.40083600116208,
              43.07635479546775
            ],
            [
              -89.40083610469091,
              43.07635306146629
            ],
            [
              -89.40083637488249,
              43.0763513455188
            ],
            [
              -89.40083680922044,
              43.07634966360625
            ],
            [
              -89.4008374036597,
              43.07634803139264
            ],
            [
              -89.40083815266411,
              43.07634646407912
            ],
            [
              -89.40083904925805,
              43.076344976262405
            ],
            [
              -89.40084008509136,
              43.07634358179884
            ],
            [
              -89.4008412505171,
              43.07634229367535
            ],
            [
              -89.40084253468143,
              43.076341123888504
            ],
            [
              -89.40084392562464,
              43.07634008333277
            ],
            [
              -89.40084541039262,
              43.07633918169905
            ],
            [
              -89.40084697515738,
              43.07633842738445
            ],
            [
              -89.40084860534596,
              43.07633782741406
            ],
            [
              -89.40085028577607,
              43.07633738737553
            ],
            [
              -89.40085200079753,
              43.07633711136703
            ],
            [
              -89.40085373443797,
              43.07633700195908
            ],
            [
              -89.40085547055165,
              43.07633706017063
            ],
            [
              -89.40085719296978,
              43.07633728545953
            ],
            [
              -89.4008588856511,
              43.07633767572763
            ],
            [
              -89.40086053283136,
              43.07633822734027
            ],
            [
              -89.40086211916999,
              43.07633893516017
            ],
            [
              -89.40086362989311,
              43.07633979259527
            ],
            [
              -89.40086505093103,
              43.07634079166009
            ],
            [
              -89.4008740435814,
              43.0763477859437
            ],
            [
              -89.40114203623193,
              43.07655578023963
            ],
            [
              -89.40114343464892,
              43.076556985411784
            ],
            [
              -89.40114470227144,
              43.07655832747852
            ],
            [
              -89.40114582576594,
              43.07655979232325
            ],
            [
              -89.4011467933149,
              43.07656136453794
            ],
            [
              -89.40114759474108,
              43.07656302758515
            ],
            [
              -89.40114822161466,
              43.076564763972065
            ],
            [
              -89.40114866734184,
              43.07656655543439
            ],
            [
              -89.40114892723423,
              43.076568383128546
            ],
            [
              -89.4011489985581,
              43.07657022782985
            ],
            [
              -89.40114823234654,
              43.0766307585426
            ],
            [
              -89.40128176317839,
              43.07662900155797
            ],
            [
              -89.40128257114084,
              43.076629009063446
            ],
            [
              -89.40138988906197,
              43.07663241598157
            ],
            [
              -89.40138900031887,
              43.07648310714096
            ],
            [
              -89.40138900000001,
              43.076483
            ],
            [
              -89.40138900000001,
              43.076408
            ],
            [
              -89.40138908855377,
              43.076406216718304
            ],
            [
              -89.40138935334375,
              43.076404450982864
            ],
            [
              -89.40138979176457,
              43.076402720167295
            ],
            [
              -89.40139039950252,
              43.076401041301615
            ],
            [
              -89.40139117057785,
              43.07639943090471
            ],
            [
              -89.40139209740371,
              43.076397904821754
            ],
            [
              -89.4013931708608,
              43.076396478068354
            ],
            [
              -89.40139438038703,
              43.07639516468277
            ],
            [
              -89.4013957140815,
              43.07639397758781
            ],
            [
              -89.40139715882158,
              43.076392928463676
            ],
            [
              -89.40139870039204,
              43.076392027633
            ],
            [
              -89.40140032362488,
              43.076391283959346
            ],
            [
              -89.40140201254863,
              43.07639070475994
            ],
            [
              -89.40140375054544,
              43.07639029573371
            ],
            [
              -89.40140552051463,
              43.076390060905176
            ],
            [
              -89.40140730504093,
              43.07639000258491
            ],
            [
              -89.401448,
              43.07639069232997
            ],
            [
              -89.401448,
              43.076377
            ],
            [
              -89.40144808667492,
              43.07637523569147
            ],
            [
              -89.40144834586495,
              43.0763734883742
            ],
            [
              -89.40144877507396,
              43.07637177487581
            ],
            [
              -89.40144937016841,
              43.07637011169822
            ],
            [
              -89.40145012541724,
              43.076368514858736
            ],
            [
              -89.40145103354698,
              43.076366999735804
            ],
            [
              -89.40145208581184,
              43.076365580920886
            ],
            [
              -89.40145327207794,
              43.07636427207794
            ],
            [
              -89.40145458092088,
              43.07636308581184
            ],
            [
              -89.4014559997358,
              43.07636203354698
            ],
            [
              -89.40145751485873,
              43.07636112541724
            ],
            [
              -89.40145911169822,
              43.076360370168416
            ],
            [
              -89.40146077487582,
              43.07635977507396
            ],
            [
              -89.40146248837421,
              43.07635934586495
            ],
            [
              -89.40146423569148,
              43.07635908667492
            ],
            [
              -89.401466,
              43.076359000000004
            ],
            [
              -89.401477,
              43.076359000000004
            ],
            [
              -89.401477320424,
              43.076359002852215
            ],
            [
              -89.401814320424,
              43.076365002852214
            ],
            [
              -89.40181614026199,
              43.076365127695205
            ],
            [
              -89.40181793812005,
              43.07636543608214
            ],
            [
              -89.40181969553463,
              43.076365924845966
            ],
            [
              -89.40182139445754,
              43.0763665889672
            ],
            [
              -89.4018230174413,
              43.076367421625484
            ],
            [
              -89.40182454781826,
              43.076368414269645
            ],
            [
              -89.40182596987187,
              43.07636955670548
            ],
            [
              -89.40182726899799,
              43.07637083720047
            ],
            [
              -89.40182843185494,
              43.07637224260426
            ],
            [
              -89.40182944650047,
              43.07637375848371
            ],
            [
              -89.40183030251444,
              43.07637536927115
            ],
            [
              -89.40183099110583,
              43.07637705842419
            ],
            [
              -89.40183150520294,
              43.076378808595685
            ],
            [
              -89.40183183952615,
              43.07638060181181
            ],
            [
              -89.40183199064207,
              43.07638241965671
            ],
            [
              -89.40183242871765,
              43.076396
            ],
            [
              -89.401869,
              43.076396
            ],
            [
              -89.4018707942877,
              43.076396089652945
            ],
            [
              -89.40187257070171,
              43.07639635771871
            ],
            [
              -89.4018743115464,
              43.07639680152696
            ],
            [
              -89.40187599948045,
              43.07639741665675
            ],
            [
              -89.40187761768959,
              43.07639819698048
            ],
            [
              -89.40187915005417,
              43.076399134725015
            ],
            [
              -89.4018805813096,
              43.07640022054907
            ],
            [
              -89.40188189719854,
              43.07640144363627
            ],
            [
              -89.40188308461282,
              43.07640279180292
            ],
            [
              -89.4018841317241,
              43.07640425161933
            ],
            [
              -89.40188502810166,
              43.076405808543626
            ],
            [
              -89.40188576481626,
              43.076407447066615
            ],
            [
              -89.40188633452918,
              43.07640915086625
            ],
            [
              -89.40188673156527,
              43.076410902970224
            ],
            [
              -89.40188695196946,
              43.07641268592507
            ],
            [
              -89.40188699354621,
              43.07641448196999
            ],
            [
              -89.40188448660119,
              43.07650807458382
            ]
          ]
        ]
      },
      "properties": {
        "building": "university",
        "name": "Helen C. White Hall",
        "@id": "way/37749300",
        "addr:street": "North Park Street",
        "addr:housenumber": "600",
        "person_counts": [
          36,
          36,
          36,
          36,
          36,
          36,
          36,
          36,
          36,
          36,
          36,
          36,
          36,
          36,
          36,
          36,
          0,
          0,
          0,
          0,
          0,
          0,
          0,
          0,
          0,
          0,
          0,
          0,
          0,
          0,
          0,
          0,
          0,
          0,
          0,
          0,
          0,
          0,
          0,
          0,
          0,
          0,
          0,
          0,
          0,
          0,
          0,
          0,
          0,
          0,
          0,
          0,
          0,
          0,
          0,
          0,
          0,
          0,
          0,
          0,
          0,
          0,
          0,
          0,
          0,
          0,
          0,
          0,
          0,
          0,
          0,
          0,
          0,
          0,
          0,
          0,
          0,
          0,
          0,
          0,
          0,
          0,
          0,
          0,
          0,
          0,
          0
        ],
        "instructor_counts": [
          1,
          1,
          1,
          1,
          1,
          1,
          1,
          1,
          1,
          1,
          1,
          1,
          1,
          1,
          1,
          1,
          0,
          0,
          0,
          0,
          0,
          0,
          0,
          0,
          0,
          0,
          0,
          0,
          0,
          0,
          0,
          0,
          0,
          0,
          0,
          0,
          0,
          0,
          0,
          0,
          0,
          0,
          0,
          0,
          0,
          0,
          0,
          0,
          0,
          0,
          0,
          0,
          0,
          0,
          0,
          0,
          0,
          0,
          0,
          0,
          0,
          0,
          0,
          0,
          0,
          0,
          0,
          0,
          0,
          0,
          0,
          0,
          0,
          0,
          0,
          0,
          0,
          0,
          0,
          0,
          0,
          0,
          0,
          0,
          0,
          0,
          0
        ]
      }
    },
    {
      "type": "Feature",
      "geometry": {
        "type": "Polygon",
        "coordinates": [
          [
            [
              -89.40597090019288,
              43.073747622197224
            ],
            [
              -89.40597010876034,
              43.073879000000005
            ],
            [
              -89.406024,
              43.073879000000005
            ],
            [
              -89.40602577964367,
              43.07387908819193
            ],
            [
              -89.40602754184843,
              43.073879351903514
            ],
            [
              -89.40602926934625,
              43.07387978855061
            ],
            [
              -89.4060309452092,
              43.07388039385448
            ],
            [
              -89.40603255301534,
              43.073881161883676
            ],
            [
              -89.40603407700958,
              43.07388208511221
            ],
            [
              -89.40603550225818,
              43.07388315449327
            ],
            [
              -89.40603681479496,
              43.07388435954787
            ],
            [
              -89.40603800175825,
              43.07388568846757
            ],
            [
              -89.40603905151686,
              43.07388712823014
            ],
            [
              -89.4060399537841,
              43.0738886647272
            ],
            [
              -89.40604069971859,
              43.07389028290246
            ],
            [
              -89.40604128201079,
              43.073891966899254
            ],
            [
              -89.4060416949548,
              43.07389370021591
            ],
            [
              -89.4060419345041,
              43.0738954658675
            ],
            [
              -89.40604199831137,
              43.073897246552214
            ],
            [
              -89.40604099831137,
              43.073970246552214
            ],
            [
              -89.40604088919204,
              43.07397199419361
            ],
            [
              -89.40604061077926,
              43.07397372296305
            ],
            [
              -89.40604016570776,
              43.07397541650043
            ],
            [
              -89.40603955818948,
              43.07397705877903
            ],
            [
              -89.40603879397361,
              43.07397863425724
            ],
            [
              -89.40603788029226,
              43.07398012802559
            ],
            [
              -89.40603682579204,
              43.073981525947886
            ],
            [
              -89.40603564045213,
              43.07398281479497
            ],
            [
              -89.40603433548996,
              43.07398398236988
            ],
            [
              -89.40603292325495,
              43.07398501762336
            ],
            [
              -89.40603141711172,
              43.073985910758324
            ],
            [
              -89.40602983131359,
              43.073986653322635
            ],
            [
              -89.40602818086768,
              43.07398723828908
            ],
            [
              -89.40602648139287,
              43.07398766012185
            ],
            [
              -89.4060247489721,
              43.07398791482896
            ],
            [
              -89.406023,
              43.073988
            ],
            [
              -89.4059687919145,
              43.073988
            ],
            [
              -89.40596799878325,
              43.07405620928817
            ],
            [
              -89.40596789302906,
              43.074057959467105
            ],
            [
              -89.40596761749485,
              43.07405969105342
            ],
            [
              -89.40596717479508,
              43.07406138761675
            ],
            [
              -89.40596656913033,
              43.07406303305909
            ],
            [
              -89.40596580624755,
              43.074064611767454
            ],
            [
              -89.4059648933854,
              43.074066108762096
            ],
            [
              -89.40596383920573,
              43.07406750983863
            ],
            [
              -89.40596265371117,
              43.07406880170276
            ],
            [
              -89.40596134815048,
              43.0740699720965
            ],
            [
              -89.40595993491159,
              43.07407100991445
            ],
            [
              -89.40595842740417,
              43.07407190530914
            ],
            [
              -89.4059568399324,
              43.074072649784526
            ],
            [
              -89.40595518755916,
              43.07407323627657
            ],
            [
              -89.40595348596318,
              43.074073659220275
            ],
            [
              -89.40595175129025,
              43.074073914602494
            ],
            [
              -89.4059508521978,
              43.0740739584446
            ],
            [
              -89.40594999938533,
              43.07417714875525
            ],
            [
              -89.40594989847767,
              43.0741789090566
            ],
            [
              -89.40594962583064,
              43.07418065104019
            ],
            [
              -89.40594918406032,
              43.074182357991326
            ],
            [
              -89.4059485774056,
              43.0741840135315
            ],
            [
              -89.40594781168743,
              43.07418560177546
            ],
            [
              -89.40594689425302,
              43.074187107483716
            ],
            [
              -89.40594583390536,
              43.07418851620869
            ],
            [
              -89.40594464081867,
              43.074189814433396
            ],
            [
              -89.40594332644088,
              43.074190989701115
            ],
            [
              -89.40594190338366,
              43.07419203073491
            ],
            [
              -89.40594038530155,
              43.07419292754589
            ],
            [
              -89.40593878676083,
              43.074193671528946
            ],
            [
              -89.40593712309982,
              43.074194255545436
            ],
            [
              -89.40593541028167,
              43.0741946739916
            ],
            [
              -89.4059336647412,
              43.07419492285236
            ],
            [
              -89.40593190322721,
              43.07419499973986
            ],
            [
              -89.40576382847237,
              43.074194096112144
            ],
            [
              -89.40576299918372,
              43.07428117142079
            ],
            [
              -89.40576289685903,
              43.07428292417164
            ],
            [
              -89.40576262425976,
              43.07428465861551
            ],
            [
              -89.40576218397949,
              43.07428635825052
            ],
            [
              -89.40576158020713,
              43.07428800690598
            ],
            [
              -89.4057608186871,
              43.07428958889622
            ],
            [
              -89.40575990666467,
              43.074291089169854
            ],
            [
              -89.40575885281702,
              43.07429249345295
            ],
            [
              -89.40575766717068,
              43.07429378838485
            ],
            [
              -89.40575636100613,
              43.0742949616453
            ],
            [
              -89.40575494675053,
              43.07429600207165
            ],
            [
              -89.4057534378594,
              43.07429689976505
            ],
            [
              -89.40575184868865,
              43.074297646184654
            ],
            [
              -89.405750194358,
              43.07429823422887
            ],
            [
              -89.40574849060712,
              43.074298658302915
            ],
            [
              -89.40574675364584,
              43.07429891437206
            ],
            [
              -89.405745,
              43.074298999999996
            ],
            [
              -89.405601,
              43.074298999999996
            ],
            [
              -89.40560050019279,
              43.07429899305957
            ],
            [
              -89.40556475004809,
              43.074298
            ],
            [
              -89.405502,
              43.074298
            ],
            [
              -89.40550022373948,
              43.074297912143884
            ],
            [
              -89.40549846481844,
              43.07429764943318
            ],
            [
              -89.4054967404071,
              43.07429721443239
            ],
            [
              -89.40549506733882,
              43.07429661138793
            ],
            [
              -89.40549346194571,
              43.07429584618658
            ],
            [
              -89.4054919398993,
              43.07429492629807
            ],
            [
              -89.4054905160575,
              43.07429386070217
            ],
            [
              -89.40548920431952,
              43.074292659800996
            ],
            [
              -89.40548801749031,
              43.0742913353175
            ],
            [
              -89.40548696715543,
              43.074289900181
            ],
            [
              -89.405486063568,
              43.074288368401014
            ],
            [
              -89.40548531554872,
              43.074286754930455
            ],
            [
              -89.40548473039954,
              43.07428507551967
            ],
            [
              -89.40548431383259,
              43.07428334656273
            ],
            [
              -89.40548406991428,
              43.074281584937346
            ],
            [
              -89.40548400102573,
              43.074279807840135
            ],
            [
              -89.40548680948214,
              43.07401674908995
            ],
            [
              -89.4050727500241,
              43.07401099826414
            ],
            [
              -89.40507102574482,
              43.074010891403425
            ],
            [
              -89.40506931965159,
              43.07401061973427
            ],
            [
              -89.40506764746024,
              43.07401018575917
            ],
            [
              -89.40506602457435,
              43.07400959347574
            ],
            [
              -89.4050644659433,
              43.07400884833986
            ],
            [
              -89.40506298592456,
              43.074007957215414
            ],
            [
              -89.40506159815146,
              43.07400692831109
            ],
            [
              -89.40506031540762,
              43.074005771104744
            ],
            [
              -89.40505914950919,
              43.074004496256094
            ],
            [
              -89.40505811119591,
              43.07400311550854
            ],
            [
              -89.40505721003235,
              43.07400164158096
            ],
            [
              -89.40505645431965,
              43.07400008805061
            ],
            [
              -89.40505585101911,
              43.07399846922797
            ],
            [
              -89.40505540568813,
              43.07399680002499
            ],
            [
              -89.4050551224289,
              43.07399509581771
            ],
            [
              -89.4050550038507,
              43.07399337230459
            ],
            [
              -89.40505505104584,
              43.07399164536195
            ],
            [
              -89.40505761534055,
              43.07395766845692
            ],
            [
              -89.40503667011437,
              43.073957307332336
            ],
            [
              -89.40503599887933,
              43.07399422525988
            ],
            [
              -89.4050349995778,
              43.07414012328478
            ],
            [
              -89.40503490070002,
              43.07414188810464
            ],
            [
              -89.4050346292039,
              43.074143634717316
            ],
            [
              -89.40503418770753,
              43.07414534628003
            ],
            [
              -89.40503358046828,
              43.074147006288
            ],
            [
              -89.40503281334185,
              43.07414859873361
            ],
            [
              -89.4050318937257,
              43.07415010826072
            ],
            [
              -89.40503083048779,
              43.07415152031282
            ],
            [
              -89.40502963388104,
              43.07415282127333
            ],
            [
              -89.40502831544445,
              43.074153998596955
            ],
            [
              -89.40502688789185,
              43.07415504093065
            ],
            [
              -89.40502536498927,
              43.07415593822307
            ],
            [
              -89.40502376142221,
              43.074156681821535
            ],
            [
              -89.40502209265406,
              43.074157264555446
            ],
            [
              -89.40502037477691,
              43.074157680805435
            ],
            [
              -89.40501862435643,
              43.07415792655757
            ],
            [
              -89.4050168582721,
              43.07415799944202
            ],
            [
              -89.40488992913492,
              43.074157
            ],
            [
              -89.404841,
              43.074157
            ],
            [
              -89.40483922724215,
              43.074156912490885
            ],
            [
              -89.40483747172125,
              43.0741566508144
            ],
            [
              -89.40483575050662,
              43.0741562175149
            ],
            [
              -89.40483408033406,
              43.07415561680545
            ],
            [
              -89.40483247744304,
              43.07415485452688
            ],
            [
              -89.40483095741884,
              43.07415393809103
            ],
            [
              -89.40482953504102,
              43.0741528764086
            ],
            [
              -89.40482822413969,
              43.074151679802576
            ],
            [
              -89.40482703746106,
              43.074150359907854
            ],
            [
              -89.40482598654349,
              43.07414892955808
            ],
            [
              -89.40482508160528,
              43.07414740266087
            ],
            [
              -89.40482433144538,
              43.07414579406261
            ],
            [
              -89.40482374335775,
              43.07414411940408
            ],
            [
              -89.40482332306051,
              43.07414239496838
            ],
            [
              -89.40482307464032,
              43.07414063752261
            ],
            [
              -89.40482300051262,
              43.07413886415482
            ],
            [
              -89.40482700051261,
              43.073608864154814
            ],
            [
              -89.40482710061606,
              43.073607099459366
            ],
            [
              -89.40482737331436,
              43.07360535308988
            ],
            [
              -89.40482781597801,
              43.07360364188574
            ],
            [
              -89.40482842433863,
              43.07360198234722
            ],
            [
              -89.40482919253012,
              43.07360039047644
            ],
            [
              -89.40483011314515,
              43.07359888162301
            ],
            [
              -89.40483117730672,
              43.073597470336054
            ],
            [
              -89.40483237475364,
              43.0735961702239
            ],
            [
              -89.40483369393954,
              43.0735949938229
            ],
            [
              -89.40483512214414,
              43.07359395247649
            ],
            [
              -89.40483664559599,
              43.07359305622586
            ],
            [
              -89.40483824960519,
              43.073592313713114
            ],
            [
              -89.40483991870511,
              43.07359173209792
            ],
            [
              -89.40484163680141,
              43.07359131698851
            ],
            [
              -89.40484338732736,
              43.07359107238758
            ],
            [
              -89.40484515340351,
              43.07359100065369
            ],
            [
              -89.40519707670363,
              43.073594
            ],
            [
              -89.405373,
              43.073594
            ],
            [
              -89.40537322220528,
              43.07359400137158
            ],
            [
              -89.40545414632972,
              43.07359500043485
            ],
            [
              -89.40596507044955,
              43.07359700013786
            ],
            [
              -89.40596683967262,
              43.07359709425777
            ],
            [
              -89.40596859107237,
              43.07359736185386
            ],
            [
              -89.40597030768075,
              43.07359780033357
            ],
            [
              -89.40597197286674,
              43.0735984054488
            ],
            [
              -89.4059735704975,
              43.073599171336994
            ],
            [
              -89.40597508509472,
              43.073600090578
            ],
            [
              -89.40597650198454,
              43.07360115426594
            ],
            [
              -89.4059778074397,
              43.07360235209549
            ],
            [
              -89.40597898881255,
              43.073603672461715
            ],
            [
              -89.4059800346576,
              43.073605102572515
            ],
            [
              -89.4059809348424,
              43.073606628572556
            ],
            [
              -89.4059816806457,
              43.073608235677476
            ],
            [
              -89.4059822648419,
              43.07360990831718
            ],
            [
              -89.40598268177116,
              43.07361163028663
            ],
            [
              -89.40598292739415,
              43.07361338490286
            ],
            [
              -89.40598299933119,
              43.07361515516664
            ],
            [
              -89.40598199933119,
              43.07373115516665
            ],
            [
              -89.40598189848164,
              43.073732909019384
            ],
            [
              -89.40598162714518,
              43.0737346446883
            ],
            [
              -89.40598118790635,
              43.073736345640775
            ],
            [
              -89.40598058494899,
              43.07373799567487
            ],
            [
              -89.40597982401641,
              43.07373957907364
            ],
            [
              -89.40597891235666,
              43.07374108075488
            ],
            [
              -89.40597785865347,
              43.07374248641475
            ],
            [
              -89.40597667294362,
              43.07374378266404
            ],
            [
              -89.40597536652125,
              43.07374495715568
            ],
            [
              -89.40597395183029,
              43.07374599870241
            ],
            [
              -89.405972442346,
              43.073746897383245
            ],
            [
              -89.40597090019288,
              43.073747622197224
            ]
          ]
        ]
      },
      "properties": {
        "building": "university",
        "name": "Chamberlin Hall",
        "@id": "way/39201159",
        "addr:street": "University Avenue",
        "addr:housenumber": "1150",
        "person_counts": [
          0,
          0,
          0,
          0,
          0,
          0,
          0,
          0,
          0,
          0,
          0,
          0,
          0,
          0,
          0,
          0,
          0,
          0,
          0,
          0,
          0,
          0,
          0,
          0,
          0,
          0,
          0,
          0,
          0,
          0,
          0,
          0,
          0,
          0,
          0,
          0,
          0,
          0,
          0,
          0,
          0,
          0,
          0,
          0,
          0,
          0,
          0,
          0,
          0,
          0,
          0,
          0,
          0,
          0,
          0,
          0,
          0,
          0,
          0,
          0,
          0,
          0,
          0,
          0,
          0,
          0,
          0,
          0,
          0,
          0,
          0,
          0,
          169,
          169,
          169,
          169,
          169,
          169,
          169,
          169,
          169,
          169,
          169,
          169,
          169,
          169,
          169
        ],
        "instructor_counts": [
          0,
          0,
          0,
          0,
          0,
          0,
          0,
          0,
          0,
          0,
          0,
          0,
          0,
          0,
          0,
          0,
          0,
          0,
          0,
          0,
          0,
          0,
          0,
          0,
          0,
          0,
          0,
          0,
          0,
          0,
          0,
          0,
          0,
          0,
          0,
          0,
          0,
          0,
          0,
          0,
          0,
          0,
          0,
          0,
          0,
          0,
          0,
          0,
          0,
          0,
          0,
          0,
          0,
          0,
          0,
          0,
          0,
          0,
          0,
          0,
          0,
          0,
          0,
          0,
          0,
          0,
          0,
          0,
          0,
          0,
          0,
          0,
          2,
          2,
          2,
          2,
          2,
          2,
          2,
          2,
          2,
          2,
          2,
          2,
          2,
          2,
          2
        ]
      }
    },
    {
      "type": "Feature",
      "geometry": {
        "type": "Polygon",
        "coordinates": [
          [
            [
              -89.40264599775666,
              43.07555028417511
            ],
            [
              -89.40264299775666,
              43.07574028417511
            ],
            [
              -89.40264288524959,
              43.07574202924791
            ],
            [
              -89.40264260394017,
              43.07574375516851
            ],
            [
              -89.40264215648341,
              43.07574544564754
            ],
            [
              -89.40264154710243,
              43.07574708473013
            ],
            [
              -89.40264078154864,
              43.075748656946494
            ],
            [
              -89.40263986704737,
              43.07575014745793
            ],
            [
              -89.40263881222977,
              43.07575154219688
            ],
            [
              -89.40263762705128,
              43.07575282799969
            ],
            [
              -89.40263632269772,
              43.07575399273085
            ],
            [
              -89.40263491147965,
              43.07575502539754
            ],
            [
              -89.40263340671628,
              43.07575591625337
            ],
            [
              -89.40263182260968,
              43.075756656890384
            ],
            [
              -89.40263017411075,
              43.07575724031838
            ],
            [
              -89.40262847677819,
              43.075757661030934
            ],
            [
              -89.40262674663151,
              43.07575791505731
            ],
            [
              -89.40262571710672,
              43.07575796512546
            ],
            [
              -89.40262299773285,
              43.0759292856783
            ],
            [
              -89.4026228840731,
              43.07593103959044
            ],
            [
              -89.40262259990051,
              43.07593277405642
            ],
            [
              -89.40262214792448,
              43.07593447253927
            ],
            [
              -89.40262153245429,
              43.07593611884506
            ],
            [
              -89.40262075935806,
              43.07593769727736
            ],
            [
              -89.40261983600674,
              43.075939192786855
            ],
            [
              -89.40261877120388,
              43.07594059111486
            ],
            [
              -89.40261757510167,
              43.075941878929214
            ],
            [
              -89.40261625910416,
              43.07594304395148
            ],
            [
              -89.40261483575853,
              43.075944075073934
            ],
            [
              -89.40261331863542,
              43.0759449624655
            ],
            [
              -89.40261172219961,
              43.075945697665475
            ],
            [
              -89.40261006167206,
              43.07594627366423
            ],
            [
              -89.4026083528848,
              43.07594668496999
            ],
            [
              -89.40260661213,
              43.07594692766122
            ],
            [
              -89.4026048560046,
              43.075946999424026
            ],
            [
              -89.40247992800123,
              43.075945999999995
            ],
            [
              -89.402419,
              43.075945999999995
            ],
            [
              -89.40241723569147,
              43.07594591332508
            ],
            [
              -89.4024154883742,
              43.07594565413505
            ],
            [
              -89.40241377487581,
              43.07594522492604
            ],
            [
              -89.40241211169821,
              43.07594462983158
            ],
            [
              -89.40241051485873,
              43.075943874582755
            ],
            [
              -89.4024089997358,
              43.07594296645302
            ],
            [
              -89.40240758092088,
              43.07594191418816
            ],
            [
              -89.40240627207794,
              43.07594072792206
            ],
            [
              -89.40240508581184,
              43.07593941907911
            ],
            [
              -89.40240403354697,
              43.075938000264195
            ],
            [
              -89.40240312541724,
              43.07593648514126
            ],
            [
              -89.4024023701684,
              43.07593488830178
            ],
            [
              -89.40240177507395,
              43.07593322512419
            ],
            [
              -89.40240171868328,
              43.075933
            ],
            [
              -89.402361,
              43.075933
            ],
            [
              -89.4023604931588,
              43.07593299286281
            ],
            [
              -89.40228974652898,
              43.075931
            ],
            [
              -89.402205,
              43.075931
            ],
            [
              -89.40220460878808,
              43.0759309957482
            ],
            [
              -89.40217640375914,
              43.0759303825954
            ],
            [
              -89.40217399022654,
              43.07600359308439
            ],
            [
              -89.40217384947498,
              43.076005322981494
            ],
            [
              -89.40217354276986,
              43.07600703128093
            ],
            [
              -89.40217307296273,
              43.07600870209997
            ],
            [
              -89.40217244442157,
              43.07601031990434
            ],
            [
              -89.40217166299017,
              43.0760118696527
            ],
            [
              -89.40217073593382,
              43.07601333693643
            ],
            [
              -89.40216967187172,
              43.0760147081136
            ],
            [
              -89.40216848069686,
              43.07601597043585
            ],
            [
              -89.40216717348407,
              43.07601711216687
            ],
            [
              -89.40216576238703,
              43.07601812269155
            ],
            [
              -89.40216426052524,
              43.076018992614635
            ],
            [
              -89.40216268186211,
              43.07601971384811
            ],
            [
              -89.4021610410751,
              43.0760202796864
            ],
            [
              -89.40215935341924,
              43.07602068486866
            ],
            [
              -89.40215763458531,
              43.076020925627766
            ],
            [
              -89.402155900554,
              43.07602099972529
            ],
            [
              -89.401974900554,
              43.07601999972529
            ],
            [
              -89.4019731250319,
              43.07601990208074
            ],
            [
              -89.40197136780817,
              43.07601962972441
            ],
            [
              -89.4019696460321,
              43.07601918531431
            ],
            [
              -89.40196797650701,
              43.076018573187575
            ],
            [
              -89.40196637552629,
              43.07601779931813
            ],
            [
              -89.4019648587144,
              43.076016871258396
            ],
            [
              -89.40196344087434,
              43.0760157980656
            ],
            [
              -89.40196213584326,
              43.07601459021333
            ],
            [
              -89.40196095635736,
              43.07601325948941
            ],
            [
              -89.40195991392757,
              43.076011818880744
            ],
            [
              -89.4019590187273,
              43.076010282446674
            ],
            [
              -89.40195827949304,
              43.076008665181725
            ],
            [
              -89.40195770343924,
              43.07600698286927
            ],
            [
              -89.40195729618776,
              43.0760052519275
            ],
            [
              -89.40195706171309,
              43.076003489249196
            ],
            [
              -89.40195700230355,
              43.076001712036856
            ],
            [
              -89.40196100230355,
              43.075751712036855
            ],
            [
              -89.40196101329886,
              43.075751308203806
            ],
            [
              -89.4019613190007,
              43.07574335995583
            ],
            [
              -89.40196072166928,
              43.0757432086962
            ],
            [
              -89.40195904323357,
              43.075742601307205
            ],
            [
              -89.40195743320751,
              43.07574183066854
            ],
            [
              -89.40195590742337,
              43.07574090435833
            ],
            [
              -89.40195448088501,
              43.075739831485464
            ],
            [
              -89.40195316762038,
              43.07573862260009
            ],
            [
              -89.40195198054349,
              43.075737289589846
            ],
            [
              -89.40195093132752,
              43.07573584556294
            ],
            [
              -89.40195003028998,
              43.07573430471926
            ],
            [
              -89.40194928629128,
              43.07573268221078
            ],
            [
              -89.40194870664754,
              43.07573099399249
            ],
            [
              -89.40194829705874,
              43.075729256665554
            ],
            [
              -89.40194806155256,
              43.07572748731406
            ],
            [
              -89.40194800244485,
              43.07572570333701
            ],
            [
              -89.40195100244485,
              43.075543703337004
            ],
            [
              -89.40195111736615,
              43.07554194782868
            ],
            [
              -89.40195140311168,
              43.07554021192377
            ],
            [
              -89.40195185695181,
              43.07553851220453
            ],
            [
              -89.40195247455127,
              43.07553686490756
            ],
            [
              -89.40195325001038,
              43.07553528576871
            ],
            [
              -89.40195417592157,
              43.075533789872715
            ],
            [
              -89.40195524344009,
              43.07553239150917
            ],
            [
              -89.4019564423684,
              43.07553110403596
            ],
            [
              -89.40195776125373,
              43.075529939751696
            ],
            [
              -89.40195918749741,
              43.075528909778235
            ],
            [
              -89.40196070747521,
              43.07552802395441
            ],
            [
              -89.40196230666753,
              43.07552729074207
            ],
            [
              -89.40196396979802,
              43.07552671714526
            ],
            [
              -89.40196568097963,
              43.07552630864325
            ],
            [
              -89.40196742386624,
              43.07552606913827
            ],
            [
              -89.4019691818089,
              43.0755260009182
            ],
            [
              -89.4021671818089,
              43.075528000918204
            ],
            [
              -89.40216893385488,
              43.0755281041847
            ],
            [
              -89.40217066751534,
              43.07552837759008
            ],
            [
              -89.40217236630802,
              43.07552881853504
            ],
            [
              -89.40217401408222,
              43.07552942282742
            ],
            [
              -89.40217559517221,
              43.075530184722105
            ],
            [
              -89.40217709454627,
              43.075531096975624
            ],
            [
              -89.40217849794958,
              43.075532150914995
            ],
            [
              -89.40217979203972,
              43.07553333652023
            ],
            [
              -89.40218096451353,
              43.07553464251956
            ],
            [
              -89.40218200422407,
              43.07553605649659
            ],
            [
              -89.40218290128664,
              43.07553756500838
            ],
            [
              -89.40218364717266,
              43.07553915371323
            ],
            [
              -89.40218423479088,
              43.07554080750702
            ],
            [
              -89.4021846585547,
              43.075542510666814
            ],
            [
              -89.40218476239181,
              43.07554321527609
            ],
            [
              -89.40224910975235,
              43.075544
            ],
            [
              -89.402311,
              43.075544
            ],
            [
              -89.40231135992802,
              43.07554400359892
            ],
            [
              -89.40236117998201,
              43.075545000000005
            ],
            [
              -89.40241227059748,
              43.075545000000005
            ],
            [
              -89.40241235031274,
              43.07554446608719
            ],
            [
              -89.40241278500056,
              43.075542742263345
            ],
            [
              -89.40241338761552,
              43.07554106972713
            ],
            [
              -89.40241415227926,
              43.07553946479363
            ],
            [
              -89.40241507153274,
              43.0755379431185
            ],
            [
              -89.40241613640892,
              43.0755365195452
            ],
            [
              -89.40241733652023,
              43.07553520796028
            ],
            [
              -89.40241866015995,
              43.07553402115784
            ],
            [
              -89.40242009441641,
              43.07553297071479
            ],
            [
              -89.40242162529884,
              43.07553206687788
            ],
            [
              -89.40242323787395,
              43.07553131846376
            ],
            [
              -89.40242491641155,
              43.07553073277299
            ],
            [
              -89.40242664453802,
              43.075530315518805
            ],
            [
              -89.40242840539602,
              43.0755300707714
            ],
            [
              -89.4024301818089,
              43.0755300009182
            ],
            [
              -89.40262818180891,
              43.0755320009182
            ],
            [
              -89.40262995151281,
              43.07553210610166
            ],
            [
              -89.40263170228636,
              43.07553238486231
            ],
            [
              -89.40263341714639,
              43.07553283449607
            ],
            [
              -89.40263507945818,
              43.075533450641345
            ],
            [
              -89.40263667309671,
              43.07553422732129
            ],
            [
              -89.4026381826031,
              43.07553515700184
            ],
            [
              -89.40263959333461,
              43.07553623066477
            ],
            [
              -89.40264089160664,
              43.07553743789515
            ],
            [
              -89.4026420648255,
              43.075538766982426
            ],
            [
              -89.40264310161054,
              43.075540205033974
            ],
            [
              -89.40264399190457,
              43.07554173810019
            ],
            [
              -89.40264472707143,
              43.075543351309776
            ],
            [
              -89.40264529997972,
              43.07554502901402
            ],
            [
              -89.40264570507206,
              43.075546754938614
            ],
            [
              -89.40264593841889,
              43.07554851234145
            ],
            [
              -89.40264599775666,
              43.07555028417511
            ]
          ]
        ]
      },
      "properties": {
        "building": "university",
        "name": "Education Building",
        "@id": "way/37751914",
        "addr:street": "Bascom Mall",
        "addr:housenumber": "1000",
        "person_counts": [
          0,
          0,
          0,
          0,
          0,
          0,
          0,
          0,
          0,
          0,
          0,
          0,
          0,
          0,
          0,
          0,
          0,
          0,
          0,
          0,
          0,
          0,
          0,
          0,
          0,
          0,
          0,
          0,
          0,
          0,
          0,
          0,
          0,
          0,
          0,
          0,
          0,
          0,
          0,
          0,
          0,
          0,
          0,
          0,
          0,
          0,
          0,
          0,
          0,
          0,
          0,
          0,
          0,
          0,
          0,
          0,
          0,
          0,
          0,
          0,
          0,
          0,
          0,
          0,
          0,
          0,
          0,
          0,
          0,
          0,
          0,
          0,
          0,
          0,
          0,
          0,
          0,
          0,
          0,
          0,
          0,
          0,
          0,
          0,
          0,
          0,
          0
        ],
        "instructor_counts": [
          0,
          0,
          0,
          0,
          0,
          0,
          0,
          0,
          0,
          0,
          0,
          0,
          0,
          0,
          0,
          0,
          0,
          0,
          0,
          0,
          0,
          0,
          0,
          0,
          0,
          0,
          0,
          0,
          0,
          0,
          0,
          0,
          0,
          0,
          0,
          0,
          0,
          0,
          0,
          0,
          0,
          0,
          1,
          1,
          1,
          1,
          1,
          1,
          1,
          1,
          1,
          1,
          1,
          1,
          1,
          1,
          1,
          1,
          0,
          0,
          0,
          0,
          0,
          0,
          0,
          0,
          0,
          0,
          0,
          0,
          0,
          0,
          0,
          0,
          0,
          0,
          0,
          0,
          0,
          0,
          0,
          0,
          0,
          0,
          0,
          0,
          0
        ]
      }
    }
  ],
  "metadata": {
    "total_buildings": 5,
    "total_meetings": 8,
    "max_persons": 169,
    "total_chunks": 87,
    "chunk_duration_minutes": 5,
    "start_time": 1771342200000,
    "end_time": 1771368300000,
    "total_persons": [
      36,
      36,
      36,
      36,
      36,
      47,
      47,
      47,
      47,
      47,
      47,
      47,
      47,
      47,
      47,
      47,
      0,
      0,
      37,
      37,
      37,
      37,
      37,
      37,
      37,
      37,
      37,
      37,
      37,
      0,
      0,
      26,
      26,
      26,
      26,
      26,
      26,
      26,
      26,
      26,
      26,
      26,
      0,
      0,
      0,
      0,
      0,
      0,
      0,
      0,
      0,
      0,
      0,
      0,
      0,
      0,
      0,
      0,
      0,
      0,
      0,
      0,
      0,
      0,
      0,
      0,
      0,
      0,
      0,
      0,
      0,
      0,
      169,
      169,
      169,
      169,
      169,
      169,
      169,
      169,
      169,
      169,
      169,
      169,
      169,
      169,
      169
    ],
    "total_instructors": [
      1,
      1,
      1,
      1,
      1,
      2,
      2,
      2,
      2,
      2,
      2,
      2,
      2,
      2,
      2,
      2,
      0,
      0,
      2,
      2,
      2,
      2,
      2,
      2,
      2,
      2,
      2,
      2,
      2,
      0,
      0,
      1,
      1,
      1,
      1,
      1,
      1,
      1,
      1,
      1,
      1,
      1,
      1,
      1,
      1,
      1,
      1,
      1,
      1,
      1,
      1,
      1,
      1,
      1,
      1,
      1,
      1,
      1,
      0,
      0,
      0,
      0,
      0,
      0,
      0,
      0,
      0,
      0,
      0,
      0,
      0,
      0,
      2,
      2,
      2,
      2,
      2,
      2,
      2,
      2,
      2,
      2,
      2,
      2,
      2,
      2,
      2
    ]
  }
}