{
  "type": "FeatureCollection",
  "features": [
    {
      "type": "Feature",
      "geometry": {
        "type": "Polygon",
        "coordinates": [
          [
            [
              -89.40949470386037,
              43.07587112853085
            ],
            [
              -89.40949451290132,
              43.07587215912097
            ],
            [
              -89.40949401070547,
              43.075873885227196
            ],
            [
              -89.40949333884132,
              43.07587555263295
            ],
            [
              -89.40949250401015,
              43.07587714470717
            ],
            [
              -89.40949151453876,
              43.07587864557018
            ],
            [
              -89.40949038029635,
              43.07588004025206
            ],
            [
              -89.40948911259608,
              43.07588131484196
            ],
            [
              -89.40948772408224,
              43.07588245662685
            ],
            [
              -89.4094862286042,
              43.07588345421834
            ],
            [
              -89.40948464107812,
              43.07588429766625
            ],
            [
              -89.40948297733834,
              43.07588497855784
            ],
            [
              -89.40948125397935,
              43.07588549010176
            ],
            [
              -89.40947948819029,
              43.07588582719577
            ],
            [
              -89.4094776975835,
              43.07588598647762
            ],
            [
              -89.40947590001886,
              43.075885966358605
            ],
            [
              -89.40944312803093,
              43.075883959910364
            ],
            [
              -89.409442966848,
              43.075884310220495
            ],
            [
              -89.40944208395051,
              43.07588582214013
            ],
            [
              -89.40944105834167,
              43.075887241131134
            ],
            [
              -89.40943989972492,
              43.07588855376824
            ],
            [
              -89.40943861906207,
              43.075889747632395
            ],
            [
              -89.40943722846967,
              43.075890811428295
            ],
            [
              -89.40943574110429,
              43.07589173509122
            ],
            [
              -89.40943417103811,
              43.07589250988226
            ],
            [
              -89.40943253312575,
              43.075893128471016
            ],
            [
              -89.40943084286371,
              43.075893585004934
            ],
            [
              -89.40942911624381,
              43.075893875164674
            ],
            [
              -89.40942736960184,
              43.075893996205004
            ],
            [
              -89.40942561946301,
              43.07589394698074
            ],
            [
              -89.40904983748455,
              43.07586504067471
            ],
            [
              -89.4087790569964,
              43.07588096893871
            ],
            [
              -89.40877725158403,
              43.0758809844342
            ],
            [
              -89.40877545370145,
              43.07588081898885
            ],
            [
              -89.40877368143711,
              43.07588047426721
            ],
            [
              -89.40877195262169,
              43.07587995373751
            ],
            [
              -89.40877028464877,
              43.07587926263679
            ],
            [
              -89.40876869429974,
              43.07587840791818
            ],
            [
              -89.40876719757509,
              43.07587739818099
            ],
            [
              -89.40876580953328,
              43.07587624358415
            ],
            [
              -89.40876454413939,
              43.07587495574402
            ],
            [
              -89.40876341412448,
              43.07587354761752
            ],
            [
              -89.40876329364674,
              43.07587336208
            ],
            [
              -89.40870046737483,
              43.07587499393122
            ],
            [
              -89.40869874597672,
              43.075874956264244
            ],
            [
              -89.40869703605306,
              43.075874754295775
            ],
            [
              -89.40869535324977,
              43.075874389873846
            ],
            [
              -89.40869371296469,
              43.07587386633295
            ],
            [
              -89.40869213020656,
              43.075873188463525
            ],
            [
              -89.40869061945779,
              43.075872362468154
            ],
            [
              -89.40868919454184,
              43.07587139590476
            ],
            [
              -89.40868786849684,
              43.075870297617506
            ],
            [
              -89.40868665345624,
              43.0758690776558
            ],
            [
              -89.40868556053775,
              43.07586774718243
            ],
            [
              -89.40868459974169,
              43.075866318371325
            ],
            [
              -89.40868377985943,
              43.07586480429626
            ],
            [
              -89.40868310839298,
              43.07586321881115
            ],
            [
              -89.4086825914863,
              43.07586157642334
            ],
            [
              -89.40868223386914,
              43.075859892160835
            ],
            [
              -89.40867769328483,
              43.075832
            ],
            [
              -89.40862369233037,
              43.075832
            ],
            [
              -89.40862299732521,
              43.07587231029871
            ],
            [
              -89.40862288177307,
              43.07587405965812
            ],
            [
              -89.40862259658635,
              43.07587578947868
            ],
            [
              -89.40862214447044,
              43.07587748335053
            ],
            [
              -89.40862152971432,
              43.075879125204835
            ],
            [
              -89.40862075814987,
              43.07588069946622
            ],
            [
              -89.40861983709647,
              43.075882191200535
            ],
            [
              -89.40861877529164,
              43.0758835862565
            ],
            [
              -89.40861758280818,
              43.07588487140001
            ],
            [
              -89.4086162709585,
              43.07588603443958
            ],
            [
              -89.40861485218741,
              43.075887064342105
            ],
            [
              -89.408613339954,
              43.075887951337464
            ],
            [
              -89.40861174860403,
              43.07588868701122
            ],
            [
              -89.40861009323373,
              43.075889264384436
            ],
            [
              -89.40860838954673,
              43.07588967797989
            ],
            [
              -89.40860665370494,
              43.075889923874016
            ],
            [
              -89.40860490217536,
              43.07588999973417
            ],
            [
              -89.40842090217537,
              43.075888999734175
            ],
            [
              -89.40841914444533,
              43.07588890410335
            ],
            [
              -89.40841740446197,
              43.07588863723635
            ],
            [
              -89.4084156988666,
              43.075888201685515
            ],
            [
              -89.40841404397166,
              43.07588760161648
            ],
            [
              -89.40841245560469,
              43.07588684276834
            ],
            [
              -89.40841094895696,
              43.0758859323988
            ],
            [
              -89.40840953843815,
              43.07588487921467
            ],
            [
              -89.40840823753858,
              43.07588369328871
            ],
            [
              -89.40840705870012,
              43.07588238596318
            ],
            [
              -89.40840601319731,
              43.07588096974147
            ],
            [
              -89.40840511102938,
              43.075879458168394
            ],
            [
              -89.40840436082476,
              43.075877865700775
            ],
            [
              -89.40840376975844,
              43.07587620756908
            ],
            [
              -89.40840334348344,
              43.07587449963181
            ],
            [
              -89.40840308607667,
              43.075872758223795
            ],
            [
              -89.408403,
              43.075871
            ],
            [
              -89.408403,
              43.075830962065375
            ],
            [
              -89.40796308796571,
              43.075830033980914
            ],
            [
              -89.40796287458275,
              43.07583048514127
            ],
            [
              -89.40796196645302,
              43.0758320002642
            ],
            [
              -89.40796091418815,
              43.07583341907912
            ],
            [
              -89.40795972792205,
              43.075834727922064
            ],
            [
              -89.40795841907911,
              43.07583591418816
            ],
            [
              -89.40795700026419,
              43.075836966453025
            ],
            [
              -89.40795548514126,
              43.07583787458276
            ],
            [
              -89.40795388830178,
              43.07583862983159
            ],
            [
              -89.40795222512418,
              43.07583922492604
            ],
            [
              -89.40795051162578,
              43.07583965413505
            ],
            [
              -89.40794876430851,
              43.07583991332508
            ],
            [
              -89.407947,
              43.07584
            ],
            [
              -89.407763,
              43.07584
            ],
            [
              -89.4077612313352,
              43.07583991289549
            ],
            [
              -89.40775947978803,
              43.07583965242498
            ],
            [
              -89.40775776231044,
              43.075839221109376
            ],
            [
              -89.40775609552469,
              43.07583862312307
            ],
            [
              -89.40775449556236,
              43.07583786425354
            ],
            [
              -89.40775297790836,
              43.075836951845346
            ],
            [
              -89.40775155725096,
              43.07583589472902
            ],
            [
              -89.40775024733968,
              43.07583470313562
            ],
            [
              -89.4077490608522,
              43.07583338859774
            ],
            [
              -89.40774800927167,
              43.07583196383783
            ],
            [
              -89.4077471027756,
              43.07583044264511
            ],
            [
              -89.40774635013732,
              43.07582883974213
            ],
            [
              -89.40774575864103,
              43.07582717064221
            ],
            [
              -89.40774533401144,
              43.07582545149937
            ],
            [
              -89.4077450803582,
              43.075823698951965
            ],
            [
              -89.40774500013626,
              43.07582192996162
            ],
            [
              -89.40774600013626,
              43.075564929961615
            ],
            [
              -89.40774609323,
              43.075563170358386
            ],
            [
              -89.40774635792312,
              43.07556142828848
            ],
            [
              -89.40774679167905,
              43.07555972044605
            ],
            [
              -89.40774739034114,
              43.07555806319722
            ],
            [
              -89.40774814817247,
              43.07555647242331
            ],
            [
              -89.40774905791079,
              43.075554963368575
            ],
            [
              -89.40775011083814,
              43.075553550494206
            ],
            [
              -89.40775129686438,
              43.07555224733967
            ],
            [
              -89.40775260462391,
              43.07555106639301
            ],
            [
              -89.40775402158454,
              43.075550018971164
            ],
            [
              -89.40775553416766,
              43.07554911511149
            ],
            [
              -89.40775712787827,
              43.07554836347563
            ],
            [
              -89.40775878744395,
              43.07554777126646
            ],
            [
              -89.40776049696122,
              43.075547344159055
            ],
            [
              -89.40776224004786,
              43.07554708624639
            ],
            [
              -89.407764,
              43.075547
            ],
            [
              -89.407949,
              43.075547
            ],
            [
              -89.40795077430427,
              43.07554708766223
            ],
            [
              -89.40795253132636,
              43.075547349795066
            ],
            [
              -89.40795425395247,
              43.07554778384527
            ],
            [
              -89.40795592540377,
              43.075548385585094
            ],
            [
              -89.40795752939992,
              43.075549149153424
            ],
            [
              -89.40795905031761,
              43.075550067112935
            ],
            [
              -89.40796047334271,
              43.07555113052246
            ],
            [
              -89.40796178461461,
              43.07555232902414
            ],
            [
              -89.40796297136121,
              43.075553650944265
            ],
            [
              -89.40796402202328,
              43.075555083407
            ],
            [
              -89.40796492636711,
              43.075556612459806
            ],
            [
              -89.4079656755842,
              43.075558223209335
            ],
            [
              -89.40796626237696,
              43.075559899966485
            ],
            [
              -89.40796668102989,
              43.07556162639922
            ],
            [
              -89.40796692746521,
              43.075563385691666
            ],
            [
              -89.40796699928256,
              43.075565160707875
            ],
            [
              -89.40796616143174,
              43.075659
            ],
            [
              -89.407971,
              43.075659
            ],
            [
              -89.407971,
              43.075652
            ],
            [
              -89.40797108720844,
              43.07565023028298
            ],
            [
              -89.4079713479887,
              43.07564847771422
            ],
            [
              -89.40797177981389,
              43.075646759275784
            ],
            [
              -89.40797237849968,
              43.07564509161906
            ],
            [
              -89.40797313824493,
              43.075643490903346
            ],
            [
              -89.4079740516878,
              43.075641972639296
            ],
            [
              -89.40797510997724,
              43.07564055153863
            ],
            [
              -89.40797630285857,
              43.07563924137156
            ],
            [
              -89.407977618773,
              43.075638054833384
            ],
            [
              -89.40797904496954,
              43.07563700342144
            ],
            [
              -89.40798056762858,
              43.07563609732374
            ],
            [
              -89.40798217199584,
              43.0756353453202
            ],
            [
              -89.40798384252528,
              43.07563475469761
            ],
            [
              -89.40798556302974,
              43.075634331179
            ],
            [
              -89.40798731683785,
              43.07563407886819
            ],
            [
              -89.40798908695551,
              43.07563400021004
            ],
            [
              -89.40819604347797,
              43.075635000000005
            ],
            [
              -89.408372,
              43.075635000000005
            ],
            [
              -89.40837381092481,
              43.075635091327484
            ],
            [
              -89.40837560347327,
              43.07563536438319
            ],
            [
              -89.40837735945549,
              43.07563581639628
            ],
            [
              -89.40837906105264,
              43.07563644277996
            ],
            [
              -89.40838069099779,
              43.075637237178
            ],
            [
              -89.40838223275104,
              43.075638191529244
            ],
            [
              -89.40838367066746,
              43.07563929614942
            ],
            [
              -89.40838499015582,
              43.07564053982939
            ],
            [
              -89.40838617782659,
              43.075641909948914
            ],
            [
              -89.40838722162789,
              43.07564339260472
            ],
            [
              -89.40838811096776,
              43.07564497275155
            ],
            [
              -89.40838883682162,
              43.07564663435486
            ],
            [
              -89.40838939182385,
              43.07564836055355
            ],
            [
              -89.40838977034258,
              43.07565013383101
            ],
            [
              -89.4083899685368,
              43.07565193619292
            ],
            [
              -89.40838998439531,
              43.075653749349804
            ],
            [
              -89.40838976561822,
              43.075659
            ],
            [
              -89.40840615584122,
              43.075659
            ],
            [
              -89.40840700068048,
              43.075561843484174
            ],
            [
              -89.40840710165256,
              43.07556008972285
            ],
            [
              -89.4084073730939,
              43.07555835415558
            ],
            [
              -89.40840781241924,
              43.07555665331244
            ],
            [
              -89.4084084154443,
              43.07555500339277
            ],
            [
              -89.4084091764257,
              43.075553420110914
            ],
            [
              -89.40841008811562,
              43.075551918546516
            ],
            [
              -89.40841114183084,
              43.075550513000934
            ],
            [
              -89.40841232753546,
              43.075549216861006
            ],
            [
              -89.40841363393646,
              43.075548042471574
            ],
            [
              -89.4084150485913,
              43.07554700101787
            ],
            [
              -89.40841655802637,
              43.075546102419004
            ],
            [
              -89.40841814786536,
              43.07554535523352
            ],
            [
              -89.40841980296615,
              43.07554476657784
            ],
            [
              -89.40842150756507,
              43.07554434205849
            ],
            [
              -89.40842324542699,
              43.075544085718725
            ],
            [
              -89.408425,
              43.075544
            ],
            [
              -89.408614,
              43.075544
            ],
            [
              -89.40861578864181,
              43.075544089088226
            ],
            [
              -89.40861755957842,
              43.07554435547106
            ],
            [
              -89.40861929527985,
              43.07554479651165
            ],
            [
              -89.40862097856493,
              43.075545407844274
            ],
            [
              -89.40862259277135,
              43.07554618341754
            ],
            [
              -89.40862412192057,
              43.075547115554286
            ],
            [
              -89.40862555087601,
              43.07554819502758
            ],
            [
              -89.40862686549289,
              43.075549411152046
            ],
            [
              -89.40862805275822,
              43.075550751889644
            ],
            [
              -89.40862910091961,
              43.07555220396882
            ],
            [
              -89.40862999960166,
              43.075553753015896
            ],
            [
              -89.40863073990857,
              43.07555538369733
            ],
            [
              -89.40863131451228,
              43.0755570798715
            ],
            [
              -89.40863171772497,
              43.07555882474851
            ],
            [
              -89.40863194555534,
              43.07556060105636
            ],
            [
              -89.4086319957482,
              43.07556239121192
            ],
            [
              -89.40863196510317,
              43.07556380088283
            ],
            [
              -89.4086329997358,
              43.07556303354698
            ],
            [
              -89.40863451485873,
              43.07556212541724
            ],
            [
              -89.40863611169821,
              43.075561370168415
            ],
            [
              -89.40863777487581,
              43.07556077507396
            ],
            [
              -89.4086394883742,
              43.07556034586495
            ],
            [
              -89.40864123569148,
              43.07556008667492
            ],
            [
              -89.408643,
              43.07556
            ],
            [
              -89.40868877541347,
              43.07556
            ],
            [
              -89.40868909544268,
              43.07555956919575
            ],
            [
              -89.4086902843458,
              43.07555825982189
            ],
            [
              -89.40869159600798,
              43.07555707344385
            ],
            [
              -89.40869301776623,
              43.07555602151514
            ],
            [
              -89.40869453589463,
              43.07555511419123
            ],
            [
              -89.40869613573692,
              43.0755543602316
            ],
            [
              -89.40869780184798,
              43.075553766915085
            ],
            [
              -89.40869951814287,
              43.07555333996968
            ],
            [
              -89.40870126805218,
              43.07555308351717
            ],
            [
              -89.40870303468202,
              43.07555300003341
            ],
            [
              -89.40922203468202,
              43.075554000033414
            ],
            [
              -89.40922379666347,
              43.075554089891114
            ],
            [
              -89.40922554138447,
              43.0755543518104
            ],
            [
              -89.40922725208355,
              43.07555478327504
            ],
            [
              -89.4092289123261,
              43.07555538013996
            ],
            [
              -89.40923050616226,
              43.0755561366711
            ],
            [
              -89.40923201828011,
              43.07555704560052
            ],
            [
              -89.4092334341528,
              43.07555809819616
            ],
            [
              -89.4092347401781,
              43.07555928434579
            ],
            [
              -89.4092359238091,
              43.075560592654135
            ],
            [
              -89.40923697367472,
              43.07556201055231
            ],
            [
              -89.40923787968894,
              43.07556352441866
            ],
            [
              -89.40923863314772,
              43.07556511970952
            ],
            [
              -89.4092392268126,
              43.07556678109902
            ],
            [
              -89.4092396549803,
              43.07556849262626
            ],
            [
              -89.40923991353742,
              43.07557023784868
            ],
            [
              -89.40924,
              43.075572
            ],
            [
              -89.40924,
              43.07559624159978
            ],
            [
              -89.409278,
              43.075596755113295
            ],
            [
              -89.409278,
              43.075567
            ],
            [
              -89.40927808667492,
              43.07556523569147
            ],
            [
              -89.40927834586495,
              43.0755634883742
            ],
            [
              -89.40927877507396,
              43.07556177487581
            ],
            [
              -89.4092793701684,
              43.075560111698216
            ],
            [
              -89.40928012541724,
              43.075558514858734
            ],
            [
              -89.40928103354697,
              43.0755569997358
            ],
            [
              -89.40928208581184,
              43.075555580920884
            ],
            [
              -89.40928327207794,
              43.07555427207794
            ],
            [
              -89.40928458092088,
              43.07555308581184
            ],
            [
              -89.4092859997358,
              43.07555203354698
            ],
            [
              -89.40928751485873,
              43.07555112541724
            ],
            [
              -89.40928911169821,
              43.075550370168415
            ],
            [
              -89.40929077487581,
              43.07554977507396
            ],
            [
              -89.4092924883742,
              43.07554934586495
            ],
            [
              -89.40929423569148,
              43.07554908667492
            ],
            [
              -89.409296,
              43.075549
            ],
            [
              -89.409623,
              43.075549
            ],
            [
              -89.40962476820945,
              43.07554908705956
            ],
            [
              -89.40962651931451,
              43.07554934739608
            ],
            [
              -89.40962823637625,
              43.075549778491244
            ],
            [
              -89.40962990278503,
              43.07555037617496
            ],
            [
              -89.40963150242119,
              43.07555113466566
            ],
            [
              -89.40963301981104,
              43.07555204662624
            ],
            [
              -89.4096344402764,
              43.07555310323506
            ],
            [
              -89.40963575007672,
              43.075554294271235
            ],
            [
              -89.40963693654193,
              43.07555560821353
            ],
            [
              -89.409637988195,
              43.07555703235181
            ],
            [
              -89.40963889486301,
              43.07555855290998
            ],
            [
              -89.40963964777549,
              43.07556015517926
            ],
            [
              -89.40964023964932,
              43.07556182366043
            ],
            [
              -89.40964066475911,
              43.07556354221381
            ],
            [
              -89.40964091899268,
              43.07556529421533
            ],
            [
              -89.40964099989073,
              43.07556706271739
            ],
            [
              -89.40963999989073,
              43.07585406271739
            ],
            [
              -89.40963990668439,
              43.075855830479135
            ],
            [
              -89.40963964028786,
              43.07585758053682
            ],
            [
              -89.40963920327769,
              43.0758592959642
            ],
            [
              -89.40963859988054,
              43.07586096016998
            ],
            [
              -89.40963783593236,
              43.075862557058265
            ],
            [
              -89.40963691882193,
              43.07586407118424
            ],
            [
              -89.40963585741937,
              43.075865487903556
            ],
            [
              -89.40963466199038,
              43.07586679351396
            ],
            [
              -89.40963334409692,
              43.07586797538783
            ],
            [
              -89.40963191648542,
              43.07586902209429
            ],
            [
              -89.40963039296348,
              43.075869923509785
            ],
            [
              -89.40962878826633,
              43.075870670916
            ],
            [
              -89.4096271179143,
              43.075871257084145
            ],
            [
              -89.40962539806273,
              43.07587167634492
            ],
            [
              -89.40962364534572,
              43.0758719246433
            ],
            [
              -89.40962187671522,
              43.0758719995778
            ],
            [
              -89.40949470386037,
              43.07587112853085
            ]
          ]
        ]
      },
      "properties": {
        "building": "university",
        "name": "Nancy Nicholas Hall",
        "@id": "way/38855398",
        "addr:street": "Linden Drive",
        "addr:housenumber": "1300",
        "person_counts": [
          0,
          0,
          0,
          0,
          0,
          0,
          0,
          0,
          0,
          0,
          0,
          0,
          0,
          0,
          0,
          0,
          0,
          0,
          0,
          0,
          0,
          0,
          0,
          0,
          0,
          0,
          0,
          0,
          0,
          0,
          0,
          0,
          0,
          0,
          0,
          0,
          0,
          0,
          0,
          0,
          0,
          0,
          0,
          0,
          0,
          0,
          0,
          0,
          0,
          0,
          0,
          0,
          0,
          0,
          0,
          0,
          0,
          0,
          0,
          0,
          0,
          0,
          0,
          0,
          0,
          0,
          0,
          0,
          0,
          0,
          0,
          0,
          0,
          0,
          0,
          0,
          0,
          0,
          0,
          0,
          0,
          0,
          0,
          0,
          0,
          0,
          0,
          0,
          0,
          0,
          13,
          13,
          13,
          13,
          13,
          13,
          13,
          13,
          13,
          13,
          13,
          13,
          13,
          13,
          13,
          13,
          13,
          13,
          13,
          13,
          13,
          13,
          13,
          13,
          13,
          13,
          13,
          13,
          13,
          13
        ],
        "instructor_counts": [
          0,
          0,
          0,
          0,
          0,
          0,
          0,
          0,
          0,
          0,
          0,
          0,
          0,
          0,
          0,
          0,
          0,
          0,
          0,
          0,
          0,
          0,
          0,
          0,
          0,
          0,
          0,
          0,
          0,
          0,
          0,
          0,
          0,
          0,
          0,
          0,
          0,
          0,
          0,
          0,
          0,
          0,
          0,
          0,
          0,
          0,
          0,
          0,
          0,
          0,
          0,
          0,
          0,
          0,
          0,
          0,
          0,
          0,
          0,
          0,
          0,
          0,
          0,
          0,
          0,
          0,
          0,
          0,
          0,
          0,
          0,
          0,
          0,
          0,
          0,
          0,
          0,
          0,
          0,
          0,
          0,
          0,
          0,
          0,
          0,
          0,
          0,
          0,
          0,
          0,
          1,
          1,
          1,
          1,
          1,
          1,
          1,
          1,
          1,
          1,
          1,
          1,
          1,
          1,
          1,
          1,
          1,
          1,
          1,
          1,
          1,
          1,
          1,
          1,
          1,
          1,
          1,
          1,
          1,
          1
        ]
      }
    },
    {
      "type": "Feature",
      "geometry": {
        "type": "Polygon",
        "coordinates": [
          [
            [
              -89.4003969960124,
              43.07356937886342
            ],
            [
              -89.40039499601241,
              43.07366437886342
            ],
            [
              -89.40039479069056,
              43.07366673702933
            ],
            [
              -89.40039295566243,
              43.073678664712155
            ],
            [
              -89.40039150168211,
              43.07372373810197
            ],
            [
              -89.40039215999869,
              43.073724141520046
            ],
            [
              -89.40039359206301,
              43.07372522959424
            ],
            [
              -89.40039490839584,
              43.073726455147806
            ],
            [
              -89.40039609585533,
              43.07372780594522
            ],
            [
              -89.40039714258624,
              43.073729268500536
            ],
            [
              -89.40039803813835,
              43.07373082821208
            ],
            [
              -89.40039877357076,
              43.073732469508165
            ],
            [
              -89.40039934154113,
              43.07373417600262
            ],
            [
              -89.40039973637904,
              43.07373593065834
            ],
            [
              -89.40039995414254,
              43.0737377159574
            ],
            [
              -89.40039999265755,
              43.07373951407593
            ],
            [
              -89.40038799244331,
              43.074159521520095
            ],
            [
              -89.40038599244332,
              43.07422852152009
            ],
            [
              -89.4003859766179,
              43.07422891717438
            ],
            [
              -89.40038097990542,
              43.07432685273886
            ],
            [
              -89.40036498273084,
              43.07469178828409
            ],
            [
              -89.40036496893872,
              43.07469205699639
            ],
            [
              -89.400364,
              43.074708528954694
            ],
            [
              -89.400364,
              43.074727
            ],
            [
              -89.40036396013284,
              43.07472819734219
            ],
            [
              -89.40036296794437,
              43.07474308016919
            ],
            [
              -89.40035997422638,
              43.074798962904985
            ],
            [
              -89.40035980011874,
              43.07480067502766
            ],
            [
              -89.40035946330056,
              43.07480236269796
            ],
            [
              -89.4003589668507,
              43.074804010488926
            ],
            [
              -89.4003583153072,
              43.074805603338135
            ],
            [
              -89.40035751462581,
              43.07480712668538
            ],
            [
              -89.40035657212553,
              43.074808566605775
            ],
            [
              -89.40035549642174,
              43.07480990993704
            ],
            [
              -89.40035429734742,
              43.0748111443998
            ],
            [
              -89.40035298586331,
              43.074812258709876
            ],
            [
              -89.40035157395764,
              43.074813242681365
            ],
            [
              -89.4003500745366,
              43.07481408731981
            ],
            [
              -89.4003485013064,
              43.07481478490438
            ],
            [
              -89.40034686864787,
              43.07481532905848
            ],
            [
              -89.40034519148514,
              43.074815714808004
            ],
            [
              -89.40034348514911,
              43.07481593862682
            ],
            [
              -89.40034176523736,
              43.074815998469006
            ],
            [
              -89.39988176523737,
              43.07480999846901
            ],
            [
              -89.39988172730403,
              43.074809997934246
            ],
            [
              -89.39981572730403,
              43.07480899793424
            ],
            [
              -89.39981560009873,
              43.0748089955572
            ],
            [
              -89.39972560009873,
              43.0748069955572
            ],
            [
              -89.39972383178828,
              43.07480686893556
            ],
            [
              -89.39972208451051,
              43.0748065689767
            ],
            [
              -89.39972037521487,
              43.07480609859036
            ],
            [
              -89.39971872048233,
              43.074805462339526
            ],
            [
              -89.39971713636459,
              43.07480466639612
            ],
            [
              -89.39971563822836,
              43.074803718481185
            ],
            [
              -89.39971424060626,
              43.07480262778995
            ],
            [
              -89.3997129570559,
              43.07480140490263
            ],
            [
              -89.39971180002834,
              43.07480006168183
            ],
            [
              -89.3997107807473,
              43.074798611157426
            ],
            [
              -89.39970990910027,
              43.0747970674002
            ],
            [
              -89.39970919354268,
              43.074795445385334
            ],
            [
              -89.39970864101575,
              43.07479376084714
            ],
            [
              -89.39970825687926,
              43.07479203012647
            ],
            [
              -89.39970804485954,
              43.074790270012116
            ],
            [
              -89.39970800701325,
              43.074788497578034
            ],
            [
              -89.39972400701325,
              43.07421549757803
            ],
            [
              -89.39972401006604,
              43.0742153981063
            ],
            [
              -89.39974200752306,
              43.07367747411289
            ],
            [
              -89.39974500562236,
              43.073557550140556
            ],
            [
              -89.39974513576934,
              43.073555793359276
            ],
            [
              -89.39974543701699,
              43.07355405771284
            ],
            [
              -89.39974590647999,
              43.07355235982499
            ],
            [
              -89.39974653966193,
              43.07355071595779
            ],
            [
              -89.39974733049827,
              43.07354914185596
            ],
            [
              -89.39974827141452,
              43.07354765259598
            ],
            [
              -89.39974935339873,
              43.073546262441724
            ],
            [
              -89.39975056608786,
              43.07354498470787
            ],
            [
              -89.39975189786695,
              43.07354383163235
            ],
            [
              -89.39975333598044,
              43.07354281425912
            ],
            [
              -89.3997548666543,
              43.07354194233242
            ],
            [
              -89.39975647522803,
              43.07354122420342
            ],
            [
              -89.39975814629496,
              43.07354066675023
            ],
            [
              -89.39975986384985,
              43.07354027531206
            ],
            [
              -89.39976161144229,
              43.07354005363804
            ],
            [
              -89.3997633723341,
              43.07354000385132
            ],
            [
              -89.3999083390119,
              43.073543003161895
            ],
            [
              -89.40037930568839,
              43.07355100259589
            ],
            [
              -89.40038107281441,
              43.073551119747194
            ],
            [
              -89.4003828198747,
              43.073551409987
            ],
            [
              -89.40038452995695,
              43.07355187050567
            ],
            [
              -89.40038618650686,
              43.073552496845174
            ],
            [
              -89.4003877734883,
              43.07355328294229
            ],
            [
              -89.40038927553863,
              43.07355422118726
            ],
            [
              -89.40039067811733,
              43.07355530249747
            ],
            [
              -89.40039196764685,
              43.07355651640537
            ],
            [
              -89.40039313164401,
              43.073557851159805
            ],
            [
              -89.4003941588408,
              43.0735592938398
            ],
            [
              -89.4003950392935,
              43.07356083047958
            ],
            [
              -89.40039576447899,
              43.07356244620381
            ],
            [
              -89.40039632737712,
              43.073564125371604
            ],
            [
              -89.40039672253883,
              43.073565851727885
            ],
            [
              -89.40039694613877,
              43.073567608560786
            ],
            [
              -89.4003969960124,
              43.07356937886342
            ]
          ],
          [
            [
              -89.40017900000001,
              43.074353863128145
            ],
            [
              -89.40017900000001,
              43.07427880350851
            ],
            [
              -89.40017707369375,
              43.074277305270314
            ],
            [
              -89.40016984487566,
              43.07427188365674
            ],
            [
              -89.39992580944936,
              43.074267135885805
            ],
            [
              -89.39992010811028,
              43.074272318921324
            ],
            [
              -89.3999188,
              43.074273399999996
            ],
            [
              -89.39991752788838,
              43.074274354083705
            ],
            [
              -89.39991344633401,
              43.07435108730586
            ],
            [
              -89.40017900000001,
              43.074353863128145
            ]
          ]
        ]
      },
      "properties": {
        "building": "university",
        "name": "Mosse Humanities Building",
        "@id": "relation/2075103",
        "addr:street": "North Park Street",
        "addr:housenumber": "455",
        "person_counts": [
          0,
          0,
          0,
          0,
          0,
          0,
          0,
          0,
          0,
          0,
          0,
          0,
          0,
          0,
          0,
          0,
          0,
          0,
          0,
          0,
          0,
          0,
          0,
          0,
          14,
          14,
          14,
          14,
          14,
          14,
          14,
          14,
          14,
          14,
          14,
          14,
          14,
          14,
          14,
          14,
          14,
          14,
          14,
          14,
          14,
          14,
          14,
          14,
          0,
          0,
          0,
          0,
          0,
          0,
          0,
          0,
          0,
          0,
          0,
          0,
          0,
          0,
          0,
          0,
          0,
          0,
          0,
          0,
          0,
          0,
          0,
          0,
          0,
          0,
          0,
          0,
          0,
          0,
          0,
          0,
          0,
          0,
          0,
          0,
          0,
          0,
          0,
          0,
          0,
          0,
          0,
          0,
          0,
          0,
          0,
          0,
          0,
          0,
          0,
          0,
          0,
          0,
          0,
          0,
          0,
          0,
          0,
          0,
          0,
          0,
          0,
          0,
          0,
          0,
          0,
          0,
          0,
          0,
          0,
          0
        ],
        "instructor_counts": [
          0,
          0,
          0,
          0,
          0,
          0,
          0,
          0,
          0,
          0,
          0,
          0,
          0,
          0,
          0,
          0,
          0,
          0,
          0,
          0,
          0,
          0,
          0,
          0,
          1,
          1,
          1,
          1,
          1,
          1,
          1,
          1,
          1,
          1,
          1,
          1,
          1,
          1,
          1,
          1,
          1,
          1,
          1,
          1,
          1,
          1,
          1,
          1,
          0,
          0,
          0,
          0,
          0,
          0,
          0,
          0,
          0,
          0,
          0,
          0,
          0,
          0,
          0,
          0,
          0,
          0,
          0,
          0,
          0,
          0,
          0,
          0,
          0,
          0,
          0,
          0,
          0,
          0,
          0,
          0,
          0,
          0,
          0,
          0,
          0,
          0,
          0,
          0,
          0,
          0,
          0,
          0,
          0,
          0,
          0,
          0,
          0,
          0,
          0,
          0,
          0,
          0,
          0,
          0,
          0,
          0,
          0,
          0,
          0,
          0,
          0,
          0,
          0,
          0,
          0,
          0,
          0,
          0,
          0,
          0
        ]
      }
    },
    {
      "type": "Feature",
      "geometry": {
        "type": "Polygon",
        "coordinates": [
          [
            [
              -89.40687399848224,
              43.07528123374652
            ],
            [
              -89.4068722269791,
              43.07541763948761
            ],
            [
              -89.40688264244754,
              43.07541801146863
            ],
            [
              -89.40688437434673,
              43.07541815728503
            ],
            [
              -89.40688608410925,
              43.07541846945376
            ],
            [
              -89.40688775579454,
              43.07541894506438
            ],
            [
              -89.40688937381707,
              43.07541957968265
            ],
            [
              -89.40689092309154,
              43.07542036739186
            ],
            [
              -89.40689238917369,
              43.075421300847985
            ],
            [
              -89.40689375839483,
              43.07542237134817
            ],
            [
              -89.40689501798938,
              43.07542356891186
            ],
            [
              -89.40689615621378,
              43.07542488237385
            ],
            [
              -89.40689716245608,
              43.0754262994884
            ],
            [
              -89.40689802733482,
              43.07542780704336
            ],
            [
              -89.4068987427865,
              43.075429390983416
            ],
            [
              -89.40689930214077,
              43.075431036541076
            ],
            [
              -89.40689970018263,
              43.07543272837436
            ],
            [
              -89.40689993320105,
              43.07543445070988
            ],
            [
              -89.40689999902351,
              43.07543618748983
            ],
            [
              -89.40689918734093,
              43.07551410901743
            ],
            [
              -89.40738010821448,
              43.07551700032529
            ],
            [
              -89.40738188145781,
              43.07551709860015
            ],
            [
              -89.40738363638567,
              43.07551737114016
            ],
            [
              -89.40738535591433,
              43.075517815292216
            ],
            [
              -89.40738702330465,
              43.075518426732614
            ],
            [
              -89.40738862232504,
              43.07551919950916
            ],
            [
              -89.40739013740952,
              43.07552012609909
            ],
            [
              -89.40739155380913,
              43.07552119748231
            ],
            [
              -89.40739285773562,
              43.07552240322919
            ],
            [
              -89.40739403649563,
              43.07552373160214
            ],
            [
              -89.40739507861427,
              43.075525169669795
            ],
            [
              -89.40739597394679,
              43.075526703432985
            ],
            [
              -89.40739671377737,
              43.07552831796095
            ],
            [
              -89.407397290904,
              43.075529997536705
            ],
            [
              -89.40739769970848,
              43.075531725810045
            ],
            [
              -89.40739793621123,
              43.07553348595671
            ],
            [
              -89.40739799810994,
              43.07553526084217
            ],
            [
              -89.40739499810994,
              43.07574226084217
            ],
            [
              -89.40739488683126,
              43.075744015258735
            ],
            [
              -89.4073946049453,
              43.07574575045346
            ],
            [
              -89.40739415514074,
              43.07574744987579
            ],
            [
              -89.40739354170789,
              43.075749097316404
            ],
            [
              -89.40739277049775,
              43.07575067706175
            ],
            [
              -89.40739184886625,
              43.07575217404398
            ],
            [
              -89.40739078560405,
              43.07575357398466
            ],
            [
              -89.40738959085269,
              43.075754863530946
            ],
            [
              -89.40738827600791,
              43.07575603038295
            ],
            [
              -89.40738685361086,
              43.07575706341106
            ],
            [
              -89.4073853372286,
              43.07575795276211
            ],
            [
              -89.40738374132462,
              43.07575868995333
            ],
            [
              -89.40738208112087,
              43.07575926795328
            ],
            [
              -89.40738037245264,
              43.07575968124891
            ],
            [
              -89.40737863161745,
              43.07575992589815
            ],
            [
              -89.40737687521964,
              43.07575999956749
            ],
            [
              -89.40681771233231,
              43.07575612322165
            ],
            [
              -89.40681599769644,
              43.075863287963145
            ],
            [
              -89.40681587971378,
              43.075865077458865
            ],
            [
              -89.40681558424653,
              43.0758668463325
            ],
            [
              -89.40681511422771,
              43.075868577025176
            ],
            [
              -89.40681447432297,
              43.07587025235702
            ],
            [
              -89.4068136708844,
              43.07587185569769
            ],
            [
              -89.40681271188741,
              43.07587337113149
            ],
            [
              -89.40681160685156,
              43.07587478361533
            ],
            [
              -89.40681036674609,
              43.075876079128065
            ],
            [
              -89.40680900388101,
              43.075877244809675
            ],
            [
              -89.40680753178492,
              43.07587826908891
            ],
            [
              -89.40680596507072,
              43.075879141798175
            ],
            [
              -89.40680431929054,
              43.07587985427444
            ],
            [
              -89.40680261078136,
              43.07588039944525
            ],
            [
              -89.40680085650284,
              43.07588077189892
            ],
            [
              -89.40679907386901,
              43.07588096793826
            ],
            [
              -89.4067972805753,
              43.07588098561725
            ],
            [
              -89.406791,
              43.07588073439424
            ],
            [
              -89.406791,
              43.075881
            ],
            [
              -89.40679091187776,
              43.07588277894217
            ],
            [
              -89.40679064837386,
              43.075884540466085
            ],
            [
              -89.40679021206837,
              43.07588626732401
            ],
            [
              -89.40678960723332,
              43.07588794260767
            ],
            [
              -89.40678883979088,
              43.075889549913754
            ],
            [
              -89.40678791725531,
              43.07589107350456
            ],
            [
              -89.40678684865954,
              43.07589249846204
            ],
            [
              -89.40678564446654,
              43.07589381083394
            ],
            [
              -89.40678431646701,
              43.07589499777035
            ],
            [
              -89.40678287766387,
              43.075896047649536
            ],
            [
              -89.40678134214497,
              43.07589695019177
            ],
            [
              -89.40677972494511,
              43.07589769655992
            ],
            [
              -89.4067780418989,
              43.075898279446044
            ],
            [
              -89.40677630948565,
              43.075898693142875
            ],
            [
              -89.40677454466801,
              43.075898933599774
            ],
            [
              -89.40677276472599,
              43.07589899846233
            ],
            [
              -89.40661976472599,
              43.075896998462326
            ],
            [
              -89.4066180163159,
              43.07589689036046
            ],
            [
              -89.4066162866934,
              43.07589661281789
            ],
            [
              -89.40661459223986,
              43.075896168463245
            ],
            [
              -89.40661294900356,
              43.075895561505035
            ],
            [
              -89.40661137254766,
              43.075894797691795
            ],
            [
              -89.4066098778029,
              43.07589388425765
            ],
            [
              -89.40660847892609,
              43.075892829853785
            ],
            [
              -89.40660718916607,
              43.07589164446653
            ],
            [
              -89.40660602073824,
              43.07589033932276
            ],
            [
              -89.40660498470886,
              43.07588892678357
            ],
            [
              -89.40660409089023,
              43.0758874202272
            ],
            [
              -89.40660334774775,
              43.07588583392234
            ],
            [
              -89.40660276231976,
              43.07588418289299
            ],
            [
              -89.4066023401509,
              43.07588248277614
            ],
            [
              -89.40660208523956,
              43.0758807496737
            ],
            [
              -89.406602,
              43.075879
            ],
            [
              -89.406588,
              43.075879
            ],
            [
              -89.40658623569148,
              43.075878913325084
            ],
            [
              -89.40658448837421,
              43.07587865413505
            ],
            [
              -89.40658277487582,
              43.07587822492604
            ],
            [
              -89.40658111169822,
              43.07587762983159
            ],
            [
              -89.40657951485873,
              43.07587687458276
            ],
            [
              -89.4065779997358,
              43.075875966453026
            ],
            [
              -89.40657658092088,
              43.07587491418816
            ],
            [
              -89.40657527207794,
              43.075873727922065
            ],
            [
              -89.40657408581184,
              43.07587241907912
            ],
            [
              -89.40657303354698,
              43.0758710002642
            ],
            [
              -89.40657212541724,
              43.07586948514127
            ],
            [
              -89.40657137016841,
              43.07586788830179
            ],
            [
              -89.40657077507396,
              43.075866225124194
            ],
            [
              -89.40657034586495,
              43.0758645116258
            ],
            [
              -89.40657008667492,
              43.07586276430853
            ],
            [
              -89.40657,
              43.075860999999996
            ],
            [
              -89.406563,
              43.075860999999996
            ],
            [
              -89.40656122143061,
              43.07586091191477
            ],
            [
              -89.40655946026851,
              43.075860648521214
            ],
            [
              -89.40655773375065,
              43.07586021239721
            ],
            [
              -89.40655605877485,
              43.07585960781122
            ],
            [
              -89.40655445173456,
              43.075858840680475
            ],
            [
              -89.40655292835825,
              43.07585791851307
            ],
            [
              -89.40655150355559,
              43.075856850334496
            ],
            [
              -89.40655019127146,
              43.07585564659927
            ],
            [
              -89.40654900434954,
              43.075854319088656
            ],
            [
              -89.4065479544065,
              43.07585288079532
            ],
            [
              -89.4065470517184,
              43.075851345796195
            ],
            [
              -89.40654630512009,
              43.0758497291147
            ],
            [
              -89.40654572191869,
              43.0758480465737
            ],
            [
              -89.40654530782214,
              43.07584631464063
            ],
            [
              -89.40654506688331,
              43.07584455026635
            ],
            [
              -89.40654500146033,
              43.07584277071924
            ],
            [
              -89.40654676775618,
              43.07570411649406
            ],
            [
              -89.40640811464735,
              43.07570499963489
            ],
            [
              -89.40640630598818,
              43.07570492010949
            ],
            [
              -89.40640451446558,
              43.07570465930491
            ],
            [
              -89.40640275820252,
              43.07570421985944
            ],
            [
              -89.40640105496529,
              43.0757036062185
            ],
            [
              -89.40639942198376,
              43.07570282458965
            ],
            [
              -89.40639787577716,
              43.07570188287983
            ],
            [
              -89.40639643198682,
              43.07570079061533
            ],
            [
              -89.40639510521808,
              43.075699558845464
            ],
            [
              -89.4063939088925,
              43.07569820003078
            ],
            [
              -89.40639285511205,
              43.075696727916984
            ],
            [
              -89.40639195453673,
              43.07569515739593
            ],
            [
              -89.40639121627673,
              43.07569350435496
            ],
            [
              -89.40639064780028,
              43.07569178551616
            ],
            [
              -89.40639025485805,
              43.07569001826727
            ],
            [
              -89.40639004142504,
              43.07568822048568
            ],
            [
              -89.40638304142504,
              43.07558522048568
            ],
            [
              -89.4063830350536,
              43.075582877190854
            ],
            [
              -89.40638400254258,
              43.075567397367
            ],
            [
              -89.406385,
              43.07534695927702
            ],
            [
              -89.406385,
              43.0753
            ],
            [
              -89.40638508160838,
              43.07529828791299
            ],
            [
              -89.40638532569355,
              43.0752965913505
            ],
            [
              -89.40638573004222,
              43.07529492569628
            ],
            [
              -89.40638629098792,
              43.0752933060538
            ],
            [
              -89.40638700344425,
              43.07529174710934
            ],
            [
              -89.40638786095091,
              43.07529026299878
            ],
            [
              -89.40638885573239,
              43.07528886717943
            ],
            [
              -89.4063899787684,
              43.07528757230802
            ],
            [
              -89.40639121987572,
              43.07528639012594
            ],
            [
              -89.40639256780047,
              43.075285331352724
            ],
            [
              -89.4063940103202,
              43.07528440558891
            ],
            [
              -89.40639553435476,
              43.07528362122895
            ],
            [
              -89.40639712608477,
              43.07528298538511
            ],
            [
              -89.4063987710771,
              43.075282503822955
            ],
            [
              -89.40640045441559,
              43.07528218090911
            ],
            [
              -89.40640745441559,
              43.075281180909116
            ],
            [
              -89.40641,
              43.075281000000004
            ],
            [
              -89.406513,
              43.075281000000004
            ],
            [
              -89.40651313332968,
              43.07528100049381
            ],
            [
              -89.40664806666588,
              43.075282
            ],
            [
              -89.406672,
              43.075282
            ],
            [
              -89.40667227269597,
              43.075282002065755
            ],
            [
              -89.40672,
              43.075282725206726
            ],
            [
              -89.40672,
              43.07528
            ],
            [
              -89.40672008667492,
              43.07527823569147
            ],
            [
              -89.40672034586495,
              43.0752764883742
            ],
            [
              -89.40672077507396,
              43.07527477487581
            ],
            [
              -89.40672137016841,
              43.075273111698216
            ],
            [
              -89.40672212541725,
              43.075271514858734
            ],
            [
              -89.40672303354698,
              43.0752699997358
            ],
            [
              -89.40672408581185,
              43.075268580920884
            ],
            [
              -89.40672527207795,
              43.07526727207794
            ],
            [
              -89.40672658092089,
              43.07526608581184
            ],
            [
              -89.4067279997358,
              43.07526503354698
            ],
            [
              -89.40672951485874,
              43.07526412541724
            ],
            [
              -89.40673111169822,
              43.075263370168415
            ],
            [
              -89.40673277487582,
              43.07526277507396
            ],
            [
              -89.40673448837421,
              43.07526234586495
            ],
            [
              -89.40673623569148,
              43.07526208667492
            ],
            [
              -89.406738,
              43.075262
            ],
            [
              -89.406747,
              43.075262
            ],
            [
              -89.40674716513067,
              43.07526200075746
            ],
            [
              -89.40685616513068,
              43.07526300075746
            ],
            [
              -89.40685793283382,
              43.07526310407439
            ],
            [
              -89.40685968183233,
              43.075263380575755
            ],
            [
              -89.40686139520061,
              43.07526382758577
            ],
            [
              -89.40686305635785,
              43.07526444077858
            ],
            [
              -89.40686464922852,
              43.07526521422013
            ],
            [
              -89.40686615839792,
              43.075266140425576
            ],
            [
              -89.40686756926134,
              43.075267210431754
            ],
            [
              -89.40686886816542,
              43.075268413883876
            ],
            [
              -89.40687004254025,
              43.075269739135756
            ],
            [
              -89.40687108102105,
              43.075271173362516
            ],
            [
              -89.40687197355813,
              43.075272702684714
            ],
            [
              -89.40687271151411,
              43.07527431230261
            ],
            [
              -89.40687328774757,
              43.07527598663943
            ],
            [
              -89.40687369668211,
              43.075277709492106
            ],
            [
              -89.40687393436036,
              43.07527946418805
            ],
            [
              -89.40687399848224,
              43.07528123374652
            ]
          ]
        ]
      },
      "properties": {
        "building": "university",
        "name": "Van Hise Hall",
        "@id": "way/37727228",
        "addr:street": "Linden Drive",
        "addr:housenumber": "1220",
        "person_counts": [
          0,
          0,
          0,
          0,
          0,
          0,
          0,
          0,
          0,
          0,
          0,
          11,
          11,
          11,
          11,
          11,
          11,
          11,
          11,
          11,
          11,
          11,
          0,
          0,
          8,
          8,
          8,
          8,
          8,
          8,
          8,
          8,
          8,
          8,
          8,
          0,
          0,
          26,
          26,
          26,
          26,
          26,
          26,
          26,
          26,
          26,
          26,
          26,
          0,
          0,
          0,
          0,
          0,
          0,
          0,
          0,
          0,
          0,
          0,
          0,
          0,
          0,
          0,
          0,
          0,
          26,
          26,
          26,
          26,
          26,
          26,
          26,
          26,
          26,
          26,
          26,
          26,
          26,
          26,
          26,
          26,
          26,
          26,
          26,
          26,
          26,
          26,
          26,
          26,
          26,
          0,
          0,
          0,
          0,
          0,
          0,
          0,
          0,
          0,
          0,
          0,
          0,
          0,
          0,
          0,
          0,
          0,
          0,
          0,
          0,
          0,
          0,
          0,
          0,
          0,
          0,
          0,
          0,
          0,
          0
        ],
        "instructor_counts": [
          0,
          0,
          0,
          0,
          0,
          0,
          0,
          0,
          0,
          0,
          0,
          1,
          1,
          1,
          1,
          1,
          1,
          1,
          1,
          1,
          1,
          1,
          0,
          0,
          1,
          1,
          1,
          1,
          1,
          1,
          1,
          1,
          1,
          1,
          1,
          0,
          0,
          1,
          1,
          1,
          1,
          1,
          1,
          1,
          1,
          1,
          1,
          1,
          0,
          0,
          0,
          0,
          0,
          0,
          0,
          0,
          0,
          0,
          0,
          0,
          0,
          0,
          0,
          0,
          0,
          1,
          1,
          1,
          1,
          1,
          1,
          1,
          1,
          1,
          1,
          1,
          1,
          1,
          1,
          1,
          1,
          1,
          1,
          1,
          1,
          1,
          1,
          1,
          1,
          1,
          0,
          0,
          0,
          0,
          0,
          0,
          0,
          0,
          0,
          0,
          0,
          0,
          0,
          0,
          0,
          0,
          0,
          0,
          0,
          0,
          0,
          0,
          0,
          0,
          0,
          0,
          0,
          0,
          0,
          0
        ]
      }
    },
    {
      "type": "Feature",
      "geometry": {
        "type": "Polygon",
        "coordinates": [
          [
            [
              -89.40226350684006,
              43.072654404935946
            ],
            [
              -89.40226459540223,
              43.07265523240591
            ],
            [
              -89.4022659118723,
              43.072656458726
            ],
            [
              -89.40226709934504,
              43.07265781034095
            ],
            [
              -89.40226814595684,
              43.072659273747306
            ],
            [
              -89.40226904125144,
              43.072660834324765
            ],
            [
              -89.40226977628433,
              43.072662476482215
            ],
            [
              -89.40227034371206,
              43.07266418381353
            ],
            [
              -89.40227073786569,
              43.072665939261434
            ],
            [
              -89.40227095480742,
              43.07266772528795
            ],
            [
              -89.40227099236984,
              43.07266952404961
            ],
            [
              -89.40226799236983,
              43.07277252404961
            ],
            [
              -89.4022678584948,
              43.07277425259035
            ],
            [
              -89.402267558945,
              43.07277596023361
            ],
            [
              -89.40226709649937,
              43.07277763113745
            ],
            [
              -89.40226647544806,
              43.072779249800746
            ],
            [
              -89.40226570155262,
              43.072780801207024
            ],
            [
              -89.40226478199254,
              43.072782270963756
            ],
            [
              -89.40226372529865,
              43.072783645435884
            ],
            [
              -89.402262541274,
              43.07278491187231
            ],
            [
              -89.40226124090287,
              43.072786058524194
            ],
            [
              -89.40225983624894,
              43.072787074753954
            ],
            [
              -89.40225965177784,
              43.0727871828268
            ],
            [
              -89.40225699513447,
              43.072901418491504
            ],
            [
              -89.40225699458259,
              43.07290144158485
            ],
            [
              -89.4022530718131,
              43.07306129444143
            ],
            [
              -89.40225307629937,
              43.073061307900225
            ],
            [
              -89.4022535308116,
              43.073062917029965
            ],
            [
              -89.40225383404594,
              43.07306456139271
            ],
            [
              -89.40225398338566,
              43.07306622679884
            ],
            [
              -89.4022539775421,
              43.073067898877106
            ],
            [
              -89.4022509775421,
              43.073127898877104
            ],
            [
              -89.40225079423837,
              43.0731297138682
            ],
            [
              -89.40225042817063,
              43.07313150098525
            ],
            [
              -89.40224988309875,
              43.073133241872824
            ],
            [
              -89.40224916462114,
              43.07313491865035
            ],
            [
              -89.40224828011725,
              43.07313651409567
            ],
            [
              -89.4022472386718,
              43.07313801182205
            ],
            [
              -89.40224605098145,
              43.073139396446386
            ],
            [
              -89.40224472924491,
              43.073140653747245
            ],
            [
              -89.40224328703769,
              43.07314177081093
            ],
            [
              -89.40224173917267,
              43.073142736164115
            ],
            [
              -89.40224010154789,
              43.0731435398917
            ],
            [
              -89.40223839098336,
              43.073144173738626
            ],
            [
              -89.40223662504823,
              43.073144631194666
            ],
            [
              -89.40223482188034,
              43.07314490756131
            ],
            [
              -89.402233,
              43.073145
            ],
            [
              -89.4021665325474,
              43.073145
            ],
            [
              -89.40216599377055,
              43.07316547352028
            ],
            [
              -89.40216586135071,
              43.073167229832045
            ],
            [
              -89.40216555791581,
              43.07316896479409
            ],
            [
              -89.40216508637114,
              43.07317066179488
            ],
            [
              -89.40216445123153,
              43.07317230458632
            ],
            [
              -89.40216365857817,
              43.073173877439366
            ],
            [
              -89.4021627160004,
              43.0731753652946
            ],
            [
              -89.40216163252302,
              43.073176753906424
            ],
            [
              -89.40216041851986,
              43.07317802997945
            ],
            [
              -89.4021590856145,
              43.07317918129582
            ],
            [
              -89.40215764656898,
              43.07318019683213
            ],
            [
              -89.40215611516155,
              43.07318106686507
            ],
            [
              -89.40215450605479,
              43.07318178306441
            ],
            [
              -89.40215283465525,
              43.073182338572856
            ],
            [
              -89.40215111696588,
              43.07318272807163
            ],
            [
              -89.40214936943286,
              43.07318294783145
            ],
            [
              -89.40214760878808,
              43.073182995748205
            ],
            [
              -89.40210160878809,
              43.0731819957482
            ],
            [
              -89.40210006919727,
              43.07318189614486
            ],
            [
              -89.40209854379108,
              43.073181665067786
            ],
            [
              -89.40205254379109,
              43.07317266506779
            ],
            [
              -89.40205042745114,
              43.073172115685765
            ],
            [
              -89.40200742745114,
              43.073158115685764
            ],
            [
              -89.40200589377942,
              43.07315753788466
            ],
            [
              -89.4020044190192,
              43.07315682298229
            ],
            [
              -89.40200301539646,
              43.0731559769053
            ],
            [
              -89.40196701539647,
              43.0731319769053
            ],
            [
              -89.40196540555658,
              43.07313076840157
            ],
            [
              -89.40194640555657,
              43.07311476840157
            ],
            [
              -89.40194491830958,
              43.07311336403558
            ],
            [
              -89.4019436,
              43.0731118
            ],
            [
              -89.4019316,
              43.0730958
            ],
            [
              -89.40193076780888,
              43.07309459063885
            ],
            [
              -89.40191376780888,
              43.07306759063886
            ],
            [
              -89.40191284648284,
              43.07306594127722
            ],
            [
              -89.40191210310654,
              43.07306420443321
            ],
            [
              -89.40191154586908,
              43.07306239924018
            ],
            [
              -89.40191118090911,
              43.07306054558442
            ],
            [
              -89.40190838868277,
              43.073040999999996
            ],
            [
              -89.40181555562411,
              43.073040999999996
            ],
            [
              -89.40181499437763,
              43.07306344985944
            ],
            [
              -89.40181486590971,
              43.07306519300483
            ],
            [
              -89.4018145689806,
              43.07306691547195
            ],
            [
              -89.40181410639012,
              43.073068601019315
            ],
            [
              -89.4018134825001,
              43.07307023375356
            ],
            [
              -89.40181270319334,
              43.073071798279315
            ],
            [
              -89.40181177581808,
              43.073073279844365
            ],
            [
              -89.40181070911872,
              43.07307466447873
            ],
            [
              -89.40180951315337,
              43.07307593912643
            ],
            [
              -89.40180819919902,
              43.07307709176856
            ],
            [
              -89.40180677964524,
              43.07307811153662
            ],
            [
              -89.40180526787724,
              43.07307898881503
            ],
            [
              -89.4018036781498,
              43.07307971533174
            ],
            [
              -89.40180202545277,
              43.0730802842363
            ],
            [
              -89.40180032536976,
              43.07308069016438
            ],
            [
              -89.40179859393118,
              43.07308092928842
            ],
            [
              -89.4017968474631,
              43.073080999353664
            ],
            [
              -89.40169685629327,
              43.07308015197087
            ],
            [
              -89.40169664385412,
              43.07308156292181
            ],
            [
              -89.40169620198256,
              43.07308330016945
            ],
            [
              -89.4016955895098,
              43.07308498485251
            ],
            [
              -89.40169481251009,
              43.073086600263075
            ],
            [
              -89.40169387868931,
              43.07308813038027
            ],
            [
              -89.40169279730868,
              43.07308956002911
            ],
            [
              -89.40169157909284,
              43.07309087503101
            ],
            [
              -89.40169023612344,
              43.0730920623444
            ],
            [
              -89.40168878171946,
              43.07309311019406
            ],
            [
              -89.40168723030497,
              43.07309400818791
            ],
            [
              -89.40168559726618,
              43.07309474742007
            ],
            [
              -89.40168389879881,
              43.07309532055918
            ],
            [
              -89.40168215174745,
              43.07309572192112
            ],
            [
              -89.40168037343854,
              43.07309594752537
            ],
            [
              -89.4016785815085,
              43.07309599513448
            ],
            [
              -89.4015495815085,
              43.07309299513448
            ],
            [
              -89.40154784565979,
              43.073092870613266
            ],
            [
              -89.40154612994935,
              43.07309257904173
            ],
            [
              -89.40154445041524,
              43.07309212314542
            ],
            [
              -89.40154282275736,
              43.07309150718596
            ],
            [
              -89.40154126219066,
              43.07309073692117
            ],
            [
              -89.40153978330295,
              43.07308981955133
            ],
            [
              -89.40153839991855,
              43.07308876365178
            ],
            [
              -89.401537124969,
              43.073087579092835
            ],
            [
              -89.40153597037222,
              43.07308627694747
            ],
            [
              -89.40153494692112,
              43.07308486938784
            ],
            [
              -89.40153406418268,
              43.07308336957147
            ],
            [
              -89.40153333040855,
              43.07308179151831
            ],
            [
              -89.40153275245785,
              43.073080149979624
            ],
            [
              -89.40153233573317,
              43.07307846030013
            ],
            [
              -89.4015320841299,
              43.07307673827456
            ],
            [
              -89.40153203857628,
              43.07307579705507
            ],
            [
              -89.40128579546774,
              43.07307299883792
            ],
            [
              -89.40128402749365,
              43.07307289159631
            ],
            [
              -89.40128227861896,
              43.07307261111362
            ],
            [
              -89.40128056577774,
              43.07307216010572
            ],
            [
              -89.4012789055551,
              43.07307154293963
            ],
            [
              -89.40127731402669,
              43.073070765591254
            ],
            [
              -89.40127580660298,
              43.073069835587525
            ],
            [
              -89.40127439788009,
              43.07306876193349
            ],
            [
              -89.4012731014984,
              43.073067555025155
            ],
            [
              -89.40127193001058,
              43.07306622654879
            ],
            [
              -89.4012708947599,
              43.073064789367784
            ],
            [
              -89.40127000577053,
              43.07306325739812
            ],
            [
              -89.40126927165038,
              43.07306164547356
            ],
            [
              -89.4012686995078,
              43.073059969202085
            ],
            [
              -89.40126829488274,
              43.07305824481473
            ],
            [
              -89.40126806169312,
              43.07305648900842
            ],
            [
              -89.40126800219686,
              43.07305471878432
            ],
            [
              -89.40126871655286,
              43.073009
            ],
            [
              -89.4012667039263,
              43.073009
            ],
            [
              -89.40125495986443,
              43.073042030174015
            ],
            [
              -89.40125432762702,
              43.073043576846075
            ],
            [
              -89.4012535546939,
              43.0730450582282
            ],
            [
              -89.40125264772547,
              43.07304646155528
            ],
            [
              -89.40125161453712,
              43.073047774734796
            ],
            [
              -89.40121961453711,
              43.073084774734795
            ],
            [
              -89.4012182161647,
              43.073086219883514
            ],
            [
              -89.4012166653202,
              43.073087500032585
            ],
            [
              -89.40121498136001,
              43.073088599204226
            ],
            [
              -89.40118198136001,
              43.07310759920423
            ],
            [
              -89.40118014720751,
              43.073108520212614
            ],
            [
              -89.40117822013312,
              43.073109226439286
            ],
            [
              -89.40114522013312,
              43.07311922643928
            ],
            [
              -89.40114321993788,
              43.07311970965838
            ],
            [
              -89.40111050347146,
              43.07312565810682
            ],
            [
              -89.40110999174124,
              43.07314254520428
            ],
            [
              -89.40110984843683,
              43.07314433094457
            ],
            [
              -89.40110952833352,
              43.07314609359553
            ],
            [
              -89.40110903460206,
              43.0731478156971
            ],
            [
              -89.40110837213318,
              43.07314948019087
            ],
            [
              -89.40110754748898,
              43.07315107058909
            ],
            [
              -89.40110656883806,
              43.07315257113796
            ],
            [
              -89.40110544587449,
              43.07315396697369
            ],
            [
              -89.40110418972188,
              43.07315524426973
            ],
            [
              -89.40110281282313,
              43.073156390373725
            ],
            [
              -89.4011013288172,
              43.07315739393288
            ],
            [
              -89.40109975240404,
              43.07315824500636
            ],
            [
              -89.40109809919889,
              43.0731589351638
            ],
            [
              -89.4010963855777,
              43.07315945756879
            ],
            [
              -89.40109462851487,
              43.07315980704662
            ],
            [
              -89.4010928454151,
              43.073159980135515
            ],
            [
              -89.40109105394102,
              43.07315997512092
            ],
            [
              -89.40105305394101,
              43.07315797512093
            ],
            [
              -89.40105046990956,
              43.07315765045217
            ],
            [
              -89.40103979138226,
              43.0731555147467
            ],
            [
              -89.40103954461054,
              43.07315609054737
            ],
            [
              -89.40103877330101,
              43.07315767196488
            ],
            [
              -89.40103785127859,
              43.07315917052231
            ],
            [
              -89.40103678735312,
              43.07316057190104
            ],
            [
              -89.40103559169037,
              43.073161862710975
            ],
            [
              -89.40103427571479,
              43.07316303061851
            ],
            [
              -89.40103285200047,
              43.073164064464365
            ],
            [
              -89.4010313341509,
              43.073164954370206
            ],
            [
              -89.40102973666905,
              43.07316569183304
            ],
            [
              -89.40102807481873,
              43.07316626980645
            ],
            [
              -89.40102636447884,
              43.07316668276794
            ],
            [
              -89.40102462199157,
              43.07316692677169
            ],
            [
              -89.40102286400626,
              43.07316699948626
            ],
            [
              -89.40102110732037,
              43.07316690021687
            ],
            [
              -89.40101936871892,
              43.073166629912016
            ],
            [
              -89.40101766481413,
              43.07316619115446
            ],
            [
              -89.40098866481414,
              43.073157191154465
            ],
            [
              -89.40098707692307,
              43.07315661538462
            ],
            [
              -89.40096307692308,
              43.073146615384616
            ],
            [
              -89.40096171429104,
              43.07314597958157
            ],
            [
              -89.40093471429104,
              43.07313197958157
            ],
            [
              -89.40093285993716,
              43.07313087209217
            ],
            [
              -89.40091085993716,
              43.073115872092174
            ],
            [
              -89.4009095158566,
              43.07311486053571
            ],
            [
              -89.40090827207793,
              43.07311372792206
            ],
            [
              -89.40089027207793,
              43.07309572792206
            ],
            [
              -89.400889029948,
              43.07309435066725
            ],
            [
              -89.40087602994801,
              43.07307835066725
            ],
            [
              -89.40087456512734,
              43.0730762609236
            ],
            [
              -89.40085656512734,
              43.0730462609236
            ],
            [
              -89.40085572936852,
              43.07304469847718
            ],
            [
              -89.40085505128073,
              43.07304306142844
            ],
            [
              -89.40085453743501,
              43.07304136564125
            ],
            [
              -89.400846537435,
              43.073009365641255
            ],
            [
              -89.40084618842481,
              43.0730075976507
            ],
            [
              -89.4008460179481,
              43.07300580362271
            ],
            [
              -89.40084602771364,
              43.07300400153965
            ],
            [
              -89.40084802771364,
              43.07296800153965
            ],
            [
              -89.40084818694595,
              43.072966412509786
            ],
            [
              -89.40084848639398,
              43.07296484384738
            ],
            [
              -89.40084892370064,
              43.0729633079002
            ],
            [
              -89.40085592370065,
              43.0729423079002
            ],
            [
              -89.40085690031056,
              43.07293995015528
            ],
            [
              -89.40086590031055,
              43.07292195015528
            ],
            [
              -89.4008667389719,
              43.072920455314495
            ],
            [
              -89.40086771601412,
              43.072919047021074
            ],
            [
              -89.40086882257778,
              43.07291773804487
            ],
            [
              -89.400870048629,
              43.07291654025514
            ],
            [
              -89.40087138305047,
              43.07291546451298
            ],
            [
              -89.40087281374217,
              43.07291452057277
            ],
            [
              -89.40087432773116,
              43.072913716993796
            ],
            [
              -89.4008759112892,
              43.07291306106258
            ],
            [
              -89.40087755005723,
              43.07291255872684
            ],
            [
              -89.40087922917556,
              43.07291221454156
            ],
            [
              -89.4008809334186,
              43.07291203162767
            ],
            [
              -89.40088264733298,
              43.072912011643766
            ],
            [
              -89.4008843553776,
              43.072912154771046
            ],
            [
              -89.4008860420646,
              43.072912459711695
            ],
            [
              -89.40088769209979,
              43.072912923700635
            ],
            [
              -89.40089324316513,
              43.07291477405575
            ],
            [
              -89.40090239759651,
              43.07290421125031
            ],
            [
              -89.40090353442709,
              43.07290301502822
            ],
            [
              -89.4009285344271,
              43.07287901502822
            ],
            [
              -89.4009297308139,
              43.0728779641372
            ],
            [
              -89.40093101539647,
              43.072877023094705
            ],
            [
              -89.40094039750286,
              43.072870768357106
            ],
            [
              -89.40090616489451,
              43.072834
            ],
            [
              -89.40087,
              43.072834
            ],
            [
              -89.40086820185148,
              43.072833909959854
            ],
            [
              -89.40086642169246,
              43.072833640740214
            ],
            [
              -89.40086467733248,
              43.07283319503448
            ],
            [
              -89.40086298622293,
              43.07283257730169
            ],
            [
              -89.40086136528242,
              43.07283179372193
            ],
            [
              -89.40085983072763,
              43.07283085213451
            ],
            [
              -89.40085839791091,
              43.07282976195948
            ],
            [
              -89.40085708116683,
              43.07282853410347
            ],
            [
              -89.40085589366872,
              43.07282718085051
            ],
            [
              -89.40085484729686,
              43.072825715739164
            ],
            [
              -89.40085395251961,
              43.07282415342709
            ],
            [
              -89.40085321828876,
              43.07282250954437
            ],
            [
              -89.40085265194988,
              43.07282080053717
            ],
            [
              -89.40085225916889,
              43.07281904350319
            ],
            [
              -89.40085204387535,
              43.07281725602059
            ],
            [
              -89.40085200822315,
              43.07281545597219
            ],
            [
              -89.40086600822316,
              43.07235245597219
            ],
            [
              -89.40086614834269,
              43.072350693849266
            ],
            [
              -89.40086646062662,
              43.07234895396725
            ],
            [
              -89.4008669420632,
              43.07234725310586
            ],
            [
              -89.40086758800943,
              43.07234560766848
            ],
            [
              -89.40086839223565,
              43.072344033524004
            ],
            [
              -89.40086934698579,
              43.07234254585373
            ],
            [
              -89.40087044305207,
              43.072341159005
            ],
            [
              -89.40087166986383,
              43.07233988635283
            ],
            [
              -89.40087301558953,
              43.072338740170885
            ],
            [
              -89.40087446725072,
              43.07233773151314
            ],
            [
              -89.40087601084736,
              43.07233687010726
            ],
            [
              -89.40087763149272,
              43.07233616426078
            ],
            [
              -89.40087931355706,
              43.07233562078102
            ],
            [
              -89.40088104081823,
              43.07233524490937
            ],
            [
              -89.4008861216228,
              43.07233439810861
            ],
            [
              -89.40088839925663,
              43.07232699579867
            ],
            [
              -89.40089119914565,
              43.07230832987185
            ],
            [
              -89.40089160292625,
              43.0723063802787
            ],
            [
              -89.40089221954997,
              43.07230448720515
            ],
            [
              -89.40089304147277,
              43.072302673811876
            ],
            [
              -89.40090504147277,
              43.07227967381188
            ],
            [
              -89.40090571112637,
              43.072278499981934
            ],
            [
              -89.4009064669598,
              43.07227737970139
            ],
            [
              -89.4009254669598,
              43.07225137970139
            ],
            [
              -89.40092687347054,
              43.072249683579095
            ],
            [
              -89.40092847668082,
              43.07224817201697
            ],
            [
              -89.40095247668081,
              43.07222817201697
            ],
            [
              -89.40095440936115,
              43.07222676780888
            ],
            [
              -89.40098140936115,
              43.07220976780888
            ],
            [
              -89.4009827476765,
              43.07220900315166
            ],
            [
              -89.4009841465035,
              43.07220835579423
            ],
            [
              -89.4010181465035,
              43.07219435579423
            ],
            [
              -89.4010196969468,
              43.072193798906234
            ],
            [
              -89.40102129181135,
              43.072193386103876
            ],
            [
              -89.40105929181134,
              43.072185386103875
            ],
            [
              -89.4010619110889,
              43.07218503296706
            ],
            [
              -89.4010949110889,
              43.07218303296706
            ],
            [
              -89.401096,
              43.072183
            ],
            [
              -89.401159,
              43.072183
            ],
            [
              -89.40116074387481,
              43.07218308467414
            ],
            [
              -89.40116247134283,
              43.07218333789992
            ],
            [
              -89.40116416615162,
              43.072183757294944
            ],
            [
              -89.40116581235603,
              43.07218433891344
            ],
            [
              -89.40116739446817,
              43.07218507728339
            ],
            [
              -89.40116889760317,
              43.072185965458054
            ],
            [
              -89.40117030761917,
              43.07218699508125
            ],
            [
              -89.40117161125038,
              43.07218815646606
            ],
            [
              -89.40117279623196,
              43.072189438685896
            ],
            [
              -89.40117385141531,
              43.07219082967732
            ],
            [
              -89.40117476687301,
              43.07219231635355
            ],
            [
              -89.40117553399223,
              43.0721938847276
            ],
            [
              -89.40117614555571,
              43.07219552004382
            ],
            [
              -89.40117659580973,
              43.07219720691677
            ],
            [
              -89.40117688051818,
              43.07219892947595
            ],
            [
              -89.40117699700247,
              43.07220067151511
            ],
            [
              -89.40117694416668,
              43.07220241664474
            ],
            [
              -89.4011754546267,
              43.07222128415119
            ],
            [
              -89.40122426467727,
              43.07222200194605
            ],
            [
              -89.40122601108206,
              43.07222211269867
            ],
            [
              -89.40122773847966,
              43.07222239250814
            ],
            [
              -89.40122943054406,
              43.07222283872991
            ],
            [
              -89.40123107128319,
              43.072223447146655
            ],
            [
              -89.40123264519006,
              43.07222421200808
            ],
            [
              -89.40123413738932,
              43.07222512608533
            ],
            [
              -89.40123553377786,
              43.07222618073923
            ],
            [
              -89.40123682115811,
              43.07222736600204
            ],
            [
              -89.40123798736276,
              43.07222867067156
            ],
            [
              -89.40123902136973,
              43.07223008241707
            ],
            [
              -89.40123991340641,
              43.07223158789586
            ],
            [
              -89.40124065504197,
              43.07223317287931
            ],
            [
              -89.40124123926702,
              43.07223482238739
            ],
            [
              -89.40124166055995,
              43.07223652083023
            ],
            [
              -89.401241914939,
              43.072238252155486
            ],
            [
              -89.401242,
              43.07224
            ],
            [
              -89.401242,
              43.072302
            ],
            [
              -89.40124191171974,
              43.0723037805325
            ],
            [
              -89.40124164774488,
              43.07230554359991
            ],
            [
              -89.40124121066476,
              43.07230727190843
            ],
            [
              -89.40124060476663,
              43.07230894850524
            ],
            [
              -89.4012398359937,
              43.07231055694473
            ],
            [
              -89.40123891188684,
              43.07231208144985
            ],
            [
              -89.40123784151048,
              43.07231350706686
            ],
            [
              -89.40123663536389,
              43.07231481981199
            ],
            [
              -89.40123530527804,
              43.07231600680864
            ],
            [
              -89.40123386429966,
              43.07231705641366
            ],
            [
              -89.40123232656316,
              43.07231795833155
            ],
            [
              -89.4012307071521,
              43.072318703715474
            ],
            [
              -89.40122902195112,
              43.07231928525403
            ],
            [
              -89.40122728749026,
              43.072319697242946
            ],
            [
              -89.40122552078266,
              43.072319935641055
            ],
            [
              -89.40122373915783,
              43.07231999810994
            ],
            [
              -89.40117258972057,
              43.07231925681375
            ],
            [
              -89.40116933113686,
              43.07246263449706
            ],
            [
              -89.40118190474824,
              43.07246542863292
            ],
            [
              -89.40118326723334,
              43.07246578790387
            ],
            [
              -89.40118459744133,
              43.07246625264893
            ],
            [
              -89.40121759744133,
              43.07247925264893
            ],
            [
              -89.40121910062196,
              43.072479925799435
            ],
            [
              -89.4012205359803,
              43.07248073353087
            ],
            [
              -89.40122189149882,
              43.07248166908051
            ],
            [
              -89.40124689149881,
              43.07250066908051
            ],
            [
              -89.40124805831375,
              43.07250163597855
            ],
            [
              -89.40124913966542,
              43.07250269759405
            ],
            [
              -89.40125012788977,
              43.0725038464028
            ],
            [
              -89.40126512788977,
              43.0725228464028
            ],
            [
              -89.40126605149027,
              43.072524128189585
            ],
            [
              -89.40126685913783,
              43.07252548602634
            ],
            [
              -89.40126754461055,
              43.07252690945263
            ],
            [
              -89.40127354461055,
              43.07254090945263
            ],
            [
              -89.40127408164005,
              43.0725423239474
            ],
            [
              -89.40127435872883,
              43.07254329203208
            ],
            [
              -89.40145522930669,
              43.07254677031242
            ],
            [
              -89.40145945538947,
              43.07253690945262
            ],
            [
              -89.40146021782054,
              43.07253534420359
            ],
            [
              -89.40146112790782,
              43.07253385993716
            ],
            [
              -89.40147612790781,
              43.07251185993716
            ],
            [
              -89.4014771241727,
              43.072510534337475
            ],
            [
              -89.40147823820047,
              43.072509306045816
            ],
            [
              -89.40147946053645,
              43.072508185486576
            ],
            [
              -89.40148078080679,
              43.07250718216985
            ],
            [
              -89.4015097808068,
              43.07248718216985
            ],
            [
              -89.40151107558795,
              43.07248636814568
            ],
            [
              -89.4015124347982,
              43.07248566697451
            ],
            [
              -89.40151384862487,
              43.07248508371838
            ],
            [
              -89.40154684862487,
              43.07247308371838
            ],
            [
              -89.40154922847641,
              43.072472399556545
            ],
            [
              -89.40156340633813,
              43.07246936144332
            ],
            [
              -89.40156748434501,
              43.072325
            ],
            [
              -89.40152,
              43.072325
            ],
            [
              -89.40151820016459,
              43.07232490979041
            ],
            [
              -89.40151641836945,
              43.07232464006584
            ],
            [
              -89.40151467247402,
              43.0723241935298
            ],
            [
              -89.40151297997792,
              43.072323574658064
            ],
            [
              -89.40151135784552,
              43.07232278965376
            ],
            [
              -89.40150982233592,
              43.072321846385215
            ],
            [
              -89.40150838883999,
              43.07232075430707
            ],
            [
              -89.40150707172604,
              43.072319524365554
            ],
            [
              -89.40150588419591,
              43.07231816888871
            ],
            [
              -89.40150483815256,
              43.07231670146288
            ],
            [
              -89.40150394408076,
              43.07231513679649
            ],
            [
              -89.40150321094207,
              43.072313490572654
            ],
            [
              -89.40150264608492,
              43.07231177929194
            ],
            [
              -89.40150225517108,
              43.072310020107
            ],
            [
              -89.40150204211875,
              43.07230823065066
            ],
            [
              -89.40150200906345,
              43.07230642885916
            ],
            [
              -89.40150400906344,
              43.07224342885915
            ],
            [
              -89.40150415153413,
              43.07224166927778
            ],
            [
              -89.40150446568197,
              43.072239932114684
            ],
            [
              -89.40150494848528,
              43.07223823407892
            ],
            [
              -89.40150559530021,
              43.07223659150321
            ],
            [
              -89.40150639990527,
              43.072235020186824
            ],
            [
              -89.40150735456133,
              43.07223353524362
            ],
            [
              -89.4015084500859,
              43.07223215095666
            ],
            [
              -89.40150967594161,
              43.07223088064084
            ],
            [
              -89.40151102033742,
              43.07222973651481
            ],
            [
              -89.40151247034217,
              43.07222872958345
            ],
            [
              -89.40151401200882,
              43.07222786953203
            ],
            [
              -89.40151563050871,
              43.072227164633034
            ],
            [
              -89.40151731027416,
              43.0722266216666
            ],
            [
              -89.40151903514817,
              43.07222624585531
            ],
            [
              -89.4015207885399,
              43.07222604081392
            ],
            [
              -89.40152255358416,
              43.07222600851466
            ],
            [
              -89.4015694818615,
              43.07222745246166
            ],
            [
              -89.40157000622945,
              43.07220752647973
            ],
            [
              -89.40157014645122,
              43.07220570853853
            ],
            [
              -89.4015704698687,
              43.07220391411008
            ],
            [
              -89.40157097316332,
              43.072202161607045
            ],
            [
              -89.40157165117074,
              43.07220046901192
            ],
            [
              -89.40157249693391,
              43.07219885369245
            ],
            [
              -89.40157350177445,
              43.07219733222348
            ],
            [
              -89.40157465538167,
              43.072195920216835
            ],
            [
              -89.40157594591834,
              43.072194632161164
            ],
            [
              -89.40157736014227,
              43.072193481273224
            ],
            [
              -89.40157888354204,
              43.07219247936232
            ],
            [
              -89.40158050048602,
              43.07219163670907
            ],
            [
              -89.40158219438271,
              43.072190961959976
            ],
            [
              -89.401583947851,
              43.07219046203865
            ],
            [
              -89.40158574289848,
              43.072190142074795
            ],
            [
              -89.40158756110614,
              43.07219000535157
            ],
            [
              -89.40162856110614,
              43.07218900535157
            ],
            [
              -89.4016301389081,
              43.072189036067016
            ],
            [
              -89.40163170795594,
              43.072189204860926
            ],
            [
              -89.40167770795594,
              43.07219620486093
            ],
            [
              -89.40167914956281,
              43.07219648483148
            ],
            [
              -89.40168056354929,
              43.072196881386766
            ],
            [
              -89.40172056354929,
              43.07220988138676
            ],
            [
              -89.40172195769622,
              43.07221039908246
            ],
            [
              -89.40172330434926,
              43.07221103009758
            ],
            [
              -89.40174830434927,
              43.07222403009758
            ],
            [
              -89.4017504622875,
              43.07222535279752
            ],
            [
              -89.40176446228749,
              43.07223535279751
            ],
            [
              -89.401765172653,
              43.07223588717516
            ],
            [
              -89.401789172653,
              43.07225488717516
            ],
            [
              -89.40179076346449,
              43.07225630771991
            ],
            [
              -89.40179217509001,
              43.072257906451284
            ],
            [
              -89.40181017509002,
              43.07228090645128
            ],
            [
              -89.40181140049437,
              43.0722826820188
            ],
            [
              -89.4018124046708,
              43.072284591438994
            ],
            [
              -89.4018264046708,
              43.07231559143899
            ],
            [
              -89.40182699940394,
              43.07231708220768
            ],
            [
              -89.40182745897613,
              43.07231862002827
            ],
            [
              -89.40182777973337,
              43.07232019267367
            ],
            [
              -89.40183077973337,
              43.072339192673674
            ],
            [
              -89.40183094484885,
              43.07234059202286
            ],
            [
              -89.401831,
              43.072342
            ],
            [
              -89.401831,
              43.07235027905287
            ],
            [
              -89.401923,
              43.07235171655287
            ],
            [
              -89.401923,
              43.072325
            ],
            [
              -89.40192308793243,
              43.072323222969935
            ],
            [
              -89.40192335087065,
              43.07232146330194
            ],
            [
              -89.40192378624563,
              43.07231973818844
            ],
            [
              -89.40192438980368,
              43.07231806448427
            ],
            [
              -89.40192515564786,
              43.07231645854197
            ],
            [
              -89.40192607629565,
              43.07231493605204
            ],
            [
              -89.40192714275209,
              43.072313511889604
            ],
            [
              -89.4019283445976,
              43.07231219996913
            ],
            [
              -89.40192967008983,
              43.07231101310844
            ],
            [
              -89.40193110627835,
              43.07230996290347
            ],
            [
              -89.40193263913123,
              43.072309059615016
            ],
            [
              -89.40193425367205,
              43.07230831206845
            ],
            [
              -89.40193593412634,
              43.072307727567505
            ],
            [
              -89.40193766407559,
              43.07230731182292
            ],
            [
              -89.40193942661773,
              43.07230706889663
            ],
            [
              -89.40194120453224,
              43.07230700116207
            ],
            [
              -89.40202920453224,
              43.07230800116207
            ],
            [
              -89.40203095503456,
              43.07230810648609
            ],
            [
              -89.40203268698004,
              43.07230838165223
            ],
            [
              -89.40203438392935,
              43.07230882404865
            ],
            [
              -89.40203602977533,
              43.072309429476206
            ],
            [
              -89.40203760889591,
              43.07231019218828
            ],
            [
              -89.40203910630235,
              43.072311104945356
            ],
            [
              -89.40204050778154,
              43.072312159083694
            ],
            [
              -89.40204180003086,
              43.0723133445976
            ],
            [
              -89.40204297078454,
              43.072314650234375
            ],
            [
              -89.40204400892993,
              43.07231606360115
            ],
            [
              -89.4020449046132,
              43.07231757128249
            ],
            [
              -89.40204564933265,
              43.07231915896775
            ],
            [
              -89.40204623601953,
              43.07232081158689
            ],
            [
              -89.40204665910512,
              43.07232251345355
            ],
            [
              -89.40204691457356,
              43.0723242484139
            ],
            [
              -89.402047,
              43.072326
            ],
            [
              -89.402047,
              43.072352393825426
            ],
            [
              -89.40225539813267,
              43.072357004403585
            ],
            [
              -89.4022571733605,
              43.07235713168995
            ],
            [
              -89.40225892734014,
              43.072357433668586
            ],
            [
              -89.40226064292355,
              43.07235790738716
            ],
            [
              -89.40226230333805,
              43.07235854821428
            ],
            [
              -89.40226389235033,
              43.072359349884806
            ],
            [
              -89.40226539442519,
              43.07236030456109
            ],
            [
              -89.40226679487736,
              43.07236140290958
            ],
            [
              -89.4022680800151,
              43.07236263419211
            ],
            [
              -89.40226923727407,
              43.07236398637086
            ],
            [
              -89.40227025534016,
              43.072365446226044
            ],
            [
              -89.40227112426005,
              43.07236699948516
            ],
            [
              -89.40227183553866,
              43.07236863096254
            ],
            [
              -89.40227238222202,
              43.0723703247078
            ],
            [
              -89.40227275896545,
              43.072372064161755
            ],
            [
              -89.40227296208562,
              43.07237383231839
            ],
            [
              -89.4022729895967,
              43.07237561189105
            ],
            [
              -89.40226350684006,
              43.072654404935946
            ]
          ]
        ]
      },
      "properties": {
        "building": "university",
        "name": "Grainger Hall",
        "@id": "way/153060483",
        "addr:street": "University Avenue",
        "addr:housenumber": "975",
        "person_counts": [
          0,
          0,
          0,
          0,
          0,
          0,
          0,
          0,
          0,
          0,
          0,
          0,
          0,
          0,
          0,
          0,
          0,
          0,
          0,
          0,
          0,
          0,
          0,
          0,
          0,
          0,
          0,
          0,
          0,
          0,
          0,
          0,
          0,
          0,
          0,
          0,
          0,
          50,
          50,
          50,
          50,
          50,
          50,
          50,
          50,
          50,
          50,
          50,
          0,
          0,
          0,
          0,
          0,
          0,
          0,
          0,
          0,
          0,
          0,
          0,
          0,
          0,
          0,
          0,
          0,
          0,
          0,
          0,
          0,
          0,
          0,
          0,
          0,
          0,
          0,
          0,
          0,
          0,
          0,
          0,
          0,
          0,
          0,
          0,
          0,
          0,
          0,
          0,
          0,
          0,
          0,
          0,
          0,
          0,
          0,
          0,
          0,
          0,
          0,
          0,
          0,
          0,
          0,
          0,
          0,
          0,
          0,
          0,
          0,
          0,
          0,
          0,
          0,
          0,
          0,
          0,
          0,
          0,
          0,
          0
        ],
        "instructor_counts": [
          0,
          0,
          0,
          0,
          0,
          0,
          0,
          0,
          0,
          0,
          0,
          0,
          0,
          0,
          0,
          0,
          0,
          0,
          0,
          0,
          0,
          0,
          0,
          0,
          0,
          0,
          0,
          0,
          0,
          0,
          0,
          0,
          0,
          0,
          0,
          0,
          0,
          1,
          1,
          1,
          1,
          1,
          1,
          1,
          1,
          1,
          1,
          1,
          0,
          0,
          0,
          0,
          0,
          0,
          0,
          0,
          0,
          0,
          0,
          0,
          0,
          0,
          0,
          0,
          0,
          0,
          0,
          0,
          0,
          0,
          0,
          0,
          0,
          0,
          0,
          0,
          0,
          0,
          0,
          0,
          0,
          0,
          0,
          0,
          0,
          0,
          0,
          0,
          0,
          0,
          0,
          0,
          0,
          0,
          0,
          0,
          0,
          0,
          0,
          0,
          0,
          0,
          0,
          0,
          0,
          0,
          0,
          0,
          0,
          0,
          0,
          0,
          0,
          0,
          0,
          0,
          0,
          0,
          0,
          0
        ]
      }
    },
    {
      "type": "Feature",
      "geometry": {
        "type": "Polygon",
        "coordinates": [
          [
            [
              -89.40558330596785,
              43.076422358489225
            ],
            [
              -89.40567919404343,
              43.076434134217806
            ],
            [
              -89.4056808885653,
              43.07643442504453
            ],
            [
              -89.4056825476102,
              43.07643487621476
            ],
            [
              -89.40568415604199,
              43.07643548361229
            ],
            [
              -89.40568569918628,
              43.07643624169558
            ],
            [
              -89.40568716296433,
              43.07643714354834
            ],
            [
              -89.4056885340215,
              43.076438180942574
            ],
            [
              -89.40568979984906,
              43.07643934441373
            ],
            [
              -89.40569094889837,
              43.076440623346976
            ],
            [
              -89.40569197068618,
              43.07644200607408
            ],
            [
              -89.40569285589028,
              43.07644347997986
            ],
            [
              -89.40569359643462,
              43.07644503161727
            ],
            [
              -89.4056941855629,
              43.076446646830085
            ],
            [
              -89.40569461790024,
              43.076448310882064
            ],
            [
              -89.40569488950227,
              43.07645000859137
            ],
            [
              -89.40569499789106,
              43.076451724469116
            ],
            [
              -89.40569494207773,
              43.07645344286064
            ],
            [
              -89.40569472257147,
              43.07645514808836
            ],
            [
              -89.40566772257147,
              43.07660714808836
            ],
            [
              -89.40566731766917,
              43.07660890900545
            ],
            [
              -89.40566673826596,
              43.076610620457124
            ],
            [
              -89.40566599020019,
              43.07661226519799
            ],
            [
              -89.40566508100972,
              43.076613826654864
            ],
            [
              -89.40566401985596,
              43.07661528909379
            ],
            [
              -89.40566281743162,
              43.07661663777855
            ],
            [
              -89.40566148585286,
              43.07661785911917
            ],
            [
              -89.4056600385373,
              43.07661894080884
            ],
            [
              -89.40565849006876,
              43.076619871947976
            ],
            [
              -89.40565685605034,
              43.076620643153966
            ],
            [
              -89.40565515294715,
              43.07662124665578
            ],
            [
              -89.40565339792047,
              43.07662167637227
            ],
            [
              -89.40565160865476,
              43.07662192797339
            ],
            [
              -89.40564980317951,
              43.076621998923905
            ],
            [
              -89.4056479996875,
              43.07662188850888
            ],
            [
              -89.4053510275293,
              43.076588680759556
            ],
            [
              -89.40532356233729,
              43.07671094516272
            ],
            [
              -89.4053230993787,
              43.07671262238809
            ],
            [
              -89.40532247664567,
              43.076714247078556
            ],
            [
              -89.4053216999569,
              43.07671580405322
            ],
            [
              -89.4053207765697,
              43.07671727876392
            ],
            [
              -89.40531971511207,
              43.07671865743113
            ],
            [
              -89.40531852550215,
              43.07671992717276
            ],
            [
              -89.40531721885552,
              43.0767210761245
            ],
            [
              -89.40531580738127,
              43.07672209355069
            ],
            [
              -89.40531430426809,
              43.076722969944626
            ],
            [
              -89.40531272356087,
              43.07672369711739
            ],
            [
              -89.40531108002953,
              43.076724268274376
            ],
            [
              -89.40530998120374,
              43.07672453456889
            ],
            [
              -89.4053010953863,
              43.07676321400948
            ],
            [
              -89.40535386337888,
              43.07676873624126
            ],
            [
              -89.40535437349287,
              43.076768258663385
            ],
            [
              -89.4053558106778,
              43.07676716161353
            ],
            [
              -89.40535735066855,
              43.07676621427653
            ],
            [
              -89.40535897792729,
              43.076765426210606
            ],
            [
              -89.40536067603568,
              43.076764805367006
            ],
            [
              -89.40536242786057,
              43.076764358009754
            ],
            [
              -89.40536421572678,
              43.07676408865251
            ],
            [
              -89.40536602159553,
              43.07676400001296
            ],
            [
              -89.40536782724638,
              43.076764092985435
            ],
            [
              -89.40541682724638,
              43.07676909298544
            ],
            [
              -89.40541857108079,
              43.076769357795435
            ],
            [
              -89.40542028062531,
              43.076769792007774
            ],
            [
              -89.40542193946467,
              43.0767703914531
            ],
            [
              -89.40542353167056,
              43.076771150375485
            ],
            [
              -89.40542504195444,
              43.07677206148766
            ],
            [
              -89.40542645581439,
              43.07677311604103
            ],
            [
              -89.40542775967438,
              43.07677430390967
            ],
            [
              -89.40542894101462,
              43.07677561368754
            ],
            [
              -89.40542998849173,
              43.07677703279799
            ],
            [
              -89.40543089204773,
              43.076778547614595
            ],
            [
              -89.40543164300658,
              43.076780143591904
            ],
            [
              -89.4054322341575,
              43.07678180540518
            ],
            [
              -89.40543265982419,
              43.07678351709752
            ],
            [
              -89.40543291591935,
              43.07678526223306
            ],
            [
              -89.40543299998393,
              43.07678702405482
            ],
            [
              -89.40543291121074,
              43.07678878564561
            ],
            [
              -89.40543265045217,
              43.076790530090435
            ],
            [
              -89.40543048873315,
              43.07680133868555
            ],
            [
              -89.40544604383865,
              43.076803116411895
            ],
            [
              -89.40544778105387,
              43.076803401601445
            ],
            [
              -89.40544948210109,
              43.076803855129995
            ],
            [
              -89.40545113070881,
              43.07680447265926
            ],
            [
              -89.40545271110712,
              43.07680524828223
            ],
            [
              -89.40545420817858,
              43.0768061745796
            ],
            [
              -89.40545560760285,
              43.076807242690805
            ],
            [
              -89.40545689599358,
              43.07680844239873
            ],
            [
              -89.40545806102658,
              43.07680976222747
            ],
            [
              -89.40545909155763,
              43.07681118955208
            ],
            [
              -89.4054599777291,
              43.07681271071938
            ],
            [
              -89.40546071106421,
              43.0768143111785
            ],
            [
              -89.40546128454821,
              43.07681597562012
            ],
            [
              -89.40546169269538,
              43.07681768812287
            ],
            [
              -89.40546193160156,
              43.07681943230567
            ],
            [
              -89.40546199898147,
              43.076821191484385
            ],
            [
              -89.40546189419057,
              43.07682294883144
            ],
            [
              -89.40546161823126,
              43.07682468753678
            ],
            [
              -89.40544361823126,
              43.076910687536774
            ],
            [
              -89.40544358917455,
              43.0769108237336
            ],
            [
              -89.40541358917454,
              43.0770488237336
            ],
            [
              -89.40541312957609,
              43.07705052970369
            ],
            [
              -89.40541250494343,
              43.077052182398084
            ],
            [
              -89.40541172129457,
              43.07705376589395
            ],
            [
              -89.40541078617954,
              43.077055264935176
            ],
            [
              -89.40540970860768,
              43.077056665079304
            ],
            [
              -89.4054084989608,
              43.077057952836704
            ],
            [
              -89.40540716889319,
              43.07705911580053
            ],
            [
              -89.40540573121935,
              43.07706014276626
            ],
            [
              -89.40540419979047,
              43.077061023839626
            ],
            [
              -89.40540258936103,
              43.07706175053196
            ],
            [
              -89.40540091544668,
              43.07706231584199
            ],
            [
              -89.40539919417465,
              43.07706271432325
            ],
            [
              -89.40539744212847,
              43.07706294213659
            ],
            [
              -89.40539567618818,
              43.07706299708715
            ],
            [
              -89.40539391336763,
              43.07706287864551
            ],
            [
              -89.40501691336763,
              43.07701887864552
            ],
            [
              -89.40501517438138,
              43.07701858876466
            ],
            [
              -89.40501347209394,
              43.0770181301563
            ],
            [
              -89.40501182283525,
              43.07701750721982
            ],
            [
              -89.40501024242647,
              43.07701672593101
            ],
            [
              -89.40500874602834,
              43.07701579378469
            ],
            [
              -89.40500734799568,
              43.07701471972287
            ],
            [
              -89.4050060617397,
              43.07701351404893
            ],
            [
              -89.40500489959933,
              43.077012188328794
            ],
            [
              -89.40500387272289,
              43.07701075527998
            ],
            [
              -89.40500299096112,
              43.07700922864961
            ],
            [
              -89.40500226277268,
              43.07700762308251
            ],
            [
              -89.40500169514303,
              43.07700595398075
            ],
            [
              -89.40500129351737,
              43.07700423735588
            ],
            [
              -89.40500106174848,
              43.07700248967533
            ],
            [
              -89.40500100205969,
              43.07700072770446
            ],
            [
              -89.4050011150236,
              43.07699896834569
            ],
            [
              -89.40500139955654,
              43.07699722847641
            ],
            [
              -89.40500323532751,
              43.076988661545194
            ],
            [
              -89.40495198458439,
              43.076982886813575
            ],
            [
              -89.40495023924603,
              43.07698260274779
            ],
            [
              -89.40494853020245,
              43.07698214879922
            ],
            [
              -89.40494687394744,
              43.0769815293489
            ],
            [
              -89.40494528646543,
              43.076980750375085
            ],
            [
              -89.40494378307709,
              43.0769798193956
            ],
            [
              -89.40494237829148,
              43.076978745395266
            ],
            [
              -89.4049410856661,
              43.076977538739165
            ],
            [
              -89.40493991767597,
              43.07697621107265
            ],
            [
              -89.40493888559328,
              43.076974775208924
            ],
            [
              -89.40493799937857,
              43.0769732450054
            ],
            [
              -89.40493726758466,
              43.07697163522996
            ],
            [
              -89.404936697274,
              43.07696996141842
            ],
            [
              -89.40493629395063,
              43.07696823972461
            ],
            [
              -89.40493606150699,
              43.07696648676446
            ],
            [
              -89.40493600218639,
              43.07696471945566
            ],
            [
              -89.40493611656132,
              43.07696295485437
            ],
            [
              -89.40493640352794,
              43.076961209990635
            ],
            [
              -89.40497840352793,
              43.07676620999064
            ],
            [
              -89.40497885938761,
              43.076764504601265
            ],
            [
              -89.40497948010196,
              43.076762852065436
            ],
            [
              -89.40498025970105,
              43.07676126827687
            ],
            [
              -89.40498119068688,
              43.0767597684681
            ],
            [
              -89.40498226410544,
              43.07675836706397
            ],
            [
              -89.40498346963282,
              43.07675707754286
            ],
            [
              -89.40498479567454,
              43.076755912307114
            ],
            [
              -89.40498622947699,
              43.076754882563705
            ],
            [
              -89.4049877572502,
              43.07675399821649
            ],
            [
              -89.40498936430036,
              43.07675326777091
            ],
            [
              -89.40499103517122,
              43.07675269825225
            ],
            [
              -89.40499275379273,
              43.07675229513801
            ],
            [
              -89.40499450363554,
              43.07675206230524
            ],
            [
              -89.40499626787006,
              43.07675200199329
            ],
            [
              -89.40499802952826,
              43.076752114782224
            ],
            [
              -89.40512289205755,
              43.07676628357987
            ],
            [
              -89.4051380994091,
              43.07669685871411
            ],
            [
              -89.40510917275363,
              43.076693907014565
            ],
            [
              -89.40510741068593,
              43.07669363850403
            ],
            [
              -89.40510568381322,
              43.076693197039226
            ],
            [
              -89.40510400906837,
              43.07669258694893
            ],
            [
              -89.40510240287307,
              43.07669181421539
            ],
            [
              -89.40510088097685,
              43.076690886415626
            ],
            [
              -89.40509945830266,
              43.07668981264719
            ],
            [
              -89.40509814880053,
              43.0766886034389
            ],
            [
              -89.40509696531079,
              43.07668727064765
            ],
            [
              -89.40509591943812,
              43.076685827342125
            ],
            [
              -89.40509502143783,
              43.07668428767463
            ],
            [
              -89.40509428011526,
              43.076682666742386
            ],
            [
              -89.40509370273944,
              43.076680980439434
            ],
            [
              -89.40509329497183,
              43.0766792453008
            ],
            [
              -89.40509306081078,
              43.076677478340386
            ],
            [
              -89.40509300255239,
              43.07667569688412
            ],
            [
              -89.40509312076787,
              43.07667391840005
            ],
            [
              -89.4050934142981,
              43.07667216032709
            ],
            [
              -89.40513917205449,
              43.07646258980282
            ],
            [
              -89.40467592693064,
              43.07640888022325
            ],
            [
              -89.40467418105838,
              43.0764085902156
            ],
            [
              -89.40467247210462,
              43.07640813015974
            ],
            [
              -89.40467081659015,
              43.07640750450311
            ],
            [
              -89.40466923051919,
              43.07640671929408
            ],
            [
              -89.40466772922458,
              43.0764057821234
            ],
            [
              -89.40466632721967,
              43.076404702050915
            ],
            [
              -89.40466503805791,
              43.076403489517894
            ],
            [
              -89.4046638742019,
              43.07640215624615
            ],
            [
              -89.40466284690288,
              43.07640071512468
            ],
            [
              -89.40466196609195,
              43.07639918008511
            ],
            [
              -89.40466124028409,
              43.07639756596699
            ],
            [
              -89.40466067649584,
              43.07639588837432
            ],
            [
              -89.40466028017745,
              43.07639416352473
            ],
            [
              -89.40466005516022,
              43.07639240809271
            ],
            [
              -89.40466000361943,
              43.07639063904836
            ],
            [
              -89.40466012605333,
              43.07638887349341
            ],
            [
              -89.40466042127834,
              43.076387128495824
            ],
            [
              -89.40469742127833,
              43.07621912849582
            ],
            [
              -89.4046978860603,
              43.07621742209103
            ],
            [
              -89.40469851605728,
              43.0762157695344
            ],
            [
              -89.40469930518738,
              43.076214186779424
            ],
            [
              -89.40470024583246,
              43.07621268910575
            ],
            [
              -89.4047013289117,
              43.07621129097165
            ],
            [
              -89.40470254396925,
              43.07621000587448
            ],
            [
              -89.40470387927516,
              43.076208846220325
            ],
            [
              -89.40470532193861,
              43.0762078232043
            ],
            [
              -89.40470685803237,
              43.07620694670242
            ],
            [
              -89.40470847272726,
              43.07620622517628
            ],
            [
              -89.40471015043533,
              43.07620566559137
            ],
            [
              -89.40471187496024,
              43.07620527334982
            ],
            [
              -89.40471362965374,
              43.076205052238265
            ],
            [
              -89.40471539757633,
              43.076205004391284
            ],
            [
              -89.40471716166078,
              43.07620513027077
            ],
            [
              -89.40484111580477,
              43.07622012472367
            ],
            [
              -89.40524706267217,
              43.07626711857286
            ],
            [
              -89.4053179462206,
              43.07627526610716
            ],
            [
              -89.40535242863292,
              43.07612009525176
            ],
            [
              -89.40535289371407,
              43.07611839866253
            ],
            [
              -89.40535352218747,
              43.076116755574986
            ],
            [
              -89.40535430805018,
              43.07611518168322
            ],
            [
              -89.405355243796,
              43.076113692020414
            ],
            [
              -89.40535632048703,
              43.07611230081522
            ],
            [
              -89.40535752783917,
              43.07611102135584
            ],
            [
              -89.4053588543203,
              43.076109865863174
            ],
            [
              -89.4053602872604,
              43.076108845373994
            ],
            [
              -89.40536181297261,
              43.07610796963561
            ],
            [
              -89.40536341688397,
              43.07610724701271
            ],
            [
              -89.40536508367455,
              43.076106684407485
            ],
            [
              -89.40536679742387,
              43.076106287193724
            ],
            [
              -89.40536854176288,
              43.07610605916545
            ],
            [
              -89.40537030003038,
              43.07610600250068
            ],
            [
              -89.40537205543211,
              43.076106117740665
            ],
            [
              -89.4057200554321,
              43.07614611774066
            ],
            [
              -89.40572180048427,
              43.076146405787334
            ],
            [
              -89.40572350884327,
              43.07614686370385
            ],
            [
              -89.40572516401508,
              43.07614748706907
            ],
            [
              -89.40572675001927,
              43.076148269864504
            ],
            [
              -89.40572825154315,
              43.076149204532356
            ],
            [
              -89.40572965408973,
              43.07615028204852
            ],
            [
              -89.40573094411756,
              43.07615149200974
            ],
            [
              -89.40573210917162,
              43.076152822733974
            ],
            [
              -89.40573313800347,
              43.07615426137327
            ],
            [
              -89.40573402067986,
              43.07615579403773
            ],
            [
              -89.40573474867865,
              43.0761574059297
            ],
            [
              -89.40573531497114,
              43.076159081486566
            ],
            [
              -89.40573571408981,
              43.076160804531035
            ],
            [
              -89.40573594218125,
              43.07616255842734
            ],
            [
              -89.40573599704325,
              43.07616432624185
            ],
            [
              -89.40573587814615,
              43.07616609090653
            ],
            [
              -89.40573558663785,
              43.076167835383785
            ],
            [
              -89.40569458663785,
              43.07635583538379
            ],
            [
              -89.40569412758587,
              43.076357535865085
            ],
            [
              -89.40569350453379,
              43.076359183339356
            ],
            [
              -89.40569272344747,
              43.076360762031705
            ],
            [
              -89.40569179180596,
              43.07636225682583
            ],
            [
              -89.40569071852994,
              43.07636365340878
            ],
            [
              -89.40568951389622,
              43.076364938407984
            ],
            [
              -89.40568818943942,
              43.076366099519326
            ],
            [
              -89.40568675784148,
              43.076367125624934
            ],
            [
              -89.40568523281024,
              43.07636800689962
            ],
            [
              -89.40568362894818,
              43.07636873490502
            ],
            [
              -89.4056819616126,
              43.07636930267032
            ],
            [
              -89.40568024676858,
              43.07636970475907
            ],
            [
              -89.4056785008361,
              43.076369937321175
            ],
            [
              -89.40567674053281,
              43.07636999812981
            ],
            [
              -89.40567498271398,
              43.07636988660273
            ],
            [
              -89.40555849701457,
              43.076356749117835
            ],
            [
              -89.40555502259483,
              43.07637461756221
            ],
            [
              -89.40555521112583,
              43.07637477546198
            ],
            [
              -89.40555643135473,
              43.07637601673208
            ],
            [
              -89.4055575259876,
              43.07637737005719
            ],
            [
              -89.40555848478859,
              43.076378822782445
            ],
            [
              -89.405559298792,
              43.07638036132346
            ],
            [
              -89.4055599603861,
              43.076381971293415
            ],
            [
              -89.40556046338436,
              43.07638363763754
            ],
            [
              -89.40556080308328,
              43.07638534477393
            ],
            [
              -89.40556097630633,
              43.07638707673922
            ],
            [
              -89.40556098143372,
              43.07638881733789
            ],
            [
              -89.40556076851041,
              43.076393501650664
            ],
            [
              -89.40556749481863,
              43.07639406217635
            ],
            [
              -89.40556923273921,
              43.07639429267391
            ],
            [
              -89.4055709399937,
              43.076394691144976
            ],
            [
              -89.40557260038689,
              43.0763952538096
            ],
            [
              -89.40557419816815,
              43.0763959753303
            ],
            [
              -89.40557571818074,
              43.07639684886265
            ],
            [
              -89.4055771460057,
              43.07639786612024
            ],
            [
              -89.40557846809848,
              43.076399017453255
            ],
            [
              -89.40557967191762,
              43.07640029194003
            ],
            [
              -89.40558074604355,
              43.07640167749066
            ],
            [
              -89.40558168028703,
              43.07640316096166
            ],
            [
              -89.40558246578568,
              43.076404728280686
            ],
            [
              -89.40558309508822,
              43.07640636457998
            ],
            [
              -89.40558356222499,
              43.07640805433745
            ],
            [
              -89.40558386276471,
              43.07640978152387
            ],
            [
              -89.40558399385644,
              43.076411529754985
            ],
            [
              -89.40558395425658,
              43.07641328244689
            ],
            [
              -89.40558330596785,
              43.076422358489225
            ]
          ]
        ]
      },
      "properties": {
        "building": "university",
        "name": "William H. Sewell Social Sciences Building",
        "@id": "way/37749296",
        "addr:street": "Observatory Drive",
        "addr:housenumber": "1180",
        "person_counts": [
          0,
          0,
          0,
          0,
          0,
          0,
          0,
          0,
          0,
          0,
          0,
          0,
          0,
          0,
          0,
          0,
          0,
          0,
          0,
          0,
          0,
          0,
          0,
          0,
          0,
          0,
          0,
          0,
          0,
          0,
          0,
          0,
          0,
          0,
          0,
          0,
          0,
          95,
          95,
          95,
          95,
          95,
          95,
          95,
          95,
          95,
          95,
          95,
          0,
          0,
          0,
          0,
          0,
          0,
          0,
          0,
          0,
          0,
          0,
          0,
          0,
          0,
          0,
          0,
          0,
          0,
          0,
          0,
          0,
          0,
          0,
          0,
          0,
          0,
          0,
          0,
          0,
          0,
          0,
          0,
          0,
          0,
          0,
          0,
          0,
          0,
          0,
          0,
          0,
          0,
          0,
          0,
          0,
          0,
          0,
          0,
          0,
          0,
          0,
          0,
          0,
          0,
          0,
          0,
          0,
          0,
          0,
          0,
          0,
          0,
          0,
          0,
          0,
          0,
          0,
          0,
          0,
          0,
          0,
          0
        ],
        "instructor_counts": [
          0,
          0,
          0,
          0,
          0,
          0,
          0,
          0,
          0,
          0,
          0,
          0,
          0,
          0,
          0,
          0,
          0,
          0,
          0,
          0,
          0,
          0,
          0,
          0,
          0,
          0,
          0,
          0,
          0,
          0,
          0,
          0,
          0,
          0,
          0,
          0,
          0,
          1,
          1,
          1,
          1,
          1,
          1,
          1,
          1,
          1,
          1,
          1,
          0,
          0,
          0,
          0,
          0,
          0,
          0,
          0,
          0,
          0,
          0,
          0,
          0,
          0,
          0,
          0,
          0,
          0,
          0,
          0,
          0,
          0,
          0,
          0,
          0,
          0,
          0,
          0,
          0,
          0,
          0,
          0,
          0,
          0,
          0,
          0,
          0,
          0,
          0,
          0,
          0,
          0,
          0,
          0,
          0,
          0,
          0,
          0,
          0,
          0,
          0,
          0,
          0,
          0,
          0,
          0,
          0,
          0,
          0,
          0,
          0,
          0,
          0,
          0,
          0,
          0,
          0,
          0,
          0,
          0,
          0,
          0
        ]
      }
    },
    {
      "type": "Feature",
      "geometry": {
        "type": "Polygon",
        "coordinates": [
          [
            [
              -89.40264599775666,
              43.07555028417511
            ],
            [
              -89.40264299775666,
              43.07574028417511
            ],
            [
              -89.40264288524959,
              43.07574202924791
            ],
            [
              -89.40264260394017,
              43.07574375516851
            ],
            [
              -89.40264215648341,
              43.07574544564754
            ],
            [
              -89.40264154710243,
              43.07574708473013
            ],
            [
              -89.40264078154864,
              43.075748656946494
            ],
            [
              -89.40263986704737,
              43.07575014745793
            ],
            [
              -89.40263881222977,
              43.07575154219688
            ],
            [
              -89.40263762705128,
              43.07575282799969
            ],
            [
              -89.40263632269772,
              43.07575399273085
            ],
            [
              -89.40263491147965,
              43.07575502539754
            ],
            [
              -89.40263340671628,
              43.07575591625337
            ],
            [
              -89.40263182260968,
              43.075756656890384
            ],
            [
              -89.40263017411075,
              43.07575724031838
            ],
            [
              -89.40262847677819,
              43.075757661030934
            ],
            [
              -89.40262674663151,
              43.07575791505731
            ],
            [
              -89.40262571710672,
              43.07575796512546
            ],
            [
              -89.40262299773285,
              43.0759292856783
            ],
            [
              -89.4026228840731,
              43.07593103959044
            ],
            [
              -89.40262259990051,
              43.07593277405642
            ],
            [
              -89.40262214792448,
              43.07593447253927
            ],
            [
              -89.40262153245429,
              43.07593611884506
            ],
            [
              -89.40262075935806,
              43.07593769727736
            ],
            [
              -89.40261983600674,
              43.075939192786855
            ],
            [
              -89.40261877120388,
              43.07594059111486
            ],
            [
              -89.40261757510167,
              43.075941878929214
            ],
            [
              -89.40261625910416,
              43.07594304395148
            ],
            [
              -89.40261483575853,
              43.075944075073934
            ],
            [
              -89.40261331863542,
              43.0759449624655
            ],
            [
              -89.40261172219961,
              43.075945697665475
            ],
            [
              -89.40261006167206,
              43.07594627366423
            ],
            [
              -89.4026083528848,
              43.07594668496999
            ],
            [
              -89.40260661213,
              43.07594692766122
            ],
            [
              -89.4026048560046,
              43.075946999424026
            ],
            [
              -89.40247992800123,
              43.075945999999995
            ],
            [
              -89.402419,
              43.075945999999995
            ],
            [
              -89.40241723569147,
              43.07594591332508
            ],
            [
              -89.4024154883742,
              43.07594565413505
            ],
            [
              -89.40241377487581,
              43.07594522492604
            ],
            [
              -89.40241211169821,
              43.07594462983158
            ],
            [
              -89.40241051485873,
              43.075943874582755
            ],
            [
              -89.4024089997358,
              43.07594296645302
            ],
            [
              -89.40240758092088,
              43.07594191418816
            ],
            [
              -89.40240627207794,
              43.07594072792206
            ],
            [
              -89.40240508581184,
              43.07593941907911
            ],
            [
              -89.40240403354697,
              43.075938000264195
            ],
            [
              -89.40240312541724,
              43.07593648514126
            ],
            [
              -89.4024023701684,
              43.07593488830178
            ],
            [
              -89.40240177507395,
              43.07593322512419
            ],
            [
              -89.40240171868328,
              43.075933
            ],
            [
              -89.402361,
              43.075933
            ],
            [
              -89.4023604931588,
              43.07593299286281
            ],
            [
              -89.40228974652898,
              43.075931
            ],
            [
              -89.402205,
              43.075931
            ],
            [
              -89.40220460878808,
              43.0759309957482
            ],
            [
              -89.40217640375914,
              43.0759303825954
            ],
            [
              -89.40217399022654,
              43.07600359308439
            ],
            [
              -89.40217384947498,
              43.076005322981494
            ],
            [
              -89.40217354276986,
              43.07600703128093
            ],
            [
              -89.40217307296273,
              43.07600870209997
            ],
            [
              -89.40217244442157,
              43.07601031990434
            ],
            [
              -89.40217166299017,
              43.0760118696527
            ],
            [
              -89.40217073593382,
              43.07601333693643
            ],
            [
              -89.40216967187172,
              43.0760147081136
            ],
            [
              -89.40216848069686,
              43.07601597043585
            ],
            [
              -89.40216717348407,
              43.07601711216687
            ],
            [
              -89.40216576238703,
              43.07601812269155
            ],
            [
              -89.40216426052524,
              43.076018992614635
            ],
            [
              -89.40216268186211,
              43.07601971384811
            ],
            [
              -89.4021610410751,
              43.0760202796864
            ],
            [
              -89.40215935341924,
              43.07602068486866
            ],
            [
              -89.40215763458531,
              43.076020925627766
            ],
            [
              -89.402155900554,
              43.07602099972529
            ],
            [
              -89.401974900554,
              43.07601999972529
            ],
            [
              -89.4019731250319,
              43.07601990208074
            ],
            [
              -89.40197136780817,
              43.07601962972441
            ],
            [
              -89.4019696460321,
              43.07601918531431
            ],
            [
              -89.40196797650701,
              43.076018573187575
            ],
            [
              -89.40196637552629,
              43.07601779931813
            ],
            [
              -89.4019648587144,
              43.076016871258396
            ],
            [
              -89.40196344087434,
              43.0760157980656
            ],
            [
              -89.40196213584326,
              43.07601459021333
            ],
            [
              -89.40196095635736,
              43.07601325948941
            ],
            [
              -89.40195991392757,
              43.076011818880744
            ],
            [
              -89.4019590187273,
              43.076010282446674
            ],
            [
              -89.40195827949304,
              43.076008665181725
            ],
            [
              -89.40195770343924,
              43.07600698286927
            ],
            [
              -89.40195729618776,
              43.0760052519275
            ],
            [
              -89.40195706171309,
              43.076003489249196
            ],
            [
              -89.40195700230355,
              43.076001712036856
            ],
            [
              -89.40196100230355,
              43.075751712036855
            ],
            [
              -89.40196101329886,
              43.075751308203806
            ],
            [
              -89.4019613190007,
              43.07574335995583
            ],
            [
              -89.40196072166928,
              43.0757432086962
            ],
            [
              -89.40195904323357,
              43.075742601307205
            ],
            [
              -89.40195743320751,
              43.07574183066854
            ],
            [
              -89.40195590742337,
              43.07574090435833
            ],
            [
              -89.40195448088501,
              43.075739831485464
            ],
            [
              -89.40195316762038,
              43.07573862260009
            ],
            [
              -89.40195198054349,
              43.075737289589846
            ],
            [
              -89.40195093132752,
              43.07573584556294
            ],
            [
              -89.40195003028998,
              43.07573430471926
            ],
            [
              -89.40194928629128,
              43.07573268221078
            ],
            [
              -89.40194870664754,
              43.07573099399249
            ],
            [
              -89.40194829705874,
              43.075729256665554
            ],
            [
              -89.40194806155256,
              43.07572748731406
            ],
            [
              -89.40194800244485,
              43.07572570333701
            ],
            [
              -89.40195100244485,
              43.075543703337004
            ],
            [
              -89.40195111736615,
              43.07554194782868
            ],
            [
              -89.40195140311168,
              43.07554021192377
            ],
            [
              -89.40195185695181,
              43.07553851220453
            ],
            [
              -89.40195247455127,
              43.07553686490756
            ],
            [
              -89.40195325001038,
              43.07553528576871
            ],
            [
              -89.40195417592157,
              43.075533789872715
            ],
            [
              -89.40195524344009,
              43.07553239150917
            ],
            [
              -89.4019564423684,
              43.07553110403596
            ],
            [
              -89.40195776125373,
              43.075529939751696
            ],
            [
              -89.40195918749741,
              43.075528909778235
            ],
            [
              -89.40196070747521,
              43.07552802395441
            ],
            [
              -89.40196230666753,
              43.07552729074207
            ],
            [
              -89.40196396979802,
              43.07552671714526
            ],
            [
              -89.40196568097963,
              43.07552630864325
            ],
            [
              -89.40196742386624,
              43.07552606913827
            ],
            [
              -89.4019691818089,
              43.0755260009182
            ],
            [
              -89.4021671818089,
              43.075528000918204
            ],
            [
              -89.40216893385488,
              43.0755281041847
            ],
            [
              -89.40217066751534,
              43.07552837759008
            ],
            [
              -89.40217236630802,
              43.07552881853504
            ],
            [
              -89.40217401408222,
              43.07552942282742
            ],
            [
              -89.40217559517221,
              43.075530184722105
            ],
            [
              -89.40217709454627,
              43.075531096975624
            ],
            [
              -89.40217849794958,
              43.075532150914995
            ],
            [
              -89.40217979203972,
              43.07553333652023
            ],
            [
              -89.40218096451353,
              43.07553464251956
            ],
            [
              -89.40218200422407,
              43.07553605649659
            ],
            [
              -89.40218290128664,
              43.07553756500838
            ],
            [
              -89.40218364717266,
              43.07553915371323
            ],
            [
              -89.40218423479088,
              43.07554080750702
            ],
            [
              -89.4021846585547,
              43.075542510666814
            ],
            [
              -89.40218476239181,
              43.07554321527609
            ],
            [
              -89.40224910975235,
              43.075544
            ],
            [
              -89.402311,
              43.075544
            ],
            [
              -89.40231135992802,
              43.07554400359892
            ],
            [
              -89.40236117998201,
              43.075545000000005
            ],
            [
              -89.40241227059748,
              43.075545000000005
            ],
            [
              -89.40241235031274,
              43.07554446608719
            ],
            [
              -89.40241278500056,
              43.075542742263345
            ],
            [
              -89.40241338761552,
              43.07554106972713
            ],
            [
              -89.40241415227926,
              43.07553946479363
            ],
            [
              -89.40241507153274,
              43.0755379431185
            ],
            [
              -89.40241613640892,
              43.0755365195452
            ],
            [
              -89.40241733652023,
              43.07553520796028
            ],
            [
              -89.40241866015995,
              43.07553402115784
            ],
            [
              -89.40242009441641,
              43.07553297071479
            ],
            [
              -89.40242162529884,
              43.07553206687788
            ],
            [
              -89.40242323787395,
              43.07553131846376
            ],
            [
              -89.40242491641155,
              43.07553073277299
            ],
            [
              -89.40242664453802,
              43.075530315518805
            ],
            [
              -89.40242840539602,
              43.0755300707714
            ],
            [
              -89.4024301818089,
              43.0755300009182
            ],
            [
              -89.40262818180891,
              43.0755320009182
            ],
            [
              -89.40262995151281,
              43.07553210610166
            ],
            [
              -89.40263170228636,
              43.07553238486231
            ],
            [
              -89.40263341714639,
              43.07553283449607
            ],
            [
              -89.40263507945818,
              43.075533450641345
            ],
            [
              -89.40263667309671,
              43.07553422732129
            ],
            [
              -89.4026381826031,
              43.07553515700184
            ],
            [
              -89.40263959333461,
              43.07553623066477
            ],
            [
              -89.40264089160664,
              43.07553743789515
            ],
            [
              -89.4026420648255,
              43.075538766982426
            ],
            [
              -89.40264310161054,
              43.075540205033974
            ],
            [
              -89.40264399190457,
              43.07554173810019
            ],
            [
              -89.40264472707143,
              43.075543351309776
            ],
            [
              -89.40264529997972,
              43.07554502901402
            ],
            [
              -89.40264570507206,
              43.075546754938614
            ],
            [
              -89.40264593841889,
              43.07554851234145
            ],
            [
              -89.40264599775666,
              43.07555028417511
            ]
          ]
        ]
      },
      "properties": {
        "building": "university",
        "name": "Education Building",
        "@id": "way/37751914",
        "addr:street": "Bascom Mall",
        "addr:housenumber": "1000",
        "person_counts": [
          0,
          0,
          0,
          0,
          0,
          0,
          0,
          0,
          0,
          0,
          0,
          0,
          0,
          0,
          0,
          0,
          0,
          0,
          0,
          0,
          0,
          0,
          0,
          0,
          0,
          0,
          0,
          0,
          0,
          0,
          0,
          0,
          0,
          0,
          0,
          0,
          0,
          0,
          0,
          0,
          0,
          0,
          0,
          0,
          0,
          0,
          0,
          0,
          0,
          0,
          0,
          0,
          0,
          0,
          0,
          0,
          0,
          0,
          0,
          0,
          0,
          0,
          0,
          0,
          0,
          0,
          0,
          0,
          0,
          0,
          0,
          0,
          0,
          0,
          0,
          0,
          0,
          0,
          0,
          0,
          0,
          0,
          0,
          0,
          0,
          0,
          0,
          0,
          0,
          0,
          0,
          0,
          0,
          0,
          0,
          0,
          0,
          0,
          0,
          0,
          0,
          0,
          0,
          0,
          0,
          0,
          0,
          0,
          0,
          0,
          0,
          0,
          0,
          0,
          0,
          0,
          0,
          0,
          0,
          0
        ],
        "instructor_counts": [
          1,
          1,
          1,
          1,
          1,
          1,
          1,
          1,
          1,
          1,
          1,
          1,
          1,
          1,
          1,
          1,
          0,
          0,
          0,
          0,
          0,
          0,
          0,
          0,
          0,
          0,
          0,
          0,
          0,
          0,
          0,
          0,
          0,
          0,
          0,
          0,
          0,
          0,
          0,
          0,
          0,
          0,
          0,
          0,
          0,
          0,
          0,
          0,
          0,
          0,
          0,
          0,
          0,
          0,
          0,
          0,
          0,
          0,
          0,
          0,
          0,
          0,
          0,
          0,
          0,
          0,
          0,
          0,
          0,
          0,
          0,
          0,
          1,
          1,
          1,
          1,
          1,
          1,
          1,
          1,
          1,
          1,
          1,
          1,
          1,
          1,
          1,
          1,
          0,
          0,
          0,
          0,
          0,
          0,
          0,
          0,
          0,
          0,
          0,
          0,
          0,
          0,
          0,
          0,
          0,
          0,
          0,
          0,
          0,
          0,
          0,
          0,
          0,
          0,
          0,
          0,
          0,
          0,
          0,
          0
        ]
      }
    }
  ],
  "metadata": {
    "total_buildings": 6,
    "total_meetings": 10,
    "max_persons": 95,
    "total_chunks": 120,
    "chunk_duration_minutes": 5,
    "start_time": 1771254000000,
    "end_time": 1771290000000,
    "total_persons": [
      0,
      0,
      0,
      0,
      0,
      0,
      0,
      0,
      0,
      0,
      0,
      11,
      11,
      11,
      11,
      11,
      11,
      11,
      11,
      11,
      11,
      11,
      0,
      0,
      22,
      22,
      22,
      22,
      22,
      22,
      22,
      22,
      22,
      22,
      22,
      14,
      14,
      185,
      185,
      185,
      185,
      185,
      185,
      185,
      185,
      185,
      185,
      185,
      0,
      0,
      0,
      0,
      0,
      0,
      0,
      0,
      0,
      0,
      0,
      0,
      0,
      0,
      0,
      0,
      0,
      26,
      26,
      26,
      26,
      26,
      26,
      26,
      26,
      26,
      26,
      26,
      26,
      26,
      26,
      26,
      26,
      26,
      26,
      26,
      26,
      26,
      26,
      26,
      26,
      26,
      13,
      13,
      13,
      13,
      13,
      13,
      13,
      13,
      13,
      13,
      13,
      13,
      13,
      13,
      13,
      13,
      13,
      13,
      13,
      13,
      13,
      13,
      13,
      13,
      13,
      13,
      13,
      13,
      13,
      13
    ],
    "total_instructors": [
      1,
      1,
      1,
      1,
      1,
      1,
      1,
      1,
      1,
      1,
      1,
      2,
      2,
      2,
      2,
      2,
      1,
      1,
      1,
      1,
      1,
      1,
      0,
      0,
      2,
      2,
      2,
      2,
      2,
      2,
      2,
      2,
      2,
      2,
      2,
      1,
      1,
      4,
      4,
      4,
      4,
      4,
      4,
      4,
      4,
      4,
      4,
      4,
      0,
      0,
      0,
      0,
      0,
      0,
      0,
      0,
      0,
      0,
      0,
      0,
      0,
      0,
      0,
      0,
      0,
      1,
      1,
      1,
      1,
      1,
      1,
      1,
      2,
      2,
      2,
      2,
      2,
      2,
      2,
      2,
      2,
      2,
      2,
      2,
      2,
      2,
      2,
      2,
      1,
      1,
      1,
      1,
      1,
      1,
      1,
      1,
      1,
      1,
      1,
      1,
      1,
      1,
      1,
      1,
      1,
      1,
      1,
      1,
      1,
      1,
      1,
      1,
      1,
      1,
      1,
      1,
      1,
      1,
      1,
      1
    ]
  }
}