{
  "type": "FeatureCollection",
  "features": [
    {
      "type": "Feature",
      "geometry": {
        "type": "Polygon",
        "coordinates": [
          [
            [
              -89.400347,
              43.072934999999994
            ],
            [
              -89.40032869233036,
              43.072934999999994
            ],
            [
              -89.40032799732522,
              43.07297531029871
            ],
            [
              -89.40032788247166,
              43.07297705358409
            ],
            [
              -89.40032759915665,
              43.072978777523716
            ],
            [
              -89.40032715004915,
              43.072980465877265
            ],
            [
              -89.40032653937998,
              43.07298210273963
            ],
            [
              -89.40032577290191,
              43.07298367269079
            ],
            [
              -89.40032485783556,
              43.07298516094104
            ],
            [
              -89.40032380280127,
              43.07298655347036
            ],
            [
              -89.40032261773798,
              43.07298783716045
            ],
            [
              -89.40032131380956,
              43.07298899991834
            ],
            [
              -89.40031990329962,
              43.07299003079029
            ],
            [
              -89.40031839949586,
              43.07299092006499
            ],
            [
              -89.40031681656482,
              43.07299165936505
            ],
            [
              -89.40031516941848,
              43.07299224172591
            ],
            [
              -89.40031347357375,
              43.07299266166146
            ],
            [
              -89.40031174500628,
              43.072992915215686
            ],
            [
              -89.40031,
              43.072993
            ],
            [
              -89.400171,
              43.072993
            ],
            [
              -89.400171,
              43.072998
            ],
            [
              -89.40017091217268,
              43.07299977597005
            ],
            [
              -89.40017064954782,
              43.07300153460913
            ],
            [
              -89.40017021468825,
              43.07300325875542
            ],
            [
              -89.40016961183758,
              43.07300493158366
            ],
            [
              -89.4001688468788,
              43.07300653676943
            ],
            [
              -89.40016792727683,
              43.07300805864835
            ],
            [
              -89.40016686200568,
              43.073009482369045
            ],
            [
              -89.40016566146087,
              43.073010794038005
            ],
            [
              -89.40016433735808,
              43.07301198085519
            ],
            [
              -89.40016290261865,
              43.073013031238936
            ],
            [
              -89.40016137124361,
              43.073013934938984
            ],
            [
              -89.40015975817704,
              43.073014683136485
            ],
            [
              -89.40015807916019,
              43.07301526853009
            ],
            [
              -89.4001563505779,
              43.07301568540719
            ],
            [
              -89.4001545892987,
              43.07301592969965
            ],
            [
              -89.40015281251017,
              43.07301599902352
            ],
            [
              -89.40005681251017,
              43.07301499902352
            ],
            [
              -89.4000550608499,
              43.073014895242295
            ],
            [
              -89.40005332761802,
              43.07301462139639
            ],
            [
              -89.40005162928607,
              43.07301418008824
            ],
            [
              -89.40004998199387,
              43.07301357551176
            ],
            [
              -89.40004840139623,
              43.07301281341245
            ],
            [
              -89.40004690251409,
              43.07301190103279
            ],
            [
              -89.40004549959187,
              43.07301084704346
            ],
            [
              -89.400044205962,
              43.07300966146088
            ],
            [
              -89.40004303391831,
              43.07300835555204
            ],
            [
              -89.40004199459914,
              43.073006941727456
            ],
            [
              -89.40004109788148,
              43.0730054334232
            ],
            [
              -89.40004035228719,
              43.07300384497319
            ],
            [
              -89.40003976490186,
              43.07300219147303
            ],
            [
              -89.40003934130766,
              43.0730004886365
            ],
            [
              -89.40003908553012,
              43.07299875264626
            ],
            [
              -89.400039,
              43.072997
            ],
            [
              -89.400039,
              43.07299
            ],
            [
              -89.399897,
              43.07299
            ],
            [
              -89.399896899723,
              43.072989999720676
            ],
            [
              -89.399555844637,
              43.07298809969234
            ],
            [
              -89.39955499933119,
              43.073086155166656
            ],
            [
              -89.39955489813246,
              43.073087912290276
            ],
            [
              -89.39955462581187,
              43.07308965113072
            ],
            [
              -89.39955418497304,
              43.07309135506315
            ],
            [
              -89.39955357983078,
              43.073093007796466
            ],
            [
              -89.39955281617077,
              43.0730945935291
            ],
            [
              -89.39955190129426,
              43.07309609710004
            ],
            [
              -89.3995508439483,
              43.07309750413384
            ],
            [
              -89.39954965424204,
              43.07309880117801
            ],
            [
              -89.3995483435501,
              43.07309997583168
            ],
            [
              -89.39954692440385,
              43.07310101686412
            ],
            [
              -89.3995454103716,
              43.07310191432215
            ],
            [
              -89.3995438159288,
              43.073102659625285
            ],
            [
              -89.39954215631974,
              43.073103245647765
            ],
            [
              -89.39954044741172,
              43.07310366678671
            ],
            [
              -89.39953870554343,
              43.073103919015644
            ],
            [
              -89.39953694736865,
              43.073103999923056
            ],
            [
              -89.39919494736866,
              43.07310299992305
            ],
            [
              -89.39919317774617,
              43.07310290752331
            ],
            [
              -89.39919142578438,
              43.07310264156973
            ],
            [
              -89.39918970846271,
              43.073102204639866
            ],
            [
              -89.39918804242487,
              43.07310160096829
            ],
            [
              -89.39918644381757,
              43.073100836405594
            ],
            [
              -89.39918492813398,
              43.073099918361656
            ],
            [
              -89.3991835100636,
              43.07309885573387
            ],
            [
              -89.39918220334988,
              43.07309765882086
            ],
            [
              -89.39918102065711,
              43.07309633922273
            ],
            [
              -89.39917997344753,
              43.07309490972858
            ],
            [
              -89.39917907187035,
              43.0730933841926
            ],
            [
              -89.39917832466337,
              43.07309177739979
            ],
            [
              -89.39917773906826,
              43.07309010492264
            ],
            [
              -89.39917732076043,
              43.07308838297026
            ],
            [
              -89.39917707379396,
              43.07308662823125
            ],
            [
              -89.3991770005624,
              43.073084857711954
            ],
            [
              -89.3991790005624,
              43.072831857711954
            ],
            [
              -89.39917910024185,
              43.07283010298705
            ],
            [
              -89.39917937057646,
              43.07282836634814
            ],
            [
              -89.39917980898889,
              43.07282666435224
            ],
            [
              -89.39918041129933,
              43.072825013226065
            ],
            [
              -89.39918117176539,
              43.07282342871136
            ],
            [
              -89.39918208313684,
              43.072821925914766
            ],
            [
              -89.3991831367247,
              43.072820519163876
            ],
            [
              -89.39918432248417,
              43.07281922187054
            ],
            [
              -89.39918562911026,
              43.072818046403086
            ],
            [
              -89.3991870441457,
              43.072817003968346
            ],
            [
              -89.39918855409964,
              43.07281610450482
            ],
            [
              -89.39919014457624,
              43.07281535658794
            ],
            [
              -89.39919180041203,
              43.07281476734829
            ],
            [
              -89.39919350582035,
              43.07281434240365
            ],
            [
              -89.39919524454196,
              43.072814085805426
            ],
            [
              -89.399197,
              43.072814
            ],
            [
              -89.399277,
              43.072814
            ],
            [
              -89.399277,
              43.07279
            ],
            [
              -89.39927700114897,
              43.07278979662315
            ],
            [
              -89.399279,
              43.072612898307526
            ],
            [
              -89.399279,
              43.072576
            ],
            [
              -89.39927908667492,
              43.07257423569147
            ],
            [
              -89.39927934586495,
              43.0725724883742
            ],
            [
              -89.39927977507396,
              43.07257077487581
            ],
            [
              -89.39928037016841,
              43.072569111698215
            ],
            [
              -89.39928112541725,
              43.07256751485873
            ],
            [
              -89.39928203354698,
              43.0725659997358
            ],
            [
              -89.39928308581185,
              43.07256458092088
            ],
            [
              -89.39928427207795,
              43.072563272077936
            ],
            [
              -89.39928558092089,
              43.07256208581184
            ],
            [
              -89.3992869997358,
              43.072561033546975
            ],
            [
              -89.39928851485874,
              43.07256012541724
            ],
            [
              -89.39929011169822,
              43.07255937016841
            ],
            [
              -89.39929177487582,
              43.07255877507396
            ],
            [
              -89.39929348837421,
              43.07255834586495
            ],
            [
              -89.39929523569148,
              43.07255808667492
            ],
            [
              -89.399297,
              43.072558
            ],
            [
              -89.39951926665194,
              43.072558
            ],
            [
              -89.39952000200458,
              43.0725087313732
            ],
            [
              -89.399520114972,
              43.07250696879996
            ],
            [
              -89.39952040013397,
              43.07250522578283
            ],
            [
              -89.39952085474494,
              43.07250351910333
            ],
            [
              -89.39952147442798,
              43.07250186519312
            ],
            [
              -89.3995222532169,
              43.07250027997582
            ],
            [
              -89.39952318361361,
              43.07249877871368
            ],
            [
              -89.39952425666038,
              43.07249737586063
            ],
            [
              -89.39952546202609,
              43.07249608492315
            ],
            [
              -89.39952678810562,
              43.0724949183302
            ],
            [
              -89.39952822213169,
              43.07249388731356
            ],
            [
              -89.39952975029769,
              43.072493001799735
            ],
            [
              -89.39953135789065,
              43.07249227031431
            ],
            [
              -89.3995330294329,
              43.07249169989992
            ],
            [
              -89.39953474883106,
              43.07249129604845
            ],
            [
              -89.39953649953101,
              43.072491062648105
            ],
            [
              -89.39953826467728,
              43.07249100194605
            ],
            [
              -89.39965652924178,
              43.07249274113082
            ],
            [
              -89.39965700778042,
              43.07247647081707
            ],
            [
              -89.39965714669418,
              43.07247470664631
            ],
            [
              -89.3996574581676,
              43.072472964641776
            ],
            [
              -89.39965793919016,
              43.072471261640665
            ],
            [
              -89.3996585851126,
              43.07246961410319
            ],
            [
              -89.39965938969179,
              43.072468037953506
            ],
            [
              -89.39966034515112,
              43.072466548425744
            ],
            [
              -89.3996614422557,
              43.07246515991682
            ],
            [
              -89.39966267040157,
              43.07246388584725
            ],
            [
              -89.39966401771814,
              43.07246273853145
            ],
            [
              -89.39966547118307,
              43.07246172905871
            ],
            [
              -89.399667016748,
              43.072460867186
            ],
            [
              -89.39966863947438,
              43.0724601612437
            ],
            [
              -89.39967032367792,
              43.07245961805501
            ],
            [
              -89.39967205308007,
              43.07245924287008
            ],
            [
              -89.39967381096542,
              43.07245903931525
            ],
            [
              -89.3996755803433,
              43.07245900935794
            ],
            [
              -89.3996883884653,
              43.07245942252317
            ],
            [
              -89.39969400401571,
              43.07219361980315
            ],
            [
              -89.39969412679545,
              43.072191867264834
            ],
            [
              -89.39969441983762,
              43.07219013504322
            ],
            [
              -89.39969488035067,
              43.07218843963968
            ],
            [
              -89.39969550394768,
              43.07218679720485
            ],
            [
              -89.39969628468819,
              43.07218522338476
            ],
            [
              -89.39969721513478,
              43.07218373317183
            ],
            [
              -89.39969828642388,
              43.07218234076202
            ],
            [
              -89.39969948835027,
              43.0721810594196
            ],
            [
              -89.39970080946422,
              43.07217990135081
            ],
            [
              -89.39970223718066,
              43.07217887758755
            ],
            [
              -89.39970375789895,
              43.07217799788232
            ],
            [
              -89.39970535713256,
              43.072177270615306
            ],
            [
              -89.39970701964697,
              43.07217670271456
            ],
            [
              -89.39970872960485,
              43.07217629958996
            ],
            [
              -89.39971047071695,
              43.072176065081734
            ],
            [
              -89.39971222639718,
              43.07217600142383
            ],
            [
              -89.39985300000001,
              43.07217777216096
            ],
            [
              -89.39985300000001,
              43.072173
            ],
            [
              -89.3998530879643,
              43.07217122264885
            ],
            [
              -89.39985335099746,
              43.072169462669194
            ],
            [
              -89.39985378652864,
              43.07216773726274
            ],
            [
              -89.39985439030103,
              43.07216606329329
            ],
            [
              -89.39985515641348,
              43.0721644571219
            ],
            [
              -89.39985607737816,
              43.072162934446986
            ],
            [
              -89.39985714419373,
              43.07216151015089
            ],
            [
              -89.39985834643333,
              43.07216019815441
            ],
            [
              -89.39985967234651,
              43.072159011280746
            ],
            [
              -89.39986110897404,
              43.07215796113019
            ],
            [
              -89.39986264227457,
              43.072157057966706
            ],
            [
              -89.39986425726194,
              43.07215631061764
            ],
            [
              -89.39986593815156,
              43.07215572638746
            ],
            [
              -89.39986766851473,
              43.0721553109863
            ],
            [
              -89.39986943143921,
              43.07215506847421
            ],
            [
              -89.39987120969451,
              43.07215500122148
            ],
            [
              -89.4003862096945,
              43.07216100122148
            ],
            [
              -89.40038797032933,
              43.072161108163804
            ],
            [
              -89.40038971204369,
              43.072161386915894
            ],
            [
              -89.40039141811245,
              43.07216183480098
            ],
            [
              -89.40039307215275,
              43.07216244751815
            ],
            [
              -89.40039465828137,
              43.07216321918368
            ],
            [
              -89.40039616126718,
              43.0721641423875
            ],
            [
              -89.4003975666775,
              43.07216520826437
            ],
            [
              -89.40039886101658,
              43.07216640657901
            ],
            [
              -89.40040003185533,
              43.07216772582437
            ],
            [
              -89.4004010679505,
              43.07216915333215
            ],
            [
              -89.4004019593528,
              43.072170675394425
            ],
            [
              -89.40040269750239,
              43.07217227739531
            ],
            [
              -89.40040327531104,
              43.07217394395129
            ],
            [
              -89.40040368723022,
              43.072175659058935
            ],
            [
              -89.4004039293044,
              43.072177406248606
            ],
            [
              -89.40040399920903,
              43.07217916874258
            ],
            [
              -89.40040099920904,
              43.07249916874258
            ],
            [
              -89.40040089712728,
              43.07250092167508
            ],
            [
              -89.40040062473597,
              43.07250265632086
            ],
            [
              -89.40040018462717,
              43.07250435617299
            ],
            [
              -89.40039958098899,
              43.07250600505563
            ],
            [
              -89.40039881956565,
              43.07250758727797
            ],
            [
              -89.40039790760288,
              43.07250908778353
            ],
            [
              -89.40039685377896,
              43.07251049229346
            ],
            [
              -89.40039566812207,
              43.0725117874424
            ],
            [
              -89.40039436191499,
              43.07251296090569
            ],
            [
              -89.40039294758762,
              43.072514001516616
            ],
            [
              -89.40039143859872,
              43.072514899372685
            ],
            [
              -89.40038984930789,
              43.07251564592988
            ],
            [
              -89.40038819483884,
              43.07251623408395
            ],
            [
              -89.40038649093556,
              43.072516658237994
            ],
            [
              -89.40038475381245,
              43.07251691435575
            ],
            [
              -89.400383,
              43.072517
            ],
            [
              -89.40036787127698,
              43.072517
            ],
            [
              -89.40036499953642,
              43.072917129183274
            ],
            [
              -89.4003649010488,
              43.07291888479486
            ],
            [
              -89.40036463173479,
              43.0729206224202
            ],
            [
              -89.40036419416441,
              43.07292232547746
            ],
            [
              -89.4003635925133,
              43.072923977714666
            ],
            [
              -89.40036283252293,
              43.07292556336484
            ],
            [
              -89.40036192144574,
              43.07292706729642
            ],
            [
              -89.40036086797593,
              43.07292847515765
            ],
            [
              -89.40035968216662,
              43.072929773513586
            ],
            [
              -89.40035837533375,
              43.07293094997426
            ],
            [
              -89.40035695994818,
              43.072931993312906
            ],
            [
              -89.40035544951668,
              43.07293289357316
            ],
            [
              -89.400353858453,
              43.07293364216399
            ],
            [
              -89.40035220194038,
              43.07293423194174
            ],
            [
              -89.40035049578661,
              43.07293465727827
            ],
            [
              -89.4003487562732,
              43.07293491411467
            ],
            [
              -89.400347,
              43.072934999999994
            ]
          ]
        ]
      },
      "properties": {
        "building": "university",
        "name": "Vilas Communication Hall",
        "@id": "way/153060489",
        "addr:street": "University Avenue",
        "addr:housenumber": "821",
        "person_counts": [
          0,
          0,
          0,
          0,
          0,
          0,
          0,
          0,
          0,
          0,
          0,
          0,
          0,
          7,
          7,
          7,
          7,
          7,
          7,
          7,
          7,
          7,
          7,
          7,
          0,
          0,
          0,
          0,
          0,
          0,
          0,
          0,
          0,
          0,
          0,
          0,
          0,
          0,
          0,
          0,
          0,
          6,
          6,
          6,
          6,
          6,
          6,
          6,
          6,
          6,
          6,
          6,
          0,
          0,
          0,
          0,
          0,
          0,
          0,
          0,
          0,
          0,
          0,
          0
        ],
        "instructor_counts": [
          0,
          0,
          0,
          0,
          0,
          0,
          0,
          0,
          0,
          0,
          0,
          0,
          0,
          1,
          1,
          1,
          1,
          1,
          1,
          1,
          1,
          1,
          1,
          1,
          0,
          0,
          0,
          0,
          0,
          0,
          0,
          0,
          0,
          0,
          0,
          0,
          0,
          0,
          0,
          0,
          0,
          1,
          1,
          1,
          1,
          1,
          1,
          1,
          1,
          1,
          1,
          1,
          0,
          0,
          0,
          0,
          0,
          0,
          0,
          0,
          0,
          0,
          0,
          0
        ]
      }
    },
    {
      "type": "Feature",
      "geometry": {
        "type": "Polygon",
        "coordinates": [
          [
            [
              -89.40538422116444,
              43.075041999999996
            ],
            [
              -89.40538377476368,
              43.075042586884216
            ],
            [
              -89.40538257303086,
              43.075043880950865
            ],
            [
              -89.40538125027213,
              43.07504505102762
            ],
            [
              -89.40537981922014,
              43.07504608585152
            ],
            [
              -89.40537829364997,
              43.075046975461504
            ],
            [
              -89.4053766882465,
              43.07504771129435
            ],
            [
              -89.40537501846309,
              43.07504828626705
            ],
            [
              -89.40537330037277,
              43.075048694845
            ],
            [
              -89.40537155051362,
              43.07504893309532
            ],
            [
              -89.40536978572948,
              43.075048998724625
            ],
            [
              -89.40528578572948,
              43.07504799872462
            ],
            [
              -89.40528406800875,
              43.075047896016585
            ],
            [
              -89.40528236794496,
              43.07504762975258
            ],
            [
              -89.40528070107538,
              43.07504720236605
            ],
            [
              -89.40527908263394,
              43.075046617762986
            ],
            [
              -89.40527752741197,
              43.075045881286215
            ],
            [
              -89.405276049623,
              43.075044999666574
            ],
            [
              -89.40527466277291,
              43.0750439809614
            ],
            [
              -89.40527337953644,
              43.075042834480875
            ],
            [
              -89.4052722116414,
              43.07504157070296
            ],
            [
              -89.40527116976146,
              43.07504020117763
            ],
            [
              -89.40527110090298,
              43.075040090046194
            ],
            [
              -89.40513011612661,
              43.0750409996254
            ],
            [
              -89.40513,
              43.075041
            ],
            [
              -89.405077,
              43.075041
            ],
            [
              -89.40507555042379,
              43.075040941536415
            ],
            [
              -89.40507411026394,
              43.07504076652542
            ],
            [
              -89.40490811026393,
              43.075013766525416
            ],
            [
              -89.40490640378937,
              43.07501340329991
            ],
            [
              -89.40490474049633,
              43.075012876569964
            ],
            [
              -89.40490313601148,
              43.075012191284216
            ],
            [
              -89.40490160540901,
              43.075011353880946
            ],
            [
              -89.40490016306894,
              43.075010372227574
            ],
            [
              -89.40489882254214,
              43.07500925554676
            ],
            [
              -89.40489759642284,
              43.07500801432975
            ],
            [
              -89.40489649623049,
              43.075006660237804
            ],
            [
              -89.40489553230142,
              43.07500520599266
            ],
            [
              -89.40489471369177,
              43.07500366525698
            ],
            [
              -89.40489404809242,
              43.07500205250602
            ],
            [
              -89.40489354175664,
              43.07500038289161
            ],
            [
              -89.4048931994415,
              43.074998672099824
            ],
            [
              -89.40489302436308,
              43.07499693620359
            ],
            [
              -89.4048930181662,
              43.074995191511704
            ],
            [
              -89.40489318090911,
              43.07499345441558
            ],
            [
              -89.40489481782092,
              43.07498199603293
            ],
            [
              -89.40473813830404,
              43.07494758087894
            ],
            [
              -89.4047364421028,
              43.074947120449146
            ],
            [
              -89.40473479889191,
              43.07494649678885
            ],
            [
              -89.40473322433812,
              43.07494571584419
            ],
            [
              -89.4047317334536,
              43.07494478506087
            ],
            [
              -89.40473034045282,
              43.07494371331322
            ],
            [
              -89.40472905861697,
              43.074942510819525
            ],
            [
              -89.40472790016739,
              43.07494118904466
            ],
            [
              -89.40472687614901,
              43.07493976059074
            ],
            [
              -89.4047259963251,
              43.07493823907699
            ],
            [
              -89.40472526908407,
              43.07493663900989
            ],
            [
              -89.40472470135964,
              43.07493497564487
            ],
            [
              -89.40472429856463,
              43.07493326484085
            ],
            [
              -89.40472406453937,
              43.07493152290905
            ],
            [
              -89.40472400151512,
              43.074929766457466
            ],
            [
              -89.40472411009277,
              43.07492801223253
            ],
            [
              -89.40472588380462,
              43.07491204882598
            ],
            [
              -89.40458612244615,
              43.07491299958352
            ],
            [
              -89.40458580075021,
              43.074912998897176
            ],
            [
              -89.40431480075021,
              43.074909998897176
            ],
            [
              -89.40431299791473,
              43.07490988831056
            ],
            [
              -89.40431121523879,
              43.07490959760162
            ],
            [
              -89.40430947067266,
              43.07490912969758
            ],
            [
              -89.40430778178285,
              43.074908489309905
            ],
            [
              -89.40430616557525,
              43.07490768288683
            ],
            [
              -89.40430463832391,
              43.074906718548455
            ],
            [
              -89.40430321540713,
              43.07490560600496
            ],
            [
              -89.40430191115267,
              43.07490435645886
            ],
            [
              -89.40430073869341,
              43.07490298249217
            ],
            [
              -89.40429970983517,
              43.07490149793975
            ],
            [
              -89.4042988349378,
              43.07489991774995
            ],
            [
              -89.4042981228109,
              43.07489825783416
            ],
            [
              -89.4042651228109,
              43.07480925783416
            ],
            [
              -89.40426501054958,
              43.07480894630764
            ],
            [
              -89.40425808158523,
              43.074789149266635
            ],
            [
              -89.40423515744884,
              43.07472835047011
            ],
            [
              -89.4042346170834,
              43.07472667270911
            ],
            [
              -89.40423424340493,
              43.07472495014092
            ],
            [
              -89.40423403999668,
              43.07472319928345
            ],
            [
              -89.40423400880917,
              43.074721436925905
            ],
            [
              -89.40423415014145,
              43.07471967996774
            ],
            [
              -89.40423446263827,
              43.074717945256666
            ],
            [
              -89.40423494330305,
              43.074716249427034
            ],
            [
              -89.40423558752666,
              43.07471460874037
            ],
            [
              -89.40423638913154,
              43.074713038929424
            ],
            [
              -89.404237340431,
              43.074711555047315
            ],
            [
              -89.4042384323029,
              43.07471017132317
            ],
            [
              -89.40423965427718,
              43.074708901025694
            ],
            [
              -89.40424099463613,
              43.07470775633593
            ],
            [
              -89.40424244052691,
              43.07470674823046
            ],
            [
              -89.40424397808468,
              43.07470588637612
            ],
            [
              -89.4042455925656,
              43.07470517903735
            ],
            [
              -89.40424726848822,
              43.07470463299691
            ],
            [
              -89.40424898978189,
              43.07470425349085
            ],
            [
              -89.40425073994093,
              43.0747040441583
            ],
            [
              -89.40430773994093,
              43.0747000441583
            ],
            [
              -89.4043095139227,
              43.074700007338066
            ],
            [
              -89.40431128291058,
              43.074700145355806
            ],
            [
              -89.40431302971501,
              43.074700456870374
            ],
            [
              -89.40431473736196,
              43.07470093885473
            ],
            [
              -89.40431638925791,
              43.07470158662535
            ],
            [
              -89.40431796935111,
              43.07470239388772
            ],
            [
              -89.40431946228749,
              43.07470335279752
            ],
            [
              -89.40432176837096,
              43.074705
            ],
            [
              -89.4043949460247,
              43.074705
            ],
            [
              -89.40439650306199,
              43.07469877185081
            ],
            [
              -89.40441047085822,
              43.07463890986692
            ],
            [
              -89.40441094262009,
              43.074637251453176
            ],
            [
              -89.4044115708937,
              43.07463564578582
            ],
            [
              -89.40441234991427,
              43.07463410759781
            ],
            [
              -89.40441327253382,
              43.07463265100295
            ],
            [
              -89.40441433028674,
              43.07463128936639
            ],
            [
              -89.40441551346754,
              43.07463003518195
            ],
            [
              -89.4044168112198,
              43.07462889995753
            ],
            [
              -89.40441821163587,
              43.074627894109504
            ],
            [
              -89.40441970186608,
              43.07462702686714
            ],
            [
              -89.40442126823667,
              43.0746263061879
            ],
            [
              -89.40442289637525,
              43.07462573868445
            ],
            [
              -89.40442457134267,
              43.074625329563986
            ],
            [
              -89.40442627777009,
              43.07462508258043
            ],
            [
              -89.404428,
              43.074625000000005
            ],
            [
              -89.40454776613576,
              43.074625000000005
            ],
            [
              -89.40456226348097,
              43.07458837512789
            ],
            [
              -89.40456300789235,
              43.07458673849331
            ],
            [
              -89.40456391186554,
              43.07458518428819
            ],
            [
              -89.40456496638109,
              43.074583728019675
            ],
            [
              -89.40456616091757,
              43.074582384217734
            ],
            [
              -89.40456748355642,
              43.07458116629018
            ],
            [
              -89.40456892110099,
              43.07458008638895
            ],
            [
              -89.40457045920812,
              43.074579155288774
            ],
            [
              -89.40457208253127,
              43.074578382279746
            ],
            [
              -89.40457377487373,
              43.074577775074594
            ],
            [
              -89.40457551935005,
              43.07457733973172
            ],
            [
              -89.40457729855467,
              43.07457708059477
            ],
            [
              -89.40457909473552,
              43.074577000249306
            ],
            [
              -89.40476909473553,
              43.0745780002493
            ],
            [
              -89.40477089479832,
              43.07457810000728
            ],
            [
              -89.40477267585361,
              43.07457837932747
            ],
            [
              -89.40477442003488,
              43.074578835407905
            ],
            [
              -89.40477610984556,
              43.07457946367344
            ],
            [
              -89.40477772833445,
              43.074580257821694
            ],
            [
              -89.4047792592658,
              43.07458120988623
            ],
            [
              -89.40478068728223,
              43.07458231031651
            ],
            [
              -89.40478199805871,
              43.07458354807365
            ],
            [
              -89.4047831784463,
              43.074584910741194
            ],
            [
              -89.40478421660403,
              43.07458638464968
            ],
            [
              -89.40478510211774,
              43.074587955013705
            ],
            [
              -89.40478582610446,
              43.07458960608031
            ],
            [
              -89.40480044332882,
              43.07462807246022
            ],
            [
              -89.40530110526136,
              43.07463100030778
            ],
            [
              -89.40530143889386,
              43.07463100535157
            ],
            [
              -89.40534221947965,
              43.074632
            ],
            [
              -89.405454,
              43.074632
            ],
            [
              -89.40545578296556,
              43.074632088522286
            ],
            [
              -89.4054575483942,
              43.07463235321846
            ],
            [
              -89.40545927892151,
              43.07463279148502
            ],
            [
              -89.40546095752636,
              43.07463339901126
            ],
            [
              -89.4054625676983,
              43.074634169821664
            ],
            [
              -89.40546409359999,
              43.074635096334696
            ],
            [
              -89.40546552022295,
              43.07463616943734
            ],
            [
              -89.40546683353519,
              43.074637378574764
            ],
            [
              -89.40546802061921,
              43.07463871185413
            ],
            [
              -89.4054690697991,
              43.07464015616155
            ],
            [
              -89.4054699707553,
              43.07464169729109
            ],
            [
              -89.4054707146262,
              43.0746433200845
            ],
            [
              -89.40547129409522,
              43.07464500858028
            ],
            [
              -89.40547170346281,
              43.07464674617072
            ],
            [
              -89.4054719387025,
              43.074648515765205
            ],
            [
              -89.40547199750053,
              43.07465029995834
            ],
            [
              -89.40547099750052,
              43.07471029995835
            ],
            [
              -89.40547099513446,
              43.0747104184915
            ],
            [
              -89.4054693515553,
              43.074781092395874
            ],
            [
              -89.40548127760668,
              43.07478330092391
            ],
            [
              -89.40548303982119,
              43.074783719947845
            ],
            [
              -89.40548475100002,
              43.07478431395797
            ],
            [
              -89.40548639381495,
              43.07478507693904
            ],
            [
              -89.40548795163005,
              43.07478600116473
            ],
            [
              -89.40548940867012,
              43.07478707727591
            ],
            [
              -89.40549075018046,
              43.07478829437534
            ],
            [
              -89.4054919625763,
              43.07478964013807
            ],
            [
              -89.40549303358033,
              43.07479110093628
            ],
            [
              -89.40549395234703,
              43.074792661977206
            ],
            [
              -89.40549470957254,
              43.07479430745299
            ],
            [
              -89.40549529758881,
              43.074796020700745
            ],
            [
              -89.40549571044133,
              43.0747977843713
            ],
            [
              -89.40549594394933,
              43.07479958060487
            ],
            [
              -89.4054959957482,
              43.07480139121192
            ],
            [
              -89.40549399574819,
              43.07489339121192
            ],
            [
              -89.40549387422847,
              43.0748951241366
            ],
            [
              -89.40549358622494,
              43.0748968372767
            ],
            [
              -89.40549313442008,
              43.07489851467569
            ],
            [
              -89.40549252302215,
              43.074900140709985
            ],
            [
              -89.40549175772576,
              43.07490170023441
            ],
            [
              -89.40549084565905,
              43.074903178723275
            ],
            [
              -89.40548979531715,
              43.074904562405656
            ],
            [
              -89.40548861648317,
              43.07490583839368
            ],
            [
              -89.40548732013697,
              43.07490699480257
            ],
            [
              -89.40548591835295,
              43.07490802086132
            ],
            [
              -89.40548442418758,
              43.07490890701303
            ],
            [
              -89.40548285155779,
              43.07490964500393
            ],
            [
              -89.40548121511135,
              43.074910227960224
            ],
            [
              -89.40547953009042,
              43.07491065045217
            ],
            [
              -89.40546812812788,
              43.074912930844675
            ],
            [
              -89.40546697658714,
              43.07493193126699
            ],
            [
              -89.40546298337374,
              43.07502477347844
            ],
            [
              -89.40546282770384,
              43.07502648454741
            ],
            [
              -89.40546250960429,
              43.07502817297946
            ],
            [
              -89.40546203197333,
              43.07502982339116
            ],
            [
              -89.40546139916268,
              43.075031420745475
            ],
            [
              -89.40546061693794,
              43.075032950488776
            ],
            [
              -89.40545969242602,
              43.07503439868346
            ],
            [
              -89.40545863405022,
              43.075035752134895
            ],
            [
              -89.40545745145349,
              43.075036998511685
            ],
            [
              -89.40545615541056,
              43.07503812645798
            ],
            [
              -89.4054547577298,
              43.07503912569698
            ],
            [
              -89.40545327114556,
              43.07503998712454
            ],
            [
              -89.40545170920225,
              43.07504070289212
            ],
            [
              -89.40545008613086,
              43.0750412664783
            ],
            [
              -89.40544841671932,
              43.075041672748206
            ],
            [
              -89.40544671617778,
              43.075041918000274
            ],
            [
              -89.405445,
              43.075041999999996
            ],
            [
              -89.40538422116444,
              43.075041999999996
            ]
          ]
        ]
      },
      "properties": {
        "building": "university",
        "name": "Van Vleck Hall",
        "@id": "way/38855396",
        "addr:street": "Lincoln Drive",
        "addr:housenumber": "480",
        "person_counts": [
          11,
          11,
          11,
          11,
          11,
          11,
          11,
          11,
          11,
          11,
          11,
          0,
          0,
          0,
          0,
          0,
          0,
          0,
          0,
          0,
          0,
          0,
          0,
          0,
          0,
          0,
          0,
          0,
          0,
          0,
          0,
          0,
          0,
          0,
          0,
          0,
          0,
          0,
          0,
          0,
          0,
          0,
          0,
          0,
          0,
          0,
          0,
          0,
          0,
          0,
          0,
          0,
          0,
          0,
          0,
          0,
          0,
          0,
          0,
          0,
          0,
          0,
          0,
          0
        ],
        "instructor_counts": [
          1,
          1,
          1,
          1,
          1,
          1,
          1,
          1,
          1,
          1,
          1,
          0,
          0,
          0,
          0,
          0,
          0,
          0,
          0,
          0,
          0,
          0,
          0,
          0,
          0,
          0,
          0,
          0,
          0,
          0,
          0,
          0,
          0,
          0,
          0,
          0,
          0,
          0,
          0,
          0,
          0,
          0,
          0,
          0,
          0,
          0,
          0,
          0,
          0,
          0,
          0,
          0,
          0,
          0,
          0,
          0,
          0,
          0,
          0,
          0,
          0,
          0,
          0,
          0
        ]
      }
    },
    {
      "type": "Feature",
      "geometry": {
        "type": "Polygon",
        "coordinates": [
          [
            [
              -89.40687399848224,
              43.07528123374652
            ],
            [
              -89.4068722269791,
              43.07541763948761
            ],
            [
              -89.40688264244754,
              43.07541801146863
            ],
            [
              -89.40688437434673,
              43.07541815728503
            ],
            [
              -89.40688608410925,
              43.07541846945376
            ],
            [
              -89.40688775579454,
              43.07541894506438
            ],
            [
              -89.40688937381707,
              43.07541957968265
            ],
            [
              -89.40689092309154,
              43.07542036739186
            ],
            [
              -89.40689238917369,
              43.075421300847985
            ],
            [
              -89.40689375839483,
              43.07542237134817
            ],
            [
              -89.40689501798938,
              43.07542356891186
            ],
            [
              -89.40689615621378,
              43.07542488237385
            ],
            [
              -89.40689716245608,
              43.0754262994884
            ],
            [
              -89.40689802733482,
              43.07542780704336
            ],
            [
              -89.4068987427865,
              43.075429390983416
            ],
            [
              -89.40689930214077,
              43.075431036541076
            ],
            [
              -89.40689970018263,
              43.07543272837436
            ],
            [
              -89.40689993320105,
              43.07543445070988
            ],
            [
              -89.40689999902351,
              43.07543618748983
            ],
            [
              -89.40689918734093,
              43.07551410901743
            ],
            [
              -89.40738010821448,
              43.07551700032529
            ],
            [
              -89.40738188145781,
              43.07551709860015
            ],
            [
              -89.40738363638567,
              43.07551737114016
            ],
            [
              -89.40738535591433,
              43.075517815292216
            ],
            [
              -89.40738702330465,
              43.075518426732614
            ],
            [
              -89.40738862232504,
              43.07551919950916
            ],
            [
              -89.40739013740952,
              43.07552012609909
            ],
            [
              -89.40739155380913,
              43.07552119748231
            ],
            [
              -89.40739285773562,
              43.07552240322919
            ],
            [
              -89.40739403649563,
              43.07552373160214
            ],
            [
              -89.40739507861427,
              43.075525169669795
            ],
            [
              -89.40739597394679,
              43.075526703432985
            ],
            [
              -89.40739671377737,
              43.07552831796095
            ],
            [
              -89.407397290904,
              43.075529997536705
            ],
            [
              -89.40739769970848,
              43.075531725810045
            ],
            [
              -89.40739793621123,
              43.07553348595671
            ],
            [
              -89.40739799810994,
              43.07553526084217
            ],
            [
              -89.40739499810994,
              43.07574226084217
            ],
            [
              -89.40739488683126,
              43.075744015258735
            ],
            [
              -89.4073946049453,
              43.07574575045346
            ],
            [
              -89.40739415514074,
              43.07574744987579
            ],
            [
              -89.40739354170789,
              43.075749097316404
            ],
            [
              -89.40739277049775,
              43.07575067706175
            ],
            [
              -89.40739184886625,
              43.07575217404398
            ],
            [
              -89.40739078560405,
              43.07575357398466
            ],
            [
              -89.40738959085269,
              43.075754863530946
            ],
            [
              -89.40738827600791,
              43.07575603038295
            ],
            [
              -89.40738685361086,
              43.07575706341106
            ],
            [
              -89.4073853372286,
              43.07575795276211
            ],
            [
              -89.40738374132462,
              43.07575868995333
            ],
            [
              -89.40738208112087,
              43.07575926795328
            ],
            [
              -89.40738037245264,
              43.07575968124891
            ],
            [
              -89.40737863161745,
              43.07575992589815
            ],
            [
              -89.40737687521964,
              43.07575999956749
            ],
            [
              -89.40681771233231,
              43.07575612322165
            ],
            [
              -89.40681599769644,
              43.075863287963145
            ],
            [
              -89.40681587971378,
              43.075865077458865
            ],
            [
              -89.40681558424653,
              43.0758668463325
            ],
            [
              -89.40681511422771,
              43.075868577025176
            ],
            [
              -89.40681447432297,
              43.07587025235702
            ],
            [
              -89.4068136708844,
              43.07587185569769
            ],
            [
              -89.40681271188741,
              43.07587337113149
            ],
            [
              -89.40681160685156,
              43.07587478361533
            ],
            [
              -89.40681036674609,
              43.075876079128065
            ],
            [
              -89.40680900388101,
              43.075877244809675
            ],
            [
              -89.40680753178492,
              43.07587826908891
            ],
            [
              -89.40680596507072,
              43.075879141798175
            ],
            [
              -89.40680431929054,
              43.07587985427444
            ],
            [
              -89.40680261078136,
              43.07588039944525
            ],
            [
              -89.40680085650284,
              43.07588077189892
            ],
            [
              -89.40679907386901,
              43.07588096793826
            ],
            [
              -89.4067972805753,
              43.07588098561725
            ],
            [
              -89.406791,
              43.07588073439424
            ],
            [
              -89.406791,
              43.075881
            ],
            [
              -89.40679091187776,
              43.07588277894217
            ],
            [
              -89.40679064837386,
              43.075884540466085
            ],
            [
              -89.40679021206837,
              43.07588626732401
            ],
            [
              -89.40678960723332,
              43.07588794260767
            ],
            [
              -89.40678883979088,
              43.075889549913754
            ],
            [
              -89.40678791725531,
              43.07589107350456
            ],
            [
              -89.40678684865954,
              43.07589249846204
            ],
            [
              -89.40678564446654,
              43.07589381083394
            ],
            [
              -89.40678431646701,
              43.07589499777035
            ],
            [
              -89.40678287766387,
              43.075896047649536
            ],
            [
              -89.40678134214497,
              43.07589695019177
            ],
            [
              -89.40677972494511,
              43.07589769655992
            ],
            [
              -89.4067780418989,
              43.075898279446044
            ],
            [
              -89.40677630948565,
              43.075898693142875
            ],
            [
              -89.40677454466801,
              43.075898933599774
            ],
            [
              -89.40677276472599,
              43.07589899846233
            ],
            [
              -89.40661976472599,
              43.075896998462326
            ],
            [
              -89.4066180163159,
              43.07589689036046
            ],
            [
              -89.4066162866934,
              43.07589661281789
            ],
            [
              -89.40661459223986,
              43.075896168463245
            ],
            [
              -89.40661294900356,
              43.075895561505035
            ],
            [
              -89.40661137254766,
              43.075894797691795
            ],
            [
              -89.4066098778029,
              43.07589388425765
            ],
            [
              -89.40660847892609,
              43.075892829853785
            ],
            [
              -89.40660718916607,
              43.07589164446653
            ],
            [
              -89.40660602073824,
              43.07589033932276
            ],
            [
              -89.40660498470886,
              43.07588892678357
            ],
            [
              -89.40660409089023,
              43.0758874202272
            ],
            [
              -89.40660334774775,
              43.07588583392234
            ],
            [
              -89.40660276231976,
              43.07588418289299
            ],
            [
              -89.4066023401509,
              43.07588248277614
            ],
            [
              -89.40660208523956,
              43.0758807496737
            ],
            [
              -89.406602,
              43.075879
            ],
            [
              -89.406588,
              43.075879
            ],
            [
              -89.40658623569148,
              43.075878913325084
            ],
            [
              -89.40658448837421,
              43.07587865413505
            ],
            [
              -89.40658277487582,
              43.07587822492604
            ],
            [
              -89.40658111169822,
              43.07587762983159
            ],
            [
              -89.40657951485873,
              43.07587687458276
            ],
            [
              -89.4065779997358,
              43.075875966453026
            ],
            [
              -89.40657658092088,
              43.07587491418816
            ],
            [
              -89.40657527207794,
              43.075873727922065
            ],
            [
              -89.40657408581184,
              43.07587241907912
            ],
            [
              -89.40657303354698,
              43.0758710002642
            ],
            [
              -89.40657212541724,
              43.07586948514127
            ],
            [
              -89.40657137016841,
              43.07586788830179
            ],
            [
              -89.40657077507396,
              43.075866225124194
            ],
            [
              -89.40657034586495,
              43.0758645116258
            ],
            [
              -89.40657008667492,
              43.07586276430853
            ],
            [
              -89.40657,
              43.075860999999996
            ],
            [
              -89.406563,
              43.075860999999996
            ],
            [
              -89.40656122143061,
              43.07586091191477
            ],
            [
              -89.40655946026851,
              43.075860648521214
            ],
            [
              -89.40655773375065,
              43.07586021239721
            ],
            [
              -89.40655605877485,
              43.07585960781122
            ],
            [
              -89.40655445173456,
              43.075858840680475
            ],
            [
              -89.40655292835825,
              43.07585791851307
            ],
            [
              -89.40655150355559,
              43.075856850334496
            ],
            [
              -89.40655019127146,
              43.07585564659927
            ],
            [
              -89.40654900434954,
              43.075854319088656
            ],
            [
              -89.4065479544065,
              43.07585288079532
            ],
            [
              -89.4065470517184,
              43.075851345796195
            ],
            [
              -89.40654630512009,
              43.0758497291147
            ],
            [
              -89.40654572191869,
              43.0758480465737
            ],
            [
              -89.40654530782214,
              43.07584631464063
            ],
            [
              -89.40654506688331,
              43.07584455026635
            ],
            [
              -89.40654500146033,
              43.07584277071924
            ],
            [
              -89.40654676775618,
              43.07570411649406
            ],
            [
              -89.40640811464735,
              43.07570499963489
            ],
            [
              -89.40640630598818,
              43.07570492010949
            ],
            [
              -89.40640451446558,
              43.07570465930491
            ],
            [
              -89.40640275820252,
              43.07570421985944
            ],
            [
              -89.40640105496529,
              43.0757036062185
            ],
            [
              -89.40639942198376,
              43.07570282458965
            ],
            [
              -89.40639787577716,
              43.07570188287983
            ],
            [
              -89.40639643198682,
              43.07570079061533
            ],
            [
              -89.40639510521808,
              43.075699558845464
            ],
            [
              -89.4063939088925,
              43.07569820003078
            ],
            [
              -89.40639285511205,
              43.075696727916984
            ],
            [
              -89.40639195453673,
              43.07569515739593
            ],
            [
              -89.40639121627673,
              43.07569350435496
            ],
            [
              -89.40639064780028,
              43.07569178551616
            ],
            [
              -89.40639025485805,
              43.07569001826727
            ],
            [
              -89.40639004142504,
              43.07568822048568
            ],
            [
              -89.40638304142504,
              43.07558522048568
            ],
            [
              -89.4063830350536,
              43.075582877190854
            ],
            [
              -89.40638400254258,
              43.075567397367
            ],
            [
              -89.406385,
              43.07534695927702
            ],
            [
              -89.406385,
              43.0753
            ],
            [
              -89.40638508160838,
              43.07529828791299
            ],
            [
              -89.40638532569355,
              43.0752965913505
            ],
            [
              -89.40638573004222,
              43.07529492569628
            ],
            [
              -89.40638629098792,
              43.0752933060538
            ],
            [
              -89.40638700344425,
              43.07529174710934
            ],
            [
              -89.40638786095091,
              43.07529026299878
            ],
            [
              -89.40638885573239,
              43.07528886717943
            ],
            [
              -89.4063899787684,
              43.07528757230802
            ],
            [
              -89.40639121987572,
              43.07528639012594
            ],
            [
              -89.40639256780047,
              43.075285331352724
            ],
            [
              -89.4063940103202,
              43.07528440558891
            ],
            [
              -89.40639553435476,
              43.07528362122895
            ],
            [
              -89.40639712608477,
              43.07528298538511
            ],
            [
              -89.4063987710771,
              43.075282503822955
            ],
            [
              -89.40640045441559,
              43.07528218090911
            ],
            [
              -89.40640745441559,
              43.075281180909116
            ],
            [
              -89.40641,
              43.075281000000004
            ],
            [
              -89.406513,
              43.075281000000004
            ],
            [
              -89.40651313332968,
              43.07528100049381
            ],
            [
              -89.40664806666588,
              43.075282
            ],
            [
              -89.406672,
              43.075282
            ],
            [
              -89.40667227269597,
              43.075282002065755
            ],
            [
              -89.40672,
              43.075282725206726
            ],
            [
              -89.40672,
              43.07528
            ],
            [
              -89.40672008667492,
              43.07527823569147
            ],
            [
              -89.40672034586495,
              43.0752764883742
            ],
            [
              -89.40672077507396,
              43.07527477487581
            ],
            [
              -89.40672137016841,
              43.075273111698216
            ],
            [
              -89.40672212541725,
              43.075271514858734
            ],
            [
              -89.40672303354698,
              43.0752699997358
            ],
            [
              -89.40672408581185,
              43.075268580920884
            ],
            [
              -89.40672527207795,
              43.07526727207794
            ],
            [
              -89.40672658092089,
              43.07526608581184
            ],
            [
              -89.4067279997358,
              43.07526503354698
            ],
            [
              -89.40672951485874,
              43.07526412541724
            ],
            [
              -89.40673111169822,
              43.075263370168415
            ],
            [
              -89.40673277487582,
              43.07526277507396
            ],
            [
              -89.40673448837421,
              43.07526234586495
            ],
            [
              -89.40673623569148,
              43.07526208667492
            ],
            [
              -89.406738,
              43.075262
            ],
            [
              -89.406747,
              43.075262
            ],
            [
              -89.40674716513067,
              43.07526200075746
            ],
            [
              -89.40685616513068,
              43.07526300075746
            ],
            [
              -89.40685793283382,
              43.07526310407439
            ],
            [
              -89.40685968183233,
              43.075263380575755
            ],
            [
              -89.40686139520061,
              43.07526382758577
            ],
            [
              -89.40686305635785,
              43.07526444077858
            ],
            [
              -89.40686464922852,
              43.07526521422013
            ],
            [
              -89.40686615839792,
              43.075266140425576
            ],
            [
              -89.40686756926134,
              43.075267210431754
            ],
            [
              -89.40686886816542,
              43.075268413883876
            ],
            [
              -89.40687004254025,
              43.075269739135756
            ],
            [
              -89.40687108102105,
              43.075271173362516
            ],
            [
              -89.40687197355813,
              43.075272702684714
            ],
            [
              -89.40687271151411,
              43.07527431230261
            ],
            [
              -89.40687328774757,
              43.07527598663943
            ],
            [
              -89.40687369668211,
              43.075277709492106
            ],
            [
              -89.40687393436036,
              43.07527946418805
            ],
            [
              -89.40687399848224,
              43.07528123374652
            ]
          ]
        ]
      },
      "properties": {
        "building": "university",
        "name": "Van Hise Hall",
        "@id": "way/37727228",
        "addr:street": "Linden Drive",
        "addr:housenumber": "1220",
        "person_counts": [
          3,
          3,
          3,
          3,
          3,
          3,
          3,
          3,
          3,
          3,
          3,
          0,
          0,
          0,
          0,
          0,
          0,
          0,
          0,
          0,
          0,
          0,
          0,
          0,
          0,
          0,
          0,
          0,
          0,
          0,
          0,
          0,
          0,
          0,
          0,
          0,
          0,
          0,
          0,
          0,
          0,
          0,
          0,
          0,
          0,
          0,
          0,
          0,
          0,
          0,
          0,
          0,
          0,
          0,
          0,
          0,
          0,
          0,
          0,
          0,
          0,
          0,
          0,
          0
        ],
        "instructor_counts": [
          1,
          1,
          1,
          1,
          1,
          1,
          1,
          1,
          1,
          1,
          1,
          0,
          0,
          0,
          0,
          0,
          0,
          0,
          0,
          0,
          0,
          0,
          0,
          0,
          0,
          0,
          0,
          0,
          0,
          0,
          0,
          0,
          0,
          0,
          0,
          0,
          0,
          0,
          0,
          0,
          0,
          0,
          0,
          0,
          0,
          0,
          0,
          0,
          0,
          0,
          0,
          0,
          0,
          0,
          0,
          0,
          0,
          0,
          0,
          0,
          0,
          0,
          0,
          0
        ]
      }
    },
    {
      "type": "Feature",
      "geometry": {
        "type": "Polygon",
        "coordinates": [
          [
            [
              -89.40226350684006,
              43.072654404935946
            ],
            [
              -89.40226459540223,
              43.07265523240591
            ],
            [
              -89.4022659118723,
              43.072656458726
            ],
            [
              -89.40226709934504,
              43.07265781034095
            ],
            [
              -89.40226814595684,
              43.072659273747306
            ],
            [
              -89.40226904125144,
              43.072660834324765
            ],
            [
              -89.40226977628433,
              43.072662476482215
            ],
            [
              -89.40227034371206,
              43.07266418381353
            ],
            [
              -89.40227073786569,
              43.072665939261434
            ],
            [
              -89.40227095480742,
              43.07266772528795
            ],
            [
              -89.40227099236984,
              43.07266952404961
            ],
            [
              -89.40226799236983,
              43.07277252404961
            ],
            [
              -89.4022678584948,
              43.07277425259035
            ],
            [
              -89.402267558945,
              43.07277596023361
            ],
            [
              -89.40226709649937,
              43.07277763113745
            ],
            [
              -89.40226647544806,
              43.072779249800746
            ],
            [
              -89.40226570155262,
              43.072780801207024
            ],
            [
              -89.40226478199254,
              43.072782270963756
            ],
            [
              -89.40226372529865,
              43.072783645435884
            ],
            [
              -89.402262541274,
              43.07278491187231
            ],
            [
              -89.40226124090287,
              43.072786058524194
            ],
            [
              -89.40225983624894,
              43.072787074753954
            ],
            [
              -89.40225965177784,
              43.0727871828268
            ],
            [
              -89.40225699513447,
              43.072901418491504
            ],
            [
              -89.40225699458259,
              43.07290144158485
            ],
            [
              -89.4022530718131,
              43.07306129444143
            ],
            [
              -89.40225307629937,
              43.073061307900225
            ],
            [
              -89.4022535308116,
              43.073062917029965
            ],
            [
              -89.40225383404594,
              43.07306456139271
            ],
            [
              -89.40225398338566,
              43.07306622679884
            ],
            [
              -89.4022539775421,
              43.073067898877106
            ],
            [
              -89.4022509775421,
              43.073127898877104
            ],
            [
              -89.40225079423837,
              43.0731297138682
            ],
            [
              -89.40225042817063,
              43.07313150098525
            ],
            [
              -89.40224988309875,
              43.073133241872824
            ],
            [
              -89.40224916462114,
              43.07313491865035
            ],
            [
              -89.40224828011725,
              43.07313651409567
            ],
            [
              -89.4022472386718,
              43.07313801182205
            ],
            [
              -89.40224605098145,
              43.073139396446386
            ],
            [
              -89.40224472924491,
              43.073140653747245
            ],
            [
              -89.40224328703769,
              43.07314177081093
            ],
            [
              -89.40224173917267,
              43.073142736164115
            ],
            [
              -89.40224010154789,
              43.0731435398917
            ],
            [
              -89.40223839098336,
              43.073144173738626
            ],
            [
              -89.40223662504823,
              43.073144631194666
            ],
            [
              -89.40223482188034,
              43.07314490756131
            ],
            [
              -89.402233,
              43.073145
            ],
            [
              -89.4021665325474,
              43.073145
            ],
            [
              -89.40216599377055,
              43.07316547352028
            ],
            [
              -89.40216586135071,
              43.073167229832045
            ],
            [
              -89.40216555791581,
              43.07316896479409
            ],
            [
              -89.40216508637114,
              43.07317066179488
            ],
            [
              -89.40216445123153,
              43.07317230458632
            ],
            [
              -89.40216365857817,
              43.073173877439366
            ],
            [
              -89.4021627160004,
              43.0731753652946
            ],
            [
              -89.40216163252302,
              43.073176753906424
            ],
            [
              -89.40216041851986,
              43.07317802997945
            ],
            [
              -89.4021590856145,
              43.07317918129582
            ],
            [
              -89.40215764656898,
              43.07318019683213
            ],
            [
              -89.40215611516155,
              43.07318106686507
            ],
            [
              -89.40215450605479,
              43.07318178306441
            ],
            [
              -89.40215283465525,
              43.073182338572856
            ],
            [
              -89.40215111696588,
              43.07318272807163
            ],
            [
              -89.40214936943286,
              43.07318294783145
            ],
            [
              -89.40214760878808,
              43.073182995748205
            ],
            [
              -89.40210160878809,
              43.0731819957482
            ],
            [
              -89.40210006919727,
              43.07318189614486
            ],
            [
              -89.40209854379108,
              43.073181665067786
            ],
            [
              -89.40205254379109,
              43.07317266506779
            ],
            [
              -89.40205042745114,
              43.073172115685765
            ],
            [
              -89.40200742745114,
              43.073158115685764
            ],
            [
              -89.40200589377942,
              43.07315753788466
            ],
            [
              -89.4020044190192,
              43.07315682298229
            ],
            [
              -89.40200301539646,
              43.0731559769053
            ],
            [
              -89.40196701539647,
              43.0731319769053
            ],
            [
              -89.40196540555658,
              43.07313076840157
            ],
            [
              -89.40194640555657,
              43.07311476840157
            ],
            [
              -89.40194491830958,
              43.07311336403558
            ],
            [
              -89.4019436,
              43.0731118
            ],
            [
              -89.4019316,
              43.0730958
            ],
            [
              -89.40193076780888,
              43.07309459063885
            ],
            [
              -89.40191376780888,
              43.07306759063886
            ],
            [
              -89.40191284648284,
              43.07306594127722
            ],
            [
              -89.40191210310654,
              43.07306420443321
            ],
            [
              -89.40191154586908,
              43.07306239924018
            ],
            [
              -89.40191118090911,
              43.07306054558442
            ],
            [
              -89.40190838868277,
              43.073040999999996
            ],
            [
              -89.40181555562411,
              43.073040999999996
            ],
            [
              -89.40181499437763,
              43.07306344985944
            ],
            [
              -89.40181486590971,
              43.07306519300483
            ],
            [
              -89.4018145689806,
              43.07306691547195
            ],
            [
              -89.40181410639012,
              43.073068601019315
            ],
            [
              -89.4018134825001,
              43.07307023375356
            ],
            [
              -89.40181270319334,
              43.073071798279315
            ],
            [
              -89.40181177581808,
              43.073073279844365
            ],
            [
              -89.40181070911872,
              43.07307466447873
            ],
            [
              -89.40180951315337,
              43.07307593912643
            ],
            [
              -89.40180819919902,
              43.07307709176856
            ],
            [
              -89.40180677964524,
              43.07307811153662
            ],
            [
              -89.40180526787724,
              43.07307898881503
            ],
            [
              -89.4018036781498,
              43.07307971533174
            ],
            [
              -89.40180202545277,
              43.0730802842363
            ],
            [
              -89.40180032536976,
              43.07308069016438
            ],
            [
              -89.40179859393118,
              43.07308092928842
            ],
            [
              -89.4017968474631,
              43.073080999353664
            ],
            [
              -89.40169685629327,
              43.07308015197087
            ],
            [
              -89.40169664385412,
              43.07308156292181
            ],
            [
              -89.40169620198256,
              43.07308330016945
            ],
            [
              -89.4016955895098,
              43.07308498485251
            ],
            [
              -89.40169481251009,
              43.073086600263075
            ],
            [
              -89.40169387868931,
              43.07308813038027
            ],
            [
              -89.40169279730868,
              43.07308956002911
            ],
            [
              -89.40169157909284,
              43.07309087503101
            ],
            [
              -89.40169023612344,
              43.0730920623444
            ],
            [
              -89.40168878171946,
              43.07309311019406
            ],
            [
              -89.40168723030497,
              43.07309400818791
            ],
            [
              -89.40168559726618,
              43.07309474742007
            ],
            [
              -89.40168389879881,
              43.07309532055918
            ],
            [
              -89.40168215174745,
              43.07309572192112
            ],
            [
              -89.40168037343854,
              43.07309594752537
            ],
            [
              -89.4016785815085,
              43.07309599513448
            ],
            [
              -89.4015495815085,
              43.07309299513448
            ],
            [
              -89.40154784565979,
              43.073092870613266
            ],
            [
              -89.40154612994935,
              43.07309257904173
            ],
            [
              -89.40154445041524,
              43.07309212314542
            ],
            [
              -89.40154282275736,
              43.07309150718596
            ],
            [
              -89.40154126219066,
              43.07309073692117
            ],
            [
              -89.40153978330295,
              43.07308981955133
            ],
            [
              -89.40153839991855,
              43.07308876365178
            ],
            [
              -89.401537124969,
              43.073087579092835
            ],
            [
              -89.40153597037222,
              43.07308627694747
            ],
            [
              -89.40153494692112,
              43.07308486938784
            ],
            [
              -89.40153406418268,
              43.07308336957147
            ],
            [
              -89.40153333040855,
              43.07308179151831
            ],
            [
              -89.40153275245785,
              43.073080149979624
            ],
            [
              -89.40153233573317,
              43.07307846030013
            ],
            [
              -89.4015320841299,
              43.07307673827456
            ],
            [
              -89.40153203857628,
              43.07307579705507
            ],
            [
              -89.40128579546774,
              43.07307299883792
            ],
            [
              -89.40128402749365,
              43.07307289159631
            ],
            [
              -89.40128227861896,
              43.07307261111362
            ],
            [
              -89.40128056577774,
              43.07307216010572
            ],
            [
              -89.4012789055551,
              43.07307154293963
            ],
            [
              -89.40127731402669,
              43.073070765591254
            ],
            [
              -89.40127580660298,
              43.073069835587525
            ],
            [
              -89.40127439788009,
              43.07306876193349
            ],
            [
              -89.4012731014984,
              43.073067555025155
            ],
            [
              -89.40127193001058,
              43.07306622654879
            ],
            [
              -89.4012708947599,
              43.073064789367784
            ],
            [
              -89.40127000577053,
              43.07306325739812
            ],
            [
              -89.40126927165038,
              43.07306164547356
            ],
            [
              -89.4012686995078,
              43.073059969202085
            ],
            [
              -89.40126829488274,
              43.07305824481473
            ],
            [
              -89.40126806169312,
              43.07305648900842
            ],
            [
              -89.40126800219686,
              43.07305471878432
            ],
            [
              -89.40126871655286,
              43.073009
            ],
            [
              -89.4012667039263,
              43.073009
            ],
            [
              -89.40125495986443,
              43.073042030174015
            ],
            [
              -89.40125432762702,
              43.073043576846075
            ],
            [
              -89.4012535546939,
              43.0730450582282
            ],
            [
              -89.40125264772547,
              43.07304646155528
            ],
            [
              -89.40125161453712,
              43.073047774734796
            ],
            [
              -89.40121961453711,
              43.073084774734795
            ],
            [
              -89.4012182161647,
              43.073086219883514
            ],
            [
              -89.4012166653202,
              43.073087500032585
            ],
            [
              -89.40121498136001,
              43.073088599204226
            ],
            [
              -89.40118198136001,
              43.07310759920423
            ],
            [
              -89.40118014720751,
              43.073108520212614
            ],
            [
              -89.40117822013312,
              43.073109226439286
            ],
            [
              -89.40114522013312,
              43.07311922643928
            ],
            [
              -89.40114321993788,
              43.07311970965838
            ],
            [
              -89.40111050347146,
              43.07312565810682
            ],
            [
              -89.40110999174124,
              43.07314254520428
            ],
            [
              -89.40110984843683,
              43.07314433094457
            ],
            [
              -89.40110952833352,
              43.07314609359553
            ],
            [
              -89.40110903460206,
              43.0731478156971
            ],
            [
              -89.40110837213318,
              43.07314948019087
            ],
            [
              -89.40110754748898,
              43.07315107058909
            ],
            [
              -89.40110656883806,
              43.07315257113796
            ],
            [
              -89.40110544587449,
              43.07315396697369
            ],
            [
              -89.40110418972188,
              43.07315524426973
            ],
            [
              -89.40110281282313,
              43.073156390373725
            ],
            [
              -89.4011013288172,
              43.07315739393288
            ],
            [
              -89.40109975240404,
              43.07315824500636
            ],
            [
              -89.40109809919889,
              43.0731589351638
            ],
            [
              -89.4010963855777,
              43.07315945756879
            ],
            [
              -89.40109462851487,
              43.07315980704662
            ],
            [
              -89.4010928454151,
              43.073159980135515
            ],
            [
              -89.40109105394102,
              43.07315997512092
            ],
            [
              -89.40105305394101,
              43.07315797512093
            ],
            [
              -89.40105046990956,
              43.07315765045217
            ],
            [
              -89.40103979138226,
              43.0731555147467
            ],
            [
              -89.40103954461054,
              43.07315609054737
            ],
            [
              -89.40103877330101,
              43.07315767196488
            ],
            [
              -89.40103785127859,
              43.07315917052231
            ],
            [
              -89.40103678735312,
              43.07316057190104
            ],
            [
              -89.40103559169037,
              43.073161862710975
            ],
            [
              -89.40103427571479,
              43.07316303061851
            ],
            [
              -89.40103285200047,
              43.073164064464365
            ],
            [
              -89.4010313341509,
              43.073164954370206
            ],
            [
              -89.40102973666905,
              43.07316569183304
            ],
            [
              -89.40102807481873,
              43.07316626980645
            ],
            [
              -89.40102636447884,
              43.07316668276794
            ],
            [
              -89.40102462199157,
              43.07316692677169
            ],
            [
              -89.40102286400626,
              43.07316699948626
            ],
            [
              -89.40102110732037,
              43.07316690021687
            ],
            [
              -89.40101936871892,
              43.073166629912016
            ],
            [
              -89.40101766481413,
              43.07316619115446
            ],
            [
              -89.40098866481414,
              43.073157191154465
            ],
            [
              -89.40098707692307,
              43.07315661538462
            ],
            [
              -89.40096307692308,
              43.073146615384616
            ],
            [
              -89.40096171429104,
              43.07314597958157
            ],
            [
              -89.40093471429104,
              43.07313197958157
            ],
            [
              -89.40093285993716,
              43.07313087209217
            ],
            [
              -89.40091085993716,
              43.073115872092174
            ],
            [
              -89.4009095158566,
              43.07311486053571
            ],
            [
              -89.40090827207793,
              43.07311372792206
            ],
            [
              -89.40089027207793,
              43.07309572792206
            ],
            [
              -89.400889029948,
              43.07309435066725
            ],
            [
              -89.40087602994801,
              43.07307835066725
            ],
            [
              -89.40087456512734,
              43.0730762609236
            ],
            [
              -89.40085656512734,
              43.0730462609236
            ],
            [
              -89.40085572936852,
              43.07304469847718
            ],
            [
              -89.40085505128073,
              43.07304306142844
            ],
            [
              -89.40085453743501,
              43.07304136564125
            ],
            [
              -89.400846537435,
              43.073009365641255
            ],
            [
              -89.40084618842481,
              43.0730075976507
            ],
            [
              -89.4008460179481,
              43.07300580362271
            ],
            [
              -89.40084602771364,
              43.07300400153965
            ],
            [
              -89.40084802771364,
              43.07296800153965
            ],
            [
              -89.40084818694595,
              43.072966412509786
            ],
            [
              -89.40084848639398,
              43.07296484384738
            ],
            [
              -89.40084892370064,
              43.0729633079002
            ],
            [
              -89.40085592370065,
              43.0729423079002
            ],
            [
              -89.40085690031056,
              43.07293995015528
            ],
            [
              -89.40086590031055,
              43.07292195015528
            ],
            [
              -89.4008667389719,
              43.072920455314495
            ],
            [
              -89.40086771601412,
              43.072919047021074
            ],
            [
              -89.40086882257778,
              43.07291773804487
            ],
            [
              -89.400870048629,
              43.07291654025514
            ],
            [
              -89.40087138305047,
              43.07291546451298
            ],
            [
              -89.40087281374217,
              43.07291452057277
            ],
            [
              -89.40087432773116,
              43.072913716993796
            ],
            [
              -89.4008759112892,
              43.07291306106258
            ],
            [
              -89.40087755005723,
              43.07291255872684
            ],
            [
              -89.40087922917556,
              43.07291221454156
            ],
            [
              -89.4008809334186,
              43.07291203162767
            ],
            [
              -89.40088264733298,
              43.072912011643766
            ],
            [
              -89.4008843553776,
              43.072912154771046
            ],
            [
              -89.4008860420646,
              43.072912459711695
            ],
            [
              -89.40088769209979,
              43.072912923700635
            ],
            [
              -89.40089324316513,
              43.07291477405575
            ],
            [
              -89.40090239759651,
              43.07290421125031
            ],
            [
              -89.40090353442709,
              43.07290301502822
            ],
            [
              -89.4009285344271,
              43.07287901502822
            ],
            [
              -89.4009297308139,
              43.0728779641372
            ],
            [
              -89.40093101539647,
              43.072877023094705
            ],
            [
              -89.40094039750286,
              43.072870768357106
            ],
            [
              -89.40090616489451,
              43.072834
            ],
            [
              -89.40087,
              43.072834
            ],
            [
              -89.40086820185148,
              43.072833909959854
            ],
            [
              -89.40086642169246,
              43.072833640740214
            ],
            [
              -89.40086467733248,
              43.07283319503448
            ],
            [
              -89.40086298622293,
              43.07283257730169
            ],
            [
              -89.40086136528242,
              43.07283179372193
            ],
            [
              -89.40085983072763,
              43.07283085213451
            ],
            [
              -89.40085839791091,
              43.07282976195948
            ],
            [
              -89.40085708116683,
              43.07282853410347
            ],
            [
              -89.40085589366872,
              43.07282718085051
            ],
            [
              -89.40085484729686,
              43.072825715739164
            ],
            [
              -89.40085395251961,
              43.07282415342709
            ],
            [
              -89.40085321828876,
              43.07282250954437
            ],
            [
              -89.40085265194988,
              43.07282080053717
            ],
            [
              -89.40085225916889,
              43.07281904350319
            ],
            [
              -89.40085204387535,
              43.07281725602059
            ],
            [
              -89.40085200822315,
              43.07281545597219
            ],
            [
              -89.40086600822316,
              43.07235245597219
            ],
            [
              -89.40086614834269,
              43.072350693849266
            ],
            [
              -89.40086646062662,
              43.07234895396725
            ],
            [
              -89.4008669420632,
              43.07234725310586
            ],
            [
              -89.40086758800943,
              43.07234560766848
            ],
            [
              -89.40086839223565,
              43.072344033524004
            ],
            [
              -89.40086934698579,
              43.07234254585373
            ],
            [
              -89.40087044305207,
              43.072341159005
            ],
            [
              -89.40087166986383,
              43.07233988635283
            ],
            [
              -89.40087301558953,
              43.072338740170885
            ],
            [
              -89.40087446725072,
              43.07233773151314
            ],
            [
              -89.40087601084736,
              43.07233687010726
            ],
            [
              -89.40087763149272,
              43.07233616426078
            ],
            [
              -89.40087931355706,
              43.07233562078102
            ],
            [
              -89.40088104081823,
              43.07233524490937
            ],
            [
              -89.4008861216228,
              43.07233439810861
            ],
            [
              -89.40088839925663,
              43.07232699579867
            ],
            [
              -89.40089119914565,
              43.07230832987185
            ],
            [
              -89.40089160292625,
              43.0723063802787
            ],
            [
              -89.40089221954997,
              43.07230448720515
            ],
            [
              -89.40089304147277,
              43.072302673811876
            ],
            [
              -89.40090504147277,
              43.07227967381188
            ],
            [
              -89.40090571112637,
              43.072278499981934
            ],
            [
              -89.4009064669598,
              43.07227737970139
            ],
            [
              -89.4009254669598,
              43.07225137970139
            ],
            [
              -89.40092687347054,
              43.072249683579095
            ],
            [
              -89.40092847668082,
              43.07224817201697
            ],
            [
              -89.40095247668081,
              43.07222817201697
            ],
            [
              -89.40095440936115,
              43.07222676780888
            ],
            [
              -89.40098140936115,
              43.07220976780888
            ],
            [
              -89.4009827476765,
              43.07220900315166
            ],
            [
              -89.4009841465035,
              43.07220835579423
            ],
            [
              -89.4010181465035,
              43.07219435579423
            ],
            [
              -89.4010196969468,
              43.072193798906234
            ],
            [
              -89.40102129181135,
              43.072193386103876
            ],
            [
              -89.40105929181134,
              43.072185386103875
            ],
            [
              -89.4010619110889,
              43.07218503296706
            ],
            [
              -89.4010949110889,
              43.07218303296706
            ],
            [
              -89.401096,
              43.072183
            ],
            [
              -89.401159,
              43.072183
            ],
            [
              -89.40116074387481,
              43.07218308467414
            ],
            [
              -89.40116247134283,
              43.07218333789992
            ],
            [
              -89.40116416615162,
              43.072183757294944
            ],
            [
              -89.40116581235603,
              43.07218433891344
            ],
            [
              -89.40116739446817,
              43.07218507728339
            ],
            [
              -89.40116889760317,
              43.072185965458054
            ],
            [
              -89.40117030761917,
              43.07218699508125
            ],
            [
              -89.40117161125038,
              43.07218815646606
            ],
            [
              -89.40117279623196,
              43.072189438685896
            ],
            [
              -89.40117385141531,
              43.07219082967732
            ],
            [
              -89.40117476687301,
              43.07219231635355
            ],
            [
              -89.40117553399223,
              43.0721938847276
            ],
            [
              -89.40117614555571,
              43.07219552004382
            ],
            [
              -89.40117659580973,
              43.07219720691677
            ],
            [
              -89.40117688051818,
              43.07219892947595
            ],
            [
              -89.40117699700247,
              43.07220067151511
            ],
            [
              -89.40117694416668,
              43.07220241664474
            ],
            [
              -89.4011754546267,
              43.07222128415119
            ],
            [
              -89.40122426467727,
              43.07222200194605
            ],
            [
              -89.40122601108206,
              43.07222211269867
            ],
            [
              -89.40122773847966,
              43.07222239250814
            ],
            [
              -89.40122943054406,
              43.07222283872991
            ],
            [
              -89.40123107128319,
              43.072223447146655
            ],
            [
              -89.40123264519006,
              43.07222421200808
            ],
            [
              -89.40123413738932,
              43.07222512608533
            ],
            [
              -89.40123553377786,
              43.07222618073923
            ],
            [
              -89.40123682115811,
              43.07222736600204
            ],
            [
              -89.40123798736276,
              43.07222867067156
            ],
            [
              -89.40123902136973,
              43.07223008241707
            ],
            [
              -89.40123991340641,
              43.07223158789586
            ],
            [
              -89.40124065504197,
              43.07223317287931
            ],
            [
              -89.40124123926702,
              43.07223482238739
            ],
            [
              -89.40124166055995,
              43.07223652083023
            ],
            [
              -89.401241914939,
              43.072238252155486
            ],
            [
              -89.401242,
              43.07224
            ],
            [
              -89.401242,
              43.072302
            ],
            [
              -89.40124191171974,
              43.0723037805325
            ],
            [
              -89.40124164774488,
              43.07230554359991
            ],
            [
              -89.40124121066476,
              43.07230727190843
            ],
            [
              -89.40124060476663,
              43.07230894850524
            ],
            [
              -89.4012398359937,
              43.07231055694473
            ],
            [
              -89.40123891188684,
              43.07231208144985
            ],
            [
              -89.40123784151048,
              43.07231350706686
            ],
            [
              -89.40123663536389,
              43.07231481981199
            ],
            [
              -89.40123530527804,
              43.07231600680864
            ],
            [
              -89.40123386429966,
              43.07231705641366
            ],
            [
              -89.40123232656316,
              43.07231795833155
            ],
            [
              -89.4012307071521,
              43.072318703715474
            ],
            [
              -89.40122902195112,
              43.07231928525403
            ],
            [
              -89.40122728749026,
              43.072319697242946
            ],
            [
              -89.40122552078266,
              43.072319935641055
            ],
            [
              -89.40122373915783,
              43.07231999810994
            ],
            [
              -89.40117258972057,
              43.07231925681375
            ],
            [
              -89.40116933113686,
              43.07246263449706
            ],
            [
              -89.40118190474824,
              43.07246542863292
            ],
            [
              -89.40118326723334,
              43.07246578790387
            ],
            [
              -89.40118459744133,
              43.07246625264893
            ],
            [
              -89.40121759744133,
              43.07247925264893
            ],
            [
              -89.40121910062196,
              43.072479925799435
            ],
            [
              -89.4012205359803,
              43.07248073353087
            ],
            [
              -89.40122189149882,
              43.07248166908051
            ],
            [
              -89.40124689149881,
              43.07250066908051
            ],
            [
              -89.40124805831375,
              43.07250163597855
            ],
            [
              -89.40124913966542,
              43.07250269759405
            ],
            [
              -89.40125012788977,
              43.0725038464028
            ],
            [
              -89.40126512788977,
              43.0725228464028
            ],
            [
              -89.40126605149027,
              43.072524128189585
            ],
            [
              -89.40126685913783,
              43.07252548602634
            ],
            [
              -89.40126754461055,
              43.07252690945263
            ],
            [
              -89.40127354461055,
              43.07254090945263
            ],
            [
              -89.40127408164005,
              43.0725423239474
            ],
            [
              -89.40127435872883,
              43.07254329203208
            ],
            [
              -89.40145522930669,
              43.07254677031242
            ],
            [
              -89.40145945538947,
              43.07253690945262
            ],
            [
              -89.40146021782054,
              43.07253534420359
            ],
            [
              -89.40146112790782,
              43.07253385993716
            ],
            [
              -89.40147612790781,
              43.07251185993716
            ],
            [
              -89.4014771241727,
              43.072510534337475
            ],
            [
              -89.40147823820047,
              43.072509306045816
            ],
            [
              -89.40147946053645,
              43.072508185486576
            ],
            [
              -89.40148078080679,
              43.07250718216985
            ],
            [
              -89.4015097808068,
              43.07248718216985
            ],
            [
              -89.40151107558795,
              43.07248636814568
            ],
            [
              -89.4015124347982,
              43.07248566697451
            ],
            [
              -89.40151384862487,
              43.07248508371838
            ],
            [
              -89.40154684862487,
              43.07247308371838
            ],
            [
              -89.40154922847641,
              43.072472399556545
            ],
            [
              -89.40156340633813,
              43.07246936144332
            ],
            [
              -89.40156748434501,
              43.072325
            ],
            [
              -89.40152,
              43.072325
            ],
            [
              -89.40151820016459,
              43.07232490979041
            ],
            [
              -89.40151641836945,
              43.07232464006584
            ],
            [
              -89.40151467247402,
              43.0723241935298
            ],
            [
              -89.40151297997792,
              43.072323574658064
            ],
            [
              -89.40151135784552,
              43.07232278965376
            ],
            [
              -89.40150982233592,
              43.072321846385215
            ],
            [
              -89.40150838883999,
              43.07232075430707
            ],
            [
              -89.40150707172604,
              43.072319524365554
            ],
            [
              -89.40150588419591,
              43.07231816888871
            ],
            [
              -89.40150483815256,
              43.07231670146288
            ],
            [
              -89.40150394408076,
              43.07231513679649
            ],
            [
              -89.40150321094207,
              43.072313490572654
            ],
            [
              -89.40150264608492,
              43.07231177929194
            ],
            [
              -89.40150225517108,
              43.072310020107
            ],
            [
              -89.40150204211875,
              43.07230823065066
            ],
            [
              -89.40150200906345,
              43.07230642885916
            ],
            [
              -89.40150400906344,
              43.07224342885915
            ],
            [
              -89.40150415153413,
              43.07224166927778
            ],
            [
              -89.40150446568197,
              43.072239932114684
            ],
            [
              -89.40150494848528,
              43.07223823407892
            ],
            [
              -89.40150559530021,
              43.07223659150321
            ],
            [
              -89.40150639990527,
              43.072235020186824
            ],
            [
              -89.40150735456133,
              43.07223353524362
            ],
            [
              -89.4015084500859,
              43.07223215095666
            ],
            [
              -89.40150967594161,
              43.07223088064084
            ],
            [
              -89.40151102033742,
              43.07222973651481
            ],
            [
              -89.40151247034217,
              43.07222872958345
            ],
            [
              -89.40151401200882,
              43.07222786953203
            ],
            [
              -89.40151563050871,
              43.072227164633034
            ],
            [
              -89.40151731027416,
              43.0722266216666
            ],
            [
              -89.40151903514817,
              43.07222624585531
            ],
            [
              -89.4015207885399,
              43.07222604081392
            ],
            [
              -89.40152255358416,
              43.07222600851466
            ],
            [
              -89.4015694818615,
              43.07222745246166
            ],
            [
              -89.40157000622945,
              43.07220752647973
            ],
            [
              -89.40157014645122,
              43.07220570853853
            ],
            [
              -89.4015704698687,
              43.07220391411008
            ],
            [
              -89.40157097316332,
              43.072202161607045
            ],
            [
              -89.40157165117074,
              43.07220046901192
            ],
            [
              -89.40157249693391,
              43.07219885369245
            ],
            [
              -89.40157350177445,
              43.07219733222348
            ],
            [
              -89.40157465538167,
              43.072195920216835
            ],
            [
              -89.40157594591834,
              43.072194632161164
            ],
            [
              -89.40157736014227,
              43.072193481273224
            ],
            [
              -89.40157888354204,
              43.07219247936232
            ],
            [
              -89.40158050048602,
              43.07219163670907
            ],
            [
              -89.40158219438271,
              43.072190961959976
            ],
            [
              -89.401583947851,
              43.07219046203865
            ],
            [
              -89.40158574289848,
              43.072190142074795
            ],
            [
              -89.40158756110614,
              43.07219000535157
            ],
            [
              -89.40162856110614,
              43.07218900535157
            ],
            [
              -89.4016301389081,
              43.072189036067016
            ],
            [
              -89.40163170795594,
              43.072189204860926
            ],
            [
              -89.40167770795594,
              43.07219620486093
            ],
            [
              -89.40167914956281,
              43.07219648483148
            ],
            [
              -89.40168056354929,
              43.072196881386766
            ],
            [
              -89.40172056354929,
              43.07220988138676
            ],
            [
              -89.40172195769622,
              43.07221039908246
            ],
            [
              -89.40172330434926,
              43.07221103009758
            ],
            [
              -89.40174830434927,
              43.07222403009758
            ],
            [
              -89.4017504622875,
              43.07222535279752
            ],
            [
              -89.40176446228749,
              43.07223535279751
            ],
            [
              -89.401765172653,
              43.07223588717516
            ],
            [
              -89.401789172653,
              43.07225488717516
            ],
            [
              -89.40179076346449,
              43.07225630771991
            ],
            [
              -89.40179217509001,
              43.072257906451284
            ],
            [
              -89.40181017509002,
              43.07228090645128
            ],
            [
              -89.40181140049437,
              43.0722826820188
            ],
            [
              -89.4018124046708,
              43.072284591438994
            ],
            [
              -89.4018264046708,
              43.07231559143899
            ],
            [
              -89.40182699940394,
              43.07231708220768
            ],
            [
              -89.40182745897613,
              43.07231862002827
            ],
            [
              -89.40182777973337,
              43.07232019267367
            ],
            [
              -89.40183077973337,
              43.072339192673674
            ],
            [
              -89.40183094484885,
              43.07234059202286
            ],
            [
              -89.401831,
              43.072342
            ],
            [
              -89.401831,
              43.07235027905287
            ],
            [
              -89.401923,
              43.07235171655287
            ],
            [
              -89.401923,
              43.072325
            ],
            [
              -89.40192308793243,
              43.072323222969935
            ],
            [
              -89.40192335087065,
              43.07232146330194
            ],
            [
              -89.40192378624563,
              43.07231973818844
            ],
            [
              -89.40192438980368,
              43.07231806448427
            ],
            [
              -89.40192515564786,
              43.07231645854197
            ],
            [
              -89.40192607629565,
              43.07231493605204
            ],
            [
              -89.40192714275209,
              43.072313511889604
            ],
            [
              -89.4019283445976,
              43.07231219996913
            ],
            [
              -89.40192967008983,
              43.07231101310844
            ],
            [
              -89.40193110627835,
              43.07230996290347
            ],
            [
              -89.40193263913123,
              43.072309059615016
            ],
            [
              -89.40193425367205,
              43.07230831206845
            ],
            [
              -89.40193593412634,
              43.072307727567505
            ],
            [
              -89.40193766407559,
              43.07230731182292
            ],
            [
              -89.40193942661773,
              43.07230706889663
            ],
            [
              -89.40194120453224,
              43.07230700116207
            ],
            [
              -89.40202920453224,
              43.07230800116207
            ],
            [
              -89.40203095503456,
              43.07230810648609
            ],
            [
              -89.40203268698004,
              43.07230838165223
            ],
            [
              -89.40203438392935,
              43.07230882404865
            ],
            [
              -89.40203602977533,
              43.072309429476206
            ],
            [
              -89.40203760889591,
              43.07231019218828
            ],
            [
              -89.40203910630235,
              43.072311104945356
            ],
            [
              -89.40204050778154,
              43.072312159083694
            ],
            [
              -89.40204180003086,
              43.0723133445976
            ],
            [
              -89.40204297078454,
              43.072314650234375
            ],
            [
              -89.40204400892993,
              43.07231606360115
            ],
            [
              -89.4020449046132,
              43.07231757128249
            ],
            [
              -89.40204564933265,
              43.07231915896775
            ],
            [
              -89.40204623601953,
              43.07232081158689
            ],
            [
              -89.40204665910512,
              43.07232251345355
            ],
            [
              -89.40204691457356,
              43.0723242484139
            ],
            [
              -89.402047,
              43.072326
            ],
            [
              -89.402047,
              43.072352393825426
            ],
            [
              -89.40225539813267,
              43.072357004403585
            ],
            [
              -89.4022571733605,
              43.07235713168995
            ],
            [
              -89.40225892734014,
              43.072357433668586
            ],
            [
              -89.40226064292355,
              43.07235790738716
            ],
            [
              -89.40226230333805,
              43.07235854821428
            ],
            [
              -89.40226389235033,
              43.072359349884806
            ],
            [
              -89.40226539442519,
              43.07236030456109
            ],
            [
              -89.40226679487736,
              43.07236140290958
            ],
            [
              -89.4022680800151,
              43.07236263419211
            ],
            [
              -89.40226923727407,
              43.07236398637086
            ],
            [
              -89.40227025534016,
              43.072365446226044
            ],
            [
              -89.40227112426005,
              43.07236699948516
            ],
            [
              -89.40227183553866,
              43.07236863096254
            ],
            [
              -89.40227238222202,
              43.0723703247078
            ],
            [
              -89.40227275896545,
              43.072372064161755
            ],
            [
              -89.40227296208562,
              43.07237383231839
            ],
            [
              -89.4022729895967,
              43.07237561189105
            ],
            [
              -89.40226350684006,
              43.072654404935946
            ]
          ]
        ]
      },
      "properties": {
        "building": "university",
        "name": "Grainger Hall",
        "@id": "way/153060483",
        "addr:street": "University Avenue",
        "addr:housenumber": "975",
        "person_counts": [
          0,
          0,
          0,
          0,
          0,
          0,
          0,
          0,
          0,
          0,
          0,
          0,
          0,
          14,
          14,
          14,
          14,
          14,
          14,
          14,
          14,
          14,
          14,
          14,
          0,
          0,
          13,
          13,
          13,
          13,
          13,
          13,
          13,
          13,
          13,
          13,
          13,
          0,
          0,
          0,
          0,
          0,
          0,
          0,
          0,
          0,
          0,
          0,
          0,
          0,
          0,
          0,
          0,
          0,
          0,
          0,
          0,
          0,
          0,
          0,
          0,
          0,
          0,
          0
        ],
        "instructor_counts": [
          0,
          0,
          0,
          0,
          0,
          0,
          0,
          0,
          0,
          0,
          0,
          0,
          0,
          1,
          1,
          1,
          1,
          1,
          1,
          1,
          1,
          1,
          1,
          1,
          0,
          0,
          1,
          1,
          1,
          1,
          1,
          1,
          1,
          1,
          1,
          1,
          1,
          0,
          0,
          0,
          0,
          0,
          0,
          0,
          0,
          0,
          0,
          0,
          0,
          0,
          0,
          0,
          0,
          0,
          0,
          0,
          0,
          0,
          0,
          0,
          0,
          0,
          0,
          0
        ]
      }
    }
  ],
  "metadata": {
    "total_buildings": 4,
    "total_meetings": 11,
    "max_persons": 14,
    "total_chunks": 64,
    "chunk_duration_minutes": 5,
    "start_time": 1776437700000,
    "end_time": 1776456900000,
    "total_persons": [
      14,
      14,
      14,
      14,
      14,
      14,
      14,
      14,
      14,
      14,
      14,
      0,
      0,
      21,
      21,
      21,
      21,
      21,
      21,
      21,
      21,
      21,
      21,
      21,
      0,
      0,
      13,
      13,
      13,
      13,
      13,
      13,
      13,
      13,
      13,
      13,
      13,
      0,
      0,
      0,
      0,
      6,
      6,
      6,
      6,
      6,
      6,
      6,
      6,
      6,
      6,
      6,
      0,
      0,
      0,
      0,
      0,
      0,
      0,
      0,
      0,
      0,
      0,
      0
    ],
    "total_instructors": [
      2,
      2,
      2,
      2,
      2,
      2,
      2,
      2,
      2,
      2,
      2,
      0,
      0,
      2,
      2,
      2,
      2,
      2,
      2,
      2,
      2,
      2,
      2,
      2,
      0,
      0,
      1,
      1,
      1,
      1,
      1,
      1,
      1,
      1,
      1,
      1,
      1,
      0,
      0,
      0,
      0,
      1,
      1,
      1,
      1,
      1,
      1,
      1,
      1,
      1,
      1,
      1,
      0,
      0,
      0,
      0,
      0,
      0,
      0,
      0,
      0,
      0,
      0,
      0
    ]
  }
}