{
  "type": "FeatureCollection",
  "features": [
    {
      "type": "Feature",
      "geometry": {
        "type": "Polygon",
        "coordinates": [
          [
            [
              -89.4003969960124,
              43.07356937886342
            ],
            [
              -89.40039499601241,
              43.07366437886342
            ],
            [
              -89.40039479069056,
              43.07366673702933
            ],
            [
              -89.40039295566243,
              43.073678664712155
            ],
            [
              -89.40039150168211,
              43.07372373810197
            ],
            [
              -89.40039215999869,
              43.073724141520046
            ],
            [
              -89.40039359206301,
              43.07372522959424
            ],
            [
              -89.40039490839584,
              43.073726455147806
            ],
            [
              -89.40039609585533,
              43.07372780594522
            ],
            [
              -89.40039714258624,
              43.073729268500536
            ],
            [
              -89.40039803813835,
              43.07373082821208
            ],
            [
              -89.40039877357076,
              43.073732469508165
            ],
            [
              -89.40039934154113,
              43.07373417600262
            ],
            [
              -89.40039973637904,
              43.07373593065834
            ],
            [
              -89.40039995414254,
              43.0737377159574
            ],
            [
              -89.40039999265755,
              43.07373951407593
            ],
            [
              -89.40038799244331,
              43.074159521520095
            ],
            [
              -89.40038599244332,
              43.07422852152009
            ],
            [
              -89.4003859766179,
              43.07422891717438
            ],
            [
              -89.40038097990542,
              43.07432685273886
            ],
            [
              -89.40036498273084,
              43.07469178828409
            ],
            [
              -89.40036496893872,
              43.07469205699639
            ],
            [
              -89.400364,
              43.074708528954694
            ],
            [
              -89.400364,
              43.074727
            ],
            [
              -89.40036396013284,
              43.07472819734219
            ],
            [
              -89.40036296794437,
              43.07474308016919
            ],
            [
              -89.40035997422638,
              43.074798962904985
            ],
            [
              -89.40035980011874,
              43.07480067502766
            ],
            [
              -89.40035946330056,
              43.07480236269796
            ],
            [
              -89.4003589668507,
              43.074804010488926
            ],
            [
              -89.4003583153072,
              43.074805603338135
            ],
            [
              -89.40035751462581,
              43.07480712668538
            ],
            [
              -89.40035657212553,
              43.074808566605775
            ],
            [
              -89.40035549642174,
              43.07480990993704
            ],
            [
              -89.40035429734742,
              43.0748111443998
            ],
            [
              -89.40035298586331,
              43.074812258709876
            ],
            [
              -89.40035157395764,
              43.074813242681365
            ],
            [
              -89.4003500745366,
              43.07481408731981
            ],
            [
              -89.4003485013064,
              43.07481478490438
            ],
            [
              -89.40034686864787,
              43.07481532905848
            ],
            [
              -89.40034519148514,
              43.074815714808004
            ],
            [
              -89.40034348514911,
              43.07481593862682
            ],
            [
              -89.40034176523736,
              43.074815998469006
            ],
            [
              -89.39988176523737,
              43.07480999846901
            ],
            [
              -89.39988172730403,
              43.074809997934246
            ],
            [
              -89.39981572730403,
              43.07480899793424
            ],
            [
              -89.39981560009873,
              43.0748089955572
            ],
            [
              -89.39972560009873,
              43.0748069955572
            ],
            [
              -89.39972383178828,
              43.07480686893556
            ],
            [
              -89.39972208451051,
              43.0748065689767
            ],
            [
              -89.39972037521487,
              43.07480609859036
            ],
            [
              -89.39971872048233,
              43.074805462339526
            ],
            [
              -89.39971713636459,
              43.07480466639612
            ],
            [
              -89.39971563822836,
              43.074803718481185
            ],
            [
              -89.39971424060626,
              43.07480262778995
            ],
            [
              -89.3997129570559,
              43.07480140490263
            ],
            [
              -89.39971180002834,
              43.07480006168183
            ],
            [
              -89.3997107807473,
              43.074798611157426
            ],
            [
              -89.39970990910027,
              43.0747970674002
            ],
            [
              -89.39970919354268,
              43.074795445385334
            ],
            [
              -89.39970864101575,
              43.07479376084714
            ],
            [
              -89.39970825687926,
              43.07479203012647
            ],
            [
              -89.39970804485954,
              43.074790270012116
            ],
            [
              -89.39970800701325,
              43.074788497578034
            ],
            [
              -89.39972400701325,
              43.07421549757803
            ],
            [
              -89.39972401006604,
              43.0742153981063
            ],
            [
              -89.39974200752306,
              43.07367747411289
            ],
            [
              -89.39974500562236,
              43.073557550140556
            ],
            [
              -89.39974513576934,
              43.073555793359276
            ],
            [
              -89.39974543701699,
              43.07355405771284
            ],
            [
              -89.39974590647999,
              43.07355235982499
            ],
            [
              -89.39974653966193,
              43.07355071595779
            ],
            [
              -89.39974733049827,
              43.07354914185596
            ],
            [
              -89.39974827141452,
              43.07354765259598
            ],
            [
              -89.39974935339873,
              43.073546262441724
            ],
            [
              -89.39975056608786,
              43.07354498470787
            ],
            [
              -89.39975189786695,
              43.07354383163235
            ],
            [
              -89.39975333598044,
              43.07354281425912
            ],
            [
              -89.3997548666543,
              43.07354194233242
            ],
            [
              -89.39975647522803,
              43.07354122420342
            ],
            [
              -89.39975814629496,
              43.07354066675023
            ],
            [
              -89.39975986384985,
              43.07354027531206
            ],
            [
              -89.39976161144229,
              43.07354005363804
            ],
            [
              -89.3997633723341,
              43.07354000385132
            ],
            [
              -89.3999083390119,
              43.073543003161895
            ],
            [
              -89.40037930568839,
              43.07355100259589
            ],
            [
              -89.40038107281441,
              43.073551119747194
            ],
            [
              -89.4003828198747,
              43.073551409987
            ],
            [
              -89.40038452995695,
              43.07355187050567
            ],
            [
              -89.40038618650686,
              43.073552496845174
            ],
            [
              -89.4003877734883,
              43.07355328294229
            ],
            [
              -89.40038927553863,
              43.07355422118726
            ],
            [
              -89.40039067811733,
              43.07355530249747
            ],
            [
              -89.40039196764685,
              43.07355651640537
            ],
            [
              -89.40039313164401,
              43.073557851159805
            ],
            [
              -89.4003941588408,
              43.0735592938398
            ],
            [
              -89.4003950392935,
              43.07356083047958
            ],
            [
              -89.40039576447899,
              43.07356244620381
            ],
            [
              -89.40039632737712,
              43.073564125371604
            ],
            [
              -89.40039672253883,
              43.073565851727885
            ],
            [
              -89.40039694613877,
              43.073567608560786
            ],
            [
              -89.4003969960124,
              43.07356937886342
            ]
          ],
          [
            [
              -89.40017900000001,
              43.074353863128145
            ],
            [
              -89.40017900000001,
              43.07427880350851
            ],
            [
              -89.40017707369375,
              43.074277305270314
            ],
            [
              -89.40016984487566,
              43.07427188365674
            ],
            [
              -89.39992580944936,
              43.074267135885805
            ],
            [
              -89.39992010811028,
              43.074272318921324
            ],
            [
              -89.3999188,
              43.074273399999996
            ],
            [
              -89.39991752788838,
              43.074274354083705
            ],
            [
              -89.39991344633401,
              43.07435108730586
            ],
            [
              -89.40017900000001,
              43.074353863128145
            ]
          ]
        ]
      },
      "properties": {
        "building": "university",
        "name": "Mosse Humanities Building",
        "@id": "relation/2075103",
        "addr:street": "North Park Street",
        "addr:housenumber": "455",
        "person_counts": [
          0,
          0,
          0,
          0,
          0,
          0,
          0,
          0,
          0,
          0,
          0,
          0,
          0,
          0,
          0,
          0,
          0,
          0,
          0,
          0,
          0,
          0,
          0,
          0,
          0,
          0,
          0,
          0,
          0,
          0,
          0,
          0,
          0,
          0,
          0,
          0,
          0,
          0,
          0,
          0,
          0,
          0,
          0,
          0,
          0,
          0,
          0,
          0,
          0,
          0,
          0,
          0,
          0,
          0,
          0,
          0,
          0,
          0,
          0,
          0,
          0,
          0,
          0,
          0,
          0,
          0,
          0,
          0,
          0,
          0,
          0,
          0,
          0,
          0,
          0,
          0,
          0,
          0,
          0,
          0,
          0,
          0,
          0,
          0
        ],
        "instructor_counts": [
          0,
          0,
          0,
          0,
          0,
          0,
          0,
          0,
          0,
          0,
          0,
          0,
          0,
          0,
          0,
          0,
          0,
          0,
          0,
          0,
          0,
          0,
          0,
          0,
          0,
          0,
          0,
          0,
          0,
          0,
          0,
          0,
          0,
          0,
          0,
          0,
          0,
          0,
          0,
          0,
          0,
          0,
          0,
          0,
          0,
          0,
          0,
          0,
          0,
          0,
          0,
          0,
          0,
          0,
          0,
          0,
          0,
          0,
          0,
          0,
          1,
          1,
          1,
          1,
          1,
          1,
          1,
          1,
          1,
          1,
          1,
          1,
          1,
          1,
          1,
          1,
          1,
          1,
          1,
          0,
          0,
          0,
          0,
          0
        ]
      }
    },
    {
      "type": "Feature",
      "geometry": {
        "type": "Polygon",
        "coordinates": [
          [
            [
              -89.400347,
              43.072934999999994
            ],
            [
              -89.40032869233036,
              43.072934999999994
            ],
            [
              -89.40032799732522,
              43.07297531029871
            ],
            [
              -89.40032788247166,
              43.07297705358409
            ],
            [
              -89.40032759915665,
              43.072978777523716
            ],
            [
              -89.40032715004915,
              43.072980465877265
            ],
            [
              -89.40032653937998,
              43.07298210273963
            ],
            [
              -89.40032577290191,
              43.07298367269079
            ],
            [
              -89.40032485783556,
              43.07298516094104
            ],
            [
              -89.40032380280127,
              43.07298655347036
            ],
            [
              -89.40032261773798,
              43.07298783716045
            ],
            [
              -89.40032131380956,
              43.07298899991834
            ],
            [
              -89.40031990329962,
              43.07299003079029
            ],
            [
              -89.40031839949586,
              43.07299092006499
            ],
            [
              -89.40031681656482,
              43.07299165936505
            ],
            [
              -89.40031516941848,
              43.07299224172591
            ],
            [
              -89.40031347357375,
              43.07299266166146
            ],
            [
              -89.40031174500628,
              43.072992915215686
            ],
            [
              -89.40031,
              43.072993
            ],
            [
              -89.400171,
              43.072993
            ],
            [
              -89.400171,
              43.072998
            ],
            [
              -89.40017091217268,
              43.07299977597005
            ],
            [
              -89.40017064954782,
              43.07300153460913
            ],
            [
              -89.40017021468825,
              43.07300325875542
            ],
            [
              -89.40016961183758,
              43.07300493158366
            ],
            [
              -89.4001688468788,
              43.07300653676943
            ],
            [
              -89.40016792727683,
              43.07300805864835
            ],
            [
              -89.40016686200568,
              43.073009482369045
            ],
            [
              -89.40016566146087,
              43.073010794038005
            ],
            [
              -89.40016433735808,
              43.07301198085519
            ],
            [
              -89.40016290261865,
              43.073013031238936
            ],
            [
              -89.40016137124361,
              43.073013934938984
            ],
            [
              -89.40015975817704,
              43.073014683136485
            ],
            [
              -89.40015807916019,
              43.07301526853009
            ],
            [
              -89.4001563505779,
              43.07301568540719
            ],
            [
              -89.4001545892987,
              43.07301592969965
            ],
            [
              -89.40015281251017,
              43.07301599902352
            ],
            [
              -89.40005681251017,
              43.07301499902352
            ],
            [
              -89.4000550608499,
              43.073014895242295
            ],
            [
              -89.40005332761802,
              43.07301462139639
            ],
            [
              -89.40005162928607,
              43.07301418008824
            ],
            [
              -89.40004998199387,
              43.07301357551176
            ],
            [
              -89.40004840139623,
              43.07301281341245
            ],
            [
              -89.40004690251409,
              43.07301190103279
            ],
            [
              -89.40004549959187,
              43.07301084704346
            ],
            [
              -89.400044205962,
              43.07300966146088
            ],
            [
              -89.40004303391831,
              43.07300835555204
            ],
            [
              -89.40004199459914,
              43.073006941727456
            ],
            [
              -89.40004109788148,
              43.0730054334232
            ],
            [
              -89.40004035228719,
              43.07300384497319
            ],
            [
              -89.40003976490186,
              43.07300219147303
            ],
            [
              -89.40003934130766,
              43.0730004886365
            ],
            [
              -89.40003908553012,
              43.07299875264626
            ],
            [
              -89.400039,
              43.072997
            ],
            [
              -89.400039,
              43.07299
            ],
            [
              -89.399897,
              43.07299
            ],
            [
              -89.399896899723,
              43.072989999720676
            ],
            [
              -89.399555844637,
              43.07298809969234
            ],
            [
              -89.39955499933119,
              43.073086155166656
            ],
            [
              -89.39955489813246,
              43.073087912290276
            ],
            [
              -89.39955462581187,
              43.07308965113072
            ],
            [
              -89.39955418497304,
              43.07309135506315
            ],
            [
              -89.39955357983078,
              43.073093007796466
            ],
            [
              -89.39955281617077,
              43.0730945935291
            ],
            [
              -89.39955190129426,
              43.07309609710004
            ],
            [
              -89.3995508439483,
              43.07309750413384
            ],
            [
              -89.39954965424204,
              43.07309880117801
            ],
            [
              -89.3995483435501,
              43.07309997583168
            ],
            [
              -89.39954692440385,
              43.07310101686412
            ],
            [
              -89.3995454103716,
              43.07310191432215
            ],
            [
              -89.3995438159288,
              43.073102659625285
            ],
            [
              -89.39954215631974,
              43.073103245647765
            ],
            [
              -89.39954044741172,
              43.07310366678671
            ],
            [
              -89.39953870554343,
              43.073103919015644
            ],
            [
              -89.39953694736865,
              43.073103999923056
            ],
            [
              -89.39919494736866,
              43.07310299992305
            ],
            [
              -89.39919317774617,
              43.07310290752331
            ],
            [
              -89.39919142578438,
              43.07310264156973
            ],
            [
              -89.39918970846271,
              43.073102204639866
            ],
            [
              -89.39918804242487,
              43.07310160096829
            ],
            [
              -89.39918644381757,
              43.073100836405594
            ],
            [
              -89.39918492813398,
              43.073099918361656
            ],
            [
              -89.3991835100636,
              43.07309885573387
            ],
            [
              -89.39918220334988,
              43.07309765882086
            ],
            [
              -89.39918102065711,
              43.07309633922273
            ],
            [
              -89.39917997344753,
              43.07309490972858
            ],
            [
              -89.39917907187035,
              43.0730933841926
            ],
            [
              -89.39917832466337,
              43.07309177739979
            ],
            [
              -89.39917773906826,
              43.07309010492264
            ],
            [
              -89.39917732076043,
              43.07308838297026
            ],
            [
              -89.39917707379396,
              43.07308662823125
            ],
            [
              -89.3991770005624,
              43.073084857711954
            ],
            [
              -89.3991790005624,
              43.072831857711954
            ],
            [
              -89.39917910024185,
              43.07283010298705
            ],
            [
              -89.39917937057646,
              43.07282836634814
            ],
            [
              -89.39917980898889,
              43.07282666435224
            ],
            [
              -89.39918041129933,
              43.072825013226065
            ],
            [
              -89.39918117176539,
              43.07282342871136
            ],
            [
              -89.39918208313684,
              43.072821925914766
            ],
            [
              -89.3991831367247,
              43.072820519163876
            ],
            [
              -89.39918432248417,
              43.07281922187054
            ],
            [
              -89.39918562911026,
              43.072818046403086
            ],
            [
              -89.3991870441457,
              43.072817003968346
            ],
            [
              -89.39918855409964,
              43.07281610450482
            ],
            [
              -89.39919014457624,
              43.07281535658794
            ],
            [
              -89.39919180041203,
              43.07281476734829
            ],
            [
              -89.39919350582035,
              43.07281434240365
            ],
            [
              -89.39919524454196,
              43.072814085805426
            ],
            [
              -89.399197,
              43.072814
            ],
            [
              -89.399277,
              43.072814
            ],
            [
              -89.399277,
              43.07279
            ],
            [
              -89.39927700114897,
              43.07278979662315
            ],
            [
              -89.399279,
              43.072612898307526
            ],
            [
              -89.399279,
              43.072576
            ],
            [
              -89.39927908667492,
              43.07257423569147
            ],
            [
              -89.39927934586495,
              43.0725724883742
            ],
            [
              -89.39927977507396,
              43.07257077487581
            ],
            [
              -89.39928037016841,
              43.072569111698215
            ],
            [
              -89.39928112541725,
              43.07256751485873
            ],
            [
              -89.39928203354698,
              43.0725659997358
            ],
            [
              -89.39928308581185,
              43.07256458092088
            ],
            [
              -89.39928427207795,
              43.072563272077936
            ],
            [
              -89.39928558092089,
              43.07256208581184
            ],
            [
              -89.3992869997358,
              43.072561033546975
            ],
            [
              -89.39928851485874,
              43.07256012541724
            ],
            [
              -89.39929011169822,
              43.07255937016841
            ],
            [
              -89.39929177487582,
              43.07255877507396
            ],
            [
              -89.39929348837421,
              43.07255834586495
            ],
            [
              -89.39929523569148,
              43.07255808667492
            ],
            [
              -89.399297,
              43.072558
            ],
            [
              -89.39951926665194,
              43.072558
            ],
            [
              -89.39952000200458,
              43.0725087313732
            ],
            [
              -89.399520114972,
              43.07250696879996
            ],
            [
              -89.39952040013397,
              43.07250522578283
            ],
            [
              -89.39952085474494,
              43.07250351910333
            ],
            [
              -89.39952147442798,
              43.07250186519312
            ],
            [
              -89.3995222532169,
              43.07250027997582
            ],
            [
              -89.39952318361361,
              43.07249877871368
            ],
            [
              -89.39952425666038,
              43.07249737586063
            ],
            [
              -89.39952546202609,
              43.07249608492315
            ],
            [
              -89.39952678810562,
              43.0724949183302
            ],
            [
              -89.39952822213169,
              43.07249388731356
            ],
            [
              -89.39952975029769,
              43.072493001799735
            ],
            [
              -89.39953135789065,
              43.07249227031431
            ],
            [
              -89.3995330294329,
              43.07249169989992
            ],
            [
              -89.39953474883106,
              43.07249129604845
            ],
            [
              -89.39953649953101,
              43.072491062648105
            ],
            [
              -89.39953826467728,
              43.07249100194605
            ],
            [
              -89.39965652924178,
              43.07249274113082
            ],
            [
              -89.39965700778042,
              43.07247647081707
            ],
            [
              -89.39965714669418,
              43.07247470664631
            ],
            [
              -89.3996574581676,
              43.072472964641776
            ],
            [
              -89.39965793919016,
              43.072471261640665
            ],
            [
              -89.3996585851126,
              43.07246961410319
            ],
            [
              -89.39965938969179,
              43.072468037953506
            ],
            [
              -89.39966034515112,
              43.072466548425744
            ],
            [
              -89.3996614422557,
              43.07246515991682
            ],
            [
              -89.39966267040157,
              43.07246388584725
            ],
            [
              -89.39966401771814,
              43.07246273853145
            ],
            [
              -89.39966547118307,
              43.07246172905871
            ],
            [
              -89.399667016748,
              43.072460867186
            ],
            [
              -89.39966863947438,
              43.0724601612437
            ],
            [
              -89.39967032367792,
              43.07245961805501
            ],
            [
              -89.39967205308007,
              43.07245924287008
            ],
            [
              -89.39967381096542,
              43.07245903931525
            ],
            [
              -89.3996755803433,
              43.07245900935794
            ],
            [
              -89.3996883884653,
              43.07245942252317
            ],
            [
              -89.39969400401571,
              43.07219361980315
            ],
            [
              -89.39969412679545,
              43.072191867264834
            ],
            [
              -89.39969441983762,
              43.07219013504322
            ],
            [
              -89.39969488035067,
              43.07218843963968
            ],
            [
              -89.39969550394768,
              43.07218679720485
            ],
            [
              -89.39969628468819,
              43.07218522338476
            ],
            [
              -89.39969721513478,
              43.07218373317183
            ],
            [
              -89.39969828642388,
              43.07218234076202
            ],
            [
              -89.39969948835027,
              43.0721810594196
            ],
            [
              -89.39970080946422,
              43.07217990135081
            ],
            [
              -89.39970223718066,
              43.07217887758755
            ],
            [
              -89.39970375789895,
              43.07217799788232
            ],
            [
              -89.39970535713256,
              43.072177270615306
            ],
            [
              -89.39970701964697,
              43.07217670271456
            ],
            [
              -89.39970872960485,
              43.07217629958996
            ],
            [
              -89.39971047071695,
              43.072176065081734
            ],
            [
              -89.39971222639718,
              43.07217600142383
            ],
            [
              -89.39985300000001,
              43.07217777216096
            ],
            [
              -89.39985300000001,
              43.072173
            ],
            [
              -89.3998530879643,
              43.07217122264885
            ],
            [
              -89.39985335099746,
              43.072169462669194
            ],
            [
              -89.39985378652864,
              43.07216773726274
            ],
            [
              -89.39985439030103,
              43.07216606329329
            ],
            [
              -89.39985515641348,
              43.0721644571219
            ],
            [
              -89.39985607737816,
              43.072162934446986
            ],
            [
              -89.39985714419373,
              43.07216151015089
            ],
            [
              -89.39985834643333,
              43.07216019815441
            ],
            [
              -89.39985967234651,
              43.072159011280746
            ],
            [
              -89.39986110897404,
              43.07215796113019
            ],
            [
              -89.39986264227457,
              43.072157057966706
            ],
            [
              -89.39986425726194,
              43.07215631061764
            ],
            [
              -89.39986593815156,
              43.07215572638746
            ],
            [
              -89.39986766851473,
              43.0721553109863
            ],
            [
              -89.39986943143921,
              43.07215506847421
            ],
            [
              -89.39987120969451,
              43.07215500122148
            ],
            [
              -89.4003862096945,
              43.07216100122148
            ],
            [
              -89.40038797032933,
              43.072161108163804
            ],
            [
              -89.40038971204369,
              43.072161386915894
            ],
            [
              -89.40039141811245,
              43.07216183480098
            ],
            [
              -89.40039307215275,
              43.07216244751815
            ],
            [
              -89.40039465828137,
              43.07216321918368
            ],
            [
              -89.40039616126718,
              43.0721641423875
            ],
            [
              -89.4003975666775,
              43.07216520826437
            ],
            [
              -89.40039886101658,
              43.07216640657901
            ],
            [
              -89.40040003185533,
              43.07216772582437
            ],
            [
              -89.4004010679505,
              43.07216915333215
            ],
            [
              -89.4004019593528,
              43.072170675394425
            ],
            [
              -89.40040269750239,
              43.07217227739531
            ],
            [
              -89.40040327531104,
              43.07217394395129
            ],
            [
              -89.40040368723022,
              43.072175659058935
            ],
            [
              -89.4004039293044,
              43.072177406248606
            ],
            [
              -89.40040399920903,
              43.07217916874258
            ],
            [
              -89.40040099920904,
              43.07249916874258
            ],
            [
              -89.40040089712728,
              43.07250092167508
            ],
            [
              -89.40040062473597,
              43.07250265632086
            ],
            [
              -89.40040018462717,
              43.07250435617299
            ],
            [
              -89.40039958098899,
              43.07250600505563
            ],
            [
              -89.40039881956565,
              43.07250758727797
            ],
            [
              -89.40039790760288,
              43.07250908778353
            ],
            [
              -89.40039685377896,
              43.07251049229346
            ],
            [
              -89.40039566812207,
              43.0725117874424
            ],
            [
              -89.40039436191499,
              43.07251296090569
            ],
            [
              -89.40039294758762,
              43.072514001516616
            ],
            [
              -89.40039143859872,
              43.072514899372685
            ],
            [
              -89.40038984930789,
              43.07251564592988
            ],
            [
              -89.40038819483884,
              43.07251623408395
            ],
            [
              -89.40038649093556,
              43.072516658237994
            ],
            [
              -89.40038475381245,
              43.07251691435575
            ],
            [
              -89.400383,
              43.072517
            ],
            [
              -89.40036787127698,
              43.072517
            ],
            [
              -89.40036499953642,
              43.072917129183274
            ],
            [
              -89.4003649010488,
              43.07291888479486
            ],
            [
              -89.40036463173479,
              43.0729206224202
            ],
            [
              -89.40036419416441,
              43.07292232547746
            ],
            [
              -89.4003635925133,
              43.072923977714666
            ],
            [
              -89.40036283252293,
              43.07292556336484
            ],
            [
              -89.40036192144574,
              43.07292706729642
            ],
            [
              -89.40036086797593,
              43.07292847515765
            ],
            [
              -89.40035968216662,
              43.072929773513586
            ],
            [
              -89.40035837533375,
              43.07293094997426
            ],
            [
              -89.40035695994818,
              43.072931993312906
            ],
            [
              -89.40035544951668,
              43.07293289357316
            ],
            [
              -89.400353858453,
              43.07293364216399
            ],
            [
              -89.40035220194038,
              43.07293423194174
            ],
            [
              -89.40035049578661,
              43.07293465727827
            ],
            [
              -89.4003487562732,
              43.07293491411467
            ],
            [
              -89.400347,
              43.072934999999994
            ]
          ]
        ]
      },
      "properties": {
        "building": "university",
        "name": "Vilas Communication Hall",
        "@id": "way/153060489",
        "addr:street": "University Avenue",
        "addr:housenumber": "821",
        "person_counts": [
          0,
          0,
          0,
          0,
          0,
          0,
          0,
          0,
          0,
          0,
          0,
          0,
          0,
          0,
          0,
          0,
          0,
          0,
          0,
          0,
          0,
          0,
          0,
          0,
          0,
          0,
          0,
          0,
          0,
          0,
          0,
          0,
          0,
          0,
          0,
          0,
          0,
          0,
          0,
          0,
          0,
          0,
          0,
          0,
          0,
          0,
          0,
          0,
          0,
          0,
          0,
          0,
          0,
          0,
          0,
          0,
          0,
          0,
          0,
          0,
          0,
          0,
          0,
          0,
          0,
          0,
          0,
          0,
          0,
          0,
          0,
          0,
          0,
          0,
          0,
          0,
          0,
          0,
          0,
          0,
          0,
          0,
          0,
          0
        ],
        "instructor_counts": [
          0,
          0,
          0,
          0,
          0,
          0,
          0,
          0,
          0,
          0,
          0,
          0,
          0,
          0,
          0,
          0,
          0,
          0,
          0,
          0,
          0,
          0,
          0,
          0,
          0,
          0,
          0,
          0,
          0,
          0,
          0,
          0,
          0,
          0,
          0,
          0,
          0,
          0,
          0,
          0,
          0,
          0,
          0,
          0,
          0,
          0,
          0,
          0,
          0,
          0,
          0,
          0,
          0,
          0,
          0,
          0,
          0,
          0,
          0,
          0,
          0,
          0,
          0,
          0,
          0,
          0,
          0,
          0,
          0,
          0,
          0,
          0,
          0,
          0,
          0,
          0,
          0,
          0,
          0,
          0,
          0,
          0,
          0,
          0
        ]
      }
    },
    {
      "type": "Feature",
      "geometry": {
        "type": "Polygon",
        "coordinates": [
          [
            [
              -89.40558330596785,
              43.076422358489225
            ],
            [
              -89.40567919404343,
              43.076434134217806
            ],
            [
              -89.4056808885653,
              43.07643442504453
            ],
            [
              -89.4056825476102,
              43.07643487621476
            ],
            [
              -89.40568415604199,
              43.07643548361229
            ],
            [
              -89.40568569918628,
              43.07643624169558
            ],
            [
              -89.40568716296433,
              43.07643714354834
            ],
            [
              -89.4056885340215,
              43.076438180942574
            ],
            [
              -89.40568979984906,
              43.07643934441373
            ],
            [
              -89.40569094889837,
              43.076440623346976
            ],
            [
              -89.40569197068618,
              43.07644200607408
            ],
            [
              -89.40569285589028,
              43.07644347997986
            ],
            [
              -89.40569359643462,
              43.07644503161727
            ],
            [
              -89.4056941855629,
              43.076446646830085
            ],
            [
              -89.40569461790024,
              43.076448310882064
            ],
            [
              -89.40569488950227,
              43.07645000859137
            ],
            [
              -89.40569499789106,
              43.076451724469116
            ],
            [
              -89.40569494207773,
              43.07645344286064
            ],
            [
              -89.40569472257147,
              43.07645514808836
            ],
            [
              -89.40566772257147,
              43.07660714808836
            ],
            [
              -89.40566731766917,
              43.07660890900545
            ],
            [
              -89.40566673826596,
              43.076610620457124
            ],
            [
              -89.40566599020019,
              43.07661226519799
            ],
            [
              -89.40566508100972,
              43.076613826654864
            ],
            [
              -89.40566401985596,
              43.07661528909379
            ],
            [
              -89.40566281743162,
              43.07661663777855
            ],
            [
              -89.40566148585286,
              43.07661785911917
            ],
            [
              -89.4056600385373,
              43.07661894080884
            ],
            [
              -89.40565849006876,
              43.076619871947976
            ],
            [
              -89.40565685605034,
              43.076620643153966
            ],
            [
              -89.40565515294715,
              43.07662124665578
            ],
            [
              -89.40565339792047,
              43.07662167637227
            ],
            [
              -89.40565160865476,
              43.07662192797339
            ],
            [
              -89.40564980317951,
              43.076621998923905
            ],
            [
              -89.4056479996875,
              43.07662188850888
            ],
            [
              -89.4053510275293,
              43.076588680759556
            ],
            [
              -89.40532356233729,
              43.07671094516272
            ],
            [
              -89.4053230993787,
              43.07671262238809
            ],
            [
              -89.40532247664567,
              43.076714247078556
            ],
            [
              -89.4053216999569,
              43.07671580405322
            ],
            [
              -89.4053207765697,
              43.07671727876392
            ],
            [
              -89.40531971511207,
              43.07671865743113
            ],
            [
              -89.40531852550215,
              43.07671992717276
            ],
            [
              -89.40531721885552,
              43.0767210761245
            ],
            [
              -89.40531580738127,
              43.07672209355069
            ],
            [
              -89.40531430426809,
              43.076722969944626
            ],
            [
              -89.40531272356087,
              43.07672369711739
            ],
            [
              -89.40531108002953,
              43.076724268274376
            ],
            [
              -89.40530998120374,
              43.07672453456889
            ],
            [
              -89.4053010953863,
              43.07676321400948
            ],
            [
              -89.40535386337888,
              43.07676873624126
            ],
            [
              -89.40535437349287,
              43.076768258663385
            ],
            [
              -89.4053558106778,
              43.07676716161353
            ],
            [
              -89.40535735066855,
              43.07676621427653
            ],
            [
              -89.40535897792729,
              43.076765426210606
            ],
            [
              -89.40536067603568,
              43.076764805367006
            ],
            [
              -89.40536242786057,
              43.076764358009754
            ],
            [
              -89.40536421572678,
              43.07676408865251
            ],
            [
              -89.40536602159553,
              43.07676400001296
            ],
            [
              -89.40536782724638,
              43.076764092985435
            ],
            [
              -89.40541682724638,
              43.07676909298544
            ],
            [
              -89.40541857108079,
              43.076769357795435
            ],
            [
              -89.40542028062531,
              43.076769792007774
            ],
            [
              -89.40542193946467,
              43.0767703914531
            ],
            [
              -89.40542353167056,
              43.076771150375485
            ],
            [
              -89.40542504195444,
              43.07677206148766
            ],
            [
              -89.40542645581439,
              43.07677311604103
            ],
            [
              -89.40542775967438,
              43.07677430390967
            ],
            [
              -89.40542894101462,
              43.07677561368754
            ],
            [
              -89.40542998849173,
              43.07677703279799
            ],
            [
              -89.40543089204773,
              43.076778547614595
            ],
            [
              -89.40543164300658,
              43.076780143591904
            ],
            [
              -89.4054322341575,
              43.07678180540518
            ],
            [
              -89.40543265982419,
              43.07678351709752
            ],
            [
              -89.40543291591935,
              43.07678526223306
            ],
            [
              -89.40543299998393,
              43.07678702405482
            ],
            [
              -89.40543291121074,
              43.07678878564561
            ],
            [
              -89.40543265045217,
              43.076790530090435
            ],
            [
              -89.40543048873315,
              43.07680133868555
            ],
            [
              -89.40544604383865,
              43.076803116411895
            ],
            [
              -89.40544778105387,
              43.076803401601445
            ],
            [
              -89.40544948210109,
              43.076803855129995
            ],
            [
              -89.40545113070881,
              43.07680447265926
            ],
            [
              -89.40545271110712,
              43.07680524828223
            ],
            [
              -89.40545420817858,
              43.0768061745796
            ],
            [
              -89.40545560760285,
              43.076807242690805
            ],
            [
              -89.40545689599358,
              43.07680844239873
            ],
            [
              -89.40545806102658,
              43.07680976222747
            ],
            [
              -89.40545909155763,
              43.07681118955208
            ],
            [
              -89.4054599777291,
              43.07681271071938
            ],
            [
              -89.40546071106421,
              43.0768143111785
            ],
            [
              -89.40546128454821,
              43.07681597562012
            ],
            [
              -89.40546169269538,
              43.07681768812287
            ],
            [
              -89.40546193160156,
              43.07681943230567
            ],
            [
              -89.40546199898147,
              43.076821191484385
            ],
            [
              -89.40546189419057,
              43.07682294883144
            ],
            [
              -89.40546161823126,
              43.07682468753678
            ],
            [
              -89.40544361823126,
              43.076910687536774
            ],
            [
              -89.40544358917455,
              43.0769108237336
            ],
            [
              -89.40541358917454,
              43.0770488237336
            ],
            [
              -89.40541312957609,
              43.07705052970369
            ],
            [
              -89.40541250494343,
              43.077052182398084
            ],
            [
              -89.40541172129457,
              43.07705376589395
            ],
            [
              -89.40541078617954,
              43.077055264935176
            ],
            [
              -89.40540970860768,
              43.077056665079304
            ],
            [
              -89.4054084989608,
              43.077057952836704
            ],
            [
              -89.40540716889319,
              43.07705911580053
            ],
            [
              -89.40540573121935,
              43.07706014276626
            ],
            [
              -89.40540419979047,
              43.077061023839626
            ],
            [
              -89.40540258936103,
              43.07706175053196
            ],
            [
              -89.40540091544668,
              43.07706231584199
            ],
            [
              -89.40539919417465,
              43.07706271432325
            ],
            [
              -89.40539744212847,
              43.07706294213659
            ],
            [
              -89.40539567618818,
              43.07706299708715
            ],
            [
              -89.40539391336763,
              43.07706287864551
            ],
            [
              -89.40501691336763,
              43.07701887864552
            ],
            [
              -89.40501517438138,
              43.07701858876466
            ],
            [
              -89.40501347209394,
              43.0770181301563
            ],
            [
              -89.40501182283525,
              43.07701750721982
            ],
            [
              -89.40501024242647,
              43.07701672593101
            ],
            [
              -89.40500874602834,
              43.07701579378469
            ],
            [
              -89.40500734799568,
              43.07701471972287
            ],
            [
              -89.4050060617397,
              43.07701351404893
            ],
            [
              -89.40500489959933,
              43.077012188328794
            ],
            [
              -89.40500387272289,
              43.07701075527998
            ],
            [
              -89.40500299096112,
              43.07700922864961
            ],
            [
              -89.40500226277268,
              43.07700762308251
            ],
            [
              -89.40500169514303,
              43.07700595398075
            ],
            [
              -89.40500129351737,
              43.07700423735588
            ],
            [
              -89.40500106174848,
              43.07700248967533
            ],
            [
              -89.40500100205969,
              43.07700072770446
            ],
            [
              -89.4050011150236,
              43.07699896834569
            ],
            [
              -89.40500139955654,
              43.07699722847641
            ],
            [
              -89.40500323532751,
              43.076988661545194
            ],
            [
              -89.40495198458439,
              43.076982886813575
            ],
            [
              -89.40495023924603,
              43.07698260274779
            ],
            [
              -89.40494853020245,
              43.07698214879922
            ],
            [
              -89.40494687394744,
              43.0769815293489
            ],
            [
              -89.40494528646543,
              43.076980750375085
            ],
            [
              -89.40494378307709,
              43.0769798193956
            ],
            [
              -89.40494237829148,
              43.076978745395266
            ],
            [
              -89.4049410856661,
              43.076977538739165
            ],
            [
              -89.40493991767597,
              43.07697621107265
            ],
            [
              -89.40493888559328,
              43.076974775208924
            ],
            [
              -89.40493799937857,
              43.0769732450054
            ],
            [
              -89.40493726758466,
              43.07697163522996
            ],
            [
              -89.404936697274,
              43.07696996141842
            ],
            [
              -89.40493629395063,
              43.07696823972461
            ],
            [
              -89.40493606150699,
              43.07696648676446
            ],
            [
              -89.40493600218639,
              43.07696471945566
            ],
            [
              -89.40493611656132,
              43.07696295485437
            ],
            [
              -89.40493640352794,
              43.076961209990635
            ],
            [
              -89.40497840352793,
              43.07676620999064
            ],
            [
              -89.40497885938761,
              43.076764504601265
            ],
            [
              -89.40497948010196,
              43.076762852065436
            ],
            [
              -89.40498025970105,
              43.07676126827687
            ],
            [
              -89.40498119068688,
              43.0767597684681
            ],
            [
              -89.40498226410544,
              43.07675836706397
            ],
            [
              -89.40498346963282,
              43.07675707754286
            ],
            [
              -89.40498479567454,
              43.076755912307114
            ],
            [
              -89.40498622947699,
              43.076754882563705
            ],
            [
              -89.4049877572502,
              43.07675399821649
            ],
            [
              -89.40498936430036,
              43.07675326777091
            ],
            [
              -89.40499103517122,
              43.07675269825225
            ],
            [
              -89.40499275379273,
              43.07675229513801
            ],
            [
              -89.40499450363554,
              43.07675206230524
            ],
            [
              -89.40499626787006,
              43.07675200199329
            ],
            [
              -89.40499802952826,
              43.076752114782224
            ],
            [
              -89.40512289205755,
              43.07676628357987
            ],
            [
              -89.4051380994091,
              43.07669685871411
            ],
            [
              -89.40510917275363,
              43.076693907014565
            ],
            [
              -89.40510741068593,
              43.07669363850403
            ],
            [
              -89.40510568381322,
              43.076693197039226
            ],
            [
              -89.40510400906837,
              43.07669258694893
            ],
            [
              -89.40510240287307,
              43.07669181421539
            ],
            [
              -89.40510088097685,
              43.076690886415626
            ],
            [
              -89.40509945830266,
              43.07668981264719
            ],
            [
              -89.40509814880053,
              43.0766886034389
            ],
            [
              -89.40509696531079,
              43.07668727064765
            ],
            [
              -89.40509591943812,
              43.076685827342125
            ],
            [
              -89.40509502143783,
              43.07668428767463
            ],
            [
              -89.40509428011526,
              43.076682666742386
            ],
            [
              -89.40509370273944,
              43.076680980439434
            ],
            [
              -89.40509329497183,
              43.0766792453008
            ],
            [
              -89.40509306081078,
              43.076677478340386
            ],
            [
              -89.40509300255239,
              43.07667569688412
            ],
            [
              -89.40509312076787,
              43.07667391840005
            ],
            [
              -89.4050934142981,
              43.07667216032709
            ],
            [
              -89.40513917205449,
              43.07646258980282
            ],
            [
              -89.40467592693064,
              43.07640888022325
            ],
            [
              -89.40467418105838,
              43.0764085902156
            ],
            [
              -89.40467247210462,
              43.07640813015974
            ],
            [
              -89.40467081659015,
              43.07640750450311
            ],
            [
              -89.40466923051919,
              43.07640671929408
            ],
            [
              -89.40466772922458,
              43.0764057821234
            ],
            [
              -89.40466632721967,
              43.076404702050915
            ],
            [
              -89.40466503805791,
              43.076403489517894
            ],
            [
              -89.4046638742019,
              43.07640215624615
            ],
            [
              -89.40466284690288,
              43.07640071512468
            ],
            [
              -89.40466196609195,
              43.07639918008511
            ],
            [
              -89.40466124028409,
              43.07639756596699
            ],
            [
              -89.40466067649584,
              43.07639588837432
            ],
            [
              -89.40466028017745,
              43.07639416352473
            ],
            [
              -89.40466005516022,
              43.07639240809271
            ],
            [
              -89.40466000361943,
              43.07639063904836
            ],
            [
              -89.40466012605333,
              43.07638887349341
            ],
            [
              -89.40466042127834,
              43.076387128495824
            ],
            [
              -89.40469742127833,
              43.07621912849582
            ],
            [
              -89.4046978860603,
              43.07621742209103
            ],
            [
              -89.40469851605728,
              43.0762157695344
            ],
            [
              -89.40469930518738,
              43.076214186779424
            ],
            [
              -89.40470024583246,
              43.07621268910575
            ],
            [
              -89.4047013289117,
              43.07621129097165
            ],
            [
              -89.40470254396925,
              43.07621000587448
            ],
            [
              -89.40470387927516,
              43.076208846220325
            ],
            [
              -89.40470532193861,
              43.0762078232043
            ],
            [
              -89.40470685803237,
              43.07620694670242
            ],
            [
              -89.40470847272726,
              43.07620622517628
            ],
            [
              -89.40471015043533,
              43.07620566559137
            ],
            [
              -89.40471187496024,
              43.07620527334982
            ],
            [
              -89.40471362965374,
              43.076205052238265
            ],
            [
              -89.40471539757633,
              43.076205004391284
            ],
            [
              -89.40471716166078,
              43.07620513027077
            ],
            [
              -89.40484111580477,
              43.07622012472367
            ],
            [
              -89.40524706267217,
              43.07626711857286
            ],
            [
              -89.4053179462206,
              43.07627526610716
            ],
            [
              -89.40535242863292,
              43.07612009525176
            ],
            [
              -89.40535289371407,
              43.07611839866253
            ],
            [
              -89.40535352218747,
              43.076116755574986
            ],
            [
              -89.40535430805018,
              43.07611518168322
            ],
            [
              -89.405355243796,
              43.076113692020414
            ],
            [
              -89.40535632048703,
              43.07611230081522
            ],
            [
              -89.40535752783917,
              43.07611102135584
            ],
            [
              -89.4053588543203,
              43.076109865863174
            ],
            [
              -89.4053602872604,
              43.076108845373994
            ],
            [
              -89.40536181297261,
              43.07610796963561
            ],
            [
              -89.40536341688397,
              43.07610724701271
            ],
            [
              -89.40536508367455,
              43.076106684407485
            ],
            [
              -89.40536679742387,
              43.076106287193724
            ],
            [
              -89.40536854176288,
              43.07610605916545
            ],
            [
              -89.40537030003038,
              43.07610600250068
            ],
            [
              -89.40537205543211,
              43.076106117740665
            ],
            [
              -89.4057200554321,
              43.07614611774066
            ],
            [
              -89.40572180048427,
              43.076146405787334
            ],
            [
              -89.40572350884327,
              43.07614686370385
            ],
            [
              -89.40572516401508,
              43.07614748706907
            ],
            [
              -89.40572675001927,
              43.076148269864504
            ],
            [
              -89.40572825154315,
              43.076149204532356
            ],
            [
              -89.40572965408973,
              43.07615028204852
            ],
            [
              -89.40573094411756,
              43.07615149200974
            ],
            [
              -89.40573210917162,
              43.076152822733974
            ],
            [
              -89.40573313800347,
              43.07615426137327
            ],
            [
              -89.40573402067986,
              43.07615579403773
            ],
            [
              -89.40573474867865,
              43.0761574059297
            ],
            [
              -89.40573531497114,
              43.076159081486566
            ],
            [
              -89.40573571408981,
              43.076160804531035
            ],
            [
              -89.40573594218125,
              43.07616255842734
            ],
            [
              -89.40573599704325,
              43.07616432624185
            ],
            [
              -89.40573587814615,
              43.07616609090653
            ],
            [
              -89.40573558663785,
              43.076167835383785
            ],
            [
              -89.40569458663785,
              43.07635583538379
            ],
            [
              -89.40569412758587,
              43.076357535865085
            ],
            [
              -89.40569350453379,
              43.076359183339356
            ],
            [
              -89.40569272344747,
              43.076360762031705
            ],
            [
              -89.40569179180596,
              43.07636225682583
            ],
            [
              -89.40569071852994,
              43.07636365340878
            ],
            [
              -89.40568951389622,
              43.076364938407984
            ],
            [
              -89.40568818943942,
              43.076366099519326
            ],
            [
              -89.40568675784148,
              43.076367125624934
            ],
            [
              -89.40568523281024,
              43.07636800689962
            ],
            [
              -89.40568362894818,
              43.07636873490502
            ],
            [
              -89.4056819616126,
              43.07636930267032
            ],
            [
              -89.40568024676858,
              43.07636970475907
            ],
            [
              -89.4056785008361,
              43.076369937321175
            ],
            [
              -89.40567674053281,
              43.07636999812981
            ],
            [
              -89.40567498271398,
              43.07636988660273
            ],
            [
              -89.40555849701457,
              43.076356749117835
            ],
            [
              -89.40555502259483,
              43.07637461756221
            ],
            [
              -89.40555521112583,
              43.07637477546198
            ],
            [
              -89.40555643135473,
              43.07637601673208
            ],
            [
              -89.4055575259876,
              43.07637737005719
            ],
            [
              -89.40555848478859,
              43.076378822782445
            ],
            [
              -89.405559298792,
              43.07638036132346
            ],
            [
              -89.4055599603861,
              43.076381971293415
            ],
            [
              -89.40556046338436,
              43.07638363763754
            ],
            [
              -89.40556080308328,
              43.07638534477393
            ],
            [
              -89.40556097630633,
              43.07638707673922
            ],
            [
              -89.40556098143372,
              43.07638881733789
            ],
            [
              -89.40556076851041,
              43.076393501650664
            ],
            [
              -89.40556749481863,
              43.07639406217635
            ],
            [
              -89.40556923273921,
              43.07639429267391
            ],
            [
              -89.4055709399937,
              43.076394691144976
            ],
            [
              -89.40557260038689,
              43.0763952538096
            ],
            [
              -89.40557419816815,
              43.0763959753303
            ],
            [
              -89.40557571818074,
              43.07639684886265
            ],
            [
              -89.4055771460057,
              43.07639786612024
            ],
            [
              -89.40557846809848,
              43.076399017453255
            ],
            [
              -89.40557967191762,
              43.07640029194003
            ],
            [
              -89.40558074604355,
              43.07640167749066
            ],
            [
              -89.40558168028703,
              43.07640316096166
            ],
            [
              -89.40558246578568,
              43.076404728280686
            ],
            [
              -89.40558309508822,
              43.07640636457998
            ],
            [
              -89.40558356222499,
              43.07640805433745
            ],
            [
              -89.40558386276471,
              43.07640978152387
            ],
            [
              -89.40558399385644,
              43.076411529754985
            ],
            [
              -89.40558395425658,
              43.07641328244689
            ],
            [
              -89.40558330596785,
              43.076422358489225
            ]
          ]
        ]
      },
      "properties": {
        "building": "university",
        "name": "William H. Sewell Social Sciences Building",
        "@id": "way/37749296",
        "addr:street": "Observatory Drive",
        "addr:housenumber": "1180",
        "person_counts": [
          0,
          0,
          0,
          0,
          0,
          0,
          0,
          0,
          0,
          0,
          0,
          0,
          0,
          0,
          0,
          0,
          0,
          0,
          0,
          0,
          0,
          0,
          0,
          0,
          0,
          0,
          0,
          0,
          0,
          0,
          0,
          0,
          0,
          0,
          0,
          0,
          0,
          0,
          0,
          0,
          0,
          0,
          0,
          0,
          0,
          0,
          0,
          0,
          0,
          0,
          0,
          0,
          0,
          0,
          0,
          0,
          0,
          0,
          0,
          0,
          0,
          0,
          0,
          0,
          0,
          0,
          0,
          0,
          0,
          0,
          0,
          0,
          0,
          0,
          0,
          0,
          0,
          0,
          0,
          0,
          0,
          0,
          0,
          0
        ],
        "instructor_counts": [
          0,
          0,
          0,
          0,
          0,
          0,
          0,
          0,
          0,
          0,
          0,
          0,
          0,
          0,
          0,
          0,
          0,
          0,
          0,
          0,
          0,
          0,
          0,
          0,
          0,
          0,
          0,
          0,
          0,
          0,
          0,
          0,
          0,
          0,
          0,
          0,
          0,
          0,
          0,
          0,
          0,
          0,
          0,
          0,
          0,
          0,
          0,
          0,
          0,
          0,
          0,
          0,
          0,
          0,
          0,
          0,
          0,
          0,
          0,
          0,
          1,
          1,
          1,
          1,
          1,
          1,
          1,
          1,
          1,
          1,
          1,
          1,
          1,
          1,
          1,
          1,
          1,
          1,
          1,
          0,
          0,
          0,
          0,
          0
        ]
      }
    },
    {
      "type": "Feature",
      "geometry": {
        "type": "Polygon",
        "coordinates": [
          [
            [
              -89.41003,
              43.074459
            ],
            [
              -89.40998994767104,
              43.074459
            ],
            [
              -89.40998962983159,
              43.07445988830178
            ],
            [
              -89.40998887458275,
              43.07446148514126
            ],
            [
              -89.40998796645302,
              43.074463000264196
            ],
            [
              -89.40998691418815,
              43.07446441907911
            ],
            [
              -89.40998572792205,
              43.07446572792206
            ],
            [
              -89.40998441907911,
              43.07446691418816
            ],
            [
              -89.40998300026419,
              43.07446796645302
            ],
            [
              -89.40998148514126,
              43.074468874582756
            ],
            [
              -89.40997988830178,
              43.07446962983158
            ],
            [
              -89.40997822512418,
              43.07447022492604
            ],
            [
              -89.40997651162579,
              43.07447065413505
            ],
            [
              -89.40997476430852,
              43.07447091332508
            ],
            [
              -89.409973,
              43.074470999999996
            ],
            [
              -89.409805,
              43.074470999999996
            ],
            [
              -89.40980323569148,
              43.07447091332508
            ],
            [
              -89.40980148837421,
              43.07447065413505
            ],
            [
              -89.40979977487582,
              43.07447022492604
            ],
            [
              -89.40979811169822,
              43.07446962983158
            ],
            [
              -89.40979651485874,
              43.074468874582756
            ],
            [
              -89.40979499973581,
              43.07446796645302
            ],
            [
              -89.40979358092089,
              43.07446691418816
            ],
            [
              -89.40979227207795,
              43.07446572792206
            ],
            [
              -89.40979108581185,
              43.07446441907911
            ],
            [
              -89.40979003354698,
              43.074463000264196
            ],
            [
              -89.40978912541725,
              43.07446148514126
            ],
            [
              -89.40978837016841,
              43.07445988830178
            ],
            [
              -89.40978777507397,
              43.07445822512419
            ],
            [
              -89.40978734586496,
              43.0744565116258
            ],
            [
              -89.40978726997244,
              43.074456
            ],
            [
              -89.409756,
              43.074456
            ],
            [
              -89.40975423569148,
              43.07445591332508
            ],
            [
              -89.40975248837421,
              43.07445565413505
            ],
            [
              -89.40975077487582,
              43.07445522492604
            ],
            [
              -89.40974911169822,
              43.074454629831585
            ],
            [
              -89.40974751485874,
              43.07445387458276
            ],
            [
              -89.4097459997358,
              43.07445296645302
            ],
            [
              -89.40974458092089,
              43.07445191418816
            ],
            [
              -89.40974327207795,
              43.07445072792206
            ],
            [
              -89.40974208581184,
              43.074449419079116
            ],
            [
              -89.40974103354698,
              43.0744480002642
            ],
            [
              -89.40974012541724,
              43.074446485141266
            ],
            [
              -89.40973937016841,
              43.074444888301784
            ],
            [
              -89.40973877507396,
              43.07444322512419
            ],
            [
              -89.40973834586495,
              43.0744415116258
            ],
            [
              -89.40973808667492,
              43.07443976430853
            ],
            [
              -89.409738,
              43.074438
            ],
            [
              -89.409738,
              43.074104
            ],
            [
              -89.40973808667492,
              43.07410223569147
            ],
            [
              -89.40973834586495,
              43.0741004883742
            ],
            [
              -89.40973877507396,
              43.07409877487581
            ],
            [
              -89.40973937016841,
              43.074097111698215
            ],
            [
              -89.40974012541724,
              43.07409551485873
            ],
            [
              -89.40974103354698,
              43.0740939997358
            ],
            [
              -89.40974208581184,
              43.07409258092088
            ],
            [
              -89.40974327207795,
              43.074091272077936
            ],
            [
              -89.40974458092089,
              43.07409008581184
            ],
            [
              -89.4097459997358,
              43.074089033546976
            ],
            [
              -89.40974751485874,
              43.07408812541724
            ],
            [
              -89.40974911169822,
              43.074087370168414
            ],
            [
              -89.40975077487582,
              43.07408677507396
            ],
            [
              -89.40975248837421,
              43.07408634586495
            ],
            [
              -89.40975423569148,
              43.07408608667492
            ],
            [
              -89.409756,
              43.074086
            ],
            [
              -89.409876,
              43.074086
            ],
            [
              -89.409876,
              43.074021
            ],
            [
              -89.40987608667491,
              43.07401923569147
            ],
            [
              -89.40987634586494,
              43.0740174883742
            ],
            [
              -89.40987677507395,
              43.07401577487581
            ],
            [
              -89.4098773701684,
              43.07401411169822
            ],
            [
              -89.40987812541724,
              43.07401251485874
            ],
            [
              -89.40987903354697,
              43.074010999735805
            ],
            [
              -89.40988008581184,
              43.07400958092089
            ],
            [
              -89.40988127207794,
              43.07400827207794
            ],
            [
              -89.40988258092088,
              43.07400708581184
            ],
            [
              -89.4098839997358,
              43.07400603354698
            ],
            [
              -89.40988551485873,
              43.074005125417244
            ],
            [
              -89.40988711169821,
              43.07400437016842
            ],
            [
              -89.40988877487581,
              43.07400377507396
            ],
            [
              -89.4098904883742,
              43.07400334586495
            ],
            [
              -89.40989223569147,
              43.07400308667492
            ],
            [
              -89.409894,
              43.074003000000005
            ],
            [
              -89.409977,
              43.074003000000005
            ],
            [
              -89.40997876430852,
              43.07400308667492
            ],
            [
              -89.40998051162579,
              43.07400334586495
            ],
            [
              -89.40998222512418,
              43.07400377507396
            ],
            [
              -89.40998388830178,
              43.07400437016842
            ],
            [
              -89.40998548514126,
              43.074005125417244
            ],
            [
              -89.4099870002642,
              43.07400603354698
            ],
            [
              -89.40998841907911,
              43.07400708581184
            ],
            [
              -89.40998972792205,
              43.07400827207794
            ],
            [
              -89.40999091418816,
              43.07400958092089
            ],
            [
              -89.40999196645302,
              43.074010999735805
            ],
            [
              -89.40999287458276,
              43.07401251485874
            ],
            [
              -89.40999362983159,
              43.07401411169822
            ],
            [
              -89.40999422492604,
              43.07401577487581
            ],
            [
              -89.40999465413505,
              43.0740174883742
            ],
            [
              -89.40999491332508,
              43.07401923569147
            ],
            [
              -89.409995,
              43.074021
            ],
            [
              -89.409995,
              43.074089
            ],
            [
              -89.41003,
              43.074089
            ],
            [
              -89.41003176430853,
              43.07408908667492
            ],
            [
              -89.4100335116258,
              43.07408934586495
            ],
            [
              -89.41003522512419,
              43.07408977507396
            ],
            [
              -89.41003688830179,
              43.07409037016841
            ],
            [
              -89.41003848514127,
              43.07409112541724
            ],
            [
              -89.4100400002642,
              43.074092033546975
            ],
            [
              -89.41004141907912,
              43.07409308581184
            ],
            [
              -89.41004272792206,
              43.074094272077936
            ],
            [
              -89.41004391418817,
              43.07409558092088
            ],
            [
              -89.41004496645303,
              43.0740969997358
            ],
            [
              -89.41004587458276,
              43.07409851485873
            ],
            [
              -89.4100466298316,
              43.074100111698215
            ],
            [
              -89.41004722492605,
              43.07410177487581
            ],
            [
              -89.41004765413506,
              43.0741034883742
            ],
            [
              -89.41004791332509,
              43.07410523569147
            ],
            [
              -89.410048,
              43.074107
            ],
            [
              -89.410048,
              43.074441
            ],
            [
              -89.41004791332509,
              43.07444276430853
            ],
            [
              -89.41004765413506,
              43.0744445116258
            ],
            [
              -89.41004722492605,
              43.07444622512419
            ],
            [
              -89.4100466298316,
              43.07444788830178
            ],
            [
              -89.41004587458276,
              43.074449485141265
            ],
            [
              -89.41004496645303,
              43.0744510002642
            ],
            [
              -89.41004391418817,
              43.074452419079115
            ],
            [
              -89.41004272792206,
              43.07445372792206
            ],
            [
              -89.41004141907912,
              43.07445491418816
            ],
            [
              -89.4100400002642,
              43.07445596645302
            ],
            [
              -89.41003848514127,
              43.07445687458276
            ],
            [
              -89.41003688830179,
              43.074457629831585
            ],
            [
              -89.41003522512419,
              43.07445822492604
            ],
            [
              -89.4100335116258,
              43.07445865413505
            ],
            [
              -89.41003176430853,
              43.07445891332508
            ],
            [
              -89.41003,
              43.074459
            ]
          ]
        ]
      },
      "properties": {
        "building": "university",
        "@id": "way/39015619",
        "addr:street": "Henry Mall",
        "addr:housenumber": "445",
        "person_counts": [
          0,
          0,
          0,
          0,
          0,
          0,
          0,
          0,
          0,
          0,
          0,
          0,
          0,
          0,
          0,
          0,
          0,
          0,
          0,
          0,
          0,
          0,
          0,
          0,
          0,
          0,
          0,
          0,
          0,
          0,
          0,
          0,
          0,
          0,
          0,
          0,
          0,
          0,
          0,
          0,
          0,
          0,
          0,
          0,
          0,
          0,
          0,
          0,
          0,
          0,
          0,
          0,
          0,
          0,
          0,
          0,
          0,
          0,
          0,
          0,
          0,
          0,
          0,
          0,
          0,
          0,
          0,
          0,
          0,
          0,
          0,
          0,
          0,
          0,
          0,
          0,
          0,
          0,
          0,
          0,
          0,
          0,
          0,
          0
        ],
        "instructor_counts": [
          0,
          0,
          0,
          0,
          0,
          0,
          0,
          0,
          0,
          0,
          0,
          0,
          1,
          1,
          1,
          1,
          1,
          1,
          1,
          1,
          1,
          1,
          1,
          1,
          1,
          1,
          1,
          1,
          1,
          1,
          1,
          1,
          1,
          1,
          1,
          1,
          1,
          0,
          0,
          0,
          0,
          0,
          0,
          0,
          0,
          0,
          0,
          0,
          0,
          0,
          0,
          0,
          0,
          0,
          0,
          0,
          0,
          0,
          0,
          0,
          0,
          0,
          0,
          0,
          0,
          0,
          0,
          0,
          0,
          0,
          0,
          0,
          0,
          0,
          0,
          0,
          0,
          0,
          0,
          0,
          0,
          0,
          0,
          0
        ]
      }
    },
    {
      "type": "Feature",
      "geometry": {
        "type": "Polygon",
        "coordinates": [
          [
            [
              -89.40188448660119,
              43.07650807458382
            ],
            [
              -89.40188480161028,
              43.076508090388046
            ],
            [
              -89.40188658512679,
              43.076508360644404
            ],
            [
              -89.40188833263745,
              43.07650880805486
            ],
            [
              -89.40189002659181,
              43.076509428126016
            ],
            [
              -89.4018916499773,
              43.076510214630424
            ],
            [
              -89.40189318649006,
              43.07651115966914
            ],
            [
              -89.40189462069871,
              43.07651225375101
            ],
            [
              -89.40189593819935,
              43.076513485888064
            ],
            [
              -89.40189712576014,
              43.076514843705795
            ],
            [
              -89.40189817145428,
              43.07651631356749
            ],
            [
              -89.40189906477976,
              43.076517880711144
            ],
            [
              -89.40189979676477,
              43.07651952939776
            ],
            [
              -89.40190036005792,
              43.07652124306939
            ],
            [
              -89.401900749002,
              43.07652300451542
            ],
            [
              -89.40190095969079,
              43.076524796045454
            ],
            [
              -89.40190099000833,
              43.07652659966694
            ],
            [
              -89.40189999000833,
              43.07655659966694
            ],
            [
              -89.40189984948026,
              43.076558322940954
            ],
            [
              -89.401899544262,
              43.07656002478211
            ],
            [
              -89.40189907716969,
              43.076561689488166
            ],
            [
              -89.401898452513,
              43.076563301699544
            ],
            [
              -89.40189767605538,
              43.07656484654098
            ],
            [
              -89.40189675496094,
              43.076566309758846
            ],
            [
              -89.40189569772824,
              43.07656767785259
            ],
            [
              -89.40189451411193,
              43.07656893819935
            ],
            [
              -89.40189321503281,
              43.076570079170395
            ],
            [
              -89.40189181247696,
              43.076571090238424
            ],
            [
              -89.40189031938522,
              43.07657196207472
            ],
            [
              -89.40188874953375,
              43.076572686635195
            ],
            [
              -89.40188711740697,
              43.07657325723459
            ],
            [
              -89.40188543806389,
              43.076573668608226
            ],
            [
              -89.40188372699912,
              43.07657391696051
            ],
            [
              -89.40188242415526,
              43.07657397960529
            ],
            [
              -89.40187655670209,
              43.07675419423872
            ],
            [
              -89.40187684476345,
              43.076754226218156
            ],
            [
              -89.40187854036267,
              43.07675458204642
            ],
            [
              -89.40188019389808,
              43.07675509924183
            ],
            [
              -89.40188179005067,
              43.076755773012884
            ],
            [
              -89.40188331403297,
              43.07675659711748
            ],
            [
              -89.40188475172621,
              43.07675756392077
            ],
            [
              -89.40188608981101,
              43.07675866446589
            ],
            [
              -89.40188731589078,
              43.076759888556936
            ],
            [
              -89.4018884186066,
              43.07676122485341
            ],
            [
              -89.40188938774247,
              43.07676266097532
            ],
            [
              -89.4018902143199,
              43.07676418361783
            ],
            [
              -89.40189089068116,
              43.07676577867455
            ],
            [
              -89.40189141056013,
              43.076767431368204
            ],
            [
              -89.40189176914043,
              43.07676912638757
            ],
            [
              -89.40189196310006,
              43.07677084802926
            ],
            [
              -89.40189199064207,
              43.076772580343295
            ],
            [
              -89.40189099064206,
              43.076803580343295
            ],
            [
              -89.40189085181035,
              43.076805304965696
            ],
            [
              -89.40189054803693,
              43.07680700829138
            ],
            [
              -89.40189008212849,
              43.07680867458247
            ],
            [
              -89.40188945838979,
              43.07681028844328
            ],
            [
              -89.40188868258386,
              43.07681183496255
            ],
            [
              -89.40188776187877,
              43.07681329985122
            ],
            [
              -89.40188670478135,
              43.07681466957445
            ],
            [
              -89.40188552105867,
              43.0768159314767
            ],
            [
              -89.40188422164772,
              43.076817073898624
            ],
            [
              -89.4018828185544,
              43.07681808628482
            ],
            [
              -89.40188132474258,
              43.07681895928134
            ],
            [
              -89.40187975401433,
              43.076819684822155
            ],
            [
              -89.4018781208824,
              43.07682025620362
            ],
            [
              -89.4018764404361,
              43.07682066814646
            ],
            [
              -89.4018747282019,
              43.07682091684453
            ],
            [
              -89.40187439231886,
              43.07682093300613
            ],
            [
              -89.401870989308,
              43.076919620320965
            ],
            [
              -89.40187084696962,
              43.07692134215188
            ],
            [
              -89.40187054020988,
              43.07692304240491
            ],
            [
              -89.4018700718549,
              43.076924705415884
            ],
            [
              -89.40186944621955,
              43.07692631586375
            ],
            [
              -89.40186866906774,
              43.07692785891169
            ],
            [
              -89.40186774755922,
              43.07692932034385
            ],
            [
              -89.40186669018371,
              43.07693068669628
            ],
            [
              -89.40186550668267,
              43.07693194538098
            ],
            [
              -89.40186420795949,
              43.07693308480189
            ],
            [
              -89.4018628059791,
              43.07693409446169
            ],
            [
              -89.40186131365776,
              43.076934965058555
            ],
            [
              -89.40185974474397,
              43.0769356885718
            ],
            [
              -89.4018581136919,
              43.07693625833581
            ],
            [
              -89.40185643552817,
              43.07693666910145
            ],
            [
              -89.40185472571345,
              43.07693691708439
            ],
            [
              -89.401853,
              43.076936999999994
            ],
            [
              -89.40181744628693,
              43.076936999999994
            ],
            [
              -89.40181699121737,
              43.076951562225545
            ],
            [
              -89.4018168520826,
              43.07695330285622
            ],
            [
              -89.40181654494245,
              43.07695502181478
            ],
            [
              -89.40181607268742,
              43.07695670292418
            ],
            [
              -89.40181543976186,
              43.07695833036354
            ],
            [
              -89.40181465212224,
              43.076959888817086
            ],
            [
              -89.401813717181,
              43.07696136361825
            ],
            [
              -89.40181264373683,
              43.076962740887744
            ],
            [
              -89.40181144189191,
              43.07696400766412
            ],
            [
              -89.40181012295672,
              43.07696515202578
            ],
            [
              -89.40180869934375,
              43.07696616320318
            ],
            [
              -89.40180718445058,
              43.07696703168016
            ],
            [
              -89.40180559253379,
              43.07696774928352
            ],
            [
              -89.40180393857487,
              43.0769683092599
            ],
            [
              -89.4018022381392,
              43.076968706339386
            ],
            [
              -89.4018005072295,
              43.076968936785086
            ],
            [
              -89.4017987621353,
              43.07696899842828
            ],
            [
              -89.4008907621353,
              43.07695699842828
            ],
            [
              -89.40088901390173,
              43.07695689009262
            ],
            [
              -89.40088728447516,
              43.076956612350074
            ],
            [
              -89.40088559023204,
              43.076956167830694
            ],
            [
              -89.4008839472157,
              43.076955560743755
            ],
            [
              -89.40088237098439,
              43.07695479683797
            ],
            [
              -89.40088087646392,
              43.07695388334698
            ],
            [
              -89.40087947780637,
              43.07695282892093
            ],
            [
              -89.40087818825609,
              43.07695164354451
            ],
            [
              -89.4008770200242,
              43.076950338442416
            ],
            [
              -89.40087598417307,
              43.07694892597307
            ],
            [
              -89.40087509051149,
              43.07694741951158
            ],
            [
              -89.40087434750183,
              43.076945833323116
            ],
            [
              -89.40087376217988,
              43.076944182427766
            ],
            [
              -89.40087334008824,
              43.0769424824584
            ],
            [
              -89.40087308522381,
              43.07694074951254
            ],
            [
              -89.400873,
              43.076939
            ],
            [
              -89.400873,
              43.076918
            ],
            [
              -89.40082,
              43.076918
            ],
            [
              -89.40081939018077,
              43.07691798966705
            ],
            [
              -89.40076039018078,
              43.07691598966705
            ],
            [
              -89.4007586568905,
              43.07691584684392
            ],
            [
              -89.40075694547426,
              43.07691553741204
            ],
            [
              -89.40075527190893,
              43.0769150642601
            ],
            [
              -89.40075365181806,
              43.0769144318052
            ],
            [
              -89.40075210032596,
              43.07691364595161
            ],
            [
              -89.40075063191652,
              43.07691271403564
            ],
            [
              -89.40074926029807,
              43.076911644757175
            ],
            [
              -89.40074799827529,
              43.07691044809843
            ],
            [
              -89.40074685762978,
              43.076909135230785
            ],
            [
              -89.40074584901001,
              43.076907718410475
            ],
            [
              -89.4007449818319,
              43.0769062108642
            ],
            [
              -89.400744264191,
              43.07690462666561
            ],
            [
              -89.40074370278681,
              43.07690298060396
            ],
            [
              -89.4007433028603,
              43.076901288046
            ],
            [
              -89.40074306814499,
              43.07689956479258
            ],
            [
              -89.40074300083205,
              43.07689782693108
            ],
            [
              -89.400744,
              43.07679391346382
            ],
            [
              -89.400744,
              43.07675
            ],
            [
              -89.40074400935794,
              43.07674941965671
            ],
            [
              -89.40074500935793,
              43.07671841965671
            ],
            [
              -89.40074502710927,
              43.07671801247853
            ],
            [
              -89.40075001148625,
              43.07662729681744
            ],
            [
              -89.40075100486553,
              43.076584581508506
            ],
            [
              -89.40075100720465,
              43.076584490769946
            ],
            [
              -89.40075400720465,
              43.076478490769944
            ],
            [
              -89.40075414463567,
              43.076476722728714
            ],
            [
              -89.4007544553771,
              43.076474976791474
            ],
            [
              -89.40075493641274,
              43.0764732699049
            ],
            [
              -89.40075558307353,
              43.07647161863663
            ],
            [
              -89.40075638908273,
              43.076470039014445
            ],
            [
              -89.40075734661696,
              43.07646854637072
            ],
            [
              -89.40075844638201,
              43.07646715519356
            ],
            [
              -89.40075967770323,
              43.076465878986234
            ],
            [
              -89.40076102862895,
              43.076464730136045
            ],
            [
              -89.40076248604663,
              43.076463719794134
            ],
            [
              -89.40076403581007,
              43.07646285776723
            ],
            [
              -89.40076566287671,
              43.07646215242248
            ],
            [
              -89.40076735145368,
              43.07646161060619
            ],
            [
              -89.40076908515107,
              43.076461237577426
            ],
            [
              -89.40077084714099,
              43.076461036956935
            ],
            [
              -89.40077262032096,
              43.07646101069201
            ],
            [
              -89.4008303102528,
              43.076463000000004
            ],
            [
              -89.40088647991355,
              43.076463000000004
            ],
            [
              -89.40088651645746,
              43.076461647875355
            ],
            [
              -89.40085265391014,
              43.076460996672516
            ],
            [
              -89.40085090038203,
              43.07646087712517
            ],
            [
              -89.40084916687256,
              43.07646058712978
            ],
            [
              -89.40084746990975,
              43.0764601294513
            ],
            [
              -89.40084582567314,
              43.07645950845341
            ],
            [
              -89.4008442498396,
              43.076458730056984
            ],
            [
              -89.40084275743375,
              43.076457801683574
            ],
            [
              -89.40084136268484,
              43.076456732184674
            ],
            [
              -89.40084007889101,
              43.076455531757354
            ],
            [
              -89.40083891829245,
              43.07645421184698
            ],
            [
              -89.40083789195484,
              43.076452785038136
            ],
            [
              -89.40083700966368,
              43.07645126493462
            ],
            [
              -89.40083627983111,
              43.07644966602974
            ],
            [
              -89.40083570941567,
              43.07644800356812
            ],
            [
              -89.40083530385596,
              43.07644629340038
            ],
            [
              -89.40083506701872,
              43.076444551831976
            ],
            [
              -89.40083500116208,
              43.07644279546775
            ],
            [
              -89.40083600116208,
              43.07635479546775
            ],
            [
              -89.40083610469091,
              43.07635306146629
            ],
            [
              -89.40083637488249,
              43.0763513455188
            ],
            [
              -89.40083680922044,
              43.07634966360625
            ],
            [
              -89.4008374036597,
              43.07634803139264
            ],
            [
              -89.40083815266411,
              43.07634646407912
            ],
            [
              -89.40083904925805,
              43.076344976262405
            ],
            [
              -89.40084008509136,
              43.07634358179884
            ],
            [
              -89.4008412505171,
              43.07634229367535
            ],
            [
              -89.40084253468143,
              43.076341123888504
            ],
            [
              -89.40084392562464,
              43.07634008333277
            ],
            [
              -89.40084541039262,
              43.07633918169905
            ],
            [
              -89.40084697515738,
              43.07633842738445
            ],
            [
              -89.40084860534596,
              43.07633782741406
            ],
            [
              -89.40085028577607,
              43.07633738737553
            ],
            [
              -89.40085200079753,
              43.07633711136703
            ],
            [
              -89.40085373443797,
              43.07633700195908
            ],
            [
              -89.40085547055165,
              43.07633706017063
            ],
            [
              -89.40085719296978,
              43.07633728545953
            ],
            [
              -89.4008588856511,
              43.07633767572763
            ],
            [
              -89.40086053283136,
              43.07633822734027
            ],
            [
              -89.40086211916999,
              43.07633893516017
            ],
            [
              -89.40086362989311,
              43.07633979259527
            ],
            [
              -89.40086505093103,
              43.07634079166009
            ],
            [
              -89.4008740435814,
              43.0763477859437
            ],
            [
              -89.40114203623193,
              43.07655578023963
            ],
            [
              -89.40114343464892,
              43.076556985411784
            ],
            [
              -89.40114470227144,
              43.07655832747852
            ],
            [
              -89.40114582576594,
              43.07655979232325
            ],
            [
              -89.4011467933149,
              43.07656136453794
            ],
            [
              -89.40114759474108,
              43.07656302758515
            ],
            [
              -89.40114822161466,
              43.076564763972065
            ],
            [
              -89.40114866734184,
              43.07656655543439
            ],
            [
              -89.40114892723423,
              43.076568383128546
            ],
            [
              -89.4011489985581,
              43.07657022782985
            ],
            [
              -89.40114823234654,
              43.0766307585426
            ],
            [
              -89.40128176317839,
              43.07662900155797
            ],
            [
              -89.40128257114084,
              43.076629009063446
            ],
            [
              -89.40138988906197,
              43.07663241598157
            ],
            [
              -89.40138900031887,
              43.07648310714096
            ],
            [
              -89.40138900000001,
              43.076483
            ],
            [
              -89.40138900000001,
              43.076408
            ],
            [
              -89.40138908855377,
              43.076406216718304
            ],
            [
              -89.40138935334375,
              43.076404450982864
            ],
            [
              -89.40138979176457,
              43.076402720167295
            ],
            [
              -89.40139039950252,
              43.076401041301615
            ],
            [
              -89.40139117057785,
              43.07639943090471
            ],
            [
              -89.40139209740371,
              43.076397904821754
            ],
            [
              -89.4013931708608,
              43.076396478068354
            ],
            [
              -89.40139438038703,
              43.07639516468277
            ],
            [
              -89.4013957140815,
              43.07639397758781
            ],
            [
              -89.40139715882158,
              43.076392928463676
            ],
            [
              -89.40139870039204,
              43.076392027633
            ],
            [
              -89.40140032362488,
              43.076391283959346
            ],
            [
              -89.40140201254863,
              43.07639070475994
            ],
            [
              -89.40140375054544,
              43.07639029573371
            ],
            [
              -89.40140552051463,
              43.076390060905176
            ],
            [
              -89.40140730504093,
              43.07639000258491
            ],
            [
              -89.401448,
              43.07639069232997
            ],
            [
              -89.401448,
              43.076377
            ],
            [
              -89.40144808667492,
              43.07637523569147
            ],
            [
              -89.40144834586495,
              43.0763734883742
            ],
            [
              -89.40144877507396,
              43.07637177487581
            ],
            [
              -89.40144937016841,
              43.07637011169822
            ],
            [
              -89.40145012541724,
              43.076368514858736
            ],
            [
              -89.40145103354698,
              43.076366999735804
            ],
            [
              -89.40145208581184,
              43.076365580920886
            ],
            [
              -89.40145327207794,
              43.07636427207794
            ],
            [
              -89.40145458092088,
              43.07636308581184
            ],
            [
              -89.4014559997358,
              43.07636203354698
            ],
            [
              -89.40145751485873,
              43.07636112541724
            ],
            [
              -89.40145911169822,
              43.076360370168416
            ],
            [
              -89.40146077487582,
              43.07635977507396
            ],
            [
              -89.40146248837421,
              43.07635934586495
            ],
            [
              -89.40146423569148,
              43.07635908667492
            ],
            [
              -89.401466,
              43.076359000000004
            ],
            [
              -89.401477,
              43.076359000000004
            ],
            [
              -89.401477320424,
              43.076359002852215
            ],
            [
              -89.401814320424,
              43.076365002852214
            ],
            [
              -89.40181614026199,
              43.076365127695205
            ],
            [
              -89.40181793812005,
              43.07636543608214
            ],
            [
              -89.40181969553463,
              43.076365924845966
            ],
            [
              -89.40182139445754,
              43.0763665889672
            ],
            [
              -89.4018230174413,
              43.076367421625484
            ],
            [
              -89.40182454781826,
              43.076368414269645
            ],
            [
              -89.40182596987187,
              43.07636955670548
            ],
            [
              -89.40182726899799,
              43.07637083720047
            ],
            [
              -89.40182843185494,
              43.07637224260426
            ],
            [
              -89.40182944650047,
              43.07637375848371
            ],
            [
              -89.40183030251444,
              43.07637536927115
            ],
            [
              -89.40183099110583,
              43.07637705842419
            ],
            [
              -89.40183150520294,
              43.076378808595685
            ],
            [
              -89.40183183952615,
              43.07638060181181
            ],
            [
              -89.40183199064207,
              43.07638241965671
            ],
            [
              -89.40183242871765,
              43.076396
            ],
            [
              -89.401869,
              43.076396
            ],
            [
              -89.4018707942877,
              43.076396089652945
            ],
            [
              -89.40187257070171,
              43.07639635771871
            ],
            [
              -89.4018743115464,
              43.07639680152696
            ],
            [
              -89.40187599948045,
              43.07639741665675
            ],
            [
              -89.40187761768959,
              43.07639819698048
            ],
            [
              -89.40187915005417,
              43.076399134725015
            ],
            [
              -89.4018805813096,
              43.07640022054907
            ],
            [
              -89.40188189719854,
              43.07640144363627
            ],
            [
              -89.40188308461282,
              43.07640279180292
            ],
            [
              -89.4018841317241,
              43.07640425161933
            ],
            [
              -89.40188502810166,
              43.076405808543626
            ],
            [
              -89.40188576481626,
              43.076407447066615
            ],
            [
              -89.40188633452918,
              43.07640915086625
            ],
            [
              -89.40188673156527,
              43.076410902970224
            ],
            [
              -89.40188695196946,
              43.07641268592507
            ],
            [
              -89.40188699354621,
              43.07641448196999
            ],
            [
              -89.40188448660119,
              43.07650807458382
            ]
          ]
        ]
      },
      "properties": {
        "building": "university",
        "name": "Helen C. White Hall",
        "@id": "way/37749300",
        "addr:street": "North Park Street",
        "addr:housenumber": "600",
        "person_counts": [
          0,
          0,
          0,
          0,
          0,
          0,
          0,
          0,
          0,
          0,
          0,
          0,
          0,
          0,
          0,
          0,
          0,
          0,
          0,
          0,
          0,
          0,
          0,
          0,
          0,
          0,
          0,
          0,
          0,
          0,
          0,
          0,
          0,
          0,
          0,
          0,
          0,
          0,
          0,
          0,
          0,
          0,
          0,
          0,
          0,
          0,
          0,
          0,
          0,
          0,
          0,
          0,
          0,
          0,
          0,
          0,
          0,
          0,
          0,
          0,
          0,
          0,
          0,
          0,
          0,
          0,
          0,
          0,
          0,
          0,
          0,
          0,
          0,
          0,
          0,
          0,
          0,
          0,
          0,
          0,
          0,
          0,
          0,
          0
        ],
        "instructor_counts": [
          0,
          0,
          0,
          0,
          0,
          0,
          0,
          0,
          0,
          0,
          0,
          0,
          0,
          0,
          0,
          0,
          0,
          0,
          0,
          0,
          0,
          0,
          0,
          0,
          0,
          0,
          0,
          0,
          0,
          0,
          0,
          0,
          0,
          0,
          0,
          0,
          0,
          0,
          0,
          0,
          0,
          0,
          0,
          0,
          0,
          0,
          0,
          0,
          0,
          0,
          0,
          0,
          0,
          0,
          0,
          0,
          0,
          0,
          0,
          0,
          0,
          0,
          0,
          0,
          0,
          0,
          0,
          0,
          0,
          0,
          0,
          0,
          0,
          0,
          0,
          0,
          0,
          0,
          0,
          0,
          0,
          0,
          0,
          0
        ]
      }
    },
    {
      "type": "Feature",
      "geometry": {
        "type": "Polygon",
        "coordinates": [
          [
            [
              -89.40538422116444,
              43.075041999999996
            ],
            [
              -89.40538377476368,
              43.075042586884216
            ],
            [
              -89.40538257303086,
              43.075043880950865
            ],
            [
              -89.40538125027213,
              43.07504505102762
            ],
            [
              -89.40537981922014,
              43.07504608585152
            ],
            [
              -89.40537829364997,
              43.075046975461504
            ],
            [
              -89.4053766882465,
              43.07504771129435
            ],
            [
              -89.40537501846309,
              43.07504828626705
            ],
            [
              -89.40537330037277,
              43.075048694845
            ],
            [
              -89.40537155051362,
              43.07504893309532
            ],
            [
              -89.40536978572948,
              43.075048998724625
            ],
            [
              -89.40528578572948,
              43.07504799872462
            ],
            [
              -89.40528406800875,
              43.075047896016585
            ],
            [
              -89.40528236794496,
              43.07504762975258
            ],
            [
              -89.40528070107538,
              43.07504720236605
            ],
            [
              -89.40527908263394,
              43.075046617762986
            ],
            [
              -89.40527752741197,
              43.075045881286215
            ],
            [
              -89.405276049623,
              43.075044999666574
            ],
            [
              -89.40527466277291,
              43.0750439809614
            ],
            [
              -89.40527337953644,
              43.075042834480875
            ],
            [
              -89.4052722116414,
              43.07504157070296
            ],
            [
              -89.40527116976146,
              43.07504020117763
            ],
            [
              -89.40527110090298,
              43.075040090046194
            ],
            [
              -89.40513011612661,
              43.0750409996254
            ],
            [
              -89.40513,
              43.075041
            ],
            [
              -89.405077,
              43.075041
            ],
            [
              -89.40507555042379,
              43.075040941536415
            ],
            [
              -89.40507411026394,
              43.07504076652542
            ],
            [
              -89.40490811026393,
              43.075013766525416
            ],
            [
              -89.40490640378937,
              43.07501340329991
            ],
            [
              -89.40490474049633,
              43.075012876569964
            ],
            [
              -89.40490313601148,
              43.075012191284216
            ],
            [
              -89.40490160540901,
              43.075011353880946
            ],
            [
              -89.40490016306894,
              43.075010372227574
            ],
            [
              -89.40489882254214,
              43.07500925554676
            ],
            [
              -89.40489759642284,
              43.07500801432975
            ],
            [
              -89.40489649623049,
              43.075006660237804
            ],
            [
              -89.40489553230142,
              43.07500520599266
            ],
            [
              -89.40489471369177,
              43.07500366525698
            ],
            [
              -89.40489404809242,
              43.07500205250602
            ],
            [
              -89.40489354175664,
              43.07500038289161
            ],
            [
              -89.4048931994415,
              43.074998672099824
            ],
            [
              -89.40489302436308,
              43.07499693620359
            ],
            [
              -89.4048930181662,
              43.074995191511704
            ],
            [
              -89.40489318090911,
              43.07499345441558
            ],
            [
              -89.40489481782092,
              43.07498199603293
            ],
            [
              -89.40473813830404,
              43.07494758087894
            ],
            [
              -89.4047364421028,
              43.074947120449146
            ],
            [
              -89.40473479889191,
              43.07494649678885
            ],
            [
              -89.40473322433812,
              43.07494571584419
            ],
            [
              -89.4047317334536,
              43.07494478506087
            ],
            [
              -89.40473034045282,
              43.07494371331322
            ],
            [
              -89.40472905861697,
              43.074942510819525
            ],
            [
              -89.40472790016739,
              43.07494118904466
            ],
            [
              -89.40472687614901,
              43.07493976059074
            ],
            [
              -89.4047259963251,
              43.07493823907699
            ],
            [
              -89.40472526908407,
              43.07493663900989
            ],
            [
              -89.40472470135964,
              43.07493497564487
            ],
            [
              -89.40472429856463,
              43.07493326484085
            ],
            [
              -89.40472406453937,
              43.07493152290905
            ],
            [
              -89.40472400151512,
              43.074929766457466
            ],
            [
              -89.40472411009277,
              43.07492801223253
            ],
            [
              -89.40472588380462,
              43.07491204882598
            ],
            [
              -89.40458612244615,
              43.07491299958352
            ],
            [
              -89.40458580075021,
              43.074912998897176
            ],
            [
              -89.40431480075021,
              43.074909998897176
            ],
            [
              -89.40431299791473,
              43.07490988831056
            ],
            [
              -89.40431121523879,
              43.07490959760162
            ],
            [
              -89.40430947067266,
              43.07490912969758
            ],
            [
              -89.40430778178285,
              43.074908489309905
            ],
            [
              -89.40430616557525,
              43.07490768288683
            ],
            [
              -89.40430463832391,
              43.074906718548455
            ],
            [
              -89.40430321540713,
              43.07490560600496
            ],
            [
              -89.40430191115267,
              43.07490435645886
            ],
            [
              -89.40430073869341,
              43.07490298249217
            ],
            [
              -89.40429970983517,
              43.07490149793975
            ],
            [
              -89.4042988349378,
              43.07489991774995
            ],
            [
              -89.4042981228109,
              43.07489825783416
            ],
            [
              -89.4042651228109,
              43.07480925783416
            ],
            [
              -89.40426501054958,
              43.07480894630764
            ],
            [
              -89.40425808158523,
              43.074789149266635
            ],
            [
              -89.40423515744884,
              43.07472835047011
            ],
            [
              -89.4042346170834,
              43.07472667270911
            ],
            [
              -89.40423424340493,
              43.07472495014092
            ],
            [
              -89.40423403999668,
              43.07472319928345
            ],
            [
              -89.40423400880917,
              43.074721436925905
            ],
            [
              -89.40423415014145,
              43.07471967996774
            ],
            [
              -89.40423446263827,
              43.074717945256666
            ],
            [
              -89.40423494330305,
              43.074716249427034
            ],
            [
              -89.40423558752666,
              43.07471460874037
            ],
            [
              -89.40423638913154,
              43.074713038929424
            ],
            [
              -89.404237340431,
              43.074711555047315
            ],
            [
              -89.4042384323029,
              43.07471017132317
            ],
            [
              -89.40423965427718,
              43.074708901025694
            ],
            [
              -89.40424099463613,
              43.07470775633593
            ],
            [
              -89.40424244052691,
              43.07470674823046
            ],
            [
              -89.40424397808468,
              43.07470588637612
            ],
            [
              -89.4042455925656,
              43.07470517903735
            ],
            [
              -89.40424726848822,
              43.07470463299691
            ],
            [
              -89.40424898978189,
              43.07470425349085
            ],
            [
              -89.40425073994093,
              43.0747040441583
            ],
            [
              -89.40430773994093,
              43.0747000441583
            ],
            [
              -89.4043095139227,
              43.074700007338066
            ],
            [
              -89.40431128291058,
              43.074700145355806
            ],
            [
              -89.40431302971501,
              43.074700456870374
            ],
            [
              -89.40431473736196,
              43.07470093885473
            ],
            [
              -89.40431638925791,
              43.07470158662535
            ],
            [
              -89.40431796935111,
              43.07470239388772
            ],
            [
              -89.40431946228749,
              43.07470335279752
            ],
            [
              -89.40432176837096,
              43.074705
            ],
            [
              -89.4043949460247,
              43.074705
            ],
            [
              -89.40439650306199,
              43.07469877185081
            ],
            [
              -89.40441047085822,
              43.07463890986692
            ],
            [
              -89.40441094262009,
              43.074637251453176
            ],
            [
              -89.4044115708937,
              43.07463564578582
            ],
            [
              -89.40441234991427,
              43.07463410759781
            ],
            [
              -89.40441327253382,
              43.07463265100295
            ],
            [
              -89.40441433028674,
              43.07463128936639
            ],
            [
              -89.40441551346754,
              43.07463003518195
            ],
            [
              -89.4044168112198,
              43.07462889995753
            ],
            [
              -89.40441821163587,
              43.074627894109504
            ],
            [
              -89.40441970186608,
              43.07462702686714
            ],
            [
              -89.40442126823667,
              43.0746263061879
            ],
            [
              -89.40442289637525,
              43.07462573868445
            ],
            [
              -89.40442457134267,
              43.074625329563986
            ],
            [
              -89.40442627777009,
              43.07462508258043
            ],
            [
              -89.404428,
              43.074625000000005
            ],
            [
              -89.40454776613576,
              43.074625000000005
            ],
            [
              -89.40456226348097,
              43.07458837512789
            ],
            [
              -89.40456300789235,
              43.07458673849331
            ],
            [
              -89.40456391186554,
              43.07458518428819
            ],
            [
              -89.40456496638109,
              43.074583728019675
            ],
            [
              -89.40456616091757,
              43.074582384217734
            ],
            [
              -89.40456748355642,
              43.07458116629018
            ],
            [
              -89.40456892110099,
              43.07458008638895
            ],
            [
              -89.40457045920812,
              43.074579155288774
            ],
            [
              -89.40457208253127,
              43.074578382279746
            ],
            [
              -89.40457377487373,
              43.074577775074594
            ],
            [
              -89.40457551935005,
              43.07457733973172
            ],
            [
              -89.40457729855467,
              43.07457708059477
            ],
            [
              -89.40457909473552,
              43.074577000249306
            ],
            [
              -89.40476909473553,
              43.0745780002493
            ],
            [
              -89.40477089479832,
              43.07457810000728
            ],
            [
              -89.40477267585361,
              43.07457837932747
            ],
            [
              -89.40477442003488,
              43.074578835407905
            ],
            [
              -89.40477610984556,
              43.07457946367344
            ],
            [
              -89.40477772833445,
              43.074580257821694
            ],
            [
              -89.4047792592658,
              43.07458120988623
            ],
            [
              -89.40478068728223,
              43.07458231031651
            ],
            [
              -89.40478199805871,
              43.07458354807365
            ],
            [
              -89.4047831784463,
              43.074584910741194
            ],
            [
              -89.40478421660403,
              43.07458638464968
            ],
            [
              -89.40478510211774,
              43.074587955013705
            ],
            [
              -89.40478582610446,
              43.07458960608031
            ],
            [
              -89.40480044332882,
              43.07462807246022
            ],
            [
              -89.40530110526136,
              43.07463100030778
            ],
            [
              -89.40530143889386,
              43.07463100535157
            ],
            [
              -89.40534221947965,
              43.074632
            ],
            [
              -89.405454,
              43.074632
            ],
            [
              -89.40545578296556,
              43.074632088522286
            ],
            [
              -89.4054575483942,
              43.07463235321846
            ],
            [
              -89.40545927892151,
              43.07463279148502
            ],
            [
              -89.40546095752636,
              43.07463339901126
            ],
            [
              -89.4054625676983,
              43.074634169821664
            ],
            [
              -89.40546409359999,
              43.074635096334696
            ],
            [
              -89.40546552022295,
              43.07463616943734
            ],
            [
              -89.40546683353519,
              43.074637378574764
            ],
            [
              -89.40546802061921,
              43.07463871185413
            ],
            [
              -89.4054690697991,
              43.07464015616155
            ],
            [
              -89.4054699707553,
              43.07464169729109
            ],
            [
              -89.4054707146262,
              43.0746433200845
            ],
            [
              -89.40547129409522,
              43.07464500858028
            ],
            [
              -89.40547170346281,
              43.07464674617072
            ],
            [
              -89.4054719387025,
              43.074648515765205
            ],
            [
              -89.40547199750053,
              43.07465029995834
            ],
            [
              -89.40547099750052,
              43.07471029995835
            ],
            [
              -89.40547099513446,
              43.0747104184915
            ],
            [
              -89.4054693515553,
              43.074781092395874
            ],
            [
              -89.40548127760668,
              43.07478330092391
            ],
            [
              -89.40548303982119,
              43.074783719947845
            ],
            [
              -89.40548475100002,
              43.07478431395797
            ],
            [
              -89.40548639381495,
              43.07478507693904
            ],
            [
              -89.40548795163005,
              43.07478600116473
            ],
            [
              -89.40548940867012,
              43.07478707727591
            ],
            [
              -89.40549075018046,
              43.07478829437534
            ],
            [
              -89.4054919625763,
              43.07478964013807
            ],
            [
              -89.40549303358033,
              43.07479110093628
            ],
            [
              -89.40549395234703,
              43.074792661977206
            ],
            [
              -89.40549470957254,
              43.07479430745299
            ],
            [
              -89.40549529758881,
              43.074796020700745
            ],
            [
              -89.40549571044133,
              43.0747977843713
            ],
            [
              -89.40549594394933,
              43.07479958060487
            ],
            [
              -89.4054959957482,
              43.07480139121192
            ],
            [
              -89.40549399574819,
              43.07489339121192
            ],
            [
              -89.40549387422847,
              43.0748951241366
            ],
            [
              -89.40549358622494,
              43.0748968372767
            ],
            [
              -89.40549313442008,
              43.07489851467569
            ],
            [
              -89.40549252302215,
              43.074900140709985
            ],
            [
              -89.40549175772576,
              43.07490170023441
            ],
            [
              -89.40549084565905,
              43.074903178723275
            ],
            [
              -89.40548979531715,
              43.074904562405656
            ],
            [
              -89.40548861648317,
              43.07490583839368
            ],
            [
              -89.40548732013697,
              43.07490699480257
            ],
            [
              -89.40548591835295,
              43.07490802086132
            ],
            [
              -89.40548442418758,
              43.07490890701303
            ],
            [
              -89.40548285155779,
              43.07490964500393
            ],
            [
              -89.40548121511135,
              43.074910227960224
            ],
            [
              -89.40547953009042,
              43.07491065045217
            ],
            [
              -89.40546812812788,
              43.074912930844675
            ],
            [
              -89.40546697658714,
              43.07493193126699
            ],
            [
              -89.40546298337374,
              43.07502477347844
            ],
            [
              -89.40546282770384,
              43.07502648454741
            ],
            [
              -89.40546250960429,
              43.07502817297946
            ],
            [
              -89.40546203197333,
              43.07502982339116
            ],
            [
              -89.40546139916268,
              43.075031420745475
            ],
            [
              -89.40546061693794,
              43.075032950488776
            ],
            [
              -89.40545969242602,
              43.07503439868346
            ],
            [
              -89.40545863405022,
              43.075035752134895
            ],
            [
              -89.40545745145349,
              43.075036998511685
            ],
            [
              -89.40545615541056,
              43.07503812645798
            ],
            [
              -89.4054547577298,
              43.07503912569698
            ],
            [
              -89.40545327114556,
              43.07503998712454
            ],
            [
              -89.40545170920225,
              43.07504070289212
            ],
            [
              -89.40545008613086,
              43.0750412664783
            ],
            [
              -89.40544841671932,
              43.075041672748206
            ],
            [
              -89.40544671617778,
              43.075041918000274
            ],
            [
              -89.405445,
              43.075041999999996
            ],
            [
              -89.40538422116444,
              43.075041999999996
            ]
          ]
        ]
      },
      "properties": {
        "building": "university",
        "name": "Van Vleck Hall",
        "@id": "way/38855396",
        "addr:street": "Lincoln Drive",
        "addr:housenumber": "480",
        "person_counts": [
          0,
          0,
          0,
          0,
          0,
          0,
          0,
          0,
          0,
          0,
          0,
          0,
          0,
          0,
          0,
          0,
          0,
          0,
          0,
          0,
          0,
          0,
          0,
          0,
          0,
          0,
          0,
          0,
          0,
          0,
          0,
          0,
          0,
          0,
          0,
          0,
          0,
          0,
          0,
          0,
          0,
          0,
          0,
          0,
          0,
          0,
          0,
          0,
          0,
          0,
          0,
          0,
          0,
          0,
          0,
          0,
          0,
          0,
          0,
          0,
          0,
          0,
          0,
          0,
          0,
          0,
          0,
          0,
          0,
          0,
          0,
          0,
          0,
          0,
          0,
          0,
          0,
          0,
          0,
          0,
          0,
          0,
          0,
          0
        ],
        "instructor_counts": [
          0,
          0,
          0,
          0,
          0,
          0,
          0,
          0,
          0,
          0,
          0,
          0,
          0,
          0,
          0,
          0,
          0,
          0,
          0,
          0,
          0,
          0,
          0,
          0,
          0,
          0,
          0,
          0,
          0,
          0,
          0,
          0,
          0,
          0,
          0,
          0,
          0,
          0,
          0,
          0,
          0,
          0,
          0,
          0,
          0,
          0,
          0,
          0,
          0,
          0,
          0,
          0,
          0,
          0,
          0,
          0,
          0,
          0,
          0,
          0,
          0,
          0,
          0,
          0,
          0,
          0,
          0,
          0,
          0,
          0,
          0,
          0,
          0,
          0,
          0,
          0,
          0,
          0,
          0,
          0,
          0,
          0,
          0,
          0
        ]
      }
    },
    {
      "type": "Feature",
      "geometry": {
        "type": "Polygon",
        "coordinates": [
          [
            [
              -89.403485820009,
              43.073825999100066
            ],
            [
              -89.40328582000899,
              43.073823999100064
            ],
            [
              -89.40328406783962,
              43.07382389599833
            ],
            [
              -89.40328233404205,
              43.07382362273396
            ],
            [
              -89.40328063510194,
              43.07382318190527
            ],
            [
              -89.40327898717352,
              43.073822577703844
            ],
            [
              -89.40327740592598,
              43.07382181587468
            ],
            [
              -89.4032759063945,
              43.07382090366156
            ],
            [
              -89.40327450283723,
              43.07381984973821
            ],
            [
              -89.4032732085998,
              43.073818664125746
            ],
            [
              -89.40327203598834,
              43.073817358097486
            ],
            [
              -89.40327099615254,
              43.07381594407168
            ],
            [
              -89.4032700989796,
              43.073814435493496
            ],
            [
              -89.40326935300021,
              43.073812846707106
            ],
            [
              -89.40326876530744,
              43.07381119281936
            ],
            [
              -89.40326834148935,
              43.07380948955612
            ],
            [
              -89.40326808557576,
              43.073807753112725
            ],
            [
              -89.403268,
              43.073806
            ],
            [
              -89.403268,
              43.07380190649414
            ],
            [
              -89.403112,
              43.073801093994135
            ],
            [
              -89.403112,
              43.073828
            ],
            [
              -89.4031119120956,
              43.073829776747395
            ],
            [
              -89.40311164924096,
              43.07383153614102
            ],
            [
              -89.40311121400345,
              43.07383326099661
            ],
            [
              -89.40311061063407,
              43.07383493446722
            ],
            [
              -89.40310984502604,
              43.073836540207814
            ],
            [
              -89.40310892465718,
              43.07383806253487
            ],
            [
              -89.40310785851686,
              43.07383948657957
            ],
            [
              -89.40310665701826,
              43.07384079843306
            ],
            [
              -89.40310533189657,
              43.073841985282264
            ],
            [
              -89.40310389609449,
              43.073843035535035
            ],
            [
              -89.40310236363571,
              43.073843938933386
            ],
            [
              -89.403100749488,
              43.0738446866537
            ],
            [
              -89.40309906941698,
              43.07384527139286
            ],
            [
              -89.40309733983219,
              43.073845687439636
            ],
            [
              -89.40309557762673,
              43.073845930730435
            ],
            [
              -89.40309380001234,
              43.07384599888899
            ],
            [
              -89.40300390000276,
              43.073845
            ],
            [
              -89.402926,
              43.073845
            ],
            [
              -89.40292421187571,
              43.073844910963444
            ],
            [
              -89.40292244144126,
              43.07384464473462
            ],
            [
              -89.40292070621146,
              43.07384420394731
            ],
            [
              -89.40291902335284,
              43.0738435929622
            ],
            [
              -89.40291740951385,
              43.07384281782374
            ],
            [
              -89.4029158806601,
              43.07384188620033
            ],
            [
              -89.40291445191649,
              43.07384080730848
            ],
            [
              -89.40291313741749,
              43.07383959182161
            ],
            [
              -89.4029119501674,
              43.07383825176447
            ],
            [
              -89.40291090191158,
              43.07383680039419
            ],
            [
              -89.40291000302041,
              43.073835252069095
            ],
            [
              -89.40290926238657,
              43.07383362210668
            ],
            [
              -89.4029086873371,
              43.0738319266321
            ],
            [
              -89.40290828356096,
              43.0738301824186
            ],
            [
              -89.40290805505268,
              43.073828406721574
            ],
            [
              -89.40290800407286,
              43.07382661710793
            ],
            [
              -89.40290861706497,
              43.07379780647937
            ],
            [
              -89.40275515456149,
              43.073796182537535
            ],
            [
              -89.40275497962648,
              43.07379985617269
            ],
            [
              -89.40275481520574,
              43.07380157263382
            ],
            [
              -89.40275448729896,
              43.07380326548649
            ],
            [
              -89.4027539989153,
              43.07380491919577
            ],
            [
              -89.40275335453653,
              43.07380651858597
            ],
            [
              -89.40275256007597,
              43.073808048979835
            ],
            [
              -89.40275162282418,
              43.07380949633332
            ],
            [
              -89.40275055138213,
              43.07381084736437
            ],
            [
              -89.40274935558217,
              43.07381208967491
            ],
            [
              -89.4027480463979,
              43.07381321186453
            ],
            [
              -89.4027466358434,
              43.07381420363516
            ],
            [
              -89.40274513686299,
              43.07381505588555
            ],
            [
              -89.40274356321247,
              43.073815760794794
            ],
            [
              -89.40274192933288,
              43.073816311894106
            ],
            [
              -89.40274025021793,
              43.07381670412617
            ],
            [
              -89.40273854127648,
              43.07381693389157
            ],
            [
              -89.4027368181911,
              43.0738169990818
            ],
            [
              -89.4025388181911,
              43.0738149990818
            ],
            [
              -89.40253704678044,
              43.07381489371212
            ],
            [
              -89.40253529435337,
              43.0738146144311
            ],
            [
              -89.40253357794197,
              43.07381416395312
            ],
            [
              -89.40253191422825,
              43.07381354665642
            ],
            [
              -89.40253031938208,
              43.07381276854059
            ],
            [
              -89.40252880890398,
              43.07381183716826
            ],
            [
              -89.40252739747449,
              43.07381076159153
            ],
            [
              -89.40252609881145,
              43.073809552264095
            ],
            [
              -89.40252492553677,
              43.073808220939554
            ],
            [
              -89.40252388905363,
              43.07380678055723
            ],
            [
              -89.40252299943577,
              43.07380524511638
            ],
            [
              -89.4025222653295,
              43.07380362954017
            ],
            [
              -89.40252169386967,
              43.07380194953059
            ],
            [
              -89.40252129061041,
              43.073800221415866
            ],
            [
              -89.40252105947103,
              43.07379846199178
            ],
            [
              -89.402521002698,
              43.07379668835841
            ],
            [
              -89.40252500269798,
              43.07356568835841
            ],
            [
              -89.40252511896625,
              43.073563933933166
            ],
            [
              -89.40252540585082,
              43.07356219922181
            ],
            [
              -89.40252586061432,
              43.07356050077652
            ],
            [
              -89.40252647891752,
              43.07355885480344
            ],
            [
              -89.40252725486071,
              43.073557277008014
            ],
            [
              -89.40252818104005,
              43.07355578244518
            ],
            [
              -89.40252924861818,
              43.07355438537567
            ],
            [
              -89.40253044740851,
              43.07355309912999
            ],
            [
              -89.40253176597251,
              43.07355193598114
            ],
            [
              -89.40253319172876,
              43.07355090702762
            ],
            [
              -89.40253471107306,
              43.073550022087424
            ],
            [
              -89.4025363095082,
              43.07354928960444
            ],
            [
              -89.40253797178234,
              43.07354871656784
            ],
            [
              -89.40253968203446,
              43.07354830844538
            ],
            [
              -89.40254142394576,
              43.07354806913128
            ],
            [
              -89.40254318089538,
              43.073548000909
            ],
            [
              -89.40274218089539,
              43.073550000909
            ],
            [
              -89.40274393300336,
              43.0735501040927
            ],
            [
              -89.40274566673273,
              43.07355037742723
            ],
            [
              -89.4027473655995,
              43.07355081831376
            ],
            [
              -89.4027490134512,
              43.07355142256044
            ],
            [
              -89.40275059462036,
              43.073552184422205
            ],
            [
              -89.40275209407352,
              43.07355309665542
            ],
            [
              -89.4027534975542,
              43.073554150586745
            ],
            [
              -89.40275479171835,
              43.07355533619562
            ],
            [
              -89.40275596426133,
              43.07355664220948
            ],
            [
              -89.40275700403483,
              43.07355805621102
            ],
            [
              -89.40275790115284,
              43.07355956475618
            ],
            [
              -89.40275864708579,
              43.073561153502006
            ],
            [
              -89.40275923474147,
              43.07356280734301
            ],
            [
              -89.40275965853256,
              43.07356451055478
            ],
            [
              -89.40275991442975,
              43.073566246943535
            ],
            [
              -89.40276,
              43.073568
            ],
            [
              -89.40276,
              43.07357325173585
            ],
            [
              -89.40302616084303,
              43.07357700048012
            ],
            [
              -89.40327200337667,
              43.07357793170184
            ],
            [
              -89.40327208778108,
              43.073576224496364
            ],
            [
              -89.40327235026813,
              43.07357446631001
            ],
            [
              -89.403272784901,
              43.07357274258935
            ],
            [
              -89.40327338744054,
              43.07357107014659
            ],
            [
              -89.40327415200989,
              43.07356946529382
            ],
            [
              -89.40327507115185,
              43.07356794368391
            ],
            [
              -89.40327613590163,
              43.073566520157804
            ],
            [
              -89.40327733587425,
              43.073565208599796
            ],
            [
              -89.40327865936581,
              43.073564021802106
            ],
            [
              -89.40328009346771,
              43.07356297134011
            ],
            [
              -89.40328162419252,
              43.07356206745943
            ],
            [
              -89.40328323661035,
              43.07356131897603
            ],
            [
              -89.40328491499459,
              43.07356073319022
            ],
            [
              -89.40328664297519,
              43.07356031581541
            ],
            [
              -89.40328840369837,
              43.07356007092247
            ],
            [
              -89.403290179991,
              43.07356000089993
            ],
            [
              -89.40349017999101,
              43.07356200089993
            ],
            [
              -89.40349195178,
              43.0735621061308
            ],
            [
              -89.40349370459148,
              43.07356238534695
            ],
            [
              -89.40349542138257,
              43.07356283583351
            ],
            [
              -89.40349708546059,
              43.073563453210326
            ],
            [
              -89.4034986806454,
              43.07356423147453
            ],
            [
              -89.40350019142674,
              43.07356516305891
            ],
            [
              -89.40350160311505,
              43.073566238905514
            ],
            [
              -89.40350290198418,
              43.073567448553696
            ],
            [
              -89.40350407540502,
              43.07356878024183
            ],
            [
              -89.4035051119682,
              43.07357022102167
            ],
            [
              -89.40350600159502,
              43.073571756884256
            ],
            [
              -89.40350673563546,
              43.07357337289613
            ],
            [
              -89.40350730695235,
              43.07357505334452
            ],
            [
              -89.40350770999065,
              43.07357678189012
            ],
            [
              -89.40350794083156,
              43.07357854172597
            ],
            [
              -89.40350799723056,
              43.073580315740884
            ],
            [
              -89.40350399723056,
              43.073808315740884
            ],
            [
              -89.40350388059866,
              43.0738100698289
            ],
            [
              -89.40350359341522,
              43.073811804174156
            ],
            [
              -89.4035031384195,
              43.07381350223383
            ],
            [
              -89.4035025199514,
              43.07381514781124
            ],
            [
              -89.40350174391013,
              43.073816725210264
            ],
            [
              -89.40350081769779,
              43.07381821938512
            ],
            [
              -89.40349975014897,
              43.073819616083824
            ],
            [
              -89.4034985514463,
              43.07382090198418
            ],
            [
              -89.40349723302346,
              43.07382206482079
            ],
            [
              -89.40349580745604,
              43.07382309350212
            ],
            [
              -89.40349428834158,
              43.073823978216225
            ],
            [
              -89.40349269016997,
              43.073824710524406
            ],
            [
              -89.40349102818512,
              43.07382528344163
            ],
            [
              -89.40348931823965,
              43.0738256915032
            ],
            [
              -89.40348757664361,
              43.07382593081691
            ],
            [
              -89.403485820009,
              43.073825999100066
            ]
          ]
        ]
      },
      "properties": {
        "building": "university",
        "name": "Lathrop Hall",
        "@id": "way/39201161",
        "addr:street": "University Avenue",
        "addr:housenumber": "1050",
        "person_counts": [
          0,
          0,
          0,
          0,
          0,
          0,
          0,
          0,
          0,
          0,
          0,
          0,
          0,
          0,
          0,
          0,
          0,
          0,
          0,
          0,
          0,
          0,
          0,
          0,
          0,
          0,
          0,
          0,
          0,
          0,
          0,
          0,
          0,
          0,
          0,
          0,
          0,
          0,
          0,
          0,
          0,
          0,
          0,
          0,
          0,
          0,
          0,
          0,
          0,
          0,
          0,
          0,
          0,
          0,
          0,
          0,
          0,
          0,
          0,
          0,
          0,
          0,
          0,
          0,
          0,
          0,
          0,
          0,
          0,
          0,
          0,
          0,
          0,
          0,
          0,
          0,
          0,
          0,
          0,
          0,
          0,
          0,
          0,
          0
        ],
        "instructor_counts": [
          0,
          0,
          0,
          0,
          0,
          0,
          0,
          0,
          0,
          0,
          0,
          0,
          0,
          0,
          0,
          0,
          0,
          0,
          0,
          0,
          0,
          1,
          1,
          1,
          1,
          1,
          1,
          1,
          1,
          1,
          1,
          1,
          1,
          1,
          1,
          1,
          1,
          1,
          1,
          1,
          0,
          0,
          0,
          0,
          0,
          0,
          0,
          0,
          0,
          0,
          0,
          0,
          0,
          0,
          0,
          0,
          0,
          0,
          0,
          0,
          0,
          0,
          0,
          0,
          0,
          0,
          0,
          0,
          0,
          0,
          0,
          0,
          0,
          0,
          0,
          0,
          0,
          0,
          0,
          0,
          0,
          0,
          0,
          0
        ]
      }
    },
    {
      "type": "Feature",
      "geometry": {
        "type": "Polygon",
        "coordinates": [
          [
            [
              -89.405535,
              43.07257053194379
            ],
            [
              -89.405535,
              43.072647
            ],
            [
              -89.40553491446988,
              43.07264875264626
            ],
            [
              -89.40553465869235,
              43.072650488636505
            ],
            [
              -89.40553423509814,
              43.07265219147303
            ],
            [
              -89.40553364771282,
              43.07265384497319
            ],
            [
              -89.40553290211852,
              43.0726554334232
            ],
            [
              -89.40553200540087,
              43.07265694172746
            ],
            [
              -89.4055309660817,
              43.07265835555204
            ],
            [
              -89.405529794038,
              43.07265966146088
            ],
            [
              -89.40552850040814,
              43.072660847043466
            ],
            [
              -89.40552709748592,
              43.072661901032795
            ],
            [
              -89.40552559860377,
              43.07266281341245
            ],
            [
              -89.40552401800613,
              43.07266357551176
            ],
            [
              -89.40552237071394,
              43.07266418008824
            ],
            [
              -89.40552067238198,
              43.07266462139639
            ],
            [
              -89.40551893915011,
              43.0726648952423
            ],
            [
              -89.40551718748983,
              43.07266499902352
            ],
            [
              -89.40543718330619,
              43.07266583240043
            ],
            [
              -89.40543687458276,
              43.07266648514126
            ],
            [
              -89.40543596645303,
              43.072668000264194
            ],
            [
              -89.40543491418816,
              43.07266941907911
            ],
            [
              -89.40543372792206,
              43.07267072792206
            ],
            [
              -89.40543241907912,
              43.072671914188156
            ],
            [
              -89.4054310002642,
              43.07267296645302
            ],
            [
              -89.40542948514127,
              43.072673874582755
            ],
            [
              -89.40542788830179,
              43.07267462983158
            ],
            [
              -89.40542622512419,
              43.07267522492604
            ],
            [
              -89.4054245116258,
              43.07267565413505
            ],
            [
              -89.40542276430853,
              43.07267591332508
            ],
            [
              -89.405421,
              43.072675999999994
            ],
            [
              -89.4053984277303,
              43.072675999999994
            ],
            [
              -89.40539741907911,
              43.07267691418816
            ],
            [
              -89.40539600026419,
              43.07267796645302
            ],
            [
              -89.40539448514126,
              43.072678874582756
            ],
            [
              -89.40539288830178,
              43.07267962983158
            ],
            [
              -89.40539122512418,
              43.07268022492604
            ],
            [
              -89.40538951162578,
              43.07268065413505
            ],
            [
              -89.40538776430851,
              43.07268091332508
            ],
            [
              -89.405386,
              43.072680999999996
            ],
            [
              -89.40535873002757,
              43.072680999999996
            ],
            [
              -89.40535865413506,
              43.0726815116258
            ],
            [
              -89.40535822492605,
              43.072683225124194
            ],
            [
              -89.4053576298316,
              43.07268488830179
            ],
            [
              -89.40535687458276,
              43.07268648514127
            ],
            [
              -89.40535596645303,
              43.0726880002642
            ],
            [
              -89.40535491418817,
              43.07268941907912
            ],
            [
              -89.40535372792206,
              43.072690727922065
            ],
            [
              -89.40535241907912,
              43.07269191418816
            ],
            [
              -89.4053510002642,
              43.072692966453026
            ],
            [
              -89.40534948514127,
              43.07269387458276
            ],
            [
              -89.40534788830179,
              43.07269462983159
            ],
            [
              -89.40534622512419,
              43.07269522492604
            ],
            [
              -89.4053445116258,
              43.07269565413505
            ],
            [
              -89.40534276430853,
              43.072695913325084
            ],
            [
              -89.405341,
              43.072696
            ],
            [
              -89.405237,
              43.072696
            ],
            [
              -89.40523523569148,
              43.072695913325084
            ],
            [
              -89.40523348837421,
              43.07269565413505
            ],
            [
              -89.40523177487582,
              43.07269522492604
            ],
            [
              -89.40523011169822,
              43.07269462983159
            ],
            [
              -89.40522851485873,
              43.07269387458276
            ],
            [
              -89.4052269997358,
              43.072692966453026
            ],
            [
              -89.40522558092088,
              43.07269191418816
            ],
            [
              -89.40522427207794,
              43.072690727922065
            ],
            [
              -89.40522308581184,
              43.07268941907912
            ],
            [
              -89.40522203354698,
              43.0726880002642
            ],
            [
              -89.40522112541724,
              43.07268648514127
            ],
            [
              -89.40522037016841,
              43.07268488830179
            ],
            [
              -89.40521977507396,
              43.072683225124194
            ],
            [
              -89.40521934586495,
              43.0726815116258
            ],
            [
              -89.40521908667492,
              43.07267976430853
            ],
            [
              -89.405219,
              43.072678
            ],
            [
              -89.405219,
              43.072677
            ],
            [
              -89.405204,
              43.072677
            ],
            [
              -89.40520223569148,
              43.07267691332508
            ],
            [
              -89.4052004883742,
              43.07267665413505
            ],
            [
              -89.40519877487581,
              43.07267622492604
            ],
            [
              -89.40519711169821,
              43.072675629831586
            ],
            [
              -89.40519551485873,
              43.07267487458276
            ],
            [
              -89.4051939997358,
              43.072673966453024
            ],
            [
              -89.40519258092088,
              43.07267291418816
            ],
            [
              -89.40519127207794,
              43.072671727922064
            ],
            [
              -89.40519008581184,
              43.07267041907912
            ],
            [
              -89.40518977500157,
              43.072669999999995
            ],
            [
              -89.405188,
              43.072669999999995
            ],
            [
              -89.40518623569147,
              43.07266991332508
            ],
            [
              -89.4051844883742,
              43.07266965413505
            ],
            [
              -89.40518277487581,
              43.07266922492604
            ],
            [
              -89.40518111169821,
              43.07266862983158
            ],
            [
              -89.40517951485873,
              43.072667874582756
            ],
            [
              -89.4051779997358,
              43.07266696645302
            ],
            [
              -89.40517658092088,
              43.07266591418816
            ],
            [
              -89.40517527207794,
              43.07266472792206
            ],
            [
              -89.40517408581184,
              43.07266341907911
            ],
            [
              -89.40517303354697,
              43.072662000264195
            ],
            [
              -89.40517212541724,
              43.07266048514126
            ],
            [
              -89.4051713701684,
              43.07265888830178
            ],
            [
              -89.40517077507396,
              43.07265722512419
            ],
            [
              -89.40517034586495,
              43.0726555116258
            ],
            [
              -89.40517008667491,
              43.07265376430853
            ],
            [
              -89.40517,
              43.072652
            ],
            [
              -89.40517,
              43.072590050069444
            ],
            [
              -89.40484599999999,
              43.07259095006944
            ],
            [
              -89.40484599999999,
              43.0727224350824
            ],
            [
              -89.404846897375,
              43.07272296530785
            ],
            [
              -89.4048483073712,
              43.07272399488105
            ],
            [
              -89.40484961099048,
              43.07272515621088
            ],
            [
              -89.40485079596877,
              43.07272643837184
            ],
            [
              -89.40485185115806,
              43.07272782930168
            ],
            [
              -89.4048527666314,
              43.07272931591488
            ],
            [
              -89.40485353377625,
              43.07273088422576
            ],
            [
              -89.40485414537551,
              43.072732519480056
            ],
            [
              -89.40485459567539,
              43.072734206293696
            ],
            [
              -89.4048548804396,
              43.07273592879756
            ],
            [
              -89.40485499698916,
              43.072737670786786
            ],
            [
              -89.40485754892644,
              43.07287717669189
            ],
            [
              -89.4048613079002,
              43.072875923700636
            ],
            [
              -89.40486323712608,
              43.07287539770527
            ],
            [
              -89.40486521279075,
              43.072875088945224
            ],
            [
              -89.40486721051191,
              43.072875001231026
            ],
            [
              -89.40503821051192,
              43.07287700123103
            ],
            [
              -89.40503975048473,
              43.07287708531878
            ],
            [
              -89.40504127760668,
              43.07287730092391
            ],
            [
              -89.40506827760667,
              43.07288230092391
            ],
            [
              -89.40507002804343,
              43.07288271651715
            ],
            [
              -89.40507172825022,
              43.07288330477167
            ],
            [
              -89.40507336124207,
              43.072884059810825
            ],
            [
              -89.40507491070548,
              43.072884974091814
            ],
            [
              -89.40507636116135,
              43.072886038480995
            ],
            [
              -89.40507769811967,
              43.072887242345175
            ],
            [
              -89.40507890822433,
              43.0728885736578
            ],
            [
              -89.40507997938639,
              43.0728900191191
            ],
            [
              -89.40508090090499,
              43.072891564288994
            ],
            [
              -89.40508166357422,
              43.07289319373129
            ],
            [
              -89.40508225977504,
              43.07289489116792
            ],
            [
              -89.40508268355143,
              43.07289663964158
            ],
            [
              -89.40508293066986,
              43.072898421685075
            ],
            [
              -89.40508299866165,
              43.07290021949587
            ],
            [
              -89.40507999866166,
              43.073146219495875
            ],
            [
              -89.4050798912492,
              43.07314797565227
            ],
            [
              -89.40507961289676,
              43.073149712932505
            ],
            [
              -89.4050791662638,
              43.073151414737936
            ],
            [
              -89.40507855561766,
              43.07315306480884
            ],
            [
              -89.40507778679266,
              43.0731546473798
            ],
            [
              -89.40507686713448,
              43.07315614733031
            ],
            [
              -89.40507580542987,
              43.073157550329256
            ],
            [
              -89.4050746118228,
              43.07315884297184
            ],
            [
              -89.40507329771744,
              43.07316001290766
            ],
            [
              -89.40507187566925,
              43.07316104895866
            ],
            [
              -89.40507035926507,
              43.07316194122603
            ],
            [
              -89.4050687629932,
              43.073162681184705
            ],
            [
              -89.40506710210505,
              43.073163261764805
            ],
            [
              -89.40506539246938,
              43.07316367741925
            ],
            [
              -89.40506365042074,
              43.073163924176725
            ],
            [
              -89.40506189260334,
              43.07316399967961
            ],
            [
              -89.40422389260334,
              43.073158999679606
            ],
            [
              -89.4042221180382,
              43.07315890134687
            ],
            [
              -89.40422036182075,
              43.07315862848977
            ],
            [
              -89.40421864107273,
              43.07315818376846
            ],
            [
              -89.40421697257014,
              43.07315757151863
            ],
            [
              -89.40421537257959,
              43.07315679770923
            ],
            [
              -89.40421385669974,
              43.073155869884324
            ],
            [
              -89.40421243970927,
              43.07315479708949
            ],
            [
              -89.40421113542274,
              43.07315358978364
            ],
            [
              -89.40420995655595,
              43.07315225973708
            ],
            [
              -89.40420891460192,
              43.073150819916755
            ],
            [
              -89.40420801971894,
              43.073149284359786
            ],
            [
              -89.40420728063138,
              43.07314766803669
            ],
            [
              -89.40420670454483,
              43.07314598670536
            ],
            [
              -89.40420629707565,
              43.073144256757494
            ],
            [
              -89.40420606219637,
              43.07314249505875
            ],
            [
              -89.40420600219686,
              43.07314071878432
            ],
            [
              -89.40421000219686,
              43.07288471878432
            ],
            [
              -89.4042101144378,
              43.07288297350924
            ],
            [
              -89.40421039551973,
              43.07288124736437
            ],
            [
              -89.4042108427892,
              43.07287955664465
            ],
            [
              -89.40421145202397,
              43.07287791731059
            ],
            [
              -89.40421221747282,
              43.07287634483763
            ],
            [
              -89.40421313190986,
              43.07287485407002
            ],
            [
              -89.40421418670272,
              43.07287345908071
            ],
            [
              -89.4042153718941,
              43.07287217303851
            ],
            [
              -89.40421667629569,
              43.07287100808374
            ],
            [
              -89.40421808759388,
              43.072869975213656
            ],
            [
              -89.40421959246588,
              43.072869084178635
            ],
            [
              -89.40422117670559,
              43.0728683433901
            ],
            [
              -89.4042228253577,
              43.07286775984115
            ],
            [
              -89.40422452285881,
              43.072867339040535
            ],
            [
              -89.40422625318438,
              43.07286708496064
            ],
            [
              -89.404228,
              43.072867
            ],
            [
              -89.404267,
              43.072867
            ],
            [
              -89.404267,
              43.072492999999994
            ],
            [
              -89.404224,
              43.072492999999994
            ],
            [
              -89.40422223569148,
              43.07249291332508
            ],
            [
              -89.40422048837421,
              43.07249265413505
            ],
            [
              -89.40421877487582,
              43.07249222492604
            ],
            [
              -89.40421711169822,
              43.07249162983158
            ],
            [
              -89.40421551485873,
              43.072490874582755
            ],
            [
              -89.4042139997358,
              43.07248996645302
            ],
            [
              -89.40421258092088,
              43.072488914188156
            ],
            [
              -89.40421127207794,
              43.07248772792206
            ],
            [
              -89.40421008581184,
              43.07248641907911
            ],
            [
              -89.40420903354698,
              43.072485000264194
            ],
            [
              -89.40420812541724,
              43.07248348514126
            ],
            [
              -89.40420737016841,
              43.07248188830178
            ],
            [
              -89.40420677507396,
              43.07248022512419
            ],
            [
              -89.40420634586495,
              43.072478511625796
            ],
            [
              -89.40420608667492,
              43.072476764308526
            ],
            [
              -89.404206,
              43.072475
            ],
            [
              -89.404206,
              43.072321
            ],
            [
              -89.40420608667492,
              43.072319235691474
            ],
            [
              -89.40420634586495,
              43.0723174883742
            ],
            [
              -89.40420677507396,
              43.07231577487581
            ],
            [
              -89.40420737016841,
              43.07231411169822
            ],
            [
              -89.40420812541724,
              43.07231251485874
            ],
            [
              -89.40420903354698,
              43.072310999735805
            ],
            [
              -89.40421008581184,
              43.07230958092089
            ],
            [
              -89.40421127207794,
              43.07230827207794
            ],
            [
              -89.40421258092088,
              43.07230708581184
            ],
            [
              -89.4042139997358,
              43.07230603354698
            ],
            [
              -89.40421551485873,
              43.072305125417245
            ],
            [
              -89.40421711169822,
              43.07230437016842
            ],
            [
              -89.40421877487582,
              43.07230377507396
            ],
            [
              -89.40422048837421,
              43.07230334586495
            ],
            [
              -89.40422223569148,
              43.07230308667492
            ],
            [
              -89.404224,
              43.072303000000005
            ],
            [
              -89.40422501888456,
              43.072303000000005
            ],
            [
              -89.40422500805927,
              43.07230246141934
            ],
            [
              -89.40422515181763,
              43.072300667107754
            ],
            [
              -89.40422547406996,
              43.072298896126675
            ],
            [
              -89.40422597159352,
              43.07229716618712
            ],
            [
              -89.40422663941273,
              43.07229549458967
            ],
            [
              -89.40422747084895,
              43.07229389805143
            ],
            [
              -89.40422845758725,
              43.07229239253887
            ],
            [
              -89.40422958975958,
              43.07229099310814
            ],
            [
              -89.40423085604344,
              43.07228971375451
            ],
            [
              -89.40423224377514,
              43.072288567272366
            ],
            [
              -89.4042337390764,
              43.07228756512733
            ],
            [
              -89.40425373907641,
              43.072275565127335
            ],
            [
              -89.40425509167397,
              43.07227483032531
            ],
            [
              -89.40425650210615,
              43.07227421377423
            ],
            [
              -89.40428750210614,
              43.07226221377423
            ],
            [
              -89.40428896742222,
              43.072261717836916
            ],
            [
              -89.40429046990955,
              43.07226134954784
            ],
            [
              -89.40433046990957,
              43.072253349547836
            ],
            [
              -89.40433158947788,
              43.072253162136256
            ],
            [
              -89.40436858947787,
              43.072248162136255
            ],
            [
              -89.40437040033305,
              43.072248009991675
            ],
            [
              -89.40440040033305,
              43.07224700999168
            ],
            [
              -89.404401,
              43.072247000000004
            ],
            [
              -89.404436,
              43.072247000000004
            ],
            [
              -89.40443776430853,
              43.07224708667492
            ],
            [
              -89.4044395116258,
              43.07224734586495
            ],
            [
              -89.40444122512419,
              43.07224777507396
            ],
            [
              -89.40444288830179,
              43.07224837016842
            ],
            [
              -89.40444448514127,
              43.072249125417244
            ],
            [
              -89.4044460002642,
              43.07225003354698
            ],
            [
              -89.40444741907912,
              43.07225108581184
            ],
            [
              -89.40444872792206,
              43.07225227207794
            ],
            [
              -89.40444991418816,
              43.072253580920886
            ],
            [
              -89.40445096645303,
              43.072254999735804
            ],
            [
              -89.40445187458276,
              43.072256514858736
            ],
            [
              -89.4044526298316,
              43.07225811169822
            ],
            [
              -89.40445322492604,
              43.07225977487581
            ],
            [
              -89.40445365413505,
              43.0722614883742
            ],
            [
              -89.40445391332509,
              43.07226323569147
            ],
            [
              -89.404454,
              43.072265
            ],
            [
              -89.404455,
              43.072265
            ],
            [
              -89.40445676430852,
              43.07226508667492
            ],
            [
              -89.40445851162579,
              43.07226534586495
            ],
            [
              -89.40446022512418,
              43.07226577507396
            ],
            [
              -89.40446188830178,
              43.072266370168414
            ],
            [
              -89.40446348514126,
              43.07226712541724
            ],
            [
              -89.4044650002642,
              43.072268033546976
            ],
            [
              -89.40446641907911,
              43.07226908581184
            ],
            [
              -89.40446772792205,
              43.07227027207794
            ],
            [
              -89.40446891418816,
              43.072271580920884
            ],
            [
              -89.40446996645302,
              43.0722729997358
            ],
            [
              -89.40447087458276,
              43.072274514858734
            ],
            [
              -89.40447162983159,
              43.072276111698216
            ],
            [
              -89.40447222492604,
              43.07227777487581
            ],
            [
              -89.40447265413505,
              43.0722794883742
            ],
            [
              -89.40447291332508,
              43.07228123569147
            ],
            [
              -89.404473,
              43.072283
            ],
            [
              -89.404473,
              43.072303000000005
            ],
            [
              -89.40447476430852,
              43.07230308667492
            ],
            [
              -89.40447651162579,
              43.07230334586495
            ],
            [
              -89.40447822512418,
              43.07230377507396
            ],
            [
              -89.40447988830178,
              43.07230437016842
            ],
            [
              -89.40448148514126,
              43.072305125417245
            ],
            [
              -89.4044830002642,
              43.07230603354698
            ],
            [
              -89.40448441907911,
              43.07230708581184
            ],
            [
              -89.40448572792205,
              43.07230827207794
            ],
            [
              -89.40448691418815,
              43.07230958092089
            ],
            [
              -89.40448796645302,
              43.072310999735805
            ],
            [
              -89.40448887458275,
              43.07231251485874
            ],
            [
              -89.40448962983159,
              43.07231411169822
            ],
            [
              -89.40449022492604,
              43.07231577487581
            ],
            [
              -89.40449065413505,
              43.0723174883742
            ],
            [
              -89.40449091332508,
              43.072319235691474
            ],
            [
              -89.404491,
              43.072321
            ],
            [
              -89.404491,
              43.07235493142882
            ],
            [
              -89.40472174578886,
              43.07235405406841
            ],
            [
              -89.40473148267697,
              43.07231285954183
            ],
            [
              -89.4047319572271,
              43.0723112082911
            ],
            [
              -89.40473258704672,
              43.072309609806176
            ],
            [
              -89.4047333663978,
              43.072308078650174
            ],
            [
              -89.40473428818002,
              43.072306628772814
            ],
            [
              -89.40473534399541,
              43.07230527338332
            ],
            [
              -89.40473652422487,
              43.07230402483006
            ],
            [
              -89.40473781811583,
              43.07230289448808
            ],
            [
              -89.4047392138802,
              43.072301892655446
            ],
            [
              -89.40474069880177,
              43.072301028459435
            ],
            [
              -89.40474225935203,
              43.07230030977336
            ],
            [
              -89.4047438813135,
              43.07229974314488
            ],
            [
              -89.40474554990915,
              43.0722993337363
            ],
            [
              -89.4047472499371,
              43.072299085277564
            ],
            [
              -89.40474896590915,
              43.07229900003228
            ],
            [
              -89.405259,
              43.072298034058626
            ],
            [
              -89.405259,
              43.072291
            ],
            [
              -89.40525908667492,
              43.07228923569147
            ],
            [
              -89.40525934586495,
              43.0722874883742
            ],
            [
              -89.40525977507396,
              43.07228577487581
            ],
            [
              -89.4052603701684,
              43.07228411169822
            ],
            [
              -89.40526112541724,
              43.072282514858735
            ],
            [
              -89.40526203354698,
              43.0722809997358
            ],
            [
              -89.40526308581184,
              43.072279580920885
            ],
            [
              -89.40526427207794,
              43.07227827207794
            ],
            [
              -89.40526558092088,
              43.07227708581184
            ],
            [
              -89.4052669997358,
              43.07227603354698
            ],
            [
              -89.40526851485873,
              43.07227512541724
            ],
            [
              -89.40527011169821,
              43.072274370168415
            ],
            [
              -89.40527177487581,
              43.07227377507396
            ],
            [
              -89.4052734883742,
              43.07227334586495
            ],
            [
              -89.40527523569148,
              43.07227308667492
            ],
            [
              -89.405277,
              43.072273
            ],
            [
              -89.40535177500159,
              43.072273
            ],
            [
              -89.40535208581184,
              43.07227258092089
            ],
            [
              -89.40535327207795,
              43.07227127207794
            ],
            [
              -89.40535458092089,
              43.072270085811844
            ],
            [
              -89.4053559997358,
              43.07226903354698
            ],
            [
              -89.40535751485874,
              43.072268125417246
            ],
            [
              -89.40535911169822,
              43.07226737016842
            ],
            [
              -89.40536077487582,
              43.07226677507396
            ],
            [
              -89.40536248837421,
              43.07226634586495
            ],
            [
              -89.40536423569148,
              43.07226608667492
            ],
            [
              -89.405366,
              43.072266000000006
            ],
            [
              -89.405455,
              43.072266000000006
            ],
            [
              -89.40545676430852,
              43.07226608667492
            ],
            [
              -89.4054585116258,
              43.07226634586495
            ],
            [
              -89.40546022512419,
              43.07226677507396
            ],
            [
              -89.40546188830179,
              43.07226737016842
            ],
            [
              -89.40546348514127,
              43.072268125417246
            ],
            [
              -89.4054650002642,
              43.07226903354698
            ],
            [
              -89.40546641907912,
              43.072270085811844
            ],
            [
              -89.40546772792206,
              43.07227127207794
            ],
            [
              -89.40546891418816,
              43.07227258092089
            ],
            [
              -89.40546996645303,
              43.072273999735806
            ],
            [
              -89.40547087458276,
              43.07227551485874
            ],
            [
              -89.4054716298316,
              43.07227711169822
            ],
            [
              -89.40547222492604,
              43.07227877487581
            ],
            [
              -89.40547265413505,
              43.072280488374204
            ],
            [
              -89.40547291332508,
              43.072282235691475
            ],
            [
              -89.405473,
              43.072284
            ],
            [
              -89.405473,
              43.072295000000004
            ],
            [
              -89.40553,
              43.072295000000004
            ],
            [
              -89.40553175964357,
              43.07229508621607
            ],
            [
              -89.40553350243052,
              43.07229534403839
            ],
            [
              -89.40553521166571,
              43.07229577099711
            ],
            [
              -89.40553687097541,
              43.07229636300217
            ],
            [
              -89.40553846446416,
              43.07229711438241
            ],
            [
              -89.40553997686705,
              43.072298017939936
            ],
            [
              -89.4055413936959,
              43.07229906501906
            ],
            [
              -89.40554270137811,
              43.072300245589226
            ],
            [
              -89.40554388738666,
              43.07230154834109
            ],
            [
              -89.4055449403601,
              43.07230296079485
            ],
            [
              -89.40554585021141,
              43.07230446941981
            ],
            [
              -89.4055466082246,
              43.07230605976402
            ],
            [
              -89.40554720713826,
              43.07230771659265
            ],
            [
              -89.40554764121502,
              43.072309424034025
            ],
            [
              -89.40554790629665,
              43.07231116573159
            ],
            [
              -89.40554799984375,
              43.07231292500065
            ],
            [
              -89.40554899984375,
              43.07255292500065
            ],
            [
              -89.40554892008018,
              43.072554694321724
            ],
            [
              -89.40554866682041,
              43.07255644723894
            ],
            [
              -89.40554824251642,
              43.07255816678114
            ],
            [
              -89.40554765127617,
              43.07255983630031
            ],
            [
              -89.40554689882384,
              43.07256143963271
            ],
            [
              -89.40554599244444,
              43.072562961255414
            ],
            [
              -89.40554494091323,
              43.07256438643659
            ],
            [
              -89.40554375441077,
              43.07256570137811
            ],
            [
              -89.40554244442438,
              43.07256689334914
            ],
            [
              -89.40554102363693,
              43.072567950809436
            ],
            [
              -89.40553950580397,
              43.072568863521006
            ],
            [
              -89.40553790562068,
              43.07256962264729
            ],
            [
              -89.40553623857949,
              43.072570220838685
            ],
            [
              -89.405535,
              43.07257053194379
            ]
          ]
        ]
      },
      "properties": {
        "building": "university",
        "name": "Chemistry Building",
        "@id": "way/153060482",
        "addr:street": "University Avenue",
        "addr:housenumber": "1101",
        "person_counts": [
          0,
          0,
          0,
          0,
          0,
          0,
          0,
          0,
          0,
          0,
          0,
          0,
          0,
          0,
          0,
          0,
          0,
          0,
          0,
          0,
          0,
          0,
          0,
          0,
          0,
          0,
          0,
          0,
          0,
          0,
          0,
          0,
          0,
          0,
          0,
          0,
          0,
          0,
          0,
          0,
          0,
          0,
          0,
          0,
          0,
          0,
          0,
          0,
          0,
          0,
          0,
          0,
          0,
          0,
          0,
          0,
          0,
          0,
          0,
          0,
          0,
          0,
          0,
          0,
          0,
          0,
          0,
          0,
          0,
          0,
          0,
          0,
          0,
          0,
          0,
          0,
          0,
          0,
          0,
          0,
          0,
          0,
          0,
          0
        ],
        "instructor_counts": [
          0,
          0,
          0,
          0,
          0,
          0,
          0,
          0,
          0,
          0,
          0,
          0,
          0,
          0,
          0,
          0,
          0,
          0,
          0,
          0,
          0,
          0,
          0,
          0,
          0,
          0,
          0,
          0,
          0,
          0,
          0,
          0,
          0,
          0,
          0,
          0,
          0,
          0,
          0,
          0,
          0,
          0,
          0,
          0,
          0,
          0,
          0,
          0,
          0,
          0,
          0,
          0,
          0,
          0,
          0,
          0,
          0,
          0,
          0,
          0,
          0,
          0,
          0,
          0,
          0,
          0,
          0,
          0,
          0,
          0,
          0,
          0,
          0,
          0,
          0,
          0,
          0,
          0,
          0,
          0,
          0,
          0,
          0,
          0
        ]
      }
    },
    {
      "type": "Feature",
      "geometry": {
        "type": "Polygon",
        "coordinates": [
          [
            [
              -89.40718797677422,
              43.07321099998502
            ],
            [
              -89.40641297677422,
              43.07320999998502
            ],
            [
              -89.40641113360218,
              43.07320990297627
            ],
            [
              -89.40640931005436,
              43.073209617726896
            ],
            [
              -89.40640752530442,
              43.07320914723617
            ],
            [
              -89.40640579811809,
              43.07320849645104
            ],
            [
              -89.40640414665586,
              43.07320767221419
            ],
            [
              -89.406402588282,
              43.07320668319204
            ],
            [
              -89.40635238591064,
              43.07317108514689
            ],
            [
              -89.40622326663741,
              43.073172998025015
            ],
            [
              -89.40622143623143,
              43.07317293194434
            ],
            [
              -89.40621962201699,
              43.073172680193174
            ],
            [
              -89.40621784277877,
              43.073172245378196
            ],
            [
              -89.40621611693932,
              43.073171632001554
            ],
            [
              -89.4062144623683,
              43.07317084641426
            ],
            [
              -89.4062128961974,
              43.073169896750414
            ],
            [
              -89.40621143464304,
              43.07316879284301
            ],
            [
              -89.4062100928384,
              43.0731675461221
            ],
            [
              -89.40607109283842,
              43.0730245461221
            ],
            [
              -89.40606990652016,
              43.073023197045394
            ],
            [
              -89.40606886058683,
              43.073021736435095
            ],
            [
              -89.40606796545696,
              43.073020178840316
            ],
            [
              -89.40606723004692,
              43.073018539776236
            ],
            [
              -89.40606666168212,
              43.07301683556955
            ],
            [
              -89.40606626602404,
              43.07301508319582
            ],
            [
              -89.40606604701382,
              43.07301330011043
            ],
            [
              -89.40606600683303,
              43.073011504074664
            ],
            [
              -89.40606614588188,
              43.0730097129788
            ],
            [
              -89.40606646277533,
              43.07300794466392
            ],
            [
              -89.4060669543568,
              43.073006216744176
            ],
            [
              -89.40606761572967,
              43.073004546431356
            ],
            [
              -89.406068440306,
              43.07300295036342
            ],
            [
              -89.4060694198722,
              43.073001444438766
            ],
            [
              -89.40607054467081,
              43.0730000436579
            ],
            [
              -89.40607180349777,
              43.07299876197397
            ],
            [
              -89.40607318381389,
              43.07299761215382
            ],
            [
              -89.40607467186986,
              43.07299660565077
            ],
            [
              -89.4060762528432,
              43.072995752490606
            ],
            [
              -89.4063778190733,
              43.072851959321284
            ],
            [
              -89.40664,
              43.072709302052345
            ],
            [
              -89.40664,
              43.072353
            ],
            [
              -89.40664008688076,
              43.07235123360272
            ],
            [
              -89.40664034668437,
              43.0723494842572
            ],
            [
              -89.40664077690282,
              43.072347768850626
            ],
            [
              -89.40664137338304,
              43.07234610394253
            ],
            [
              -89.40664213036695,
              43.07234450560495
            ],
            [
              -89.40664304054708,
              43.072342989267334
            ],
            [
              -89.40664409513707,
              43.072341569567506
            ],
            [
              -89.40664528395651,
              43.07234026021043
            ],
            [
              -89.40664659552925,
              43.07233907383588
            ],
            [
              -89.40664801719413,
              43.072338021896414
            ],
            [
              -89.4066495352272,
              43.072337114546855
            ],
            [
              -89.40665113497427,
              43.07233636054623
            ],
            [
              -89.4066528009923,
              43.072335767173215
            ],
            [
              -89.40665451719855,
              43.07233534015589
            ],
            [
              -89.40665626702572,
              43.07233508361643
            ],
            [
              -89.40665803358202,
              43.07233500003132
            ],
            [
              -89.40719403358203,
              43.07233600003132
            ],
            [
              -89.40719580364222,
              43.07233609059256
            ],
            [
              -89.40719755621537,
              43.07233635479293
            ],
            [
              -89.40719927430952,
              43.07233679007091
            ],
            [
              -89.40720094126705,
              43.07233739220629
            ],
            [
              -89.40720254092612,
              43.07233815536112
            ],
            [
              -89.40720405777738,
              43.0723390721363
            ],
            [
              -89.40720547711429,
              43.072340133643316
            ],
            [
              -89.40720678517583,
              43.07234132959041
            ],
            [
              -89.40720796927978,
              43.07234264838238
            ],
            [
              -89.40720901794577,
              43.072344077233
            ],
            [
              -89.40720992100654,
              43.07234560228896
            ],
            [
              -89.40721066970656,
              43.072347208764214
            ],
            [
              -89.40721125678684,
              43.072348881083315
            ],
            [
              -89.40721167655542,
              43.07235060303243
            ],
            [
              -89.40721192494246,
              43.072352357916564
            ],
            [
              -89.40721199953974,
              43.07235412872138
            ],
            [
              -89.40720599953974,
              43.073193128721385
            ],
            [
              -89.40720590094213,
              43.07319488580784
            ],
            [
              -89.4072056312317,
              43.073196624868096
            ],
            [
              -89.40720519298661,
              43.07319832927871
            ],
            [
              -89.40720459039598,
              43.07319998274743
            ],
            [
              -89.40720382921988,
              43.07320156946897
            ],
            [
              -89.4072029167343,
              43.07320307427606
            ],
            [
              -89.40720186166158,
              43.07320448278443
            ],
            [
              -89.40720067408702,
              43.073205781530355
            ],
            [
              -89.4071993653625,
              43.07320695809928
            ],
            [
              -89.40719794799794,
              43.07320800124452
            ],
            [
              -89.40719643554175,
              43.07320890099479
            ],
            [
              -89.4071948424513,
              43.07320964874951
            ],
            [
              -89.40719318395475,
              43.073210237360975
            ],
            [
              -89.40719147590544,
              43.07321066120272
            ],
            [
              -89.40718973463038,
              43.07321091622331
            ],
            [
              -89.40718797677422,
              43.07321099998502
            ]
          ]
        ]
      },
      "properties": {
        "building": "university",
        "name": "Morgridge Hall",
        "@id": "way/1391651477",
        "person_counts": [
          0,
          0,
          0,
          0,
          0,
          0,
          0,
          0,
          0,
          0,
          0,
          0,
          0,
          0,
          0,
          0,
          0,
          0,
          0,
          0,
          0,
          0,
          0,
          0,
          0,
          0,
          0,
          0,
          0,
          0,
          0,
          0,
          0,
          0,
          0,
          0,
          0,
          0,
          0,
          0,
          0,
          0,
          0,
          0,
          0,
          0,
          0,
          0,
          0,
          0,
          0,
          0,
          0,
          0,
          0,
          0,
          0,
          0,
          0,
          0,
          0,
          0,
          0,
          0,
          0,
          0,
          0,
          0,
          0,
          0,
          0,
          0,
          0,
          0,
          0,
          0,
          0,
          0,
          0,
          0,
          0,
          0,
          0,
          0
        ],
        "instructor_counts": [
          0,
          0,
          0,
          0,
          0,
          0,
          0,
          0,
          0,
          0,
          0,
          0,
          0,
          0,
          0,
          0,
          0,
          0,
          0,
          0,
          0,
          0,
          0,
          0,
          0,
          0,
          0,
          0,
          0,
          0,
          0,
          0,
          0,
          0,
          0,
          0,
          0,
          0,
          0,
          0,
          0,
          0,
          0,
          0,
          0,
          0,
          0,
          0,
          0,
          0,
          0,
          0,
          0,
          0,
          0,
          0,
          0,
          0,
          0,
          0,
          0,
          0,
          0,
          0,
          0,
          0,
          0,
          0,
          0,
          0,
          0,
          0,
          0,
          0,
          0,
          0,
          0,
          0,
          0,
          0,
          0,
          0,
          0,
          0
        ]
      }
    },
    {
      "type": "Feature",
      "geometry": {
        "type": "Polygon",
        "coordinates": [
          [
            [
              -89.40426100548446,
              43.07167855569098
            ],
            [
              -89.40426255006942,
              43.071616
            ],
            [
              -89.404257,
              43.071616
            ],
            [
              -89.40425522220367,
              43.07161591199152
            ],
            [
              -89.40425346179192,
              43.07161564882669
            ],
            [
              -89.40425173597933,
              43.071615213078935
            ],
            [
              -89.4042500616421,
              43.071614609009295
            ],
            [
              -89.40424845515315,
              43.071613842524805
            ],
            [
              -89.40424693222185,
              43.0716129211207
            ],
            [
              -89.40424550774054,
              43.07161185380715
            ],
            [
              -89.40424419563881,
              43.07161065102108
            ],
            [
              -89.40424300874734,
              43.07160932452423
            ],
            [
              -89.40424195867242,
              43.071607887288025
            ],
            [
              -89.40424105568242,
              43.0716063533668
            ],
            [
              -89.40424030860744,
              43.071604737760346
            ],
            [
              -89.40423972475291,
              43.071603056267215
            ],
            [
              -89.40423930982818,
              43.07160132533026
            ],
            [
              -89.4042390678907,
              43.07159956187584
            ],
            [
              -89.4042390013063,
              43.07159778314827
            ],
            [
              -89.40424100130629,
              43.07143178314827
            ],
            [
              -89.40424110774428,
              43.07143003348386
            ],
            [
              -89.40424138386354,
              43.0714283024689
            ],
            [
              -89.40424182704544,
              43.071426606519495
            ],
            [
              -89.4042424330871,
              43.07142496171917
            ],
            [
              -89.40424319624111,
              43.071423383666385
            ],
            [
              -89.4042441092701,
              43.07142188732662
            ],
            [
              -89.40424516351534,
              43.07142048689042
            ],
            [
              -89.40424634897892,
              43.07141919563881
            ],
            [
              -89.40424765441847,
              43.07141802581738
            ],
            [
              -89.40424906745388,
              43.07141698852014
            ],
            [
              -89.4042505746846,
              43.071416093584304
            ],
            [
              -89.40425216181681,
              43.07141534949698
            ],
            [
              -89.40425381379895,
              43.07141476331474
            ],
            [
              -89.40425551496443,
              43.07141434059664
            ],
            [
              -89.40425724918026,
              43.07141408535152
            ],
            [
              -89.404259,
              43.071414000000004
            ],
            [
              -89.40426626275962,
              43.071414000000004
            ],
            [
              -89.40426700194605,
              43.07136373532274
            ],
            [
              -89.4042671137044,
              43.071361979992595
            ],
            [
              -89.40426739624785,
              43.07136024395024
            ],
            [
              -89.40426784687853,
              43.07135854377206
            ],
            [
              -89.40426846129365,
              43.07135689569199
            ],
            [
              -89.40426923362658,
              43.07135531544653
            ],
            [
              -89.40427015650276,
              43.07135381812446
            ],
            [
              -89.40427122111024,
              43.071352418022755
            ],
            [
              -89.40427241728374,
              43.07135112851013
            ],
            [
              -89.40427373360176,
              43.07134996189933
            ],
            [
              -89.40427515749556,
              43.071348929329595
            ],
            [
              -89.40427667536932,
              43.07134804066029
            ],
            [
              -89.40427827272977,
              43.071347304376765
            ],
            [
              -89.40427993432473,
              43.07134672750933
            ],
            [
              -89.40428164428867,
              43.07134631556613
            ],
            [
              -89.4042833862942,
              43.07134607248055
            ],
            [
              -89.404285143708,
              43.071346000573676
            ],
            [
              -89.404786143708,
              43.07135000057367
            ],
            [
              -89.40478793974702,
              43.07135010482239
            ],
            [
              -89.40478971640881,
              43.07135038783643
            ],
            [
              -89.40479145594522,
              43.07135084678859
            ],
            [
              -89.40479314097904,
              43.071351477094126
            ],
            [
              -89.40479475467745,
              43.07135227245656
            ],
            [
              -89.40479628092034,
              43.071353224930554
            ],
            [
              -89.40479770446113,
              43.07135432500129
            ],
            [
              -89.40479901107926,
              43.07135556167952
            ],
            [
              -89.40480018772219,
              43.07135692261135
            ],
            [
              -89.40480122263571,
              43.07135839420165
            ],
            [
              -89.40480210548151,
              43.07135996174984
            ],
            [
              -89.40480282744029,
              43.07136160959678
            ],
            [
              -89.40480338130001,
              43.07136332128116
            ],
            [
              -89.40480376152784,
              43.07136507970398
            ],
            [
              -89.40480396432547,
              43.07136686729933
            ],
            [
              -89.40480398766701,
              43.071368666209885
            ],
            [
              -89.40480299537278,
              43.0713954581541
            ],
            [
              -89.40479899826414,
              43.07168324997589
            ],
            [
              -89.40479888783922,
              43.071685006292164
            ],
            [
              -89.40479860643964,
              43.071686743432004
            ],
            [
              -89.40479815675508,
              43.07168844479155
            ],
            [
              -89.40479754308369,
              43.071690094108966
            ],
            [
              -89.40479677129102,
              43.07169167561983
            ],
            [
              -89.40479584875399,
              43.071693174207816
            ],
            [
              -89.40479478429036,
              43.0716945755492
            ],
            [
              -89.4047935880744,
              43.071695866249755
            ],
            [
              -89.40479227153975,
              43.07169703397277
            ],
            [
              -89.40479084727004,
              43.071698067556966
            ],
            [
              -89.40478932887864,
              43.071698957123196
            ],
            [
              -89.40478773087857,
              43.071699694168856
            ],
            [
              -89.40478606854374,
              43.07170027164915
            ],
            [
              -89.40478435776303,
              43.07170068404443
            ],
            [
              -89.40478261488832,
              43.07170092741297
            ],
            [
              -89.40478085657826,
              43.07170099942861
            ],
            [
              -89.40427885657826,
              43.07169699942861
            ],
            [
              -89.40427707431506,
              43.071696896696274
            ],
            [
              -89.40427531099381,
              43.07169661792364
            ],
            [
              -89.40427358395937,
              43.07169616585284
            ],
            [
              -89.40427191019963,
              43.07169554493066
            ],
            [
              -89.40427030617849,
              43.07169476126478
            ],
            [
              -89.40426878767386,
              43.07169382256371
            ],
            [
              -89.40426736962246,
              43.07169273806094
            ],
            [
              -89.40426606597292,
              43.07169151842416
            ],
            [
              -89.40426488954853,
              43.07169017565028
            ],
            [
              -89.40426385192116,
              43.07168872294747
            ],
            [
              -89.40426296329741,
              43.07168717460518
            ],
            [
              -89.40426223241818,
              43.07168554585365
            ],
            [
              -89.40426166647276,
              43.07168385271402
            ],
            [
              -89.40426127102805,
              43.07168211184082
            ],
            [
              -89.40426104997381,
              43.07168034035809
            ],
            [
              -89.40426100548446,
              43.07167855569098
            ]
          ]
        ]
      },
      "properties": {
        "building": "university",
        "name": "Noland Hall",
        "@id": "way/139958467",
        "addr:street": "North Mills Street",
        "addr:housenumber": "250",
        "person_counts": [
          0,
          0,
          0,
          0,
          0,
          0,
          0,
          0,
          0,
          0,
          0,
          0,
          0,
          0,
          0,
          0,
          0,
          0,
          0,
          0,
          0,
          0,
          0,
          0,
          0,
          0,
          0,
          0,
          0,
          0,
          0,
          0,
          0,
          0,
          0,
          0,
          0,
          0,
          0,
          0,
          0,
          0,
          0,
          0,
          0,
          0,
          0,
          0,
          0,
          0,
          0,
          0,
          0,
          0,
          0,
          0,
          0,
          0,
          0,
          0,
          0,
          0,
          0,
          0,
          0,
          0,
          0,
          0,
          0,
          0,
          0,
          0,
          0,
          0,
          0,
          0,
          0,
          0,
          0,
          0,
          0,
          0,
          0,
          0
        ],
        "instructor_counts": [
          0,
          0,
          0,
          0,
          0,
          0,
          1,
          1,
          1,
          1,
          1,
          1,
          1,
          1,
          1,
          1,
          1,
          0,
          1,
          1,
          1,
          1,
          1,
          1,
          1,
          1,
          1,
          1,
          1,
          1,
          1,
          1,
          1,
          1,
          1,
          1,
          1,
          1,
          1,
          1,
          1,
          1,
          1,
          0,
          0,
          0,
          0,
          0,
          0,
          0,
          0,
          0,
          0,
          0,
          0,
          0,
          0,
          0,
          0,
          0,
          0,
          0,
          0,
          0,
          0,
          0,
          0,
          0,
          0,
          0,
          0,
          0,
          0,
          0,
          0,
          0,
          0,
          0,
          0,
          0,
          0,
          0,
          0,
          0
        ]
      }
    },
    {
      "type": "Feature",
      "geometry": {
        "type": "Polygon",
        "coordinates": [
          [
            [
              -89.41123699793424,
              43.073648272695976
            ],
            [
              -89.41123523577068,
              43.07376457549018
            ],
            [
              -89.41123605216917,
              43.07376506835927
            ],
            [
              -89.41123747534901,
              43.07376613218239
            ],
            [
              -89.41123878670933,
              43.073767331138
            ],
            [
              -89.41123997347185,
              43.07376865354309
            ],
            [
              -89.41124102407235,
              43.07377008651171
            ],
            [
              -89.41124192827344,
              43.073771616080556
            ],
            [
              -89.4112426772643,
              43.073773227345015
            ],
            [
              -89.41124326374651,
              43.07377490460441
            ],
            [
              -89.41124368200522,
              43.07377663151498
            ],
            [
              -89.41124392796476,
              43.073778391249164
            ],
            [
              -89.41124399922845,
              43.073780166659525
            ],
            [
              -89.41124299922845,
              43.07388816665952
            ],
            [
              -89.41124289733567,
              43.073889919733276
            ],
            [
              -89.41124262510613,
              43.073891654536084
            ],
            [
              -89.41124218513075,
              43.07389335455708
            ],
            [
              -89.41124158159694,
              43.07389500361641
            ],
            [
              -89.41124082024884,
              43.07389658601926
            ],
            [
              -89.4112399083325,
              43.073898086705206
            ],
            [
              -89.41123885452704,
              43.07389949139157
            ],
            [
              -89.411237668862,
              43.07390078670934
            ],
            [
              -89.41123636262185,
              43.073901960330396
            ],
            [
              -89.4112357904558,
              43.07390238135093
            ],
            [
              -89.41123399805394,
              43.07402426467727
            ],
            [
              -89.41123388638425,
              43.07402601922217
            ],
            [
              -89.41123360408189,
              43.074027754504066
            ],
            [
              -89.41123315383996,
              43.07402945396872
            ],
            [
              -89.41123253995367,
              43.074031101403556
            ],
            [
              -89.41123176827941,
              43.07403268109236
            ],
            [
              -89.41123084617877,
              43.07403417796521
            ],
            [
              -89.41122978244843,
              43.07403557774222
            ],
            [
              -89.41122858723618,
              43.07403686706979
            ],
            [
              -89.41122727194411,
              43.07403803364799
            ],
            [
              -89.41122584911986,
              43.074039066347865
            ],
            [
              -89.41122433233689,
              43.07403995531767
            ],
            [
              -89.41122273606501,
              43.07404069207681
            ],
            [
              -89.41122107553238,
              43.07404126959673
            ],
            [
              -89.41121936658013,
              43.074041682368005
            ],
            [
              -89.41121762551136,
              43.07404192645288
            ],
            [
              -89.41121586893551,
              43.074041999522834
            ],
            [
              -89.41080386893552,
              43.074038999522834
            ],
            [
              -89.41080384874483,
              43.07403899936449
            ],
            [
              -89.41056584874484,
              43.07403699936449
            ],
            [
              -89.41056407705861,
              43.07403689699127
            ],
            [
              -89.41056232406379,
              43.07403662065529
            ],
            [
              -89.4105606067999,
              43.074036173042614
            ],
            [
              -89.41055894195912,
              43.07403555850413
            ],
            [
              -89.41055734572407,
              43.07403478301328
            ],
            [
              -89.41055583361053,
              43.074033854108016
            ],
            [
              -89.41055442031654,
              43.074032780817504
            ],
            [
              -89.41055311957969,
              43.074031573574366
            ],
            [
              -89.41055194404338,
              43.07403024411328
            ],
            [
              -89.41055090513412,
              43.0740288053569
            ],
            [
              -89.41055001295032,
              43.07402727129026
            ],
            [
              -89.41054927616422,
              43.07402565682483
            ],
            [
              -89.41054870193754,
              43.07402397765358
            ],
            [
              -89.4105482958519,
              43.07402225009842
            ],
            [
              -89.41054806185451,
              43.07402049095158
            ],
            [
              -89.41054800221993,
              43.074018717312356
            ],
            [
              -89.41055100236622,
              43.073827708146474
            ],
            [
              -89.41055400236623,
              43.07364270814647
            ],
            [
              -89.41055411654912,
              43.073640954960965
            ],
            [
              -89.41055440110485,
              43.073639221258226
            ],
            [
              -89.41055485332248,
              43.07363752355497
            ],
            [
              -89.41055546889383,
              43.073635878024945
            ],
            [
              -89.41055624195442,
              43.07363430034485
            ],
            [
              -89.41055716513945,
              43.07363280554501
            ],
            [
              -89.41055822965386,
              43.073631407866145
            ],
            [
              -89.4105594253562,
              43.07363012062372
            ],
            [
              -89.4105607408552,
              43.07362895608109
            ],
            [
              -89.4105621636183,
              43.07362792533267
            ],
            [
              -89.41056368009107,
              43.07362703819824
            ],
            [
              -89.4105652758263,
              43.07362630312939
            ],
            [
              -89.41056693562169,
              43.073625727129006
            ],
            [
              -89.4105686436646,
              43.07362531568455
            ],
            [
              -89.4105703836828,
              43.0736250727158
            ],
            [
              -89.4105721390994,
              43.07362500053747
            ],
            [
              -89.4112191390994,
              43.07363000053747
            ],
            [
              -89.4112209109888,
              43.073630101728526
            ],
            [
              -89.41122266430015,
              43.07363037692125
            ],
            [
              -89.41122438198826,
              43.07363082344032
            ],
            [
              -89.41122604735428,
              43.073631436944794
            ],
            [
              -89.411227644208,
              43.07363221147036
            ],
            [
              -89.41122915702532,
              43.07363313948733
            ],
            [
              -89.41123057109904,
              43.07363421197378
            ],
            [
              -89.41123187268198,
              43.07363541850332
            ],
            [
              -89.41123304912054,
              43.07363674734644
            ],
            [
              -89.41123408897772,
              43.07363818558451
            ],
            [
              -89.41123498214435,
              43.07363971923541
            ],
            [
              -89.41123571993731,
              43.07364133338944
            ],
            [
              -89.41123629518403,
              43.07364301235428
            ],
            [
              -89.41123670229209,
              43.07364473980753
            ],
            [
              -89.41123693730373,
              43.0736464989554
            ],
            [
              -89.41123699793424,
              43.073648272695976
            ]
          ]
        ]
      },
      "properties": {
        "building": "university",
        "name": "DeLuca Biochemistry Building",
        "@id": "way/412585896",
        "addr:street": "Henry Mall",
        "addr:housenumber": "420",
        "person_counts": [
          0,
          0,
          0,
          0,
          0,
          0,
          0,
          0,
          0,
          0,
          0,
          0,
          0,
          0,
          0,
          0,
          0,
          0,
          0,
          0,
          0,
          0,
          0,
          0,
          0,
          0,
          0,
          0,
          0,
          0,
          0,
          0,
          0,
          0,
          0,
          0,
          0,
          0,
          0,
          0,
          0,
          0,
          0,
          0,
          0,
          0,
          0,
          0,
          0,
          0,
          0,
          0,
          0,
          0,
          0,
          0,
          0,
          0,
          0,
          0,
          0,
          0,
          0,
          0,
          0,
          0,
          0,
          0,
          0,
          0,
          0,
          0,
          0,
          0,
          0,
          0,
          0,
          0,
          0,
          0,
          0,
          0,
          0,
          0
        ],
        "instructor_counts": [
          0,
          0,
          0,
          0,
          0,
          0,
          0,
          0,
          0,
          0,
          0,
          0,
          0,
          0,
          0,
          0,
          0,
          0,
          0,
          0,
          0,
          0,
          0,
          0,
          0,
          0,
          0,
          0,
          0,
          0,
          0,
          0,
          0,
          0,
          0,
          0,
          0,
          0,
          0,
          0,
          0,
          0,
          0,
          0,
          0,
          0,
          0,
          0,
          0,
          0,
          0,
          0,
          0,
          0,
          0,
          0,
          0,
          0,
          0,
          0,
          1,
          1,
          1,
          1,
          1,
          1,
          1,
          1,
          1,
          1,
          1,
          1,
          1,
          1,
          1,
          1,
          1,
          1,
          1,
          0,
          0,
          0,
          0,
          0
        ]
      }
    }
  ],
  "metadata": {
    "total_buildings": 11,
    "total_meetings": 55,
    "max_persons": 0,
    "total_chunks": 84,
    "chunk_duration_minutes": 5,
    "start_time": 1784295000000,
    "end_time": 1784320200000,
    "total_persons": [
      0,
      0,
      0,
      0,
      0,
      0,
      0,
      0,
      0,
      0,
      0,
      0,
      0,
      0,
      0,
      0,
      0,
      0,
      0,
      0,
      0,
      0,
      0,
      0,
      0,
      0,
      0,
      0,
      0,
      0,
      0,
      0,
      0,
      0,
      0,
      0,
      0,
      0,
      0,
      0,
      0,
      0,
      0,
      0,
      0,
      0,
      0,
      0,
      0,
      0,
      0,
      0,
      0,
      0,
      0,
      0,
      0,
      0,
      0,
      0,
      0,
      0,
      0,
      0,
      0,
      0,
      0,
      0,
      0,
      0,
      0,
      0,
      0,
      0,
      0,
      0,
      0,
      0,
      0,
      0,
      0,
      0,
      0,
      0
    ],
    "total_instructors": [
      0,
      0,
      0,
      0,
      0,
      0,
      1,
      1,
      1,
      1,
      1,
      1,
      2,
      2,
      2,
      2,
      2,
      1,
      2,
      2,
      2,
      3,
      3,
      3,
      3,
      3,
      3,
      3,
      3,
      3,
      3,
      3,
      3,
      3,
      3,
      3,
      3,
      2,
      2,
      2,
      1,
      1,
      1,
      0,
      0,
      0,
      0,
      0,
      0,
      0,
      0,
      0,
      0,
      0,
      0,
      0,
      0,
      0,
      0,
      0,
      3,
      3,
      3,
      3,
      3,
      3,
      3,
      3,
      3,
      3,
      3,
      3,
      3,
      3,
      3,
      3,
      3,
      3,
      3,
      0,
      0,
      0,
      0,
      0
    ]
  }
}