{
  "type": "FeatureCollection",
  "features": [
    {
      "type": "Feature",
      "geometry": {
        "type": "Polygon",
        "coordinates": [
          [
            [
              -89.40386953486994,
              43.07143975724022
            ],
            [
              -89.40387016374888,
              43.07144014408507
            ],
            [
              -89.40387155581796,
              43.07144119916411
            ],
            [
              -89.40387283906803,
              43.07144238420308
            ],
            [
              -89.40387400141498,
              43.07144368804267
            ],
            [
              -89.40387503191317,
              43.07144509840488
            ],
            [
              -89.40387592085864,
              43.07144660200857
            ],
            [
              -89.40387665988031,
              43.0714481846946
            ],
            [
              -89.40387724201898,
              43.0714498315591
            ],
            [
              -89.40387766179273,
              43.071451527093856
            ],
            [
              -89.40387791524866,
              43.07145325533232
            ],
            [
              -89.40387799999999,
              43.071455
            ],
            [
              -89.40387799999999,
              43.071492
            ],
            [
              -89.40387791233776,
              43.07149377430426
            ],
            [
              -89.40387765020493,
              43.071495531326356
            ],
            [
              -89.40387721615473,
              43.07149725395246
            ],
            [
              -89.4038766144149,
              43.071498925403766
            ],
            [
              -89.40387585084656,
              43.07150052939992
            ],
            [
              -89.40387493288705,
              43.07150205031761
            ],
            [
              -89.40387386947752,
              43.071503473342716
            ],
            [
              -89.40387267097584,
              43.07150478461462
            ],
            [
              -89.40387134905572,
              43.071505971361205
            ],
            [
              -89.403869916593,
              43.071507022023276
            ],
            [
              -89.40386838754019,
              43.07150792636712
            ],
            [
              -89.40386677679065,
              43.0715086755842
            ],
            [
              -89.4038651000335,
              43.071509262376956
            ],
            [
              -89.40386337360077,
              43.07150968102989
            ],
            [
              -89.40386161430833,
              43.0715099274652
            ],
            [
              -89.40385983929211,
              43.07150999928257
            ],
            [
              -89.4037654047933,
              43.0715091561174
            ],
            [
              -89.40376499000833,
              43.07152159966694
            ],
            [
              -89.40376484822066,
              43.071523332599185
            ],
            [
              -89.403764539896,
              43.07152504376657
            ],
            [
              -89.40376406791123,
              43.071526717202644
            ],
            [
              -89.40376343667032,
              43.07152833729302
            ],
            [
              -89.4037626520632,
              43.07152988892106
            ],
            [
              -89.40376172141083,
              43.07153135760895
            ],
            [
              -89.40376065339689,
              43.07153272965273
            ],
            [
              -89.40375945798674,
              43.07153399225024
            ],
            [
              -89.40375814633441,
              43.071535133620515
            ],
            [
              -89.40375673067861,
              43.07153614311374
            ],
            [
              -89.40375522422842,
              43.07153701131058
            ],
            [
              -89.40375364104015,
              43.071537730110144
            ],
            [
              -89.4037519958861,
              43.0715382928055
            ],
            [
              -89.40375030411676,
              43.07153869414627
            ],
            [
              -89.40374858151759,
              43.07153893038767
            ],
            [
              -89.40374684416169,
              43.071538999325384
            ],
            [
              -89.40351584416169,
              43.07153699932539
            ],
            [
              -89.40351406013075,
              43.07153689516436
            ],
            [
              -89.40351229522078,
              43.071536614613564
            ],
            [
              -89.40351056682823,
              43.071536160438356
            ],
            [
              -89.40350889198957,
              43.071535537115466
            ],
            [
              -89.40350728721344,
              43.071534750788885
            ],
            [
              -89.40350576831784,
              43.07153380920931
            ],
            [
              -89.40350435027429,
              43.07153272165774
            ],
            [
              -89.40350304706021,
              43.07153149885399
            ],
            [
              -89.40350187152119,
              43.071530152851054
            ],
            [
              -89.4035008352443,
              43.071528696916246
            ],
            [
              -89.40349994844398,
              43.0715271454005
            ],
            [
              -89.40349921986126,
              43.07152551359685
            ],
            [
              -89.40349865667767,
              43.07152381758972
            ],
            [
              -89.40349826444442,
              43.071522074096386
            ],
            [
              -89.4034980470277,
              43.071520300302176
            ],
            [
              -89.40349800657054,
              43.071518513691096
            ],
            [
              -89.40349851275123,
              43.071499785005976
            ],
            [
              -89.40334578948809,
              43.071497998768976
            ],
            [
              -89.4033440219212,
              43.071497890981085
            ],
            [
              -89.40334227349962,
              43.07149761003109
            ],
            [
              -89.40334056114585,
              43.07149715863822
            ],
            [
              -89.40333890143334,
              43.071496541171406
            ],
            [
              -89.40333731042598,
              43.071495763606926
            ],
            [
              -89.40333580352272,
              43.071494833470645
            ],
            [
              -89.4033343953085,
              43.07149375976509
            ],
            [
              -89.40333309941303,
              43.07149255288238
            ],
            [
              -89.40333192837896,
              43.07149122450362
            ],
            [
              -89.40333089354041,
              43.07148978748584
            ],
            [
              -89.40333000491333,
              43.07148825573755
            ],
            [
              -89.40332927109849,
              43.071486644084146
            ],
            [
              -89.40332869919828,
              43.071484968124395
            ],
            [
              -89.403328294748,
              43.071483244079474
            ],
            [
              -89.4033280616622,
              43.07148148863595
            ],
            [
              -89.40332800219686,
              43.071479718784325
            ],
            [
              -89.40332891050623,
              43.07142158698402
            ],
            [
              -89.40332870235274,
              43.071420979096224
            ],
            [
              -89.40332829404569,
              43.07141924024412
            ],
            [
              -89.40332806008334,
              43.07141746948639
            ],
            [
              -89.40332800276944,
              43.071415684259115
            ],
            [
              -89.40332868144066,
              43.071377
            ],
            [
              -89.403309,
              43.071377
            ],
            [
              -89.40330721546137,
              43.07137691132105
            ],
            [
              -89.4033054485062,
              43.071376646157994
            ],
            [
              -89.40330371654467,
              43.07137620712352
            ],
            [
              -89.40330203664216,
              43.07137559854354
            ],
            [
              -89.40330042535112,
              43.07137482641452
            ],
            [
              -89.40329889854794,
              43.07137389834442
            ],
            [
              -89.40329747127656,
              43.07137282347771
            ],
            [
              -89.40329615760018,
              43.07137161240529
            ],
            [
              -89.40329497046275,
              43.07137027706011
            ],
            [
              -89.40329392156137,
              43.071368830599624
            ],
            [
              -89.40329302123112,
              43.07136728727611
            ],
            [
              -89.40329227834313,
              43.07136566229627
            ],
            [
              -89.40329170021724,
              43.071363971671396
            ],
            [
              -89.40329129254984,
              43.071362232059556
            ],
            [
              -89.40329105935777,
              43.07136046060155
            ],
            [
              -89.40329100293874,
              43.071358674751906
            ],
            [
              -89.40329400293875,
              43.071192674751906
            ],
            [
              -89.40329411913297,
              43.07119093249083
            ],
            [
              -89.40329440359358,
              43.07118920968587
            ],
            [
              -89.4032948536437,
              43.071187522549344
            ],
            [
              -89.40329546504816,
              43.071185886957906
            ],
            [
              -89.4032962320534,
              43.07118431830316
            ],
            [
              -89.40329714744158,
              43.07118283134679
            ],
            [
              -89.4032982025985,
              43.071181440081666
            ],
            [
              -89.40329938759471,
              43.07118015760019
            ],
            [
              -89.4033006912789,
              43.07117899597104
            ],
            [
              -89.40330210138286,
              43.071177966125624
            ],
            [
              -89.40330360463693,
              43.071177077755216
            ],
            [
              -89.40330518689485,
              43.07117633921976
            ],
            [
              -89.40330683326694,
              43.07117575746917
            ],
            [
              -89.40330852826011,
              43.07117533797797
            ],
            [
              -89.40331025592381,
              43.07117508469374
            ],
            [
              -89.403312,
              43.071175000000004
            ],
            [
              -89.40334083674625,
              43.071175000000004
            ],
            [
              -89.40334102037352,
              43.07117114382731
            ],
            [
              -89.40334118317374,
              43.07116943861328
            ],
            [
              -89.40334150732944,
              43.071167756596076
            ],
            [
              -89.40334198990497,
              43.071166113008644
            ],
            [
              -89.40334209853809,
              43.071165841645914
            ],
            [
              -89.40334300241823,
              43.071110704957675
            ],
            [
              -89.40334311590199,
              43.071108960628045
            ],
            [
              -89.40334339804629,
              43.07110723553122
            ],
            [
              -89.40334384619028,
              43.07110554593619
            ],
            [
              -89.40334445610765,
              43.071103907777086
            ],
            [
              -89.40334522204641,
              43.071102336503
            ],
            [
              -89.40334613678317,
              43.071100846932225
            ],
            [
              -89.40334719169128,
              43.07109945311254
            ],
            [
              -89.40334837682215,
              43.07109816818871
            ],
            [
              -89.40334968099911,
              43.07109700427855
            ],
            [
              -89.4033510919228,
              43.0710959723586
            ],
            [
              -89.40335259628714,
              43.07109508216064
            ],
            [
              -89.40335417990481,
              43.07109434207992
            ],
            [
              -89.40335582784114,
              43.071093759095945
            ],
            [
              -89.40335752455482,
              43.07109333870671
            ],
            [
              -89.40335925404457,
              43.07109308487679
            ],
            [
              -89.403361,
              43.071093000000005
            ],
            [
              -89.40341,
              43.071093000000005
            ],
            [
              -89.40341178918233,
              43.07109308914222
            ],
            [
              -89.40341356064337,
              43.07109335568594
            ],
            [
              -89.40341529683735,
              43.071093796991136
            ],
            [
              -89.40341698056778,
              43.07109440868681
            ],
            [
              -89.40341859515786,
              43.071095184714316
            ],
            [
              -89.40342012461555,
              43.071096117387334
            ],
            [
              -89.40342155379206,
              43.07109719746802
            ],
            [
              -89.40342286853182,
              43.07109841425852
            ],
            [
              -89.40342405581276,
              43.071099755706896
            ],
            [
              -89.40342510387522,
              43.07110120852652
            ],
            [
              -89.40342600233848,
              43.07110275832766
            ],
            [
              -89.40342674230352,
              43.071104389760016
            ],
            [
              -89.40342731644122,
              43.07110608666475
            ],
            [
              -89.40342771906492,
              43.07110783223455
            ],
            [
              -89.40342794618678,
              43.07110960918009
            ],
            [
              -89.4034279955572,
              43.07111139990127
            ],
            [
              -89.40342739459288,
              43.071138443295446
            ],
            [
              -89.40343228152398,
              43.07113856248889
            ],
            [
              -89.4034330021298,
              43.07109172310969
            ],
            [
              -89.40343311522425,
              43.07108996658018
            ],
            [
              -89.40343339933834,
              43.071088229494855
            ],
            [
              -89.4034338517553,
              43.07108652846424
            ],
            [
              -89.40343446814897,
              43.07108487975411
            ],
            [
              -89.40343524262522,
              43.07108329912993
            ],
            [
              -89.40343616777827,
              43.071081801706114
            ],
            [
              -89.40343723476151,
              43.07108040180147
            ],
            [
              -89.40343843337214,
              43.071079112802316
            ],
            [
              -89.40343975214867,
              43.07107794703446
            ],
            [
              -89.40344117848058,
              43.07107691564532
            ],
            [
              -89.40344269872882,
              43.07107602849735
            ],
            [
              -89.40344429835635,
              43.07107529407374
            ],
            [
              -89.40344596206702,
              43.07107471939725
            ],
            [
              -89.40344767395193,
              43.07107430996314
            ],
            [
              -89.40344941764153,
              43.07107406968652
            ],
            [
              -89.40345117646211,
              43.07107400086499
            ],
            [
              -89.40375717646211,
              43.07107700086499
            ],
            [
              -89.40375895487635,
              43.07107710646881
            ],
            [
              -89.4037607141406,
              43.07107738735796
            ],
            [
              -89.40376243702106,
              43.071077840780845
            ],
            [
              -89.40376410664038,
              43.07107846229573
            ],
            [
              -89.40376570664293,
              43.07107924581424
            ],
            [
              -89.40376722135505,
              43.07108018366102
            ],
            [
              -89.40376863593862,
              43.071081266648896
            ],
            [
              -89.40376993653632,
              43.07108248416891
            ],
            [
              -89.40377111040752,
              43.07108382429422
            ],
            [
              -89.40377214605292,
              43.07108527389693
            ],
            [
              -89.40377303332733,
              43.0710868187767
            ],
            [
              -89.40377376353901,
              43.07108844379987
            ],
            [
              -89.40377432953477,
              43.07109013304769
            ],
            [
              -89.40377472577012,
              43.07109186997226
            ],
            [
              -89.40377494836353,
              43.071093637558626
            ],
            [
              -89.40377499513447,
              43.071095418491495
            ],
            [
              -89.40377340668374,
              43.071163721873106
            ],
            [
              -89.40378071942469,
              43.071164014382745
            ],
            [
              -89.40378243430405,
              43.07116416536617
            ],
            [
              -89.40378412691699,
              43.07116447948185
            ],
            [
              -89.40378578178128,
              43.07116495385659
            ],
            [
              -89.40378738375999,
              43.07116558415131
            ],
            [
              -89.40378891819992,
              43.07116636460074
            ],
            [
              -89.40379037106565,
              43.071167288066164
            ],
            [
              -89.4037917290679,
              43.071168346100706
            ],
            [
              -89.40379297978514,
              43.07116952902659
            ],
            [
              -89.4037941117771,
              43.07117082602367
            ],
            [
              -89.40379511468954,
              43.07117222522839
            ],
            [
              -89.40379597934889,
              43.07117371384232
            ],
            [
              -89.40379669784615,
              43.07117527824921
            ],
            [
              -89.40379726360929,
              43.07117690413951
            ],
            [
              -89.40379767146331,
              43.07117857664133
            ],
            [
              -89.40379791767758,
              43.07118028045639
            ],
            [
              -89.403798,
              43.071182
            ],
            [
              -89.403798,
              43.07118215584122
            ],
            [
              -89.40389515651583,
              43.07118300068049
            ],
            [
              -89.40389693052072,
              43.071183103824715
            ],
            [
              -89.40389868571059,
              43.07118338138662
            ],
            [
              -89.4039004049792,
              43.07118383066105
            ],
            [
              -89.40390207157041,
              43.07118444726935
            ],
            [
              -89.40390366924149,
              43.071185225201994
            ],
            [
              -89.40390518242138,
              43.07118615687719
            ],
            [
              -89.40390659636252,
              43.071187233214744
            ],
            [
              -89.40390789728451,
              43.07118844372458
            ],
            [
              -89.40390907250844,
              43.07118977660896
            ],
            [
              -89.40391011058048,
              43.07119121887749
            ],
            [
              -89.4039110013835,
              43.07119275647368
            ],
            [
              -89.40391173623566,
              43.071194374411995
            ],
            [
              -89.40391230797499,
              43.07119605692386
            ],
            [
              -89.40391271102932,
              43.07119778761138
            ],
            [
              -89.40391294147041,
              43.071199549607115
            ],
            [
              -89.40391299705239,
              43.07120132573851
            ],
            [
              -89.40390899705238,
              43.0714223257385
            ],
            [
              -89.40390887934105,
              43.071424080664336
            ],
            [
              -89.40390859091396,
              43.07142581572354
            ],
            [
              -89.40390813452511,
              43.07142751434941
            ],
            [
              -89.40390751453218,
              43.071429160323106
            ],
            [
              -89.40390673685499,
              43.071430737928516
            ],
            [
              -89.40390580891899,
              43.07143223210234
            ],
            [
              -89.40390473958429,
              43.07143362857788
            ],
            [
              -89.40390353906113,
              43.071434914021296
            ],
            [
              -89.40390221881236,
              43.071436076158896
            ],
            [
              -89.40390079144399,
              43.071437103894354
            ],
            [
              -89.40389927058483,
              43.071437987414626
            ],
            [
              -89.4038976707564,
              43.07143871828368
            ],
            [
              -89.40389600723414,
              43.07143928952302
            ],
            [
              -89.40389429590176,
              43.07143969567833
            ],
            [
              -89.40389255309942,
              43.071439932871556
            ],
            [
              -89.40389079546776,
              43.071439998837924
            ],
            [
              -89.40386953486994,
              43.07143975724022
            ]
          ]
        ]
      },
      "properties": {
        "building": "university",
        "name": "Teacher Education",
        "@id": "way/153640719",
        "addr:street": "North Mills Street",
        "addr:housenumber": "225",
        "person_counts": [
          0,
          0,
          0,
          0,
          0,
          0,
          0,
          0,
          0,
          0,
          0,
          0,
          0,
          0,
          0,
          0,
          0,
          0,
          0,
          0,
          0,
          0,
          0,
          0,
          0,
          0,
          0,
          0,
          0,
          0,
          0,
          0,
          0,
          0,
          0,
          0,
          0,
          0,
          0,
          0,
          0,
          0,
          0,
          0,
          0,
          0,
          0,
          0,
          0,
          0,
          0,
          0,
          0,
          0,
          0,
          0,
          0,
          0,
          0,
          0,
          0,
          0,
          0,
          0,
          0,
          0,
          0,
          48,
          48,
          48,
          48,
          48,
          48,
          48,
          48,
          48,
          48,
          48,
          0,
          0,
          0,
          0,
          0,
          0,
          0,
          0,
          0,
          0,
          0,
          0,
          0,
          0,
          0,
          0,
          0,
          0,
          0,
          0,
          0,
          0,
          0,
          0,
          0,
          0,
          0,
          0,
          0,
          0,
          0,
          0,
          0,
          0,
          0,
          0,
          0,
          0,
          0,
          0,
          0,
          0,
          0,
          0,
          0,
          0,
          0,
          0,
          0,
          0,
          0,
          0,
          0,
          0,
          0,
          0,
          0,
          0,
          0,
          0,
          0,
          0,
          0,
          0,
          0,
          0,
          0,
          0,
          0,
          0,
          0,
          0,
          0,
          0,
          0,
          0,
          0,
          0,
          0,
          0,
          0
        ],
        "instructor_counts": [
          0,
          0,
          0,
          0,
          0,
          0,
          0,
          0,
          0,
          0,
          0,
          0,
          0,
          0,
          0,
          0,
          0,
          0,
          0,
          0,
          0,
          0,
          0,
          0,
          0,
          0,
          0,
          0,
          0,
          0,
          0,
          0,
          0,
          0,
          0,
          0,
          0,
          0,
          0,
          0,
          0,
          0,
          0,
          0,
          0,
          0,
          0,
          0,
          0,
          0,
          0,
          0,
          0,
          0,
          0,
          0,
          0,
          0,
          0,
          0,
          0,
          0,
          0,
          0,
          0,
          0,
          0,
          1,
          1,
          1,
          1,
          1,
          1,
          1,
          1,
          1,
          1,
          1,
          0,
          0,
          0,
          0,
          0,
          0,
          0,
          0,
          0,
          0,
          0,
          0,
          0,
          0,
          0,
          0,
          0,
          0,
          0,
          0,
          0,
          0,
          0,
          0,
          0,
          0,
          0,
          0,
          0,
          0,
          0,
          0,
          0,
          0,
          0,
          0,
          0,
          0,
          0,
          0,
          0,
          0,
          0,
          0,
          0,
          0,
          0,
          0,
          0,
          0,
          0,
          0,
          0,
          0,
          0,
          0,
          0,
          0,
          0,
          0,
          0,
          0,
          0,
          0,
          0,
          0,
          0,
          0,
          0,
          0,
          0,
          0,
          0,
          0,
          0,
          0,
          0,
          0,
          0,
          0,
          0
        ]
      }
    },
    {
      "type": "Feature",
      "geometry": {
        "type": "Polygon",
        "coordinates": [
          [
            [
              -89.4003969960124,
              43.07356937886342
            ],
            [
              -89.40039499601241,
              43.07366437886342
            ],
            [
              -89.40039479069056,
              43.07366673702933
            ],
            [
              -89.40039295566243,
              43.073678664712155
            ],
            [
              -89.40039150168211,
              43.07372373810197
            ],
            [
              -89.40039215999869,
              43.073724141520046
            ],
            [
              -89.40039359206301,
              43.07372522959424
            ],
            [
              -89.40039490839584,
              43.073726455147806
            ],
            [
              -89.40039609585533,
              43.07372780594522
            ],
            [
              -89.40039714258624,
              43.073729268500536
            ],
            [
              -89.40039803813835,
              43.07373082821208
            ],
            [
              -89.40039877357076,
              43.073732469508165
            ],
            [
              -89.40039934154113,
              43.07373417600262
            ],
            [
              -89.40039973637904,
              43.07373593065834
            ],
            [
              -89.40039995414254,
              43.0737377159574
            ],
            [
              -89.40039999265755,
              43.07373951407593
            ],
            [
              -89.40038799244331,
              43.074159521520095
            ],
            [
              -89.40038599244332,
              43.07422852152009
            ],
            [
              -89.4003859766179,
              43.07422891717438
            ],
            [
              -89.40038097990542,
              43.07432685273886
            ],
            [
              -89.40036498273084,
              43.07469178828409
            ],
            [
              -89.40036496893872,
              43.07469205699639
            ],
            [
              -89.400364,
              43.074708528954694
            ],
            [
              -89.400364,
              43.074727
            ],
            [
              -89.40036396013284,
              43.07472819734219
            ],
            [
              -89.40036296794437,
              43.07474308016919
            ],
            [
              -89.40035997422638,
              43.074798962904985
            ],
            [
              -89.40035980011874,
              43.07480067502766
            ],
            [
              -89.40035946330056,
              43.07480236269796
            ],
            [
              -89.4003589668507,
              43.074804010488926
            ],
            [
              -89.4003583153072,
              43.074805603338135
            ],
            [
              -89.40035751462581,
              43.07480712668538
            ],
            [
              -89.40035657212553,
              43.074808566605775
            ],
            [
              -89.40035549642174,
              43.07480990993704
            ],
            [
              -89.40035429734742,
              43.0748111443998
            ],
            [
              -89.40035298586331,
              43.074812258709876
            ],
            [
              -89.40035157395764,
              43.074813242681365
            ],
            [
              -89.4003500745366,
              43.07481408731981
            ],
            [
              -89.4003485013064,
              43.07481478490438
            ],
            [
              -89.40034686864787,
              43.07481532905848
            ],
            [
              -89.40034519148514,
              43.074815714808004
            ],
            [
              -89.40034348514911,
              43.07481593862682
            ],
            [
              -89.40034176523736,
              43.074815998469006
            ],
            [
              -89.39988176523737,
              43.07480999846901
            ],
            [
              -89.39988172730403,
              43.074809997934246
            ],
            [
              -89.39981572730403,
              43.07480899793424
            ],
            [
              -89.39981560009873,
              43.0748089955572
            ],
            [
              -89.39972560009873,
              43.0748069955572
            ],
            [
              -89.39972383178828,
              43.07480686893556
            ],
            [
              -89.39972208451051,
              43.0748065689767
            ],
            [
              -89.39972037521487,
              43.07480609859036
            ],
            [
              -89.39971872048233,
              43.074805462339526
            ],
            [
              -89.39971713636459,
              43.07480466639612
            ],
            [
              -89.39971563822836,
              43.074803718481185
            ],
            [
              -89.39971424060626,
              43.07480262778995
            ],
            [
              -89.3997129570559,
              43.07480140490263
            ],
            [
              -89.39971180002834,
              43.07480006168183
            ],
            [
              -89.3997107807473,
              43.074798611157426
            ],
            [
              -89.39970990910027,
              43.0747970674002
            ],
            [
              -89.39970919354268,
              43.074795445385334
            ],
            [
              -89.39970864101575,
              43.07479376084714
            ],
            [
              -89.39970825687926,
              43.07479203012647
            ],
            [
              -89.39970804485954,
              43.074790270012116
            ],
            [
              -89.39970800701325,
              43.074788497578034
            ],
            [
              -89.39972400701325,
              43.07421549757803
            ],
            [
              -89.39972401006604,
              43.0742153981063
            ],
            [
              -89.39974200752306,
              43.07367747411289
            ],
            [
              -89.39974500562236,
              43.073557550140556
            ],
            [
              -89.39974513576934,
              43.073555793359276
            ],
            [
              -89.39974543701699,
              43.07355405771284
            ],
            [
              -89.39974590647999,
              43.07355235982499
            ],
            [
              -89.39974653966193,
              43.07355071595779
            ],
            [
              -89.39974733049827,
              43.07354914185596
            ],
            [
              -89.39974827141452,
              43.07354765259598
            ],
            [
              -89.39974935339873,
              43.073546262441724
            ],
            [
              -89.39975056608786,
              43.07354498470787
            ],
            [
              -89.39975189786695,
              43.07354383163235
            ],
            [
              -89.39975333598044,
              43.07354281425912
            ],
            [
              -89.3997548666543,
              43.07354194233242
            ],
            [
              -89.39975647522803,
              43.07354122420342
            ],
            [
              -89.39975814629496,
              43.07354066675023
            ],
            [
              -89.39975986384985,
              43.07354027531206
            ],
            [
              -89.39976161144229,
              43.07354005363804
            ],
            [
              -89.3997633723341,
              43.07354000385132
            ],
            [
              -89.3999083390119,
              43.073543003161895
            ],
            [
              -89.40037930568839,
              43.07355100259589
            ],
            [
              -89.40038107281441,
              43.073551119747194
            ],
            [
              -89.4003828198747,
              43.073551409987
            ],
            [
              -89.40038452995695,
              43.07355187050567
            ],
            [
              -89.40038618650686,
              43.073552496845174
            ],
            [
              -89.4003877734883,
              43.07355328294229
            ],
            [
              -89.40038927553863,
              43.07355422118726
            ],
            [
              -89.40039067811733,
              43.07355530249747
            ],
            [
              -89.40039196764685,
              43.07355651640537
            ],
            [
              -89.40039313164401,
              43.073557851159805
            ],
            [
              -89.4003941588408,
              43.0735592938398
            ],
            [
              -89.4003950392935,
              43.07356083047958
            ],
            [
              -89.40039576447899,
              43.07356244620381
            ],
            [
              -89.40039632737712,
              43.073564125371604
            ],
            [
              -89.40039672253883,
              43.073565851727885
            ],
            [
              -89.40039694613877,
              43.073567608560786
            ],
            [
              -89.4003969960124,
              43.07356937886342
            ]
          ],
          [
            [
              -89.40017900000001,
              43.074353863128145
            ],
            [
              -89.40017900000001,
              43.07427880350851
            ],
            [
              -89.40017707369375,
              43.074277305270314
            ],
            [
              -89.40016984487566,
              43.07427188365674
            ],
            [
              -89.39992580944936,
              43.074267135885805
            ],
            [
              -89.39992010811028,
              43.074272318921324
            ],
            [
              -89.3999188,
              43.074273399999996
            ],
            [
              -89.39991752788838,
              43.074274354083705
            ],
            [
              -89.39991344633401,
              43.07435108730586
            ],
            [
              -89.40017900000001,
              43.074353863128145
            ]
          ]
        ]
      },
      "properties": {
        "building": "university",
        "name": "Mosse Humanities Building",
        "@id": "relation/2075103",
        "addr:street": "North Park Street",
        "addr:housenumber": "455",
        "person_counts": [
          0,
          0,
          0,
          0,
          0,
          0,
          0,
          0,
          0,
          0,
          0,
          0,
          0,
          0,
          0,
          0,
          0,
          0,
          0,
          0,
          0,
          0,
          0,
          0,
          0,
          0,
          0,
          0,
          0,
          0,
          0,
          0,
          0,
          0,
          0,
          0,
          0,
          0,
          0,
          214,
          214,
          214,
          214,
          214,
          214,
          214,
          214,
          214,
          214,
          214,
          13,
          13,
          13,
          13,
          13,
          13,
          13,
          13,
          13,
          13,
          13,
          13,
          13,
          13,
          13,
          13,
          13,
          13,
          13,
          13,
          0,
          0,
          16,
          16,
          16,
          16,
          16,
          16,
          16,
          16,
          16,
          669,
          669,
          669,
          669,
          669,
          669,
          669,
          669,
          669,
          669,
          669,
          669,
          669,
          669,
          669,
          669,
          16,
          16,
          16,
          16,
          16,
          16,
          0,
          0,
          0,
          0,
          0,
          0,
          0,
          0,
          0,
          0,
          0,
          0,
          0,
          0,
          0,
          0,
          0,
          0,
          0,
          0,
          0,
          0,
          0,
          0,
          0,
          0,
          0,
          0,
          0,
          0,
          0,
          0,
          0,
          0,
          0,
          0,
          0,
          0,
          0,
          0,
          0,
          0,
          0,
          0,
          0,
          0,
          0,
          0,
          0,
          0,
          0,
          0,
          0,
          0,
          0,
          0
        ],
        "instructor_counts": [
          0,
          0,
          0,
          0,
          0,
          0,
          0,
          0,
          0,
          0,
          0,
          0,
          0,
          0,
          0,
          0,
          0,
          0,
          0,
          0,
          0,
          0,
          0,
          0,
          0,
          0,
          0,
          0,
          0,
          0,
          0,
          0,
          0,
          0,
          0,
          0,
          0,
          0,
          0,
          2,
          2,
          2,
          2,
          2,
          2,
          2,
          2,
          2,
          2,
          2,
          1,
          1,
          1,
          1,
          1,
          1,
          1,
          1,
          1,
          1,
          1,
          1,
          1,
          1,
          1,
          1,
          1,
          1,
          1,
          1,
          0,
          0,
          1,
          1,
          1,
          1,
          1,
          1,
          1,
          1,
          1,
          4,
          4,
          4,
          4,
          4,
          4,
          4,
          4,
          4,
          4,
          4,
          4,
          4,
          4,
          4,
          4,
          1,
          1,
          1,
          1,
          1,
          1,
          0,
          0,
          0,
          0,
          0,
          0,
          0,
          0,
          0,
          0,
          0,
          0,
          0,
          0,
          0,
          0,
          0,
          0,
          0,
          0,
          0,
          0,
          0,
          0,
          0,
          0,
          0,
          0,
          0,
          0,
          0,
          0,
          0,
          0,
          0,
          0,
          0,
          0,
          0,
          0,
          0,
          0,
          0,
          0,
          0,
          0,
          0,
          0,
          0,
          0,
          0,
          0,
          0,
          0,
          0,
          0
        ]
      }
    },
    {
      "type": "Feature",
      "geometry": {
        "type": "Polygon",
        "coordinates": [
          [
            [
              -89.4038660098055,
              43.07196577851203
            ],
            [
              -89.40386672931581,
              43.07196735695906
            ],
            [
              -89.40386730596995,
              43.07196904990867
            ],
            [
              -89.40386771177528,
              43.071970791726805
            ],
            [
              -89.40386794272555,
              43.07197256521781
            ],
            [
              -89.4038679965408,
              43.07197435287335
            ],
            [
              -89.40386699654078,
              43.07202535287335
            ],
            [
              -89.40386687591294,
              43.072027109913826
            ],
            [
              -89.403866584154,
              43.07202884675551
            ],
            [
              -89.40386612405705,
              43.07203054677113
            ],
            [
              -89.40386550002673,
              43.07203219368596
            ],
            [
              -89.40386471803706,
              43.072033771733636
            ],
            [
              -89.40386378557423,
              43.07203526580706
            ],
            [
              -89.40386271156497,
              43.07203666160305
            ],
            [
              -89.4038615062911,
              43.07203794575926
            ],
            [
              -89.403860181291,
              43.072039105982114
            ],
            [
              -89.40385874924928,
              43.072040131164464
            ],
            [
              -89.40385722387529,
              43.07204101149196
            ],
            [
              -89.40385561977186,
              43.07204173853698
            ],
            [
              -89.40385395229549,
              43.07204230533932
            ],
            [
              -89.40385223740942,
              43.07204270647283
            ],
            [
              -89.40385049153073,
              43.07204293809733
            ],
            [
              -89.4038487313732,
              43.07204299799543
            ],
            [
              -89.40378173137321,
              43.072041997995434
            ],
            [
              -89.40377998523809,
              43.07204188688722
            ],
            [
              -89.40377825813957,
              43.07204160677371
            ],
            [
              -89.40377656639623,
              43.072041160301566
            ],
            [
              -89.40377492599261,
              43.07204055168932
            ],
            [
              -89.40377335242816,
              43.07203978668747
            ],
            [
              -89.40377206860336,
              43.072039
            ],
            [
              -89.40377,
              43.072039
            ],
            [
              -89.40376978314826,
              43.07203899869371
            ],
            [
              -89.40260778314827,
              43.07202499869371
            ],
            [
              -89.40260600852862,
              43.07202488949529
            ],
            [
              -89.40260425333935,
              43.072024605752866
            ],
            [
              -89.40260253470544,
              43.072024150234846
            ],
            [
              -89.40260086939526,
              43.07202352738563
            ],
            [
              -89.40259927365686,
              43.072022743282226
            ],
            [
              -89.40259776305955,
              43.07202180557496
            ],
            [
              -89.40259635234187,
              43.07202072341285
            ],
            [
              -89.40259505526794,
              43.07201950735431
            ],
            [
              -89.402593884493,
              43.07201816926417
            ],
            [
              -89.40259285144006,
              43.072016722197894
            ],
            [
              -89.40259196618841,
              43.0720151802742
            ],
            [
              -89.40259123737526,
              43.07201355853731
            ],
            [
              -89.40259067211146,
              43.07201187281016
            ],
            [
              -89.4025902759122,
              43.07201013954004
            ],
            [
              -89.40259005264309,
              43.07200837563809
            ],
            [
              -89.40259000448255,
              43.07200659831434
            ],
            [
              -89.40259500448255,
              43.07178259831434
            ],
            [
              -89.40259513014142,
              43.07178083940876
            ],
            [
              -89.40259542730347,
              43.0717791012391
            ],
            [
              -89.4025958931167,
              43.0717774004872
            ],
            [
              -89.40259652311055,
              43.071775753475734
            ],
            [
              -89.40259731123875,
              43.071774176011644
            ],
            [
              -89.40259824993738,
              43.0717726832344
            ],
            [
              -89.4025993301974,
              43.07177128947068
            ],
            [
              -89.40260054165121,
              43.071770008096934
            ],
            [
              -89.40260187267207,
              43.07176885141093
            ],
            [
              -89.40260331048569,
              43.07176783051378
            ],
            [
              -89.4026048412929,
              43.07176695520339
            ],
            [
              -89.40260645040203,
              43.0717662338804
            ],
            [
              -89.40260812236988,
              43.07176567346762
            ],
            [
              -89.40260984115004,
              43.0717652793435
            ],
            [
              -89.40261159024675,
              43.0717650552906
            ],
            [
              -89.40261335287335,
              43.07176500345921
            ],
            [
              -89.40269087869405,
              43.07176652357334
            ],
            [
              -89.40268940722865,
              43.071765816582456
            ],
            [
              -89.40268787807943,
              43.07176488444571
            ],
            [
              -89.40268644912399,
              43.07176380497242
            ],
            [
              -89.40268513450711,
              43.07176258884795
            ],
            [
              -89.40268394724178,
              43.071761248110356
            ],
            [
              -89.40268289908039,
              43.07175979603118
            ],
            [
              -89.40268200039834,
              43.0717582469841
            ],
            [
              -89.40268126009143,
              43.07175661630267
            ],
            [
              -89.40268068548772,
              43.0717549201285
            ],
            [
              -89.40268028227503,
              43.07175317525149
            ],
            [
              -89.40268005444466,
              43.07175139894364
            ],
            [
              -89.4026800042518,
              43.07174960878808
            ],
            [
              -89.4026810042518,
              43.07170360878808
            ],
            [
              -89.4026811263431,
              43.071701871059155
            ],
            [
              -89.4026814158404,
              43.07170015327005
            ],
            [
              -89.40268187003225,
              43.07169847150971
            ],
            [
              -89.40268248466465,
              43.071696841529615
            ],
            [
              -89.4026832539809,
              43.07169527859629
            ],
            [
              -89.40268417077554,
              43.07169379734828
            ],
            [
              -89.4026852264618,
              43.071692411659065
            ],
            [
              -89.40268641115205,
              43.071691134507105
            ],
            [
              -89.40268771375038,
              43.07168997785432
            ],
            [
              -89.40268912205656,
              43.07168895253398
            ],
            [
              -89.4026906228803,
              43.071688068149335
            ],
            [
              -89.40269220216476,
              43.071687332983586
            ],
            [
              -89.40269384511825,
              43.07168675392235
            ],
            [
              -89.40269553635274,
              43.07168633638916
            ],
            [
              -89.40269726002802,
              43.07168608429467
            ],
            [
              -89.40269846677279,
              43.07168602583272
            ],
            [
              -89.40269900622944,
              43.07166552647973
            ],
            [
              -89.40269913717677,
              43.071663781995014
            ],
            [
              -89.40269943684915,
              43.07166205846068
            ],
            [
              -89.40269990241602,
              43.07166037215655
            ],
            [
              -89.4027005294798,
              43.07165873901077
            ],
            [
              -89.40270131211753,
              43.07165717444939
            ],
            [
              -89.4027022429367,
              43.07165569325062
            ],
            [
              -89.40270331314517,
              43.071654309405275
            ],
            [
              -89.40270451263419,
              43.0716530359846
            ],
            [
              -89.40270583007387,
              43.07165188501682
            ],
            [
              -89.40270725302018,
              43.07165086737351
            ],
            [
              -89.40270876803257,
              43.07164999266693
            ],
            [
              -89.40271036080081,
              43.071649269159195
            ],
            [
              -89.40271201628026,
              43.071648703684275
            ],
            [
              -89.40271371883395,
              43.07164830158342
            ],
            [
              -89.4027154523802,
              43.07164806665472
            ],
            [
              -89.40271720054466,
              43.071648001117204
            ],
            [
              -89.40307610027591,
              43.071652
            ],
            [
              -89.403082,
              43.071652
            ],
            [
              -89.4030837865182,
              43.071652088876284
            ],
            [
              -89.40308555539427,
              43.07165235462747
            ],
            [
              -89.40308728916031,
              43.07165279462923
            ],
            [
              -89.40308897069515,
              43.071653404536484
            ],
            [
              -89.40309058339336,
              43.07165417832631
            ],
            [
              -89.40309211132936,
              43.07165510835742
            ],
            [
              -89.40309353941453,
              43.071656185445626
            ],
            [
              -89.40309485354632,
              43.071657398954535
            ],
            [
              -89.40309604074753,
              43.07165873690056
            ],
            [
              -89.40309708929433,
              43.071660186071306
            ],
            [
              -89.40309798883222,
              43.07166173215599
            ],
            [
              -89.40309873047808,
              43.07166335988682
            ],
            [
              -89.4030993069081,
              43.07166505318971
            ],
            [
              -89.40309971242992,
              43.07166679534306
            ],
            [
              -89.40309994303898,
              43.071668569142865
            ],
            [
              -89.40309999645795,
              43.07167035707258
            ],
            [
              -89.40309535570746,
              43.07190425089716
            ],
            [
              -89.40324907041037,
              43.07190636623711
            ],
            [
              -89.40325000374726,
              43.07186063272953
            ],
            [
              -89.40325012370172,
              43.07185889335333
            ],
            [
              -89.40325041137442,
              43.07185717374201
            ],
            [
              -89.40325086406634,
              43.07185549002924
            ],
            [
              -89.40325147753028,
              43.071853858011885
            ],
            [
              -89.4032522460106,
              43.071852293001776
            ],
            [
              -89.40325316229732,
              43.07185080968208
            ],
            [
              -89.40325421779369,
              43.07184942196955
            ],
            [
              -89.40325540259686,
              43.07184814288391
            ],
            [
              -89.40325670559085,
              43.07184698442574
            ],
            [
              -89.40325811455074,
              43.07184595746388
            ],
            [
              -89.40325961625747,
              43.07184507163344
            ],
            [
              -89.40326119662178,
              43.07184433524543
            ],
            [
              -89.40326284081645,
              43.071843755208754
            ],
            [
              -89.40326453341538,
              43.0718433369654
            ],
            [
              -89.40326625853835,
              43.07184308443941
            ],
            [
              -89.4032673124347,
              43.07184303333843
            ],
            [
              -89.40326800276944,
              43.071803684259116
            ],
            [
              -89.40326800793514,
              43.07180346558223
            ],
            [
              -89.40327100529116,
              43.07170255459665
            ],
            [
              -89.40327300352803,
              43.07160164363422
            ],
            [
              -89.40327312364991,
              43.07159989379313
            ],
            [
              -89.40327341350735,
              43.07159816395043
            ],
            [
              -89.40327387034816,
              43.07159647053094
            ],
            [
              -89.40327448983466,
              43.071594829613645
            ],
            [
              -89.40327526608482,
              43.07159325677902
            ],
            [
              -89.40327619172817,
              43.07159176696108
            ],
            [
              -89.40327725797574,
              43.07159037430563
            ],
            [
              -89.40327845470355,
              43.0715890920359
            ],
            [
              -89.40327977054868,
              43.07158793232702
            ],
            [
              -89.40328119301721,
              43.07158690619039
            ],
            [
              -89.40328270860283,
              43.07158602336916
            ],
            [
              -89.40328430291508,
              43.0715852922457
            ],
            [
              -89.40328596081602,
              43.071584719762015
            ],
            [
              -89.40328766656391,
              43.07158431135382
            ],
            [
              -89.40328940396269,
              43.071584070898936
            ],
            [
              -89.40329115651582,
              43.07158400068049
            ],
            [
              -89.40340615651583,
              43.07158500068049
            ],
            [
              -89.40340623838969,
              43.071585001578676
            ],
            [
              -89.4035572203104,
              43.07158700133921
            ],
            [
              -89.40362851764584,
              43.07158780243287
            ],
            [
              -89.40362878836775,
              43.071586731251045
            ],
            [
              -89.40362939353312,
              43.07158505555919
            ],
            [
              -89.403630161389,
              43.071583447900736
            ],
            [
              -89.40363108441284,
              43.07158192402562
            ],
            [
              -89.40363215356193,
              43.07158049886298
            ],
            [
              -89.40363335836201,
              43.071579186374855
            ],
            [
              -89.40363468700991,
              43.07157799941946
            ],
            [
              -89.40363612648909,
              43.071576949625175
            ],
            [
              -89.40363766269724,
              43.071576047276636
            ],
            [
              -89.4036392805844,
              43.071575301214
            ],
            [
              -89.40364096430044,
              43.071574718746284
            ],
            [
              -89.4036426973503,
              43.07157430557984
            ],
            [
              -89.40364446275562,
              43.07157406576236
            ],
            [
              -89.40364624322103,
              43.07157400164331
            ],
            [
              -89.40372024322104,
              43.07157500164331
            ],
            [
              -89.40372203966443,
              43.07157511593533
            ],
            [
              -89.40372381570945,
              43.07157540908298
            ],
            [
              -89.40372555359419,
              43.07157587815455
            ],
            [
              -89.40372723593832,
              43.07157651845891
            ],
            [
              -89.40372884591702,
              43.07157732359249
            ],
            [
              -89.40373036742912,
              43.071578285503286
            ],
            [
              -89.40373178525826,
              43.07157939457138
            ],
            [
              -89.40373308522493,
              43.071580639705154
            ],
            [
              -89.4037342543284,
              43.07158200845223
            ],
            [
              -89.40373528087663,
              43.071583487124
            ],
            [
              -89.4037361546033,
              43.071585060932506
            ],
            [
              -89.40373686677039,
              43.07158671413833
            ],
            [
              -89.40373741025564,
              43.07158843020804
            ],
            [
              -89.40373777962377,
              43.071590191979496
            ],
            [
              -89.40373797118075,
              43.071591981833514
            ],
            [
              -89.40373798301086,
              43.07159378187005
            ],
            [
              -89.4037377936704,
              43.07159813670057
            ],
            [
              -89.40385613138336,
              43.0715990004795
            ],
            [
              -89.4038579124856,
              43.0715991018884
            ],
            [
              -89.40385967480175,
              43.07159937910808
            ],
            [
              -89.40386140102082,
              43.07159982941544
            ],
            [
              -89.40386307418636,
              43.07160044838717
            ],
            [
              -89.40386467786313,
              43.0716012299432
            ],
            [
              -89.40386619629838,
              43.07160216640639
            ],
            [
              -89.40386761457675,
              43.07160324857801
            ],
            [
              -89.40386891876669,
              43.07160446582802
            ],
            [
              -89.40387009605729,
              43.07160580619953
            ],
            [
              -89.4038711348842,
              43.07160725652626
            ],
            [
              -89.40387202504314,
              43.07160880256184
            ],
            [
              -89.40387275779023,
              43.071610429119765
            ],
            [
              -89.40387332592775,
              43.07161212022257
            ],
            [
              -89.403873723875,
              43.07161385925878
            ],
            [
              -89.40387394772297,
              43.07161562914608
            ],
            [
              -89.40387399527285,
              43.071617412499094
            ],
            [
              -89.4038660098055,
              43.07196577851203
            ]
          ]
        ]
      },
      "properties": {
        "building": "university",
        "name": "Educational Sciences",
        "@id": "way/153640720",
        "addr:street": "West Johnson Street",
        "addr:housenumber": "1025",
        "person_counts": [
          0,
          0,
          0,
          0,
          0,
          0,
          0,
          0,
          0,
          0,
          0,
          0,
          0,
          0,
          0,
          0,
          0,
          0,
          0,
          0,
          0,
          0,
          0,
          0,
          0,
          0,
          0,
          0,
          0,
          0,
          0,
          0,
          0,
          0,
          0,
          0,
          0,
          0,
          0,
          0,
          0,
          0,
          0,
          0,
          0,
          0,
          0,
          0,
          0,
          0,
          0,
          0,
          0,
          0,
          0,
          0,
          0,
          0,
          0,
          0,
          0,
          0,
          0,
          0,
          0,
          0,
          0,
          159,
          159,
          159,
          159,
          159,
          159,
          159,
          159,
          159,
          159,
          159,
          0,
          0,
          0,
          20,
          20,
          20,
          20,
          20,
          20,
          20,
          20,
          20,
          20,
          20,
          20,
          20,
          20,
          20,
          20,
          0,
          0,
          0,
          0,
          0,
          0,
          0,
          0,
          0,
          0,
          0,
          0,
          0,
          0,
          0,
          0,
          0,
          0,
          0,
          0,
          0,
          0,
          0,
          0,
          0,
          0,
          0,
          0,
          0,
          0,
          0,
          0,
          0,
          0,
          0,
          0,
          0,
          0,
          0,
          0,
          0,
          0,
          0,
          0,
          0,
          0,
          0,
          0,
          0,
          0,
          0,
          0,
          0,
          0,
          0,
          0,
          0,
          0,
          0,
          0,
          0,
          0
        ],
        "instructor_counts": [
          0,
          0,
          0,
          0,
          0,
          0,
          0,
          0,
          0,
          0,
          0,
          0,
          0,
          0,
          0,
          0,
          0,
          0,
          0,
          0,
          0,
          0,
          0,
          0,
          0,
          0,
          0,
          0,
          0,
          0,
          0,
          0,
          0,
          0,
          0,
          0,
          0,
          0,
          0,
          0,
          0,
          0,
          0,
          0,
          0,
          0,
          0,
          0,
          0,
          0,
          0,
          0,
          0,
          0,
          0,
          0,
          0,
          0,
          0,
          0,
          0,
          0,
          0,
          0,
          0,
          0,
          0,
          1,
          1,
          1,
          1,
          1,
          1,
          1,
          1,
          1,
          1,
          1,
          0,
          0,
          0,
          1,
          1,
          1,
          1,
          1,
          1,
          1,
          1,
          1,
          1,
          1,
          1,
          1,
          1,
          1,
          1,
          0,
          0,
          0,
          0,
          0,
          0,
          0,
          0,
          0,
          0,
          0,
          0,
          0,
          0,
          0,
          0,
          0,
          0,
          0,
          0,
          0,
          0,
          0,
          0,
          0,
          0,
          0,
          0,
          0,
          0,
          0,
          0,
          0,
          0,
          0,
          0,
          0,
          0,
          0,
          0,
          0,
          0,
          0,
          0,
          0,
          0,
          0,
          0,
          0,
          0,
          0,
          0,
          0,
          0,
          0,
          0,
          0,
          0,
          0,
          0,
          0,
          0
        ]
      }
    },
    {
      "type": "Feature",
      "geometry": {
        "type": "Polygon",
        "coordinates": [
          [
            [
              -89.40687399848224,
              43.07528123374652
            ],
            [
              -89.4068722269791,
              43.07541763948761
            ],
            [
              -89.40688264244754,
              43.07541801146863
            ],
            [
              -89.40688437434673,
              43.07541815728503
            ],
            [
              -89.40688608410925,
              43.07541846945376
            ],
            [
              -89.40688775579454,
              43.07541894506438
            ],
            [
              -89.40688937381707,
              43.07541957968265
            ],
            [
              -89.40689092309154,
              43.07542036739186
            ],
            [
              -89.40689238917369,
              43.075421300847985
            ],
            [
              -89.40689375839483,
              43.07542237134817
            ],
            [
              -89.40689501798938,
              43.07542356891186
            ],
            [
              -89.40689615621378,
              43.07542488237385
            ],
            [
              -89.40689716245608,
              43.0754262994884
            ],
            [
              -89.40689802733482,
              43.07542780704336
            ],
            [
              -89.4068987427865,
              43.075429390983416
            ],
            [
              -89.40689930214077,
              43.075431036541076
            ],
            [
              -89.40689970018263,
              43.07543272837436
            ],
            [
              -89.40689993320105,
              43.07543445070988
            ],
            [
              -89.40689999902351,
              43.07543618748983
            ],
            [
              -89.40689918734093,
              43.07551410901743
            ],
            [
              -89.40738010821448,
              43.07551700032529
            ],
            [
              -89.40738188145781,
              43.07551709860015
            ],
            [
              -89.40738363638567,
              43.07551737114016
            ],
            [
              -89.40738535591433,
              43.075517815292216
            ],
            [
              -89.40738702330465,
              43.075518426732614
            ],
            [
              -89.40738862232504,
              43.07551919950916
            ],
            [
              -89.40739013740952,
              43.07552012609909
            ],
            [
              -89.40739155380913,
              43.07552119748231
            ],
            [
              -89.40739285773562,
              43.07552240322919
            ],
            [
              -89.40739403649563,
              43.07552373160214
            ],
            [
              -89.40739507861427,
              43.075525169669795
            ],
            [
              -89.40739597394679,
              43.075526703432985
            ],
            [
              -89.40739671377737,
              43.07552831796095
            ],
            [
              -89.407397290904,
              43.075529997536705
            ],
            [
              -89.40739769970848,
              43.075531725810045
            ],
            [
              -89.40739793621123,
              43.07553348595671
            ],
            [
              -89.40739799810994,
              43.07553526084217
            ],
            [
              -89.40739499810994,
              43.07574226084217
            ],
            [
              -89.40739488683126,
              43.075744015258735
            ],
            [
              -89.4073946049453,
              43.07574575045346
            ],
            [
              -89.40739415514074,
              43.07574744987579
            ],
            [
              -89.40739354170789,
              43.075749097316404
            ],
            [
              -89.40739277049775,
              43.07575067706175
            ],
            [
              -89.40739184886625,
              43.07575217404398
            ],
            [
              -89.40739078560405,
              43.07575357398466
            ],
            [
              -89.40738959085269,
              43.075754863530946
            ],
            [
              -89.40738827600791,
              43.07575603038295
            ],
            [
              -89.40738685361086,
              43.07575706341106
            ],
            [
              -89.4073853372286,
              43.07575795276211
            ],
            [
              -89.40738374132462,
              43.07575868995333
            ],
            [
              -89.40738208112087,
              43.07575926795328
            ],
            [
              -89.40738037245264,
              43.07575968124891
            ],
            [
              -89.40737863161745,
              43.07575992589815
            ],
            [
              -89.40737687521964,
              43.07575999956749
            ],
            [
              -89.40681771233231,
              43.07575612322165
            ],
            [
              -89.40681599769644,
              43.075863287963145
            ],
            [
              -89.40681587971378,
              43.075865077458865
            ],
            [
              -89.40681558424653,
              43.0758668463325
            ],
            [
              -89.40681511422771,
              43.075868577025176
            ],
            [
              -89.40681447432297,
              43.07587025235702
            ],
            [
              -89.4068136708844,
              43.07587185569769
            ],
            [
              -89.40681271188741,
              43.07587337113149
            ],
            [
              -89.40681160685156,
              43.07587478361533
            ],
            [
              -89.40681036674609,
              43.075876079128065
            ],
            [
              -89.40680900388101,
              43.075877244809675
            ],
            [
              -89.40680753178492,
              43.07587826908891
            ],
            [
              -89.40680596507072,
              43.075879141798175
            ],
            [
              -89.40680431929054,
              43.07587985427444
            ],
            [
              -89.40680261078136,
              43.07588039944525
            ],
            [
              -89.40680085650284,
              43.07588077189892
            ],
            [
              -89.40679907386901,
              43.07588096793826
            ],
            [
              -89.4067972805753,
              43.07588098561725
            ],
            [
              -89.406791,
              43.07588073439424
            ],
            [
              -89.406791,
              43.075881
            ],
            [
              -89.40679091187776,
              43.07588277894217
            ],
            [
              -89.40679064837386,
              43.075884540466085
            ],
            [
              -89.40679021206837,
              43.07588626732401
            ],
            [
              -89.40678960723332,
              43.07588794260767
            ],
            [
              -89.40678883979088,
              43.075889549913754
            ],
            [
              -89.40678791725531,
              43.07589107350456
            ],
            [
              -89.40678684865954,
              43.07589249846204
            ],
            [
              -89.40678564446654,
              43.07589381083394
            ],
            [
              -89.40678431646701,
              43.07589499777035
            ],
            [
              -89.40678287766387,
              43.075896047649536
            ],
            [
              -89.40678134214497,
              43.07589695019177
            ],
            [
              -89.40677972494511,
              43.07589769655992
            ],
            [
              -89.4067780418989,
              43.075898279446044
            ],
            [
              -89.40677630948565,
              43.075898693142875
            ],
            [
              -89.40677454466801,
              43.075898933599774
            ],
            [
              -89.40677276472599,
              43.07589899846233
            ],
            [
              -89.40661976472599,
              43.075896998462326
            ],
            [
              -89.4066180163159,
              43.07589689036046
            ],
            [
              -89.4066162866934,
              43.07589661281789
            ],
            [
              -89.40661459223986,
              43.075896168463245
            ],
            [
              -89.40661294900356,
              43.075895561505035
            ],
            [
              -89.40661137254766,
              43.075894797691795
            ],
            [
              -89.4066098778029,
              43.07589388425765
            ],
            [
              -89.40660847892609,
              43.075892829853785
            ],
            [
              -89.40660718916607,
              43.07589164446653
            ],
            [
              -89.40660602073824,
              43.07589033932276
            ],
            [
              -89.40660498470886,
              43.07588892678357
            ],
            [
              -89.40660409089023,
              43.0758874202272
            ],
            [
              -89.40660334774775,
              43.07588583392234
            ],
            [
              -89.40660276231976,
              43.07588418289299
            ],
            [
              -89.4066023401509,
              43.07588248277614
            ],
            [
              -89.40660208523956,
              43.0758807496737
            ],
            [
              -89.406602,
              43.075879
            ],
            [
              -89.406588,
              43.075879
            ],
            [
              -89.40658623569148,
              43.075878913325084
            ],
            [
              -89.40658448837421,
              43.07587865413505
            ],
            [
              -89.40658277487582,
              43.07587822492604
            ],
            [
              -89.40658111169822,
              43.07587762983159
            ],
            [
              -89.40657951485873,
              43.07587687458276
            ],
            [
              -89.4065779997358,
              43.075875966453026
            ],
            [
              -89.40657658092088,
              43.07587491418816
            ],
            [
              -89.40657527207794,
              43.075873727922065
            ],
            [
              -89.40657408581184,
              43.07587241907912
            ],
            [
              -89.40657303354698,
              43.0758710002642
            ],
            [
              -89.40657212541724,
              43.07586948514127
            ],
            [
              -89.40657137016841,
              43.07586788830179
            ],
            [
              -89.40657077507396,
              43.075866225124194
            ],
            [
              -89.40657034586495,
              43.0758645116258
            ],
            [
              -89.40657008667492,
              43.07586276430853
            ],
            [
              -89.40657,
              43.075860999999996
            ],
            [
              -89.406563,
              43.075860999999996
            ],
            [
              -89.40656122143061,
              43.07586091191477
            ],
            [
              -89.40655946026851,
              43.075860648521214
            ],
            [
              -89.40655773375065,
              43.07586021239721
            ],
            [
              -89.40655605877485,
              43.07585960781122
            ],
            [
              -89.40655445173456,
              43.075858840680475
            ],
            [
              -89.40655292835825,
              43.07585791851307
            ],
            [
              -89.40655150355559,
              43.075856850334496
            ],
            [
              -89.40655019127146,
              43.07585564659927
            ],
            [
              -89.40654900434954,
              43.075854319088656
            ],
            [
              -89.4065479544065,
              43.07585288079532
            ],
            [
              -89.4065470517184,
              43.075851345796195
            ],
            [
              -89.40654630512009,
              43.0758497291147
            ],
            [
              -89.40654572191869,
              43.0758480465737
            ],
            [
              -89.40654530782214,
              43.07584631464063
            ],
            [
              -89.40654506688331,
              43.07584455026635
            ],
            [
              -89.40654500146033,
              43.07584277071924
            ],
            [
              -89.40654676775618,
              43.07570411649406
            ],
            [
              -89.40640811464735,
              43.07570499963489
            ],
            [
              -89.40640630598818,
              43.07570492010949
            ],
            [
              -89.40640451446558,
              43.07570465930491
            ],
            [
              -89.40640275820252,
              43.07570421985944
            ],
            [
              -89.40640105496529,
              43.0757036062185
            ],
            [
              -89.40639942198376,
              43.07570282458965
            ],
            [
              -89.40639787577716,
              43.07570188287983
            ],
            [
              -89.40639643198682,
              43.07570079061533
            ],
            [
              -89.40639510521808,
              43.075699558845464
            ],
            [
              -89.4063939088925,
              43.07569820003078
            ],
            [
              -89.40639285511205,
              43.075696727916984
            ],
            [
              -89.40639195453673,
              43.07569515739593
            ],
            [
              -89.40639121627673,
              43.07569350435496
            ],
            [
              -89.40639064780028,
              43.07569178551616
            ],
            [
              -89.40639025485805,
              43.07569001826727
            ],
            [
              -89.40639004142504,
              43.07568822048568
            ],
            [
              -89.40638304142504,
              43.07558522048568
            ],
            [
              -89.4063830350536,
              43.075582877190854
            ],
            [
              -89.40638400254258,
              43.075567397367
            ],
            [
              -89.406385,
              43.07534695927702
            ],
            [
              -89.406385,
              43.0753
            ],
            [
              -89.40638508160838,
              43.07529828791299
            ],
            [
              -89.40638532569355,
              43.0752965913505
            ],
            [
              -89.40638573004222,
              43.07529492569628
            ],
            [
              -89.40638629098792,
              43.0752933060538
            ],
            [
              -89.40638700344425,
              43.07529174710934
            ],
            [
              -89.40638786095091,
              43.07529026299878
            ],
            [
              -89.40638885573239,
              43.07528886717943
            ],
            [
              -89.4063899787684,
              43.07528757230802
            ],
            [
              -89.40639121987572,
              43.07528639012594
            ],
            [
              -89.40639256780047,
              43.075285331352724
            ],
            [
              -89.4063940103202,
              43.07528440558891
            ],
            [
              -89.40639553435476,
              43.07528362122895
            ],
            [
              -89.40639712608477,
              43.07528298538511
            ],
            [
              -89.4063987710771,
              43.075282503822955
            ],
            [
              -89.40640045441559,
              43.07528218090911
            ],
            [
              -89.40640745441559,
              43.075281180909116
            ],
            [
              -89.40641,
              43.075281000000004
            ],
            [
              -89.406513,
              43.075281000000004
            ],
            [
              -89.40651313332968,
              43.07528100049381
            ],
            [
              -89.40664806666588,
              43.075282
            ],
            [
              -89.406672,
              43.075282
            ],
            [
              -89.40667227269597,
              43.075282002065755
            ],
            [
              -89.40672,
              43.075282725206726
            ],
            [
              -89.40672,
              43.07528
            ],
            [
              -89.40672008667492,
              43.07527823569147
            ],
            [
              -89.40672034586495,
              43.0752764883742
            ],
            [
              -89.40672077507396,
              43.07527477487581
            ],
            [
              -89.40672137016841,
              43.075273111698216
            ],
            [
              -89.40672212541725,
              43.075271514858734
            ],
            [
              -89.40672303354698,
              43.0752699997358
            ],
            [
              -89.40672408581185,
              43.075268580920884
            ],
            [
              -89.40672527207795,
              43.07526727207794
            ],
            [
              -89.40672658092089,
              43.07526608581184
            ],
            [
              -89.4067279997358,
              43.07526503354698
            ],
            [
              -89.40672951485874,
              43.07526412541724
            ],
            [
              -89.40673111169822,
              43.075263370168415
            ],
            [
              -89.40673277487582,
              43.07526277507396
            ],
            [
              -89.40673448837421,
              43.07526234586495
            ],
            [
              -89.40673623569148,
              43.07526208667492
            ],
            [
              -89.406738,
              43.075262
            ],
            [
              -89.406747,
              43.075262
            ],
            [
              -89.40674716513067,
              43.07526200075746
            ],
            [
              -89.40685616513068,
              43.07526300075746
            ],
            [
              -89.40685793283382,
              43.07526310407439
            ],
            [
              -89.40685968183233,
              43.075263380575755
            ],
            [
              -89.40686139520061,
              43.07526382758577
            ],
            [
              -89.40686305635785,
              43.07526444077858
            ],
            [
              -89.40686464922852,
              43.07526521422013
            ],
            [
              -89.40686615839792,
              43.075266140425576
            ],
            [
              -89.40686756926134,
              43.075267210431754
            ],
            [
              -89.40686886816542,
              43.075268413883876
            ],
            [
              -89.40687004254025,
              43.075269739135756
            ],
            [
              -89.40687108102105,
              43.075271173362516
            ],
            [
              -89.40687197355813,
              43.075272702684714
            ],
            [
              -89.40687271151411,
              43.07527431230261
            ],
            [
              -89.40687328774757,
              43.07527598663943
            ],
            [
              -89.40687369668211,
              43.075277709492106
            ],
            [
              -89.40687393436036,
              43.07527946418805
            ],
            [
              -89.40687399848224,
              43.07528123374652
            ]
          ]
        ]
      },
      "properties": {
        "building": "university",
        "name": "Van Hise Hall",
        "@id": "way/37727228",
        "addr:street": "Linden Drive",
        "addr:housenumber": "1220",
        "person_counts": [
          0,
          0,
          0,
          0,
          0,
          0,
          0,
          0,
          0,
          0,
          0,
          0,
          0,
          6,
          6,
          6,
          6,
          6,
          6,
          6,
          6,
          6,
          6,
          6,
          0,
          0,
          21,
          21,
          21,
          21,
          21,
          21,
          21,
          21,
          21,
          21,
          21,
          0,
          0,
          42,
          42,
          42,
          42,
          42,
          42,
          42,
          42,
          42,
          42,
          42,
          0,
          0,
          47,
          47,
          47,
          47,
          47,
          47,
          47,
          47,
          47,
          47,
          47,
          0,
          0,
          0,
          0,
          20,
          20,
          20,
          20,
          20,
          20,
          20,
          20,
          20,
          20,
          20,
          0,
          0,
          0,
          0,
          0,
          0,
          0,
          0,
          0,
          0,
          0,
          0,
          0,
          0,
          0,
          6,
          6,
          6,
          6,
          6,
          6,
          6,
          6,
          6,
          6,
          6,
          0,
          0,
          0,
          0,
          0,
          0,
          0,
          0,
          0,
          0,
          0,
          0,
          0,
          0,
          0,
          0,
          0,
          0,
          0,
          0,
          0,
          0,
          0,
          0,
          0,
          0,
          0,
          0,
          0,
          0,
          0,
          0,
          0,
          0,
          0,
          0,
          0,
          0,
          0,
          0,
          0,
          0,
          0,
          0,
          0,
          0,
          0,
          0,
          0,
          0,
          0,
          0,
          0,
          0,
          0
        ],
        "instructor_counts": [
          0,
          0,
          0,
          0,
          0,
          0,
          0,
          0,
          0,
          0,
          0,
          0,
          0,
          2,
          2,
          2,
          2,
          2,
          2,
          2,
          2,
          2,
          2,
          2,
          0,
          0,
          2,
          2,
          2,
          2,
          2,
          2,
          2,
          2,
          2,
          2,
          2,
          0,
          0,
          4,
          4,
          4,
          4,
          4,
          4,
          4,
          4,
          4,
          4,
          4,
          0,
          0,
          6,
          6,
          6,
          6,
          6,
          6,
          6,
          6,
          6,
          6,
          6,
          0,
          0,
          0,
          0,
          2,
          2,
          2,
          2,
          2,
          2,
          2,
          2,
          2,
          2,
          2,
          0,
          0,
          0,
          0,
          0,
          0,
          0,
          0,
          0,
          0,
          0,
          0,
          0,
          0,
          0,
          1,
          1,
          1,
          1,
          1,
          1,
          1,
          1,
          1,
          1,
          1,
          0,
          0,
          0,
          0,
          0,
          0,
          0,
          0,
          0,
          0,
          0,
          0,
          0,
          0,
          0,
          0,
          0,
          0,
          0,
          0,
          0,
          0,
          0,
          0,
          0,
          0,
          0,
          0,
          0,
          0,
          0,
          0,
          0,
          0,
          0,
          0,
          0,
          0,
          0,
          0,
          0,
          0,
          0,
          0,
          0,
          0,
          0,
          0,
          0,
          0,
          0,
          0,
          0,
          0,
          0
        ]
      }
    },
    {
      "type": "Feature",
      "geometry": {
        "type": "Polygon",
        "coordinates": [
          [
            [
              -89.410578,
              43.075959
            ],
            [
              -89.410371,
              43.075959
            ],
            [
              -89.41036923569148,
              43.07595891332508
            ],
            [
              -89.4103674883742,
              43.07595865413505
            ],
            [
              -89.41036577487581,
              43.07595822492604
            ],
            [
              -89.41036411169821,
              43.075957629831585
            ],
            [
              -89.41036251485873,
              43.07595687458276
            ],
            [
              -89.4103609997358,
              43.07595596645302
            ],
            [
              -89.41035958092088,
              43.07595491418816
            ],
            [
              -89.41035827207794,
              43.07595372792206
            ],
            [
              -89.41035708581184,
              43.075952419079115
            ],
            [
              -89.41035603354698,
              43.0759510002642
            ],
            [
              -89.41035512541724,
              43.075949485141265
            ],
            [
              -89.4103543701684,
              43.07594788830178
            ],
            [
              -89.41035377507396,
              43.07594622512419
            ],
            [
              -89.41035334586495,
              43.0759445116258
            ],
            [
              -89.41035312163645,
              43.075942999999995
            ],
            [
              -89.41021694786411,
              43.075942999999995
            ],
            [
              -89.41021664666418,
              43.07594384752305
            ],
            [
              -89.41021590050353,
              43.07594543646772
            ],
            [
              -89.4102150031163,
              43.07594694517478
            ],
            [
              -89.41021396303735,
              43.075948359295225
            ],
            [
              -89.41021279015868,
              43.075949665379625
            ],
            [
              -89.4102114956353,
              43.07595085100607
            ],
            [
              -89.41021009177918,
              43.0759519048983
            ],
            [
              -89.4102085919421,
              43.07595281703294
            ],
            [
              -89.41020701038875,
              43.07595357873487
            ],
            [
              -89.41020536216094,
              43.07595418275968
            ],
            [
              -89.41020366293468,
              43.07595462336261
            ],
            [
              -89.41020192887095,
              43.075954896353174
            ],
            [
              -89.41020017646211,
              43.075954999135014
            ],
            [
              -89.40999617646212,
              43.07595699913501
            ],
            [
              -89.40999441495524,
              43.07595693007621
            ],
            [
              -89.40999266865144,
              43.07595668903945
            ],
            [
              -89.4099909543006,
              43.07595627833665
            ],
            [
              -89.40998928834604,
              43.075955701907105
            ],
            [
              -89.40998768676691,
              43.075954965279685
            ],
            [
              -89.40998616492493,
              43.07595407551983
            ],
            [
              -89.40998473741696,
              43.075953041161746
            ],
            [
              -89.4099834179351,
              43.07595187212658
            ],
            [
              -89.40998221913526,
              43.07595057962723
            ],
            [
              -89.40998115251584,
              43.075949176060824
            ],
            [
              -89.40998022830743,
              43.07594767488981
            ],
            [
              -89.40997945537464,
              43.07594609051279
            ],
            [
              -89.40997884113115,
              43.07594443812647
            ],
            [
              -89.40997839146851,
              43.07594273357986
            ],
            [
              -89.40997811069971,
              43.075940993222275
            ],
            [
              -89.40997800151777,
              43.075939233746524
            ],
            [
              -89.40997700151776,
              43.07586223374653
            ],
            [
              -89.40997706652318,
              43.07586045390513
            ],
            [
              -89.40997730710293,
              43.07585868920049
            ],
            [
              -89.40997772090167,
              43.075856956909604
            ],
            [
              -89.40997830386816,
              43.07585527399215
            ],
            [
              -89.409979050295,
              43.07585365692441
            ],
            [
              -89.40997995287442,
              43.075852121537984
            ],
            [
              -89.4099810027699,
              43.07585068286478
            ],
            [
              -89.40998218970262,
              43.07584935498987
            ],
            [
              -89.40998350205216,
              43.075848150913544
            ],
            [
              -89.4099849269702,
              43.075847082424104
            ],
            [
              -89.40998645050634,
              43.07584615998238
            ],
            [
              -89.40998805774468,
              43.07584539261938
            ],
            [
              -89.40998973294988,
              43.07584478784781
            ],
            [
              -89.40999145972114,
              43.07584435158858
            ],
            [
              -89.40999322115283,
              43.07584408811281
            ],
            [
              -89.409995,
              43.075844000000004
            ],
            [
              -89.410135,
              43.075844000000004
            ],
            [
              -89.410135,
              43.075789
            ],
            [
              -89.41013509252068,
              43.075787177313885
            ],
            [
              -89.41013536913162,
              43.07578537336512
            ],
            [
              -89.41013582698925,
              43.07578360669844
            ],
            [
              -89.41013646138673,
              43.07578189547531
            ],
            [
              -89.4101372658024,
              43.07578025728724
            ],
            [
              -89.41013823196685,
              43.07577870897492
            ],
            [
              -89.4101393499478,
              43.075777266455134
            ],
            [
              -89.41014060825233,
              43.07577594455708
            ],
            [
              -89.41014199394498,
              43.075774756869976
            ],
            [
              -89.41016568694275,
              43.07575644864443
            ],
            [
              -89.41011503466933,
              43.07575687429378
            ],
            [
              -89.41011487438084,
              43.07575713670532
            ],
            [
              -89.41011379157285,
              43.075758566871585
            ],
            [
              -89.41011257179204,
              43.07575988215994
            ],
            [
              -89.41011122715283,
              43.07576106950743
            ],
            [
              -89.41010977100967,
              43.07576211712175
            ],
            [
              -89.41010821782444,
              43.07576301459839
            ],
            [
              -89.4101065830228,
              43.07576375302393
            ],
            [
              -89.41010488284101,
              43.07576432506461
            ],
            [
              -89.41010313416463,
              43.07576472503913
            ],
            [
              -89.41010135436089,
              43.075764948975085
            ],
            [
              -89.41009956110614,
              43.07576499464843
            ],
            [
              -89.41005856110614,
              43.07576399464843
            ],
            [
              -89.41005682666591,
              43.07576386831327
            ],
            [
              -89.41005511251176,
              43.07576357519375
            ],
            [
              -89.41005343464374,
              43.07576311802587
            ],
            [
              -89.41005180872324,
              43.075762501076895
            ],
            [
              -89.41005024992673,
              43.07576173010546
            ],
            [
              -89.41004877280415,
              43.075760812307884
            ],
            [
              -89.41004739114308,
              43.075759756250974
            ],
            [
              -89.41004611784007,
              43.07575857179205
            ],
            [
              -89.41004496478023,
              43.075757269986944
            ],
            [
              -89.41004411010964,
              43.075756093413375
            ],
            [
              -89.4098991124978,
              43.07575699964845
            ],
            [
              -89.40989734068067,
              43.07575692335514
            ],
            [
              -89.40989558497103,
              43.07575667307492
            ],
            [
              -89.40989386241199,
              43.07575625123733
            ],
            [
              -89.40989218972493,
              43.075755661937265
            ],
            [
              -89.40989058314706,
              43.07575491089522
            ],
            [
              -89.40988905827389,
              43.07575400540176
            ],
            [
              -89.40988762990777,
              43.07575295424677
            ],
            [
              -89.40988631191425,
              43.07575176763409
            ],
            [
              -89.40988511708746,
              43.07575045708249
            ],
            [
              -89.40988405702588,
              43.07574903531386
            ],
            [
              -89.40988314201984,
              43.075747516129695
            ],
            [
              -89.40988238095154,
              43.075745914277135
            ],
            [
              -89.4098817812089,
              43.07574424530579
            ],
            [
              -89.40988134861375,
              43.075742525416835
            ],
            [
              -89.40988108736546,
              43.07574077130569
            ],
            [
              -89.409881,
              43.075739
            ],
            [
              -89.409881,
              43.07568222499842
            ],
            [
              -89.40988058092088,
              43.07568191418816
            ],
            [
              -89.40987927207794,
              43.07568072792206
            ],
            [
              -89.40987808581184,
              43.075679419079115
            ],
            [
              -89.40987703354698,
              43.0756780002642
            ],
            [
              -89.40987612541724,
              43.075676485141265
            ],
            [
              -89.40987537016841,
              43.07567488830178
            ],
            [
              -89.40987477507396,
              43.07567322512419
            ],
            [
              -89.40987434586495,
              43.0756715116258
            ],
            [
              -89.40987408667492,
              43.07566976430853
            ],
            [
              -89.409874,
              43.075668
            ],
            [
              -89.409874,
              43.075654
            ],
            [
              -89.40987408667492,
              43.07565223569147
            ],
            [
              -89.40987434586495,
              43.0756504883742
            ],
            [
              -89.40987477507396,
              43.07564877487581
            ],
            [
              -89.40987537016841,
              43.07564711169822
            ],
            [
              -89.40987612541724,
              43.075645514858735
            ],
            [
              -89.40987703354698,
              43.0756439997358
            ],
            [
              -89.40987808581184,
              43.075642580920885
            ],
            [
              -89.40987927207794,
              43.07564127207794
            ],
            [
              -89.40988058092088,
              43.07564008581184
            ],
            [
              -89.409881,
              43.075639775001584
            ],
            [
              -89.409881,
              43.07555
            ],
            [
              -89.40988108622543,
              43.075548240261234
            ],
            [
              -89.40988134407561,
              43.07554649738182
            ],
            [
              -89.4098817710802,
              43.0755447880596
            ],
            [
              -89.40988236314823,
              43.07554312867092
            ],
            [
              -89.40988311460733,
              43.075541535113715
            ],
            [
              -89.40988401825807,
              43.07554002265522
            ],
            [
              -89.40988506544294,
              43.0755386057857
            ],
            [
              -89.40988624612925,
              43.07553729807963
            ],
            [
              -89.40988754900535,
              43.07553611206561
            ],
            [
              -89.40988896158888,
              43.075535059106386
            ],
            [
              -89.40989047034643,
              43.07553414928992
            ],
            [
              -89.40989206082321,
              43.07553339133282
            ],
            [
              -89.40989371778149,
              43.075532792496766
            ],
            [
              -89.4098954253466,
              43.07553235851896
            ],
            [
              -89.40989716715906,
              43.07553209355719
            ],
            [
              -89.40989892653123,
              43.075532000149934
            ],
            [
              -89.41012839592719,
              43.075531063540154
            ],
            [
              -89.41012903354698,
              43.0755299997358
            ],
            [
              -89.41013008581184,
              43.07552858092088
            ],
            [
              -89.41013127207795,
              43.075527272077935
            ],
            [
              -89.41013258092089,
              43.07552608581184
            ],
            [
              -89.4101339997358,
              43.075525033546974
            ],
            [
              -89.41013551485874,
              43.07552412541724
            ],
            [
              -89.41013711169822,
              43.07552337016841
            ],
            [
              -89.41013877487582,
              43.075522775073956
            ],
            [
              -89.41014048837421,
              43.07552234586495
            ],
            [
              -89.41014223569148,
              43.075522086674916
            ],
            [
              -89.410144,
              43.075522
            ],
            [
              -89.41018,
              43.075522
            ],
            [
              -89.41018,
              43.075504
            ],
            [
              -89.41018008667491,
              43.075502235691474
            ],
            [
              -89.41018034586494,
              43.0755004883742
            ],
            [
              -89.41018077507395,
              43.07549877487581
            ],
            [
              -89.4101813701684,
              43.07549711169822
            ],
            [
              -89.41018212541724,
              43.07549551485874
            ],
            [
              -89.41018303354697,
              43.075493999735805
            ],
            [
              -89.41018408581184,
              43.07549258092089
            ],
            [
              -89.41018527207794,
              43.07549127207794
            ],
            [
              -89.41018658092088,
              43.07549008581184
            ],
            [
              -89.4101879997358,
              43.07548903354698
            ],
            [
              -89.41018951485873,
              43.075488125417245
            ],
            [
              -89.41019111169821,
              43.07548737016842
            ],
            [
              -89.41019277487581,
              43.07548677507396
            ],
            [
              -89.4101944883742,
              43.07548634586495
            ],
            [
              -89.41019623569147,
              43.07548608667492
            ],
            [
              -89.410198,
              43.075486000000005
            ],
            [
              -89.41027989156976,
              43.075486000000005
            ],
            [
              -89.41036278314827,
              43.07548500130628
            ],
            [
              -89.41036456187584,
              43.0754850678907
            ],
            [
              -89.41036632533027,
              43.07548530982819
            ],
            [
              -89.41036805626722,
              43.07548572475291
            ],
            [
              -89.41036973776035,
              43.07548630860744
            ],
            [
              -89.4103713533668,
              43.075487055682416
            ],
            [
              -89.41037288728803,
              43.07548795867241
            ],
            [
              -89.41037432452423,
              43.07548900874734
            ],
            [
              -89.41037565102108,
              43.07549019563881
            ],
            [
              -89.41037685380715,
              43.07549150774053
            ],
            [
              -89.41037792112071,
              43.07549293222185
            ],
            [
              -89.4103788425248,
              43.07549445515314
            ],
            [
              -89.4103796090093,
              43.075496061642106
            ],
            [
              -89.41038021307894,
              43.075497735979326
            ],
            [
              -89.4103806488267,
              43.07549946179193
            ],
            [
              -89.41038091199152,
              43.07550122220368
            ],
            [
              -89.410381,
              43.075503
            ],
            [
              -89.410381,
              43.075521
            ],
            [
              -89.410418,
              43.075521
            ],
            [
              -89.41041976430853,
              43.07552108667492
            ],
            [
              -89.4104215116258,
              43.07552134586495
            ],
            [
              -89.41042322512419,
              43.07552177507396
            ],
            [
              -89.41042488830179,
              43.075522370168414
            ],
            [
              -89.41042648514127,
              43.07552312541724
            ],
            [
              -89.4104280002642,
              43.07552403354698
            ],
            [
              -89.41042941907912,
              43.07552508581184
            ],
            [
              -89.41043072792206,
              43.07552627207794
            ],
            [
              -89.41043191418817,
              43.075527580920884
            ],
            [
              -89.41043296645303,
              43.0755289997358
            ],
            [
              -89.41043387458276,
              43.075530514858734
            ],
            [
              -89.41043407331462,
              43.07553093504192
            ],
            [
              -89.41066592741996,
              43.07553000014633
            ],
            [
              -89.41066769068503,
              43.07553007957634
            ],
            [
              -89.41066943769336,
              43.075530331319676
            ],
            [
              -89.41067115164665,
              43.07553075295571
            ],
            [
              -89.41067281606443,
              43.0755313404302
            ],
            [
              -89.41067441494253,
              43.07553208809433
            ],
            [
              -89.410675932907,
              43.07553298875892
            ],
            [
              -89.41067735536188,
              43.07553403376369
            ],
            [
              -89.4106786686296,
              43.0755352130604
            ],
            [
              -89.41067986008247,
              43.07553651530957
            ],
            [
              -89.4106809182641,
              43.07553792798945
            ],
            [
              -89.41068183299959,
              43.07553943751647
            ],
            [
              -89.41068259549333,
              43.075541029375806
            ],
            [
              -89.41068319841355,
              43.07554268826098
            ],
            [
              -89.41068363596293,
              43.075544398221034
            ],
            [
              -89.4106839039342,
              43.07554614281389
            ],
            [
              -89.4106839997507,
              43.075547905264465
            ],
            [
              -89.4106849997507,
              43.07573790526447
            ],
            [
              -89.41068492181238,
              43.0757396759001
            ],
            [
              -89.41068467011961,
              43.07574143028766
            ],
            [
              -89.41068424711256,
              43.075743151418095
            ],
            [
              -89.41068365689237,
              43.07574482260482
            ],
            [
              -89.4106829051813,
              43.07574642764545
            ],
            [
              -89.4106819992673,
              43.07574795097888
            ],
            [
              -89.41068094793332,
              43.075749377836196
            ],
            [
              -89.41067976137218,
              43.07575069438381
            ],
            [
              -89.41067845108778,
              43.07575188785761
            ],
            [
              -89.41067702978349,
              43.075752946686706
            ],
            [
              -89.41067551123905,
              43.0757538606056
            ],
            [
              -89.41067391017697,
              43.07575462075372
            ],
            [
              -89.41067224211977,
              43.075755219761334
            ],
            [
              -89.41067052323949,
              43.07575565182097
            ],
            [
              -89.41066877020091,
              43.07575591274375
            ],
            [
              -89.410667,
              43.075756
            ],
            [
              -89.41040321608612,
              43.075756
            ],
            [
              -89.41042676551943,
              43.075773574203964
            ],
            [
              -89.41042819564923,
              43.07577476118813
            ],
            [
              -89.41042949575976,
              43.075776089312846
            ],
            [
              -89.41043065199038,
              43.07577754441882
            ],
            [
              -89.41043165201438,
              43.07577911099299
            ],
            [
              -89.4104324851704,
              43.07578077233393
            ],
            [
              -89.41043314257604,
              43.07578251072987
            ],
            [
              -89.41043361722264,
              43.07578430764758
            ],
            [
              -89.41043390404992,
              43.075786143929896
            ],
            [
              -89.410434,
              43.075788
            ],
            [
              -89.410434,
              43.075841000000004
            ],
            [
              -89.410576,
              43.075841000000004
            ],
            [
              -89.41057773700501,
              43.07584108400677
            ],
            [
              -89.41057945779666,
              43.075841335242934
            ],
            [
              -89.41058114631294,
              43.07584175136344
            ],
            [
              -89.4105827867931,
              43.07584232848419
            ],
            [
              -89.41058436392476,
              43.07584306121828
            ],
            [
              -89.41058586298684,
              43.075843942726316
            ],
            [
              -89.41058726998695,
              43.075844964780224
            ],
            [
              -89.41058857179205,
              43.07584611784006
            ],
            [
              -89.41058975625099,
              43.07584739114307
            ],
            [
              -89.41059081230789,
              43.07584877280414
            ],
            [
              -89.41059173010547,
              43.07585024992673
            ],
            [
              -89.41059250107689,
              43.075851808723236
            ],
            [
              -89.41059311802587,
              43.07585343464374
            ],
            [
              -89.41059357519374,
              43.075855112511746
            ],
            [
              -89.41059386831327,
              43.0758568266659
            ],
            [
              -89.41059399464844,
              43.07585856110614
            ],
            [
              -89.41059599464843,
              43.07594056110614
            ],
            [
              -89.41059594897509,
              43.07594235436089
            ],
            [
              -89.41059572503913,
              43.07594413416464
            ],
            [
              -89.4105953250646,
              43.075945882841005
            ],
            [
              -89.41059475302393,
              43.0759475830228
            ],
            [
              -89.41059401459839,
              43.07594921782444
            ],
            [
              -89.41059311712175,
              43.07595077100967
            ],
            [
              -89.41059206950743,
              43.07595222715283
            ],
            [
              -89.41059088215994,
              43.07595357179205
            ],
            [
              -89.4105895668716,
              43.075954791572855
            ],
            [
              -89.41058813670533,
              43.07595587438084
            ],
            [
              -89.41058660586503,
              43.07595680946195
            ],
            [
              -89.41058498955447,
              43.0759575875293
            ],
            [
              -89.41058330382621,
              43.07595820085543
            ],
            [
              -89.41058156542232,
              43.075958643349
            ],
            [
              -89.41057979160796,
              43.07595891061531
            ],
            [
              -89.410578,
              43.075959
            ]
          ]
        ]
      },
      "properties": {
        "building": "university",
        "name": "Agricultural Hall",
        "@id": "way/38953076",
        "addr:street": "Linden Drive",
        "addr:housenumber": "1450",
        "person_counts": [
          0,
          0,
          0,
          0,
          0,
          0,
          0,
          0,
          0,
          0,
          0,
          0,
          0,
          0,
          0,
          0,
          0,
          0,
          0,
          0,
          0,
          0,
          0,
          0,
          0,
          0,
          0,
          0,
          0,
          0,
          0,
          0,
          0,
          0,
          0,
          0,
          0,
          0,
          0,
          0,
          0,
          0,
          0,
          0,
          0,
          0,
          0,
          0,
          0,
          0,
          0,
          0,
          0,
          0,
          0,
          0,
          0,
          0,
          0,
          0,
          0,
          0,
          0,
          0,
          0,
          0,
          0,
          0,
          0,
          0,
          0,
          0,
          0,
          0,
          0,
          0,
          0,
          0,
          0,
          0,
          0,
          133,
          133,
          133,
          133,
          133,
          133,
          133,
          133,
          133,
          133,
          133,
          133,
          133,
          133,
          133,
          133,
          0,
          0,
          0,
          0,
          0,
          0,
          0,
          0,
          0,
          0,
          0,
          0,
          0,
          0,
          0,
          0,
          0,
          0,
          0,
          0,
          0,
          0,
          0,
          0,
          0,
          0,
          0,
          0,
          0,
          0,
          0,
          0,
          0,
          0,
          0,
          0,
          0,
          0,
          0,
          0,
          0,
          0,
          0,
          0,
          0,
          0,
          0,
          0,
          0,
          0,
          0,
          0,
          0,
          0,
          0,
          0,
          0,
          0,
          0,
          0,
          0,
          0
        ],
        "instructor_counts": [
          0,
          0,
          0,
          0,
          0,
          0,
          0,
          0,
          0,
          0,
          0,
          0,
          0,
          0,
          0,
          0,
          0,
          0,
          0,
          0,
          0,
          0,
          0,
          0,
          0,
          0,
          0,
          0,
          0,
          0,
          0,
          0,
          0,
          0,
          0,
          0,
          0,
          0,
          0,
          0,
          0,
          0,
          0,
          0,
          0,
          0,
          0,
          0,
          0,
          0,
          0,
          0,
          0,
          0,
          0,
          0,
          0,
          0,
          0,
          0,
          0,
          0,
          0,
          0,
          0,
          0,
          0,
          0,
          0,
          0,
          0,
          0,
          0,
          0,
          0,
          0,
          0,
          0,
          0,
          0,
          0,
          1,
          1,
          1,
          1,
          1,
          1,
          1,
          1,
          1,
          1,
          1,
          1,
          1,
          1,
          1,
          1,
          0,
          0,
          0,
          0,
          0,
          0,
          0,
          0,
          0,
          0,
          0,
          0,
          0,
          0,
          0,
          0,
          0,
          0,
          0,
          0,
          0,
          0,
          0,
          0,
          0,
          0,
          0,
          0,
          0,
          0,
          0,
          0,
          0,
          0,
          0,
          0,
          0,
          0,
          0,
          0,
          0,
          0,
          0,
          0,
          0,
          0,
          0,
          0,
          0,
          0,
          0,
          0,
          0,
          0,
          0,
          0,
          0,
          0,
          0,
          0,
          0,
          0
        ]
      }
    },
    {
      "type": "Feature",
      "geometry": {
        "type": "Polygon",
        "coordinates": [
          [
            [
              -89.40558330596785,
              43.076422358489225
            ],
            [
              -89.40567919404343,
              43.076434134217806
            ],
            [
              -89.4056808885653,
              43.07643442504453
            ],
            [
              -89.4056825476102,
              43.07643487621476
            ],
            [
              -89.40568415604199,
              43.07643548361229
            ],
            [
              -89.40568569918628,
              43.07643624169558
            ],
            [
              -89.40568716296433,
              43.07643714354834
            ],
            [
              -89.4056885340215,
              43.076438180942574
            ],
            [
              -89.40568979984906,
              43.07643934441373
            ],
            [
              -89.40569094889837,
              43.076440623346976
            ],
            [
              -89.40569197068618,
              43.07644200607408
            ],
            [
              -89.40569285589028,
              43.07644347997986
            ],
            [
              -89.40569359643462,
              43.07644503161727
            ],
            [
              -89.4056941855629,
              43.076446646830085
            ],
            [
              -89.40569461790024,
              43.076448310882064
            ],
            [
              -89.40569488950227,
              43.07645000859137
            ],
            [
              -89.40569499789106,
              43.076451724469116
            ],
            [
              -89.40569494207773,
              43.07645344286064
            ],
            [
              -89.40569472257147,
              43.07645514808836
            ],
            [
              -89.40566772257147,
              43.07660714808836
            ],
            [
              -89.40566731766917,
              43.07660890900545
            ],
            [
              -89.40566673826596,
              43.076610620457124
            ],
            [
              -89.40566599020019,
              43.07661226519799
            ],
            [
              -89.40566508100972,
              43.076613826654864
            ],
            [
              -89.40566401985596,
              43.07661528909379
            ],
            [
              -89.40566281743162,
              43.07661663777855
            ],
            [
              -89.40566148585286,
              43.07661785911917
            ],
            [
              -89.4056600385373,
              43.07661894080884
            ],
            [
              -89.40565849006876,
              43.076619871947976
            ],
            [
              -89.40565685605034,
              43.076620643153966
            ],
            [
              -89.40565515294715,
              43.07662124665578
            ],
            [
              -89.40565339792047,
              43.07662167637227
            ],
            [
              -89.40565160865476,
              43.07662192797339
            ],
            [
              -89.40564980317951,
              43.076621998923905
            ],
            [
              -89.4056479996875,
              43.07662188850888
            ],
            [
              -89.4053510275293,
              43.076588680759556
            ],
            [
              -89.40532356233729,
              43.07671094516272
            ],
            [
              -89.4053230993787,
              43.07671262238809
            ],
            [
              -89.40532247664567,
              43.076714247078556
            ],
            [
              -89.4053216999569,
              43.07671580405322
            ],
            [
              -89.4053207765697,
              43.07671727876392
            ],
            [
              -89.40531971511207,
              43.07671865743113
            ],
            [
              -89.40531852550215,
              43.07671992717276
            ],
            [
              -89.40531721885552,
              43.0767210761245
            ],
            [
              -89.40531580738127,
              43.07672209355069
            ],
            [
              -89.40531430426809,
              43.076722969944626
            ],
            [
              -89.40531272356087,
              43.07672369711739
            ],
            [
              -89.40531108002953,
              43.076724268274376
            ],
            [
              -89.40530998120374,
              43.07672453456889
            ],
            [
              -89.4053010953863,
              43.07676321400948
            ],
            [
              -89.40535386337888,
              43.07676873624126
            ],
            [
              -89.40535437349287,
              43.076768258663385
            ],
            [
              -89.4053558106778,
              43.07676716161353
            ],
            [
              -89.40535735066855,
              43.07676621427653
            ],
            [
              -89.40535897792729,
              43.076765426210606
            ],
            [
              -89.40536067603568,
              43.076764805367006
            ],
            [
              -89.40536242786057,
              43.076764358009754
            ],
            [
              -89.40536421572678,
              43.07676408865251
            ],
            [
              -89.40536602159553,
              43.07676400001296
            ],
            [
              -89.40536782724638,
              43.076764092985435
            ],
            [
              -89.40541682724638,
              43.07676909298544
            ],
            [
              -89.40541857108079,
              43.076769357795435
            ],
            [
              -89.40542028062531,
              43.076769792007774
            ],
            [
              -89.40542193946467,
              43.0767703914531
            ],
            [
              -89.40542353167056,
              43.076771150375485
            ],
            [
              -89.40542504195444,
              43.07677206148766
            ],
            [
              -89.40542645581439,
              43.07677311604103
            ],
            [
              -89.40542775967438,
              43.07677430390967
            ],
            [
              -89.40542894101462,
              43.07677561368754
            ],
            [
              -89.40542998849173,
              43.07677703279799
            ],
            [
              -89.40543089204773,
              43.076778547614595
            ],
            [
              -89.40543164300658,
              43.076780143591904
            ],
            [
              -89.4054322341575,
              43.07678180540518
            ],
            [
              -89.40543265982419,
              43.07678351709752
            ],
            [
              -89.40543291591935,
              43.07678526223306
            ],
            [
              -89.40543299998393,
              43.07678702405482
            ],
            [
              -89.40543291121074,
              43.07678878564561
            ],
            [
              -89.40543265045217,
              43.076790530090435
            ],
            [
              -89.40543048873315,
              43.07680133868555
            ],
            [
              -89.40544604383865,
              43.076803116411895
            ],
            [
              -89.40544778105387,
              43.076803401601445
            ],
            [
              -89.40544948210109,
              43.076803855129995
            ],
            [
              -89.40545113070881,
              43.07680447265926
            ],
            [
              -89.40545271110712,
              43.07680524828223
            ],
            [
              -89.40545420817858,
              43.0768061745796
            ],
            [
              -89.40545560760285,
              43.076807242690805
            ],
            [
              -89.40545689599358,
              43.07680844239873
            ],
            [
              -89.40545806102658,
              43.07680976222747
            ],
            [
              -89.40545909155763,
              43.07681118955208
            ],
            [
              -89.4054599777291,
              43.07681271071938
            ],
            [
              -89.40546071106421,
              43.0768143111785
            ],
            [
              -89.40546128454821,
              43.07681597562012
            ],
            [
              -89.40546169269538,
              43.07681768812287
            ],
            [
              -89.40546193160156,
              43.07681943230567
            ],
            [
              -89.40546199898147,
              43.076821191484385
            ],
            [
              -89.40546189419057,
              43.07682294883144
            ],
            [
              -89.40546161823126,
              43.07682468753678
            ],
            [
              -89.40544361823126,
              43.076910687536774
            ],
            [
              -89.40544358917455,
              43.0769108237336
            ],
            [
              -89.40541358917454,
              43.0770488237336
            ],
            [
              -89.40541312957609,
              43.07705052970369
            ],
            [
              -89.40541250494343,
              43.077052182398084
            ],
            [
              -89.40541172129457,
              43.07705376589395
            ],
            [
              -89.40541078617954,
              43.077055264935176
            ],
            [
              -89.40540970860768,
              43.077056665079304
            ],
            [
              -89.4054084989608,
              43.077057952836704
            ],
            [
              -89.40540716889319,
              43.07705911580053
            ],
            [
              -89.40540573121935,
              43.07706014276626
            ],
            [
              -89.40540419979047,
              43.077061023839626
            ],
            [
              -89.40540258936103,
              43.07706175053196
            ],
            [
              -89.40540091544668,
              43.07706231584199
            ],
            [
              -89.40539919417465,
              43.07706271432325
            ],
            [
              -89.40539744212847,
              43.07706294213659
            ],
            [
              -89.40539567618818,
              43.07706299708715
            ],
            [
              -89.40539391336763,
              43.07706287864551
            ],
            [
              -89.40501691336763,
              43.07701887864552
            ],
            [
              -89.40501517438138,
              43.07701858876466
            ],
            [
              -89.40501347209394,
              43.0770181301563
            ],
            [
              -89.40501182283525,
              43.07701750721982
            ],
            [
              -89.40501024242647,
              43.07701672593101
            ],
            [
              -89.40500874602834,
              43.07701579378469
            ],
            [
              -89.40500734799568,
              43.07701471972287
            ],
            [
              -89.4050060617397,
              43.07701351404893
            ],
            [
              -89.40500489959933,
              43.077012188328794
            ],
            [
              -89.40500387272289,
              43.07701075527998
            ],
            [
              -89.40500299096112,
              43.07700922864961
            ],
            [
              -89.40500226277268,
              43.07700762308251
            ],
            [
              -89.40500169514303,
              43.07700595398075
            ],
            [
              -89.40500129351737,
              43.07700423735588
            ],
            [
              -89.40500106174848,
              43.07700248967533
            ],
            [
              -89.40500100205969,
              43.07700072770446
            ],
            [
              -89.4050011150236,
              43.07699896834569
            ],
            [
              -89.40500139955654,
              43.07699722847641
            ],
            [
              -89.40500323532751,
              43.076988661545194
            ],
            [
              -89.40495198458439,
              43.076982886813575
            ],
            [
              -89.40495023924603,
              43.07698260274779
            ],
            [
              -89.40494853020245,
              43.07698214879922
            ],
            [
              -89.40494687394744,
              43.0769815293489
            ],
            [
              -89.40494528646543,
              43.076980750375085
            ],
            [
              -89.40494378307709,
              43.0769798193956
            ],
            [
              -89.40494237829148,
              43.076978745395266
            ],
            [
              -89.4049410856661,
              43.076977538739165
            ],
            [
              -89.40493991767597,
              43.07697621107265
            ],
            [
              -89.40493888559328,
              43.076974775208924
            ],
            [
              -89.40493799937857,
              43.0769732450054
            ],
            [
              -89.40493726758466,
              43.07697163522996
            ],
            [
              -89.404936697274,
              43.07696996141842
            ],
            [
              -89.40493629395063,
              43.07696823972461
            ],
            [
              -89.40493606150699,
              43.07696648676446
            ],
            [
              -89.40493600218639,
              43.07696471945566
            ],
            [
              -89.40493611656132,
              43.07696295485437
            ],
            [
              -89.40493640352794,
              43.076961209990635
            ],
            [
              -89.40497840352793,
              43.07676620999064
            ],
            [
              -89.40497885938761,
              43.076764504601265
            ],
            [
              -89.40497948010196,
              43.076762852065436
            ],
            [
              -89.40498025970105,
              43.07676126827687
            ],
            [
              -89.40498119068688,
              43.0767597684681
            ],
            [
              -89.40498226410544,
              43.07675836706397
            ],
            [
              -89.40498346963282,
              43.07675707754286
            ],
            [
              -89.40498479567454,
              43.076755912307114
            ],
            [
              -89.40498622947699,
              43.076754882563705
            ],
            [
              -89.4049877572502,
              43.07675399821649
            ],
            [
              -89.40498936430036,
              43.07675326777091
            ],
            [
              -89.40499103517122,
              43.07675269825225
            ],
            [
              -89.40499275379273,
              43.07675229513801
            ],
            [
              -89.40499450363554,
              43.07675206230524
            ],
            [
              -89.40499626787006,
              43.07675200199329
            ],
            [
              -89.40499802952826,
              43.076752114782224
            ],
            [
              -89.40512289205755,
              43.07676628357987
            ],
            [
              -89.4051380994091,
              43.07669685871411
            ],
            [
              -89.40510917275363,
              43.076693907014565
            ],
            [
              -89.40510741068593,
              43.07669363850403
            ],
            [
              -89.40510568381322,
              43.076693197039226
            ],
            [
              -89.40510400906837,
              43.07669258694893
            ],
            [
              -89.40510240287307,
              43.07669181421539
            ],
            [
              -89.40510088097685,
              43.076690886415626
            ],
            [
              -89.40509945830266,
              43.07668981264719
            ],
            [
              -89.40509814880053,
              43.0766886034389
            ],
            [
              -89.40509696531079,
              43.07668727064765
            ],
            [
              -89.40509591943812,
              43.076685827342125
            ],
            [
              -89.40509502143783,
              43.07668428767463
            ],
            [
              -89.40509428011526,
              43.076682666742386
            ],
            [
              -89.40509370273944,
              43.076680980439434
            ],
            [
              -89.40509329497183,
              43.0766792453008
            ],
            [
              -89.40509306081078,
              43.076677478340386
            ],
            [
              -89.40509300255239,
              43.07667569688412
            ],
            [
              -89.40509312076787,
              43.07667391840005
            ],
            [
              -89.4050934142981,
              43.07667216032709
            ],
            [
              -89.40513917205449,
              43.07646258980282
            ],
            [
              -89.40467592693064,
              43.07640888022325
            ],
            [
              -89.40467418105838,
              43.0764085902156
            ],
            [
              -89.40467247210462,
              43.07640813015974
            ],
            [
              -89.40467081659015,
              43.07640750450311
            ],
            [
              -89.40466923051919,
              43.07640671929408
            ],
            [
              -89.40466772922458,
              43.0764057821234
            ],
            [
              -89.40466632721967,
              43.076404702050915
            ],
            [
              -89.40466503805791,
              43.076403489517894
            ],
            [
              -89.4046638742019,
              43.07640215624615
            ],
            [
              -89.40466284690288,
              43.07640071512468
            ],
            [
              -89.40466196609195,
              43.07639918008511
            ],
            [
              -89.40466124028409,
              43.07639756596699
            ],
            [
              -89.40466067649584,
              43.07639588837432
            ],
            [
              -89.40466028017745,
              43.07639416352473
            ],
            [
              -89.40466005516022,
              43.07639240809271
            ],
            [
              -89.40466000361943,
              43.07639063904836
            ],
            [
              -89.40466012605333,
              43.07638887349341
            ],
            [
              -89.40466042127834,
              43.076387128495824
            ],
            [
              -89.40469742127833,
              43.07621912849582
            ],
            [
              -89.4046978860603,
              43.07621742209103
            ],
            [
              -89.40469851605728,
              43.0762157695344
            ],
            [
              -89.40469930518738,
              43.076214186779424
            ],
            [
              -89.40470024583246,
              43.07621268910575
            ],
            [
              -89.4047013289117,
              43.07621129097165
            ],
            [
              -89.40470254396925,
              43.07621000587448
            ],
            [
              -89.40470387927516,
              43.076208846220325
            ],
            [
              -89.40470532193861,
              43.0762078232043
            ],
            [
              -89.40470685803237,
              43.07620694670242
            ],
            [
              -89.40470847272726,
              43.07620622517628
            ],
            [
              -89.40471015043533,
              43.07620566559137
            ],
            [
              -89.40471187496024,
              43.07620527334982
            ],
            [
              -89.40471362965374,
              43.076205052238265
            ],
            [
              -89.40471539757633,
              43.076205004391284
            ],
            [
              -89.40471716166078,
              43.07620513027077
            ],
            [
              -89.40484111580477,
              43.07622012472367
            ],
            [
              -89.40524706267217,
              43.07626711857286
            ],
            [
              -89.4053179462206,
              43.07627526610716
            ],
            [
              -89.40535242863292,
              43.07612009525176
            ],
            [
              -89.40535289371407,
              43.07611839866253
            ],
            [
              -89.40535352218747,
              43.076116755574986
            ],
            [
              -89.40535430805018,
              43.07611518168322
            ],
            [
              -89.405355243796,
              43.076113692020414
            ],
            [
              -89.40535632048703,
              43.07611230081522
            ],
            [
              -89.40535752783917,
              43.07611102135584
            ],
            [
              -89.4053588543203,
              43.076109865863174
            ],
            [
              -89.4053602872604,
              43.076108845373994
            ],
            [
              -89.40536181297261,
              43.07610796963561
            ],
            [
              -89.40536341688397,
              43.07610724701271
            ],
            [
              -89.40536508367455,
              43.076106684407485
            ],
            [
              -89.40536679742387,
              43.076106287193724
            ],
            [
              -89.40536854176288,
              43.07610605916545
            ],
            [
              -89.40537030003038,
              43.07610600250068
            ],
            [
              -89.40537205543211,
              43.076106117740665
            ],
            [
              -89.4057200554321,
              43.07614611774066
            ],
            [
              -89.40572180048427,
              43.076146405787334
            ],
            [
              -89.40572350884327,
              43.07614686370385
            ],
            [
              -89.40572516401508,
              43.07614748706907
            ],
            [
              -89.40572675001927,
              43.076148269864504
            ],
            [
              -89.40572825154315,
              43.076149204532356
            ],
            [
              -89.40572965408973,
              43.07615028204852
            ],
            [
              -89.40573094411756,
              43.07615149200974
            ],
            [
              -89.40573210917162,
              43.076152822733974
            ],
            [
              -89.40573313800347,
              43.07615426137327
            ],
            [
              -89.40573402067986,
              43.07615579403773
            ],
            [
              -89.40573474867865,
              43.0761574059297
            ],
            [
              -89.40573531497114,
              43.076159081486566
            ],
            [
              -89.40573571408981,
              43.076160804531035
            ],
            [
              -89.40573594218125,
              43.07616255842734
            ],
            [
              -89.40573599704325,
              43.07616432624185
            ],
            [
              -89.40573587814615,
              43.07616609090653
            ],
            [
              -89.40573558663785,
              43.076167835383785
            ],
            [
              -89.40569458663785,
              43.07635583538379
            ],
            [
              -89.40569412758587,
              43.076357535865085
            ],
            [
              -89.40569350453379,
              43.076359183339356
            ],
            [
              -89.40569272344747,
              43.076360762031705
            ],
            [
              -89.40569179180596,
              43.07636225682583
            ],
            [
              -89.40569071852994,
              43.07636365340878
            ],
            [
              -89.40568951389622,
              43.076364938407984
            ],
            [
              -89.40568818943942,
              43.076366099519326
            ],
            [
              -89.40568675784148,
              43.076367125624934
            ],
            [
              -89.40568523281024,
              43.07636800689962
            ],
            [
              -89.40568362894818,
              43.07636873490502
            ],
            [
              -89.4056819616126,
              43.07636930267032
            ],
            [
              -89.40568024676858,
              43.07636970475907
            ],
            [
              -89.4056785008361,
              43.076369937321175
            ],
            [
              -89.40567674053281,
              43.07636999812981
            ],
            [
              -89.40567498271398,
              43.07636988660273
            ],
            [
              -89.40555849701457,
              43.076356749117835
            ],
            [
              -89.40555502259483,
              43.07637461756221
            ],
            [
              -89.40555521112583,
              43.07637477546198
            ],
            [
              -89.40555643135473,
              43.07637601673208
            ],
            [
              -89.4055575259876,
              43.07637737005719
            ],
            [
              -89.40555848478859,
              43.076378822782445
            ],
            [
              -89.405559298792,
              43.07638036132346
            ],
            [
              -89.4055599603861,
              43.076381971293415
            ],
            [
              -89.40556046338436,
              43.07638363763754
            ],
            [
              -89.40556080308328,
              43.07638534477393
            ],
            [
              -89.40556097630633,
              43.07638707673922
            ],
            [
              -89.40556098143372,
              43.07638881733789
            ],
            [
              -89.40556076851041,
              43.076393501650664
            ],
            [
              -89.40556749481863,
              43.07639406217635
            ],
            [
              -89.40556923273921,
              43.07639429267391
            ],
            [
              -89.4055709399937,
              43.076394691144976
            ],
            [
              -89.40557260038689,
              43.0763952538096
            ],
            [
              -89.40557419816815,
              43.0763959753303
            ],
            [
              -89.40557571818074,
              43.07639684886265
            ],
            [
              -89.4055771460057,
              43.07639786612024
            ],
            [
              -89.40557846809848,
              43.076399017453255
            ],
            [
              -89.40557967191762,
              43.07640029194003
            ],
            [
              -89.40558074604355,
              43.07640167749066
            ],
            [
              -89.40558168028703,
              43.07640316096166
            ],
            [
              -89.40558246578568,
              43.076404728280686
            ],
            [
              -89.40558309508822,
              43.07640636457998
            ],
            [
              -89.40558356222499,
              43.07640805433745
            ],
            [
              -89.40558386276471,
              43.07640978152387
            ],
            [
              -89.40558399385644,
              43.076411529754985
            ],
            [
              -89.40558395425658,
              43.07641328244689
            ],
            [
              -89.40558330596785,
              43.076422358489225
            ]
          ]
        ]
      },
      "properties": {
        "building": "university",
        "name": "William H. Sewell Social Sciences Building",
        "@id": "way/37749296",
        "addr:street": "Observatory Drive",
        "addr:housenumber": "1180",
        "person_counts": [
          0,
          0,
          0,
          0,
          0,
          0,
          0,
          0,
          0,
          0,
          0,
          0,
          0,
          21,
          21,
          21,
          21,
          21,
          21,
          21,
          21,
          21,
          21,
          21,
          0,
          0,
          46,
          46,
          46,
          46,
          46,
          46,
          46,
          46,
          46,
          46,
          46,
          0,
          0,
          208,
          208,
          208,
          208,
          208,
          208,
          208,
          208,
          208,
          208,
          208,
          0,
          0,
          201,
          201,
          201,
          201,
          201,
          201,
          201,
          201,
          201,
          201,
          201,
          0,
          0,
          0,
          0,
          25,
          25,
          25,
          25,
          25,
          25,
          25,
          25,
          25,
          25,
          25,
          0,
          0,
          35,
          35,
          35,
          35,
          35,
          35,
          35,
          35,
          35,
          35,
          35,
          0,
          0,
          53,
          53,
          53,
          53,
          53,
          53,
          53,
          53,
          53,
          53,
          53,
          0,
          0,
          17,
          17,
          17,
          17,
          17,
          17,
          17,
          17,
          17,
          17,
          17,
          0,
          0,
          0,
          0,
          0,
          0,
          0,
          0,
          0,
          0,
          0,
          0,
          0,
          0,
          0,
          0,
          0,
          0,
          0,
          0,
          0,
          0,
          0,
          0,
          0,
          0,
          0,
          0,
          0,
          0,
          0,
          0,
          0,
          0,
          0,
          0,
          0,
          0,
          0,
          0,
          0,
          0
        ],
        "instructor_counts": [
          0,
          0,
          0,
          0,
          0,
          0,
          0,
          0,
          0,
          0,
          0,
          0,
          0,
          1,
          1,
          1,
          1,
          1,
          1,
          1,
          1,
          1,
          1,
          1,
          0,
          0,
          2,
          2,
          2,
          2,
          2,
          2,
          2,
          2,
          2,
          2,
          2,
          0,
          0,
          2,
          2,
          2,
          2,
          2,
          2,
          2,
          2,
          2,
          2,
          2,
          0,
          0,
          2,
          2,
          2,
          2,
          2,
          2,
          2,
          2,
          2,
          2,
          2,
          0,
          0,
          0,
          0,
          1,
          1,
          1,
          1,
          1,
          1,
          1,
          1,
          1,
          1,
          1,
          0,
          0,
          2,
          2,
          2,
          2,
          2,
          2,
          2,
          2,
          2,
          2,
          2,
          0,
          0,
          3,
          3,
          3,
          3,
          3,
          3,
          3,
          3,
          3,
          3,
          3,
          0,
          0,
          1,
          1,
          1,
          1,
          1,
          1,
          1,
          1,
          1,
          1,
          1,
          0,
          0,
          0,
          0,
          0,
          0,
          0,
          0,
          0,
          0,
          0,
          0,
          0,
          0,
          0,
          0,
          0,
          0,
          0,
          0,
          0,
          0,
          0,
          0,
          0,
          0,
          0,
          0,
          0,
          0,
          0,
          0,
          0,
          0,
          0,
          0,
          0,
          0,
          0,
          0,
          0,
          0
        ]
      }
    },
    {
      "type": "Feature",
      "geometry": {
        "type": "Polygon",
        "coordinates": [
          [
            [
              -89.40713225065019,
              43.070850984395314
            ],
            [
              -89.407127,
              43.070850765618225
            ],
            [
              -89.407127,
              43.070863
            ],
            [
              -89.40712691205306,
              43.070864777176276
            ],
            [
              -89.40712664907161,
              43.07086653698619
            ],
            [
              -89.40712621362552,
              43.070868262233084
            ],
            [
              -89.40712560996987,
              43.07086993605805
            ],
            [
              -89.40712484400353,
              43.07087154210467
            ],
            [
              -89.40712392321146,
              43.07087306467884
            ],
            [
              -89.40712285659149,
              43.07087448890214
            ],
            [
              -89.40712165456654,
              43.07087580085724
            ],
            [
              -89.40712032888263,
              43.07087698772385
            ],
            [
              -89.40711889249421,
              43.07087803790406
            ],
            [
              -89.40711735943749,
              43.070878941135625
            ],
            [
              -89.40711574469333,
              43.07087968859228
            ],
            [
              -89.4071140640408,
              43.07088027296995
            ],
            [
              -89.40711233390307,
              43.07088068855818
            ],
            [
              -89.40711057118682,
              43.07088093129588
            ],
            [
              -89.40710879311712,
              43.07088099881106
            ],
            [
              -89.40703945669165,
              43.07088020184065
            ],
            [
              -89.40703899174123,
              43.07089554520428
            ],
            [
              -89.407038853689,
              43.07089729036879
            ],
            [
              -89.40703854676194,
              43.07089901386912
            ],
            [
              -89.40703807386323,
              43.07090069940299
            ],
            [
              -89.40703743946592,
              43.07090233102723
            ],
            [
              -89.40703664957067,
              43.070903893308596
            ],
            [
              -89.40703571164894,
              43.07090537146977
            ],
            [
              -89.4070346345724,
              43.07090675152908
            ],
            [
              -89.40703342852888,
              43.07090802043279
            ],
            [
              -89.40703210492615,
              43.07090916617857
            ],
            [
              -89.40703067628391,
              43.07091017792903
            ],
            [
              -89.40702915611546,
              43.07091104611419
            ],
            [
              -89.40702755879978,
              43.07091176252205
            ],
            [
              -89.4070258994456,
              43.07091232037623
            ],
            [
              -89.40702419374844,
              43.0709127144001
            ],
            [
              -89.40702245784219,
              43.07091294086665
            ],
            [
              -89.40702070814648,
              43.070912997633776
            ],
            [
              -89.40683570814647,
              43.07090999763378
            ],
            [
              -89.40683392974071,
              43.07090988054883
            ],
            [
              -89.40683217163138,
              43.0709095881663
            ],
            [
              -89.40683045105467,
              43.07090912335264
            ],
            [
              -89.40682878487878,
              43.07090849066481
            ],
            [
              -89.40682718943862,
              43.07090769630556
            ],
            [
              -89.40682568037556,
              43.07090674806263
            ],
            [
              -89.40682427248419,
              43.07090565523244
            ],
            [
              -89.40682297956721,
              43.07090442852888
            ],
            [
              -89.40682181430014,
              43.070903079978315
            ],
            [
              -89.40682078810704,
              43.070901622801706
            ],
            [
              -89.40681991104852,
              43.070900071284925
            ],
            [
              -89.4068191917231,
              43.07089844063877
            ],
            [
              -89.40681863718291,
              43.07089674684978
            ],
            [
              -89.40681825286457,
              43.07089500652356
            ],
            [
              -89.40681804253585,
              43.070893236721936
            ],
            [
              -89.40681800825877,
              43.07089145479572
            ],
            [
              -89.40681845326554,
              43.07087676957201
            ],
            [
              -89.40675677501757,
              43.07087599859391
            ],
            [
              -89.40675502590656,
              43.070875891421274
            ],
            [
              -89.40675329550602,
              43.070875614673554
            ],
            [
              -89.40675160021672,
              43.07087517097378
            ],
            [
              -89.40674995610662,
              43.070874564527344
            ],
            [
              -89.4067483787586,
              43.07087380108214
            ],
            [
              -89.40674688312282,
              43.07087288787413
            ],
            [
              -89.40674548337489,
              43.07087183355869
            ],
            [
              -89.40674419278164,
              43.07087064812864
            ],
            [
              -89.40674302357536,
              43.0708693428195
            ],
            [
              -89.40674198683776,
              43.070867930003004
            ],
            [
              -89.40674109239507,
              43.07086642306983
            ],
            [
              -89.40674034872482,
              43.07086483630272
            ],
            [
              -89.40673976287552,
              43.07086318474106
            ],
            [
              -89.40673934039987,
              43.070861484038375
            ],
            [
              -89.40673908530209,
              43.070859750313936
            ],
            [
              -89.406739,
              43.070858
            ],
            [
              -89.406739,
              43.070845
            ],
            [
              -89.406732,
              43.070845
            ],
            [
              -89.40673020107955,
              43.07084490988233
            ],
            [
              -89.40672842017183,
              43.070844640431694
            ],
            [
              -89.40672667510918,
              43.0708441943461
            ],
            [
              -89.40672498336508,
              43.07084357609225
            ],
            [
              -89.40672336187905,
              43.07084279186076
            ],
            [
              -89.40672182688716,
              43.070841849504205
            ],
            [
              -89.4067203937594,
              43.07084075845846
            ],
            [
              -89.40671907684579,
              43.070839529648254
            ],
            [
              -89.40671788933268,
              43.07083817537775
            ],
            [
              -89.40671684311073,
              43.07083670920736
            ],
            [
              -89.40671594865583,
              43.070835145817966
            ],
            [
              -89.40671521492423,
              43.07083350086389
            ],
            [
              -89.40671464926284,
              43.070831790816186
            ],
            [
              -89.40671425733565,
              43.07083003279768
            ],
            [
              -89.40671404306708,
              43.07082824441155
            ],
            [
              -89.40671400860262,
              43.07082644356503
            ],
            [
              -89.406717005796,
              43.07072953431241
            ],
            [
              -89.40671900390498,
              43.07063362508135
            ],
            [
              -89.4067191298799,
              43.0706318415729
            ],
            [
              -89.4067194321718,
              43.07063007936074
            ],
            [
              -89.40671990779809,
              43.070628355831886
            ],
            [
              -89.40672055206596,
              43.07062668799167
            ],
            [
              -89.40672135861871,
              43.07062509229598
            ],
            [
              -89.4067223194984,
              43.07062358448886
            ],
            [
              -89.40672342522443,
              43.07062217944722
            ],
            [
              -89.40672466488708,
              43.07062089103401
            ],
            [
              -89.40672602625513,
              43.07061973196148
            ],
            [
              -89.4067274958965,
              43.070618713665695
            ],
            [
              -89.40672905931088,
              43.070617846193755
            ],
            [
              -89.4067307010727,
              43.070617138104645
            ],
            [
              -89.4067324049834,
              43.07061659638479
            ],
            [
              -89.4067341542312,
              43.070616226379094
            ],
            [
              -89.40673593155701,
              43.07061603173827
            ],
            [
              -89.4067377194247,
              43.07061601438274
            ],
            [
              -89.40674465667146,
              43.07061629187262
            ],
            [
              -89.40674501146862,
              43.07060635755246
            ],
            [
              -89.4067451575943,
              43.07060462333033
            ],
            [
              -89.40674547051778,
              43.07060291132624
            ],
            [
              -89.40674594731374,
              43.07060123754468
            ],
            [
              -89.40674658352489,
              43.070599617632816
            ],
            [
              -89.40674737320371,
              43.07059806673421
            ],
            [
              -89.40674830896793,
              43.07059659934728
            ],
            [
              -89.4067493820697,
              43.070595229189735
            ],
            [
              -89.40675058247722,
              43.07059396907034
            ],
            [
              -89.40675189896861,
              43.07059283076918
            ],
            [
              -89.4067533192368,
              43.070591824927554
            ],
            [
              -89.40675483000456,
              43.07059096094846
            ],
            [
              -89.40675641714863,
              43.07059024690871
            ],
            [
              -89.4067580658318,
              43.07058968948343
            ],
            [
              -89.40675976064149,
              43.07058929388364
            ],
            [
              -89.40676148573398,
              43.07058906380759
            ],
            [
              -89.40676322498243,
              43.07058900140609
            ],
            [
              -89.40682559730077,
              43.07058978106007
            ],
            [
              -89.40682600999168,
              43.07057740033304
            ],
            [
              -89.40682615208485,
              43.07057566506439
            ],
            [
              -89.4068264611633,
              43.07057395164143
            ],
            [
              -89.40682693433533,
              43.07057227609495
            ],
            [
              -89.4068275671739,
              43.070570654101395
            ],
            [
              -89.4068283537582,
              43.07056910083615
            ],
            [
              -89.40682928672891,
              43.07056763083159
            ],
            [
              -89.40683035735715,
              43.07056625784109
            ],
            [
              -89.40683155562613,
              43.07056499471036
            ],
            [
              -89.40683287032479,
              43.070563853257276
            ],
            [
              -89.40683428915284,
              43.07056284416127
            ],
            [
              -89.40683579883569,
              43.07056197686348
            ],
            [
              -89.40683738524872,
              43.07056125947834
            ],
            [
              -89.40683903354945,
              43.070560698717706
            ],
            [
              -89.40684072831634,
              43.07056029982808
            ],
            [
              -89.40684245369314,
              43.07056006654146
            ],
            [
              -89.40684419353721,
              43.07056000104049
            ],
            [
              -89.40703019353721,
              43.07056200104049
            ],
            [
              -89.40703197866424,
              43.070562109083646
            ],
            [
              -89.40703374425895,
              43.0705623937362
            ],
            [
              -89.40703547289239,
              43.07056285218822
            ],
            [
              -89.4070371475004,
              43.0705634799141
            ],
            [
              -89.40703875155218,
              43.07056427071729
            ],
            [
              -89.4070402692134,
              43.07056521679141
            ],
            [
              -89.40704168550252,
              43.07056630879732
            ],
            [
              -89.40704298643873,
              43.070567535955334
            ],
            [
              -89.40704415917986,
              43.07056888615162
            ],
            [
              -89.40704519214928,
              43.07057034605778
            ],
            [
              -89.40704607515006,
              43.070571901262404
            ],
            [
              -89.4070467994657,
              43.070573536413356
            ],
            [
              -89.40704735794615,
              43.070575235369326
            ],
            [
              -89.4070477450784,
              43.07057698135914
            ],
            [
              -89.40704795704089,
              43.07057875714733
            ],
            [
              -89.40704799174124,
              43.07058054520429
            ],
            [
              -89.40704754721868,
              43.0705952144485
            ],
            [
              -89.40711520928818,
              43.07059600121675
            ],
            [
              -89.4071169943993,
              43.07059611083089
            ],
            [
              -89.40711875982106,
              43.070596397052924
            ],
            [
              -89.40712048812459,
              43.070596857057176
            ],
            [
              -89.4071221622475,
              43.070597486302326
            ],
            [
              -89.4071237656623,
              43.070598278576256
            ],
            [
              -89.40712528253954,
              43.070599226057375
            ],
            [
              -89.40712669790409,
              43.07060031939182
            ],
            [
              -89.40712799778298,
              43.070601547785834
            ],
            [
              -89.40712916934339,
              43.070602899112295
            ],
            [
              -89.40713020101929,
              43.07060436003045
            ],
            [
              -89.4071310826256,
              43.070605916117636
            ],
            [
              -89.40713180545882,
              43.07060755201162
            ],
            [
              -89.4071323623829,
              43.070609251562324
            ],
            [
              -89.40713274789968,
              43.070610997991196
            ],
            [
              -89.40713295820325,
              43.070612774056904
            ],
            [
              -89.40713299121738,
              43.07061456222554
            ],
            [
              -89.40713257128694,
              43.070628000000006
            ],
            [
              -89.407138,
              43.070628000000006
            ],
            [
              -89.4071397942343,
              43.0706280896476
            ],
            [
              -89.4071415705965,
              43.070628357697416
            ],
            [
              -89.40714331139255,
              43.07062880147945
            ],
            [
              -89.40714499928264,
              43.07062941657326
            ],
            [
              -89.40714661745398,
              43.070630196851994
            ],
            [
              -89.4071481497882,
              43.07063113454341
            ],
            [
              -89.40714958102197,
              43.070632220307324
            ],
            [
              -89.40715089689898,
              43.0706334433286
            ],
            [
              -89.407152084312,
              43.07063479142492
            ],
            [
              -89.4071531314334,
              43.070636251168104
            ],
            [
              -89.40715402783295,
              43.07063780801788
            ],
            [
              -89.40715476458176,
              43.07063944646671
            ],
            [
              -89.40715533434118,
              43.070641150194255
            ],
            [
              -89.40715573143595,
              43.07064290222996
            ],
            [
              -89.40715595191065,
              43.070644685122076
            ],
            [
              -89.40715599356918,
              43.07064648111148
            ],
            [
              -89.40715099356918,
              43.07083348111148
            ],
            [
              -89.40715085767046,
              43.07083525911618
            ],
            [
              -89.40715054651473,
              43.07083701494968
            ],
            [
              -89.40715006315571,
              43.07083873138006
            ],
            [
              -89.40714941233713,
              43.070840391562086
            ],
            [
              -89.40714860044619,
              43.07084197920256
            ],
            [
              -89.40714763545088,
              43.07084347872023
            ],
            [
              -89.40714652682175,
              43.07084487539866
            ],
            [
              -89.40714528543901,
              43.07084615553071
            ],
            [
              -89.40714392348572,
              43.07084730655304
            ],
            [
              -89.40714245432821,
              43.07084831716939
            ],
            [
              -89.40714089238496,
              43.07084917746147
            ],
            [
              -89.40713925298503,
              43.07084987898629
            ],
            [
              -89.40713755221768,
              43.07085041485901
            ],
            [
              -89.40713580677439,
              43.07085077982052
            ],
            [
              -89.40713403378513,
              43.070850970289044
            ],
            [
              -89.40713225065019,
              43.070850984395314
            ]
          ]
        ]
      },
      "properties": {
        "building": "university",
        "name": "Atmospheric & Oceanic Sciences",
        "@id": "way/153660089",
        "addr:street": "West Dayton Street",
        "addr:housenumber": "1225",
        "person_counts": [
          0,
          0,
          0,
          0,
          0,
          0,
          0,
          0,
          0,
          0,
          0,
          0,
          0,
          0,
          0,
          0,
          0,
          0,
          0,
          0,
          0,
          0,
          0,
          0,
          0,
          0,
          0,
          0,
          0,
          0,
          0,
          0,
          0,
          0,
          0,
          0,
          0,
          0,
          0,
          0,
          0,
          0,
          0,
          0,
          0,
          0,
          0,
          0,
          0,
          0,
          0,
          0,
          0,
          0,
          0,
          0,
          0,
          0,
          0,
          0,
          0,
          0,
          0,
          0,
          0,
          0,
          0,
          0,
          0,
          0,
          0,
          0,
          0,
          0,
          0,
          0,
          0,
          0,
          0,
          0,
          18,
          18,
          18,
          18,
          18,
          18,
          18,
          18,
          18,
          18,
          18,
          0,
          0,
          0,
          0,
          0,
          0,
          0,
          0,
          0,
          0,
          0,
          0,
          0,
          0,
          0,
          0,
          0,
          0,
          0,
          0,
          0,
          0,
          0,
          0,
          0,
          0,
          0,
          0,
          0,
          0,
          0,
          0,
          0,
          0,
          0,
          0,
          0,
          0,
          0,
          0,
          0,
          0,
          0,
          0,
          0,
          0,
          0,
          0,
          0,
          0,
          0,
          0,
          0,
          0,
          0,
          0,
          0,
          0,
          0,
          0,
          0,
          0,
          0,
          0,
          0,
          0,
          0,
          0
        ],
        "instructor_counts": [
          0,
          0,
          0,
          0,
          0,
          0,
          0,
          0,
          0,
          0,
          0,
          0,
          0,
          0,
          0,
          0,
          0,
          0,
          0,
          0,
          0,
          0,
          0,
          0,
          0,
          0,
          0,
          0,
          0,
          0,
          0,
          0,
          0,
          0,
          0,
          0,
          0,
          0,
          0,
          0,
          0,
          0,
          0,
          0,
          0,
          0,
          0,
          0,
          0,
          0,
          0,
          0,
          0,
          0,
          0,
          0,
          0,
          0,
          0,
          0,
          0,
          0,
          0,
          0,
          0,
          0,
          0,
          0,
          0,
          0,
          0,
          0,
          0,
          0,
          0,
          0,
          0,
          0,
          0,
          0,
          1,
          1,
          1,
          1,
          1,
          1,
          1,
          1,
          1,
          1,
          1,
          0,
          0,
          0,
          0,
          0,
          0,
          0,
          0,
          0,
          0,
          0,
          0,
          0,
          0,
          0,
          0,
          0,
          0,
          0,
          0,
          0,
          0,
          0,
          0,
          0,
          0,
          0,
          0,
          0,
          0,
          0,
          0,
          0,
          0,
          0,
          0,
          0,
          0,
          0,
          0,
          0,
          0,
          0,
          0,
          0,
          0,
          0,
          0,
          0,
          0,
          0,
          0,
          0,
          0,
          0,
          0,
          0,
          0,
          0,
          0,
          0,
          0,
          0,
          0,
          0,
          0,
          0,
          0
        ]
      }
    },
    {
      "type": "Feature",
      "geometry": {
        "type": "Polygon",
        "coordinates": [
          [
            [
              -89.40597090019288,
              43.073747622197224
            ],
            [
              -89.40597010876034,
              43.073879000000005
            ],
            [
              -89.406024,
              43.073879000000005
            ],
            [
              -89.40602577964367,
              43.07387908819193
            ],
            [
              -89.40602754184843,
              43.073879351903514
            ],
            [
              -89.40602926934625,
              43.07387978855061
            ],
            [
              -89.4060309452092,
              43.07388039385448
            ],
            [
              -89.40603255301534,
              43.073881161883676
            ],
            [
              -89.40603407700958,
              43.07388208511221
            ],
            [
              -89.40603550225818,
              43.07388315449327
            ],
            [
              -89.40603681479496,
              43.07388435954787
            ],
            [
              -89.40603800175825,
              43.07388568846757
            ],
            [
              -89.40603905151686,
              43.07388712823014
            ],
            [
              -89.4060399537841,
              43.0738886647272
            ],
            [
              -89.40604069971859,
              43.07389028290246
            ],
            [
              -89.40604128201079,
              43.073891966899254
            ],
            [
              -89.4060416949548,
              43.07389370021591
            ],
            [
              -89.4060419345041,
              43.0738954658675
            ],
            [
              -89.40604199831137,
              43.073897246552214
            ],
            [
              -89.40604099831137,
              43.073970246552214
            ],
            [
              -89.40604088919204,
              43.07397199419361
            ],
            [
              -89.40604061077926,
              43.07397372296305
            ],
            [
              -89.40604016570776,
              43.07397541650043
            ],
            [
              -89.40603955818948,
              43.07397705877903
            ],
            [
              -89.40603879397361,
              43.07397863425724
            ],
            [
              -89.40603788029226,
              43.07398012802559
            ],
            [
              -89.40603682579204,
              43.073981525947886
            ],
            [
              -89.40603564045213,
              43.07398281479497
            ],
            [
              -89.40603433548996,
              43.07398398236988
            ],
            [
              -89.40603292325495,
              43.07398501762336
            ],
            [
              -89.40603141711172,
              43.073985910758324
            ],
            [
              -89.40602983131359,
              43.073986653322635
            ],
            [
              -89.40602818086768,
              43.07398723828908
            ],
            [
              -89.40602648139287,
              43.07398766012185
            ],
            [
              -89.4060247489721,
              43.07398791482896
            ],
            [
              -89.406023,
              43.073988
            ],
            [
              -89.4059687919145,
              43.073988
            ],
            [
              -89.40596799878325,
              43.07405620928817
            ],
            [
              -89.40596789302906,
              43.074057959467105
            ],
            [
              -89.40596761749485,
              43.07405969105342
            ],
            [
              -89.40596717479508,
              43.07406138761675
            ],
            [
              -89.40596656913033,
              43.07406303305909
            ],
            [
              -89.40596580624755,
              43.074064611767454
            ],
            [
              -89.4059648933854,
              43.074066108762096
            ],
            [
              -89.40596383920573,
              43.07406750983863
            ],
            [
              -89.40596265371117,
              43.07406880170276
            ],
            [
              -89.40596134815048,
              43.0740699720965
            ],
            [
              -89.40595993491159,
              43.07407100991445
            ],
            [
              -89.40595842740417,
              43.07407190530914
            ],
            [
              -89.4059568399324,
              43.074072649784526
            ],
            [
              -89.40595518755916,
              43.07407323627657
            ],
            [
              -89.40595348596318,
              43.074073659220275
            ],
            [
              -89.40595175129025,
              43.074073914602494
            ],
            [
              -89.4059508521978,
              43.0740739584446
            ],
            [
              -89.40594999938533,
              43.07417714875525
            ],
            [
              -89.40594989847767,
              43.0741789090566
            ],
            [
              -89.40594962583064,
              43.07418065104019
            ],
            [
              -89.40594918406032,
              43.074182357991326
            ],
            [
              -89.4059485774056,
              43.0741840135315
            ],
            [
              -89.40594781168743,
              43.07418560177546
            ],
            [
              -89.40594689425302,
              43.074187107483716
            ],
            [
              -89.40594583390536,
              43.07418851620869
            ],
            [
              -89.40594464081867,
              43.074189814433396
            ],
            [
              -89.40594332644088,
              43.074190989701115
            ],
            [
              -89.40594190338366,
              43.07419203073491
            ],
            [
              -89.40594038530155,
              43.07419292754589
            ],
            [
              -89.40593878676083,
              43.074193671528946
            ],
            [
              -89.40593712309982,
              43.074194255545436
            ],
            [
              -89.40593541028167,
              43.0741946739916
            ],
            [
              -89.4059336647412,
              43.07419492285236
            ],
            [
              -89.40593190322721,
              43.07419499973986
            ],
            [
              -89.40576382847237,
              43.074194096112144
            ],
            [
              -89.40576299918372,
              43.07428117142079
            ],
            [
              -89.40576289685903,
              43.07428292417164
            ],
            [
              -89.40576262425976,
              43.07428465861551
            ],
            [
              -89.40576218397949,
              43.07428635825052
            ],
            [
              -89.40576158020713,
              43.07428800690598
            ],
            [
              -89.4057608186871,
              43.07428958889622
            ],
            [
              -89.40575990666467,
              43.074291089169854
            ],
            [
              -89.40575885281702,
              43.07429249345295
            ],
            [
              -89.40575766717068,
              43.07429378838485
            ],
            [
              -89.40575636100613,
              43.0742949616453
            ],
            [
              -89.40575494675053,
              43.07429600207165
            ],
            [
              -89.4057534378594,
              43.07429689976505
            ],
            [
              -89.40575184868865,
              43.074297646184654
            ],
            [
              -89.405750194358,
              43.07429823422887
            ],
            [
              -89.40574849060712,
              43.074298658302915
            ],
            [
              -89.40574675364584,
              43.07429891437206
            ],
            [
              -89.405745,
              43.074298999999996
            ],
            [
              -89.405601,
              43.074298999999996
            ],
            [
              -89.40560050019279,
              43.07429899305957
            ],
            [
              -89.40556475004809,
              43.074298
            ],
            [
              -89.405502,
              43.074298
            ],
            [
              -89.40550022373948,
              43.074297912143884
            ],
            [
              -89.40549846481844,
              43.07429764943318
            ],
            [
              -89.4054967404071,
              43.07429721443239
            ],
            [
              -89.40549506733882,
              43.07429661138793
            ],
            [
              -89.40549346194571,
              43.07429584618658
            ],
            [
              -89.4054919398993,
              43.07429492629807
            ],
            [
              -89.4054905160575,
              43.07429386070217
            ],
            [
              -89.40548920431952,
              43.074292659800996
            ],
            [
              -89.40548801749031,
              43.0742913353175
            ],
            [
              -89.40548696715543,
              43.074289900181
            ],
            [
              -89.405486063568,
              43.074288368401014
            ],
            [
              -89.40548531554872,
              43.074286754930455
            ],
            [
              -89.40548473039954,
              43.07428507551967
            ],
            [
              -89.40548431383259,
              43.07428334656273
            ],
            [
              -89.40548406991428,
              43.074281584937346
            ],
            [
              -89.40548400102573,
              43.074279807840135
            ],
            [
              -89.40548680948214,
              43.07401674908995
            ],
            [
              -89.4050727500241,
              43.07401099826414
            ],
            [
              -89.40507102574482,
              43.074010891403425
            ],
            [
              -89.40506931965159,
              43.07401061973427
            ],
            [
              -89.40506764746024,
              43.07401018575917
            ],
            [
              -89.40506602457435,
              43.07400959347574
            ],
            [
              -89.4050644659433,
              43.07400884833986
            ],
            [
              -89.40506298592456,
              43.074007957215414
            ],
            [
              -89.40506159815146,
              43.07400692831109
            ],
            [
              -89.40506031540762,
              43.074005771104744
            ],
            [
              -89.40505914950919,
              43.074004496256094
            ],
            [
              -89.40505811119591,
              43.07400311550854
            ],
            [
              -89.40505721003235,
              43.07400164158096
            ],
            [
              -89.40505645431965,
              43.07400008805061
            ],
            [
              -89.40505585101911,
              43.07399846922797
            ],
            [
              -89.40505540568813,
              43.07399680002499
            ],
            [
              -89.4050551224289,
              43.07399509581771
            ],
            [
              -89.4050550038507,
              43.07399337230459
            ],
            [
              -89.40505505104584,
              43.07399164536195
            ],
            [
              -89.40505761534055,
              43.07395766845692
            ],
            [
              -89.40503667011437,
              43.073957307332336
            ],
            [
              -89.40503599887933,
              43.07399422525988
            ],
            [
              -89.4050349995778,
              43.07414012328478
            ],
            [
              -89.40503490070002,
              43.07414188810464
            ],
            [
              -89.4050346292039,
              43.074143634717316
            ],
            [
              -89.40503418770753,
              43.07414534628003
            ],
            [
              -89.40503358046828,
              43.074147006288
            ],
            [
              -89.40503281334185,
              43.07414859873361
            ],
            [
              -89.4050318937257,
              43.07415010826072
            ],
            [
              -89.40503083048779,
              43.07415152031282
            ],
            [
              -89.40502963388104,
              43.07415282127333
            ],
            [
              -89.40502831544445,
              43.074153998596955
            ],
            [
              -89.40502688789185,
              43.07415504093065
            ],
            [
              -89.40502536498927,
              43.07415593822307
            ],
            [
              -89.40502376142221,
              43.074156681821535
            ],
            [
              -89.40502209265406,
              43.074157264555446
            ],
            [
              -89.40502037477691,
              43.074157680805435
            ],
            [
              -89.40501862435643,
              43.07415792655757
            ],
            [
              -89.4050168582721,
              43.07415799944202
            ],
            [
              -89.40488992913492,
              43.074157
            ],
            [
              -89.404841,
              43.074157
            ],
            [
              -89.40483922724215,
              43.074156912490885
            ],
            [
              -89.40483747172125,
              43.0741566508144
            ],
            [
              -89.40483575050662,
              43.0741562175149
            ],
            [
              -89.40483408033406,
              43.07415561680545
            ],
            [
              -89.40483247744304,
              43.07415485452688
            ],
            [
              -89.40483095741884,
              43.07415393809103
            ],
            [
              -89.40482953504102,
              43.0741528764086
            ],
            [
              -89.40482822413969,
              43.074151679802576
            ],
            [
              -89.40482703746106,
              43.074150359907854
            ],
            [
              -89.40482598654349,
              43.07414892955808
            ],
            [
              -89.40482508160528,
              43.07414740266087
            ],
            [
              -89.40482433144538,
              43.07414579406261
            ],
            [
              -89.40482374335775,
              43.07414411940408
            ],
            [
              -89.40482332306051,
              43.07414239496838
            ],
            [
              -89.40482307464032,
              43.07414063752261
            ],
            [
              -89.40482300051262,
              43.07413886415482
            ],
            [
              -89.40482700051261,
              43.073608864154814
            ],
            [
              -89.40482710061606,
              43.073607099459366
            ],
            [
              -89.40482737331436,
              43.07360535308988
            ],
            [
              -89.40482781597801,
              43.07360364188574
            ],
            [
              -89.40482842433863,
              43.07360198234722
            ],
            [
              -89.40482919253012,
              43.07360039047644
            ],
            [
              -89.40483011314515,
              43.07359888162301
            ],
            [
              -89.40483117730672,
              43.073597470336054
            ],
            [
              -89.40483237475364,
              43.0735961702239
            ],
            [
              -89.40483369393954,
              43.0735949938229
            ],
            [
              -89.40483512214414,
              43.07359395247649
            ],
            [
              -89.40483664559599,
              43.07359305622586
            ],
            [
              -89.40483824960519,
              43.073592313713114
            ],
            [
              -89.40483991870511,
              43.07359173209792
            ],
            [
              -89.40484163680141,
              43.07359131698851
            ],
            [
              -89.40484338732736,
              43.07359107238758
            ],
            [
              -89.40484515340351,
              43.07359100065369
            ],
            [
              -89.40519707670363,
              43.073594
            ],
            [
              -89.405373,
              43.073594
            ],
            [
              -89.40537322220528,
              43.07359400137158
            ],
            [
              -89.40545414632972,
              43.07359500043485
            ],
            [
              -89.40596507044955,
              43.07359700013786
            ],
            [
              -89.40596683967262,
              43.07359709425777
            ],
            [
              -89.40596859107237,
              43.07359736185386
            ],
            [
              -89.40597030768075,
              43.07359780033357
            ],
            [
              -89.40597197286674,
              43.0735984054488
            ],
            [
              -89.4059735704975,
              43.073599171336994
            ],
            [
              -89.40597508509472,
              43.073600090578
            ],
            [
              -89.40597650198454,
              43.07360115426594
            ],
            [
              -89.4059778074397,
              43.07360235209549
            ],
            [
              -89.40597898881255,
              43.073603672461715
            ],
            [
              -89.4059800346576,
              43.073605102572515
            ],
            [
              -89.4059809348424,
              43.073606628572556
            ],
            [
              -89.4059816806457,
              43.073608235677476
            ],
            [
              -89.4059822648419,
              43.07360990831718
            ],
            [
              -89.40598268177116,
              43.07361163028663
            ],
            [
              -89.40598292739415,
              43.07361338490286
            ],
            [
              -89.40598299933119,
              43.07361515516664
            ],
            [
              -89.40598199933119,
              43.07373115516665
            ],
            [
              -89.40598189848164,
              43.073732909019384
            ],
            [
              -89.40598162714518,
              43.0737346446883
            ],
            [
              -89.40598118790635,
              43.073736345640775
            ],
            [
              -89.40598058494899,
              43.07373799567487
            ],
            [
              -89.40597982401641,
              43.07373957907364
            ],
            [
              -89.40597891235666,
              43.07374108075488
            ],
            [
              -89.40597785865347,
              43.07374248641475
            ],
            [
              -89.40597667294362,
              43.07374378266404
            ],
            [
              -89.40597536652125,
              43.07374495715568
            ],
            [
              -89.40597395183029,
              43.07374599870241
            ],
            [
              -89.405972442346,
              43.073746897383245
            ],
            [
              -89.40597090019288,
              43.073747622197224
            ]
          ]
        ]
      },
      "properties": {
        "building": "university",
        "name": "Chamberlin Hall",
        "@id": "way/39201159",
        "addr:street": "University Avenue",
        "addr:housenumber": "1150",
        "person_counts": [
          0,
          0,
          0,
          0,
          0,
          0,
          0,
          0,
          0,
          0,
          0,
          0,
          0,
          0,
          0,
          0,
          0,
          0,
          0,
          0,
          0,
          0,
          0,
          0,
          0,
          0,
          0,
          0,
          0,
          0,
          0,
          0,
          0,
          0,
          0,
          0,
          0,
          0,
          0,
          283,
          283,
          283,
          283,
          283,
          283,
          283,
          283,
          283,
          283,
          283,
          0,
          0,
          220,
          220,
          220,
          220,
          220,
          220,
          220,
          220,
          220,
          220,
          220,
          0,
          0,
          0,
          0,
          192,
          192,
          192,
          192,
          192,
          192,
          192,
          192,
          192,
          192,
          192,
          0,
          0,
          40,
          40,
          40,
          40,
          40,
          40,
          40,
          40,
          40,
          40,
          40,
          40,
          40,
          40,
          40,
          40,
          40,
          40,
          40,
          40,
          40,
          40,
          40,
          40,
          0,
          0,
          46,
          46,
          46,
          46,
          46,
          46,
          46,
          46,
          46,
          46,
          46,
          46,
          46,
          46,
          46,
          46,
          46,
          46,
          46,
          46,
          46,
          46,
          46,
          46,
          0,
          0,
          0,
          0,
          0,
          0,
          38,
          38,
          38,
          38,
          38,
          38,
          38,
          38,
          38,
          38,
          38,
          38,
          38,
          38,
          38,
          38,
          38,
          38,
          38,
          38,
          38,
          38,
          38
        ],
        "instructor_counts": [
          0,
          0,
          0,
          0,
          0,
          0,
          0,
          0,
          0,
          0,
          0,
          0,
          0,
          0,
          0,
          0,
          0,
          0,
          0,
          0,
          0,
          0,
          0,
          0,
          0,
          0,
          0,
          0,
          0,
          0,
          0,
          0,
          0,
          0,
          0,
          0,
          0,
          0,
          0,
          3,
          3,
          3,
          3,
          3,
          3,
          3,
          3,
          3,
          3,
          3,
          0,
          0,
          3,
          3,
          3,
          3,
          3,
          3,
          3,
          3,
          3,
          3,
          3,
          0,
          0,
          0,
          0,
          3,
          3,
          3,
          3,
          3,
          3,
          3,
          3,
          3,
          3,
          3,
          0,
          0,
          2,
          2,
          2,
          2,
          2,
          2,
          2,
          2,
          2,
          2,
          2,
          2,
          2,
          2,
          2,
          2,
          2,
          2,
          2,
          2,
          2,
          2,
          2,
          2,
          0,
          0,
          2,
          2,
          2,
          2,
          2,
          2,
          2,
          2,
          2,
          2,
          2,
          2,
          2,
          2,
          2,
          2,
          2,
          2,
          2,
          2,
          2,
          2,
          2,
          2,
          0,
          0,
          0,
          0,
          0,
          0,
          2,
          2,
          2,
          2,
          2,
          2,
          2,
          2,
          2,
          2,
          2,
          2,
          2,
          2,
          2,
          2,
          2,
          2,
          2,
          2,
          2,
          2,
          2
        ]
      }
    },
    {
      "type": "Feature",
      "geometry": {
        "type": "Polygon",
        "coordinates": [
          [
            [
              -89.40264599775666,
              43.07555028417511
            ],
            [
              -89.40264299775666,
              43.07574028417511
            ],
            [
              -89.40264288524959,
              43.07574202924791
            ],
            [
              -89.40264260394017,
              43.07574375516851
            ],
            [
              -89.40264215648341,
              43.07574544564754
            ],
            [
              -89.40264154710243,
              43.07574708473013
            ],
            [
              -89.40264078154864,
              43.075748656946494
            ],
            [
              -89.40263986704737,
              43.07575014745793
            ],
            [
              -89.40263881222977,
              43.07575154219688
            ],
            [
              -89.40263762705128,
              43.07575282799969
            ],
            [
              -89.40263632269772,
              43.07575399273085
            ],
            [
              -89.40263491147965,
              43.07575502539754
            ],
            [
              -89.40263340671628,
              43.07575591625337
            ],
            [
              -89.40263182260968,
              43.075756656890384
            ],
            [
              -89.40263017411075,
              43.07575724031838
            ],
            [
              -89.40262847677819,
              43.075757661030934
            ],
            [
              -89.40262674663151,
              43.07575791505731
            ],
            [
              -89.40262571710672,
              43.07575796512546
            ],
            [
              -89.40262299773285,
              43.0759292856783
            ],
            [
              -89.4026228840731,
              43.07593103959044
            ],
            [
              -89.40262259990051,
              43.07593277405642
            ],
            [
              -89.40262214792448,
              43.07593447253927
            ],
            [
              -89.40262153245429,
              43.07593611884506
            ],
            [
              -89.40262075935806,
              43.07593769727736
            ],
            [
              -89.40261983600674,
              43.075939192786855
            ],
            [
              -89.40261877120388,
              43.07594059111486
            ],
            [
              -89.40261757510167,
              43.075941878929214
            ],
            [
              -89.40261625910416,
              43.07594304395148
            ],
            [
              -89.40261483575853,
              43.075944075073934
            ],
            [
              -89.40261331863542,
              43.0759449624655
            ],
            [
              -89.40261172219961,
              43.075945697665475
            ],
            [
              -89.40261006167206,
              43.07594627366423
            ],
            [
              -89.4026083528848,
              43.07594668496999
            ],
            [
              -89.40260661213,
              43.07594692766122
            ],
            [
              -89.4026048560046,
              43.075946999424026
            ],
            [
              -89.40247992800123,
              43.075945999999995
            ],
            [
              -89.402419,
              43.075945999999995
            ],
            [
              -89.40241723569147,
              43.07594591332508
            ],
            [
              -89.4024154883742,
              43.07594565413505
            ],
            [
              -89.40241377487581,
              43.07594522492604
            ],
            [
              -89.40241211169821,
              43.07594462983158
            ],
            [
              -89.40241051485873,
              43.075943874582755
            ],
            [
              -89.4024089997358,
              43.07594296645302
            ],
            [
              -89.40240758092088,
              43.07594191418816
            ],
            [
              -89.40240627207794,
              43.07594072792206
            ],
            [
              -89.40240508581184,
              43.07593941907911
            ],
            [
              -89.40240403354697,
              43.075938000264195
            ],
            [
              -89.40240312541724,
              43.07593648514126
            ],
            [
              -89.4024023701684,
              43.07593488830178
            ],
            [
              -89.40240177507395,
              43.07593322512419
            ],
            [
              -89.40240171868328,
              43.075933
            ],
            [
              -89.402361,
              43.075933
            ],
            [
              -89.4023604931588,
              43.07593299286281
            ],
            [
              -89.40228974652898,
              43.075931
            ],
            [
              -89.402205,
              43.075931
            ],
            [
              -89.40220460878808,
              43.0759309957482
            ],
            [
              -89.40217640375914,
              43.0759303825954
            ],
            [
              -89.40217399022654,
              43.07600359308439
            ],
            [
              -89.40217384947498,
              43.076005322981494
            ],
            [
              -89.40217354276986,
              43.07600703128093
            ],
            [
              -89.40217307296273,
              43.07600870209997
            ],
            [
              -89.40217244442157,
              43.07601031990434
            ],
            [
              -89.40217166299017,
              43.0760118696527
            ],
            [
              -89.40217073593382,
              43.07601333693643
            ],
            [
              -89.40216967187172,
              43.0760147081136
            ],
            [
              -89.40216848069686,
              43.07601597043585
            ],
            [
              -89.40216717348407,
              43.07601711216687
            ],
            [
              -89.40216576238703,
              43.07601812269155
            ],
            [
              -89.40216426052524,
              43.076018992614635
            ],
            [
              -89.40216268186211,
              43.07601971384811
            ],
            [
              -89.4021610410751,
              43.0760202796864
            ],
            [
              -89.40215935341924,
              43.07602068486866
            ],
            [
              -89.40215763458531,
              43.076020925627766
            ],
            [
              -89.402155900554,
              43.07602099972529
            ],
            [
              -89.401974900554,
              43.07601999972529
            ],
            [
              -89.4019731250319,
              43.07601990208074
            ],
            [
              -89.40197136780817,
              43.07601962972441
            ],
            [
              -89.4019696460321,
              43.07601918531431
            ],
            [
              -89.40196797650701,
              43.076018573187575
            ],
            [
              -89.40196637552629,
              43.07601779931813
            ],
            [
              -89.4019648587144,
              43.076016871258396
            ],
            [
              -89.40196344087434,
              43.0760157980656
            ],
            [
              -89.40196213584326,
              43.07601459021333
            ],
            [
              -89.40196095635736,
              43.07601325948941
            ],
            [
              -89.40195991392757,
              43.076011818880744
            ],
            [
              -89.4019590187273,
              43.076010282446674
            ],
            [
              -89.40195827949304,
              43.076008665181725
            ],
            [
              -89.40195770343924,
              43.07600698286927
            ],
            [
              -89.40195729618776,
              43.0760052519275
            ],
            [
              -89.40195706171309,
              43.076003489249196
            ],
            [
              -89.40195700230355,
              43.076001712036856
            ],
            [
              -89.40196100230355,
              43.075751712036855
            ],
            [
              -89.40196101329886,
              43.075751308203806
            ],
            [
              -89.4019613190007,
              43.07574335995583
            ],
            [
              -89.40196072166928,
              43.0757432086962
            ],
            [
              -89.40195904323357,
              43.075742601307205
            ],
            [
              -89.40195743320751,
              43.07574183066854
            ],
            [
              -89.40195590742337,
              43.07574090435833
            ],
            [
              -89.40195448088501,
              43.075739831485464
            ],
            [
              -89.40195316762038,
              43.07573862260009
            ],
            [
              -89.40195198054349,
              43.075737289589846
            ],
            [
              -89.40195093132752,
              43.07573584556294
            ],
            [
              -89.40195003028998,
              43.07573430471926
            ],
            [
              -89.40194928629128,
              43.07573268221078
            ],
            [
              -89.40194870664754,
              43.07573099399249
            ],
            [
              -89.40194829705874,
              43.075729256665554
            ],
            [
              -89.40194806155256,
              43.07572748731406
            ],
            [
              -89.40194800244485,
              43.07572570333701
            ],
            [
              -89.40195100244485,
              43.075543703337004
            ],
            [
              -89.40195111736615,
              43.07554194782868
            ],
            [
              -89.40195140311168,
              43.07554021192377
            ],
            [
              -89.40195185695181,
              43.07553851220453
            ],
            [
              -89.40195247455127,
              43.07553686490756
            ],
            [
              -89.40195325001038,
              43.07553528576871
            ],
            [
              -89.40195417592157,
              43.075533789872715
            ],
            [
              -89.40195524344009,
              43.07553239150917
            ],
            [
              -89.4019564423684,
              43.07553110403596
            ],
            [
              -89.40195776125373,
              43.075529939751696
            ],
            [
              -89.40195918749741,
              43.075528909778235
            ],
            [
              -89.40196070747521,
              43.07552802395441
            ],
            [
              -89.40196230666753,
              43.07552729074207
            ],
            [
              -89.40196396979802,
              43.07552671714526
            ],
            [
              -89.40196568097963,
              43.07552630864325
            ],
            [
              -89.40196742386624,
              43.07552606913827
            ],
            [
              -89.4019691818089,
              43.0755260009182
            ],
            [
              -89.4021671818089,
              43.075528000918204
            ],
            [
              -89.40216893385488,
              43.0755281041847
            ],
            [
              -89.40217066751534,
              43.07552837759008
            ],
            [
              -89.40217236630802,
              43.07552881853504
            ],
            [
              -89.40217401408222,
              43.07552942282742
            ],
            [
              -89.40217559517221,
              43.075530184722105
            ],
            [
              -89.40217709454627,
              43.075531096975624
            ],
            [
              -89.40217849794958,
              43.075532150914995
            ],
            [
              -89.40217979203972,
              43.07553333652023
            ],
            [
              -89.40218096451353,
              43.07553464251956
            ],
            [
              -89.40218200422407,
              43.07553605649659
            ],
            [
              -89.40218290128664,
              43.07553756500838
            ],
            [
              -89.40218364717266,
              43.07553915371323
            ],
            [
              -89.40218423479088,
              43.07554080750702
            ],
            [
              -89.4021846585547,
              43.075542510666814
            ],
            [
              -89.40218476239181,
              43.07554321527609
            ],
            [
              -89.40224910975235,
              43.075544
            ],
            [
              -89.402311,
              43.075544
            ],
            [
              -89.40231135992802,
              43.07554400359892
            ],
            [
              -89.40236117998201,
              43.075545000000005
            ],
            [
              -89.40241227059748,
              43.075545000000005
            ],
            [
              -89.40241235031274,
              43.07554446608719
            ],
            [
              -89.40241278500056,
              43.075542742263345
            ],
            [
              -89.40241338761552,
              43.07554106972713
            ],
            [
              -89.40241415227926,
              43.07553946479363
            ],
            [
              -89.40241507153274,
              43.0755379431185
            ],
            [
              -89.40241613640892,
              43.0755365195452
            ],
            [
              -89.40241733652023,
              43.07553520796028
            ],
            [
              -89.40241866015995,
              43.07553402115784
            ],
            [
              -89.40242009441641,
              43.07553297071479
            ],
            [
              -89.40242162529884,
              43.07553206687788
            ],
            [
              -89.40242323787395,
              43.07553131846376
            ],
            [
              -89.40242491641155,
              43.07553073277299
            ],
            [
              -89.40242664453802,
              43.075530315518805
            ],
            [
              -89.40242840539602,
              43.0755300707714
            ],
            [
              -89.4024301818089,
              43.0755300009182
            ],
            [
              -89.40262818180891,
              43.0755320009182
            ],
            [
              -89.40262995151281,
              43.07553210610166
            ],
            [
              -89.40263170228636,
              43.07553238486231
            ],
            [
              -89.40263341714639,
              43.07553283449607
            ],
            [
              -89.40263507945818,
              43.075533450641345
            ],
            [
              -89.40263667309671,
              43.07553422732129
            ],
            [
              -89.4026381826031,
              43.07553515700184
            ],
            [
              -89.40263959333461,
              43.07553623066477
            ],
            [
              -89.40264089160664,
              43.07553743789515
            ],
            [
              -89.4026420648255,
              43.075538766982426
            ],
            [
              -89.40264310161054,
              43.075540205033974
            ],
            [
              -89.40264399190457,
              43.07554173810019
            ],
            [
              -89.40264472707143,
              43.075543351309776
            ],
            [
              -89.40264529997972,
              43.07554502901402
            ],
            [
              -89.40264570507206,
              43.075546754938614
            ],
            [
              -89.40264593841889,
              43.07554851234145
            ],
            [
              -89.40264599775666,
              43.07555028417511
            ]
          ]
        ]
      },
      "properties": {
        "building": "university",
        "name": "Education Building",
        "@id": "way/37751914",
        "addr:street": "Bascom Mall",
        "addr:housenumber": "1000",
        "person_counts": [
          0,
          0,
          0,
          0,
          0,
          0,
          0,
          0,
          0,
          0,
          0,
          0,
          0,
          0,
          0,
          0,
          0,
          0,
          0,
          0,
          0,
          0,
          0,
          0,
          0,
          0,
          13,
          13,
          13,
          13,
          13,
          13,
          13,
          13,
          13,
          13,
          13,
          0,
          0,
          0,
          0,
          0,
          0,
          0,
          0,
          0,
          0,
          0,
          0,
          0,
          0,
          0,
          0,
          0,
          0,
          0,
          0,
          0,
          0,
          0,
          0,
          0,
          0,
          7,
          7,
          7,
          7,
          7,
          7,
          7,
          7,
          7,
          7,
          7,
          7,
          7,
          7,
          7,
          7,
          0,
          0,
          9,
          9,
          9,
          9,
          9,
          9,
          9,
          9,
          9,
          9,
          9,
          9,
          9,
          9,
          9,
          9,
          0,
          0,
          4,
          4,
          4,
          4,
          4,
          4,
          4,
          4,
          4,
          4,
          4,
          4,
          4,
          4,
          4,
          4,
          0,
          0,
          0,
          0,
          0,
          0,
          0,
          0,
          0,
          0,
          0,
          0,
          0,
          0,
          0,
          0,
          0,
          0,
          0,
          0,
          0,
          0,
          0,
          0,
          0,
          0,
          0,
          0,
          0,
          0,
          0,
          0,
          0,
          0,
          0,
          0,
          0,
          0,
          0,
          0,
          0,
          0,
          0,
          0
        ],
        "instructor_counts": [
          0,
          0,
          0,
          0,
          0,
          0,
          0,
          0,
          0,
          0,
          0,
          0,
          0,
          0,
          0,
          0,
          0,
          0,
          0,
          0,
          0,
          0,
          0,
          0,
          0,
          0,
          1,
          1,
          1,
          1,
          1,
          1,
          1,
          1,
          1,
          1,
          1,
          0,
          0,
          0,
          0,
          0,
          0,
          0,
          0,
          0,
          0,
          0,
          0,
          0,
          0,
          0,
          0,
          0,
          0,
          0,
          0,
          0,
          0,
          0,
          0,
          0,
          0,
          2,
          2,
          2,
          2,
          2,
          2,
          2,
          2,
          2,
          2,
          2,
          2,
          2,
          2,
          2,
          2,
          0,
          0,
          2,
          2,
          2,
          2,
          2,
          2,
          2,
          2,
          2,
          2,
          2,
          2,
          2,
          2,
          2,
          2,
          0,
          0,
          2,
          2,
          2,
          2,
          2,
          2,
          2,
          2,
          2,
          2,
          2,
          2,
          2,
          2,
          2,
          2,
          0,
          0,
          0,
          0,
          0,
          0,
          0,
          0,
          0,
          0,
          0,
          0,
          0,
          0,
          0,
          0,
          0,
          0,
          0,
          0,
          0,
          0,
          0,
          0,
          0,
          0,
          0,
          0,
          0,
          0,
          0,
          0,
          0,
          0,
          0,
          0,
          0,
          0,
          0,
          0,
          0,
          0,
          0,
          0
        ]
      }
    },
    {
      "type": "Feature",
      "geometry": {
        "type": "Polygon",
        "coordinates": [
          [
            [
              -89.403485820009,
              43.073825999100066
            ],
            [
              -89.40328582000899,
              43.073823999100064
            ],
            [
              -89.40328406783962,
              43.07382389599833
            ],
            [
              -89.40328233404205,
              43.07382362273396
            ],
            [
              -89.40328063510194,
              43.07382318190527
            ],
            [
              -89.40327898717352,
              43.073822577703844
            ],
            [
              -89.40327740592598,
              43.07382181587468
            ],
            [
              -89.4032759063945,
              43.07382090366156
            ],
            [
              -89.40327450283723,
              43.07381984973821
            ],
            [
              -89.4032732085998,
              43.073818664125746
            ],
            [
              -89.40327203598834,
              43.073817358097486
            ],
            [
              -89.40327099615254,
              43.07381594407168
            ],
            [
              -89.4032700989796,
              43.073814435493496
            ],
            [
              -89.40326935300021,
              43.073812846707106
            ],
            [
              -89.40326876530744,
              43.07381119281936
            ],
            [
              -89.40326834148935,
              43.07380948955612
            ],
            [
              -89.40326808557576,
              43.073807753112725
            ],
            [
              -89.403268,
              43.073806
            ],
            [
              -89.403268,
              43.07380190649414
            ],
            [
              -89.403112,
              43.073801093994135
            ],
            [
              -89.403112,
              43.073828
            ],
            [
              -89.4031119120956,
              43.073829776747395
            ],
            [
              -89.40311164924096,
              43.07383153614102
            ],
            [
              -89.40311121400345,
              43.07383326099661
            ],
            [
              -89.40311061063407,
              43.07383493446722
            ],
            [
              -89.40310984502604,
              43.073836540207814
            ],
            [
              -89.40310892465718,
              43.07383806253487
            ],
            [
              -89.40310785851686,
              43.07383948657957
            ],
            [
              -89.40310665701826,
              43.07384079843306
            ],
            [
              -89.40310533189657,
              43.073841985282264
            ],
            [
              -89.40310389609449,
              43.073843035535035
            ],
            [
              -89.40310236363571,
              43.073843938933386
            ],
            [
              -89.403100749488,
              43.0738446866537
            ],
            [
              -89.40309906941698,
              43.07384527139286
            ],
            [
              -89.40309733983219,
              43.073845687439636
            ],
            [
              -89.40309557762673,
              43.073845930730435
            ],
            [
              -89.40309380001234,
              43.07384599888899
            ],
            [
              -89.40300390000276,
              43.073845
            ],
            [
              -89.402926,
              43.073845
            ],
            [
              -89.40292421187571,
              43.073844910963444
            ],
            [
              -89.40292244144126,
              43.07384464473462
            ],
            [
              -89.40292070621146,
              43.07384420394731
            ],
            [
              -89.40291902335284,
              43.0738435929622
            ],
            [
              -89.40291740951385,
              43.07384281782374
            ],
            [
              -89.4029158806601,
              43.07384188620033
            ],
            [
              -89.40291445191649,
              43.07384080730848
            ],
            [
              -89.40291313741749,
              43.07383959182161
            ],
            [
              -89.4029119501674,
              43.07383825176447
            ],
            [
              -89.40291090191158,
              43.07383680039419
            ],
            [
              -89.40291000302041,
              43.073835252069095
            ],
            [
              -89.40290926238657,
              43.07383362210668
            ],
            [
              -89.4029086873371,
              43.0738319266321
            ],
            [
              -89.40290828356096,
              43.0738301824186
            ],
            [
              -89.40290805505268,
              43.073828406721574
            ],
            [
              -89.40290800407286,
              43.07382661710793
            ],
            [
              -89.40290861706497,
              43.07379780647937
            ],
            [
              -89.40275515456149,
              43.073796182537535
            ],
            [
              -89.40275497962648,
              43.07379985617269
            ],
            [
              -89.40275481520574,
              43.07380157263382
            ],
            [
              -89.40275448729896,
              43.07380326548649
            ],
            [
              -89.4027539989153,
              43.07380491919577
            ],
            [
              -89.40275335453653,
              43.07380651858597
            ],
            [
              -89.40275256007597,
              43.073808048979835
            ],
            [
              -89.40275162282418,
              43.07380949633332
            ],
            [
              -89.40275055138213,
              43.07381084736437
            ],
            [
              -89.40274935558217,
              43.07381208967491
            ],
            [
              -89.4027480463979,
              43.07381321186453
            ],
            [
              -89.4027466358434,
              43.07381420363516
            ],
            [
              -89.40274513686299,
              43.07381505588555
            ],
            [
              -89.40274356321247,
              43.073815760794794
            ],
            [
              -89.40274192933288,
              43.073816311894106
            ],
            [
              -89.40274025021793,
              43.07381670412617
            ],
            [
              -89.40273854127648,
              43.07381693389157
            ],
            [
              -89.4027368181911,
              43.0738169990818
            ],
            [
              -89.4025388181911,
              43.0738149990818
            ],
            [
              -89.40253704678044,
              43.07381489371212
            ],
            [
              -89.40253529435337,
              43.0738146144311
            ],
            [
              -89.40253357794197,
              43.07381416395312
            ],
            [
              -89.40253191422825,
              43.07381354665642
            ],
            [
              -89.40253031938208,
              43.07381276854059
            ],
            [
              -89.40252880890398,
              43.07381183716826
            ],
            [
              -89.40252739747449,
              43.07381076159153
            ],
            [
              -89.40252609881145,
              43.073809552264095
            ],
            [
              -89.40252492553677,
              43.073808220939554
            ],
            [
              -89.40252388905363,
              43.07380678055723
            ],
            [
              -89.40252299943577,
              43.07380524511638
            ],
            [
              -89.4025222653295,
              43.07380362954017
            ],
            [
              -89.40252169386967,
              43.07380194953059
            ],
            [
              -89.40252129061041,
              43.073800221415866
            ],
            [
              -89.40252105947103,
              43.07379846199178
            ],
            [
              -89.402521002698,
              43.07379668835841
            ],
            [
              -89.40252500269798,
              43.07356568835841
            ],
            [
              -89.40252511896625,
              43.073563933933166
            ],
            [
              -89.40252540585082,
              43.07356219922181
            ],
            [
              -89.40252586061432,
              43.07356050077652
            ],
            [
              -89.40252647891752,
              43.07355885480344
            ],
            [
              -89.40252725486071,
              43.073557277008014
            ],
            [
              -89.40252818104005,
              43.07355578244518
            ],
            [
              -89.40252924861818,
              43.07355438537567
            ],
            [
              -89.40253044740851,
              43.07355309912999
            ],
            [
              -89.40253176597251,
              43.07355193598114
            ],
            [
              -89.40253319172876,
              43.07355090702762
            ],
            [
              -89.40253471107306,
              43.073550022087424
            ],
            [
              -89.4025363095082,
              43.07354928960444
            ],
            [
              -89.40253797178234,
              43.07354871656784
            ],
            [
              -89.40253968203446,
              43.07354830844538
            ],
            [
              -89.40254142394576,
              43.07354806913128
            ],
            [
              -89.40254318089538,
              43.073548000909
            ],
            [
              -89.40274218089539,
              43.073550000909
            ],
            [
              -89.40274393300336,
              43.0735501040927
            ],
            [
              -89.40274566673273,
              43.07355037742723
            ],
            [
              -89.4027473655995,
              43.07355081831376
            ],
            [
              -89.4027490134512,
              43.07355142256044
            ],
            [
              -89.40275059462036,
              43.073552184422205
            ],
            [
              -89.40275209407352,
              43.07355309665542
            ],
            [
              -89.4027534975542,
              43.073554150586745
            ],
            [
              -89.40275479171835,
              43.07355533619562
            ],
            [
              -89.40275596426133,
              43.07355664220948
            ],
            [
              -89.40275700403483,
              43.07355805621102
            ],
            [
              -89.40275790115284,
              43.07355956475618
            ],
            [
              -89.40275864708579,
              43.073561153502006
            ],
            [
              -89.40275923474147,
              43.07356280734301
            ],
            [
              -89.40275965853256,
              43.07356451055478
            ],
            [
              -89.40275991442975,
              43.073566246943535
            ],
            [
              -89.40276,
              43.073568
            ],
            [
              -89.40276,
              43.07357325173585
            ],
            [
              -89.40302616084303,
              43.07357700048012
            ],
            [
              -89.40327200337667,
              43.07357793170184
            ],
            [
              -89.40327208778108,
              43.073576224496364
            ],
            [
              -89.40327235026813,
              43.07357446631001
            ],
            [
              -89.403272784901,
              43.07357274258935
            ],
            [
              -89.40327338744054,
              43.07357107014659
            ],
            [
              -89.40327415200989,
              43.07356946529382
            ],
            [
              -89.40327507115185,
              43.07356794368391
            ],
            [
              -89.40327613590163,
              43.073566520157804
            ],
            [
              -89.40327733587425,
              43.073565208599796
            ],
            [
              -89.40327865936581,
              43.073564021802106
            ],
            [
              -89.40328009346771,
              43.07356297134011
            ],
            [
              -89.40328162419252,
              43.07356206745943
            ],
            [
              -89.40328323661035,
              43.07356131897603
            ],
            [
              -89.40328491499459,
              43.07356073319022
            ],
            [
              -89.40328664297519,
              43.07356031581541
            ],
            [
              -89.40328840369837,
              43.07356007092247
            ],
            [
              -89.403290179991,
              43.07356000089993
            ],
            [
              -89.40349017999101,
              43.07356200089993
            ],
            [
              -89.40349195178,
              43.0735621061308
            ],
            [
              -89.40349370459148,
              43.07356238534695
            ],
            [
              -89.40349542138257,
              43.07356283583351
            ],
            [
              -89.40349708546059,
              43.073563453210326
            ],
            [
              -89.4034986806454,
              43.07356423147453
            ],
            [
              -89.40350019142674,
              43.07356516305891
            ],
            [
              -89.40350160311505,
              43.073566238905514
            ],
            [
              -89.40350290198418,
              43.073567448553696
            ],
            [
              -89.40350407540502,
              43.07356878024183
            ],
            [
              -89.4035051119682,
              43.07357022102167
            ],
            [
              -89.40350600159502,
              43.073571756884256
            ],
            [
              -89.40350673563546,
              43.07357337289613
            ],
            [
              -89.40350730695235,
              43.07357505334452
            ],
            [
              -89.40350770999065,
              43.07357678189012
            ],
            [
              -89.40350794083156,
              43.07357854172597
            ],
            [
              -89.40350799723056,
              43.073580315740884
            ],
            [
              -89.40350399723056,
              43.073808315740884
            ],
            [
              -89.40350388059866,
              43.0738100698289
            ],
            [
              -89.40350359341522,
              43.073811804174156
            ],
            [
              -89.4035031384195,
              43.07381350223383
            ],
            [
              -89.4035025199514,
              43.07381514781124
            ],
            [
              -89.40350174391013,
              43.073816725210264
            ],
            [
              -89.40350081769779,
              43.07381821938512
            ],
            [
              -89.40349975014897,
              43.073819616083824
            ],
            [
              -89.4034985514463,
              43.07382090198418
            ],
            [
              -89.40349723302346,
              43.07382206482079
            ],
            [
              -89.40349580745604,
              43.07382309350212
            ],
            [
              -89.40349428834158,
              43.073823978216225
            ],
            [
              -89.40349269016997,
              43.073824710524406
            ],
            [
              -89.40349102818512,
              43.07382528344163
            ],
            [
              -89.40348931823965,
              43.0738256915032
            ],
            [
              -89.40348757664361,
              43.07382593081691
            ],
            [
              -89.403485820009,
              43.073825999100066
            ]
          ]
        ]
      },
      "properties": {
        "building": "university",
        "name": "Lathrop Hall",
        "@id": "way/39201161",
        "addr:street": "University Avenue",
        "addr:housenumber": "1050",
        "person_counts": [
          0,
          0,
          0,
          0,
          0,
          0,
          0,
          0,
          0,
          0,
          0,
          0,
          0,
          0,
          0,
          0,
          0,
          0,
          0,
          0,
          0,
          0,
          0,
          0,
          0,
          0,
          0,
          0,
          0,
          0,
          0,
          0,
          0,
          0,
          0,
          0,
          0,
          0,
          0,
          0,
          0,
          0,
          0,
          0,
          0,
          0,
          0,
          0,
          0,
          0,
          0,
          0,
          0,
          0,
          0,
          0,
          0,
          0,
          0,
          0,
          0,
          0,
          0,
          0,
          0,
          0,
          0,
          19,
          19,
          19,
          19,
          19,
          19,
          19,
          19,
          19,
          19,
          19,
          0,
          0,
          0,
          0,
          0,
          0,
          0,
          0,
          0,
          0,
          0,
          0,
          0,
          0,
          0,
          0,
          0,
          0,
          0,
          0,
          0,
          0,
          0,
          0,
          0,
          0,
          0,
          0,
          0,
          0,
          0,
          0,
          0,
          0,
          0,
          0,
          0,
          0,
          0,
          0,
          0,
          0,
          0,
          0,
          0,
          0,
          0,
          0,
          0,
          0,
          0,
          0,
          0,
          0,
          0,
          0,
          0,
          0,
          0,
          0,
          0,
          0,
          0,
          0,
          0,
          0,
          0,
          0,
          0,
          0,
          0,
          0,
          0,
          0,
          0,
          0,
          0,
          0,
          0,
          0,
          0
        ],
        "instructor_counts": [
          0,
          0,
          0,
          0,
          0,
          0,
          0,
          0,
          0,
          0,
          0,
          0,
          0,
          0,
          0,
          0,
          0,
          0,
          0,
          0,
          0,
          0,
          0,
          0,
          0,
          0,
          0,
          0,
          0,
          0,
          0,
          0,
          0,
          0,
          0,
          0,
          0,
          0,
          0,
          0,
          0,
          0,
          0,
          0,
          0,
          0,
          0,
          0,
          0,
          0,
          0,
          0,
          0,
          0,
          0,
          0,
          0,
          0,
          0,
          0,
          0,
          0,
          0,
          0,
          0,
          0,
          0,
          1,
          1,
          1,
          1,
          1,
          1,
          1,
          1,
          1,
          1,
          1,
          0,
          0,
          0,
          0,
          0,
          0,
          0,
          0,
          0,
          0,
          0,
          0,
          0,
          0,
          0,
          0,
          0,
          0,
          0,
          0,
          0,
          0,
          0,
          0,
          0,
          0,
          0,
          0,
          0,
          0,
          0,
          0,
          0,
          0,
          0,
          0,
          0,
          0,
          0,
          0,
          0,
          0,
          0,
          0,
          0,
          0,
          0,
          0,
          0,
          0,
          0,
          0,
          0,
          0,
          0,
          0,
          0,
          0,
          0,
          0,
          0,
          0,
          0,
          0,
          0,
          0,
          0,
          0,
          0,
          0,
          0,
          0,
          0,
          0,
          0,
          0,
          0,
          0,
          0,
          0,
          0
        ]
      }
    },
    {
      "type": "Feature",
      "geometry": {
        "type": "Polygon",
        "coordinates": [
          [
            [
              -89.40238864007198,
              43.073918996401076
            ],
            [
              -89.40233876306405,
              43.07391799886092
            ],
            [
              -89.40202288607823,
              43.07391599963949
            ],
            [
              -89.40202111109492,
              43.07391590061557
            ],
            [
              -89.40201935453644,
              43.07391562698486
            ],
            [
              -89.40201763353666,
              43.073915181416446
            ],
            [
              -89.40201596488261,
              43.07391456825649
            ],
            [
              -89.40201436485073,
              43.07391379348591
            ],
            [
              -89.4020128490481,
              43.07391286466198
            ],
            [
              -89.40201143226024,
              43.07391179084467
            ],
            [
              -89.4020101283068,
              43.073910582508255
            ],
            [
              -89.40200894990684,
              43.073909251439126
            ],
            [
              -89.40200790855478,
              43.07390781062084
            ],
            [
              -89.40200701440818,
              43.073906274107465
            ],
            [
              -89.40200627618877,
              43.07390465688652
            ],
            [
              -89.40200570109732,
              43.07390297473276
            ],
            [
              -89.40200529474339,
              43.07390124405429
            ],
            [
              -89.40200506109065,
              43.07389948173257
            ],
            [
              -89.40200500241822,
              43.07389770495767
            ],
            [
              -89.40200600179898,
              43.073836742731025
            ],
            [
              -89.40200700133833,
              43.073754780504125
            ],
            [
              -89.4020071080153,
              43.07375303101965
            ],
            [
              -89.40200738433897,
              43.07375130020448
            ],
            [
              -89.40200782768935,
              43.073749604469725
            ],
            [
              -89.40200843386269,
              43.07374795989385
            ],
            [
              -89.40200919711143,
              43.07374638207026
            ],
            [
              -89.40201011019867,
              43.073744885959435
            ],
            [
              -89.40201116446677,
              43.073743485747066
            ],
            [
              -89.40201234991947,
              43.073742194709574
            ],
            [
              -89.40201365531665,
              43.073741025088204
            ],
            [
              -89.40201506828087,
              43.07373998797298
            ],
            [
              -89.40201657541485,
              43.073739093197524
            ],
            [
              -89.40201816242833,
              43.07373834924584
            ],
            [
              -89.40201981427374,
              43.07373776317189
            ],
            [
              -89.40202151528872,
              43.07373734053264
            ],
            [
              -89.40202324934475,
              43.07373708533544
            ],
            [
              -89.402025,
              43.073737
            ],
            [
              -89.402063,
              43.073737
            ],
            [
              -89.40206314875525,
              43.07373700061468
            ],
            [
              -89.40216600000001,
              43.073737850624966
            ],
            [
              -89.40216600000001,
              43.073679
            ],
            [
              -89.40216600606878,
              43.07367853262516
            ],
            [
              -89.40216753028152,
              43.07361985043456
            ],
            [
              -89.40206285366337,
              43.07361899940514
            ],
            [
              -89.40206251369109,
              43.073618993429456
            ],
            [
              -89.4020255136911,
              43.07361799342946
            ],
            [
              -89.40202376713435,
              43.07361786097172
            ],
            [
              -89.40202204172094,
              43.07361755938572
            ],
            [
              -89.4020203537891,
              43.073617091527204
            ],
            [
              -89.40201871932207,
              43.07361646182641
            ],
            [
              -89.4020171537969,
              43.073615676246064
            ],
            [
              -89.40201567203779,
              43.07361474222495
            ],
            [
              -89.40201428807572,
              43.07361366860744
            ],
            [
              -89.40201301501565,
              43.07361246555981
            ],
            [
              -89.4020118649124,
              43.07361114447389
            ],
            [
              -89.40201084865645,
              43.073609717859235
            ],
            [
              -89.40200997587087,
              43.07360819922469
            ],
            [
              -89.40200925482023,
              43.07360660295043
            ],
            [
              -89.40200869233226,
              43.073604944151825
            ],
            [
              -89.40200829373325,
              43.073603238536286
            ],
            [
              -89.40200806279758,
              43.07360150225456
            ],
            [
              -89.402008001712,
              43.07359975174775
            ],
            [
              -89.402010001712,
              43.073454751747754
            ],
            [
              -89.40201011200938,
              43.07345299505829
            ],
            [
              -89.40201039335366,
              43.073451257540306
            ],
            [
              -89.40201084305463,
              43.073449555808125
            ],
            [
              -89.40201145681218,
              43.0734479061339
            ],
            [
              -89.40201222875748,
              43.07344632429199
            ],
            [
              -89.40201315150914,
              43.07344482540816
            ],
            [
              -89.40201421624369,
              43.07344342381488
            ],
            [
              -89.40201541278002,
              43.07344213291435
            ],
            [
              -89.40201672967672,
              43.073440965050295
            ],
            [
              -89.40201815434149,
              43.07343993138996
            ],
            [
              -89.40201967315151,
              43.07343904181733
            ],
            [
              -89.40202127158378,
              43.073438304838575
            ],
            [
              -89.40202293435388,
              43.07343772750078
            ],
            [
              -89.40202464556225,
              43.073437315324504
            ],
            [
              -89.40202638884612,
              43.07343707225103
            ],
            [
              -89.40202814753603,
              43.07343700060465
            ],
            [
              -89.40239414753603,
              43.07344000060465
            ],
            [
              -89.40239591453106,
              43.073440102107085
            ],
            [
              -89.40239766301555,
              43.073440376654204
            ],
            [
              -89.4023993760844,
              43.07344082159157
            ],
            [
              -89.40240103717493,
              43.073441432617315
            ],
            [
              -89.40240263022694,
              43.07344220382379
            ],
            [
              -89.40240413983814,
              43.07344312775463
            ],
            [
              -89.40240555141294,
              43.07344419547686
            ],
            [
              -89.4024068513036,
              43.073445396667275
            ],
            [
              -89.40240802694223,
              43.073446719712244
            ],
            [
              -89.40240906696222,
              43.07344815181999
            ],
            [
              -89.40240996130821,
              43.073449679144254
            ],
            [
              -89.40241070133327,
              43.07345128691821
            ],
            [
              -89.4024112798825,
              43.07345295959718
            ],
            [
              -89.40241169136226,
              43.073454681008975
            ],
            [
              -89.40241193179416,
              43.073456434510234
            ],
            [
              -89.40241199885361,
              43.07345820314733
            ],
            [
              -89.4024069988536,
              43.07390120314733
            ],
            [
              -89.40240689119905,
              43.07390297610636
            ],
            [
              -89.40240660932767,
              43.073904729822914
            ],
            [
              -89.4024061559842,
              43.07390644722005
            ],
            [
              -89.4024055355831,
              43.07390811157448
            ],
            [
              -89.40240475416557,
              43.07390970667945
            ],
            [
              -89.40240381934073,
              43.07391121700251
            ],
            [
              -89.4024027402115,
              43.073912627836776
            ],
            [
              -89.40240152728596,
              43.073913925444145
            ],
            [
              -89.4024001923751,
              43.07391509718907
            ],
            [
              -89.40239874847767,
              43.07391613166161
            ],
            [
              -89.40239720965374,
              43.073917018788514
            ],
            [
              -89.40239559088772,
              43.07391774993132
            ],
            [
              -89.40239390794245,
              43.07391831797046
            ],
            [
              -89.40239217720575,
              43.073918717374625
            ],
            [
              -89.40239041553077,
              43.07391894425459
            ],
            [
              -89.40238864007198,
              43.073918996401076
            ]
          ]
        ]
      },
      "properties": {
        "building": "dormitory",
        "name": "Barnard Residence Hall",
        "@id": "way/39201162",
        "addr:street": "University Avenue",
        "addr:housenumber": "970",
        "person_counts": [
          0,
          0,
          0,
          0,
          0,
          0,
          0,
          0,
          0,
          0,
          0,
          0,
          0,
          0,
          0,
          0,
          0,
          0,
          0,
          0,
          0,
          0,
          0,
          0,
          0,
          0,
          0,
          0,
          0,
          0,
          0,
          0,
          0,
          0,
          0,
          0,
          0,
          0,
          0,
          0,
          0,
          0,
          0,
          0,
          0,
          0,
          0,
          0,
          0,
          0,
          0,
          0,
          0,
          0,
          0,
          0,
          0,
          0,
          0,
          0,
          0,
          0,
          0,
          0,
          0,
          0,
          0,
          0,
          0,
          0,
          0,
          0,
          0,
          0,
          0,
          0,
          0,
          0,
          0,
          0,
          0,
          18,
          18,
          18,
          18,
          18,
          18,
          18,
          18,
          18,
          18,
          18,
          18,
          18,
          18,
          18,
          18,
          0,
          0,
          10,
          10,
          10,
          10,
          10,
          10,
          10,
          10,
          10,
          10,
          10,
          10,
          10,
          10,
          10,
          10,
          0,
          0,
          0,
          0,
          0,
          0,
          0,
          0,
          0,
          0,
          0,
          0,
          0,
          0,
          0,
          0,
          0,
          0,
          0,
          0,
          0,
          0,
          0,
          0,
          0,
          0,
          0,
          0,
          0,
          0,
          0,
          0,
          0,
          0,
          0,
          0,
          0,
          0,
          0,
          0,
          0,
          0,
          0,
          0
        ],
        "instructor_counts": [
          0,
          0,
          0,
          0,
          0,
          0,
          0,
          0,
          0,
          0,
          0,
          0,
          0,
          0,
          0,
          0,
          0,
          0,
          0,
          0,
          0,
          0,
          0,
          0,
          0,
          0,
          0,
          0,
          0,
          0,
          0,
          0,
          0,
          0,
          0,
          0,
          0,
          0,
          0,
          0,
          0,
          0,
          0,
          0,
          0,
          0,
          0,
          0,
          0,
          0,
          0,
          0,
          0,
          0,
          0,
          0,
          0,
          0,
          0,
          0,
          0,
          0,
          0,
          0,
          0,
          0,
          0,
          0,
          0,
          0,
          0,
          0,
          0,
          0,
          0,
          0,
          0,
          0,
          0,
          0,
          0,
          2,
          2,
          2,
          2,
          2,
          2,
          2,
          2,
          2,
          2,
          2,
          2,
          2,
          2,
          2,
          2,
          0,
          0,
          2,
          2,
          2,
          2,
          2,
          2,
          2,
          2,
          2,
          2,
          2,
          2,
          2,
          2,
          2,
          2,
          0,
          0,
          0,
          0,
          0,
          0,
          0,
          0,
          0,
          0,
          0,
          0,
          0,
          0,
          0,
          0,
          0,
          0,
          0,
          0,
          0,
          0,
          0,
          0,
          0,
          0,
          0,
          0,
          0,
          0,
          0,
          0,
          0,
          0,
          0,
          0,
          0,
          0,
          0,
          0,
          0,
          0,
          0,
          0
        ]
      }
    },
    {
      "type": "Feature",
      "geometry": {
        "type": "Polygon",
        "coordinates": [
          [
            [
              -89.41233399963488,
              43.07449311464735
            ],
            [
              -89.41233299963488,
              43.074650114647355
            ],
            [
              -89.41233290247065,
              43.0746518712415
            ],
            [
              -89.41233263429008,
              43.0746536099603
            ],
            [
              -89.41233219765503,
              43.07465531419435
            ],
            [
              -89.41233159673652,
              43.07465696766368
            ],
            [
              -89.41233083727492,
              43.07465855457324
            ],
            [
              -89.41232992652512,
              43.07466005976382
            ],
            [
              -89.4123288731872,
              43.07466146885683
            ],
            [
              -89.41232768732336,
              43.07466276839168
            ],
            [
              -89.41232638026175,
              43.07466394595435
            ],
            [
              -89.41232496448829,
              43.074664990295965
            ],
            [
              -89.4123234535274,
              43.07466589144028
            ],
            [
              -89.4123218618128,
              43.07466664077898
            ],
            [
              -89.41232020454959,
              43.07466723115387
            ],
            [
              -89.41231849756905,
              43.07466765692529
            ],
            [
              -89.4123167571774,
              43.074667914026
            ],
            [
              -89.412315,
              43.074667999999996
            ],
            [
              -89.412139,
              43.074667999999996
            ],
            [
              -89.41213723569147,
              43.07466791332508
            ],
            [
              -89.4121354883742,
              43.07466765413505
            ],
            [
              -89.41213377487581,
              43.07466722492604
            ],
            [
              -89.41213211169821,
              43.07466662983158
            ],
            [
              -89.41213051485873,
              43.074665874582756
            ],
            [
              -89.4121289997358,
              43.07466496645302
            ],
            [
              -89.41212758092088,
              43.07466391418816
            ],
            [
              -89.41212627207794,
              43.07466272792206
            ],
            [
              -89.41212508581184,
              43.07466141907911
            ],
            [
              -89.41212403354697,
              43.074660000264196
            ],
            [
              -89.41212312541724,
              43.07465848514126
            ],
            [
              -89.4121223701684,
              43.07465688830178
            ],
            [
              -89.41212177507396,
              43.07465522512419
            ],
            [
              -89.41212134586495,
              43.0746535116258
            ],
            [
              -89.41212108667492,
              43.07465176430853
            ],
            [
              -89.412121,
              43.07465
            ],
            [
              -89.412121,
              43.07449
            ],
            [
              -89.41212108855376,
              43.0744882167183
            ],
            [
              -89.41212135334374,
              43.07448645098286
            ],
            [
              -89.41212179176456,
              43.07448472016729
            ],
            [
              -89.41212239950251,
              43.07448304130161
            ],
            [
              -89.41212317057784,
              43.074481430904704
            ],
            [
              -89.4121240974037,
              43.07447990482175
            ],
            [
              -89.41212517086079,
              43.07447847806835
            ],
            [
              -89.41212638038702,
              43.07447716468277
            ],
            [
              -89.41212771408149,
              43.07447597758781
            ],
            [
              -89.41212915882157,
              43.07447492846367
            ],
            [
              -89.41213070039203,
              43.074474027632995
            ],
            [
              -89.41213232362487,
              43.07447328395934
            ],
            [
              -89.41213401254862,
              43.074472704759934
            ],
            [
              -89.41213575054543,
              43.074472295733706
            ],
            [
              -89.41213752051462,
              43.07447206090517
            ],
            [
              -89.41213930504092,
              43.074472002584905
            ],
            [
              -89.41231630504093,
              43.074475002584904
            ],
            [
              -89.4123180558051,
              43.07447511778354
            ],
            [
              -89.41231978703628,
              43.07447540288784
            ],
            [
              -89.4123214822854,
              43.07447585518892
            ],
            [
              -89.41232312544528,
              43.07447647038931
            ],
            [
              -89.41232470090362,
              43.07447724264374
            ],
            [
              -89.4123261936914,
              43.074478164614746
            ],
            [
              -89.4123275896251,
              43.07447922754232
            ],
            [
              -89.41232887544139,
              43.0744804213272
            ],
            [
              -89.41233003892327,
              43.07448173462678
            ],
            [
              -89.41233106901606,
              43.07448315496291
            ],
            [
              -89.41233195593246,
              43.07448466884045
            ],
            [
              -89.41233269124554,
              43.07448626187546
            ],
            [
              -89.41233326796883,
              43.07448791893193
            ],
            [
              -89.41233368062264,
              43.07448962426553
            ],
            [
              -89.4123339252862,
              43.07449136167327
            ],
            [
              -89.41233399963488,
              43.07449311464735
            ]
          ]
        ]
      },
      "properties": {
        "building": "university",
        "name": "Plant Sciences",
        "@id": "way/173508078",
        "addr:street": "Linden Drive",
        "addr:housenumber": "1575",
        "person_counts": [
          0,
          0,
          0,
          0,
          0,
          0,
          0,
          0,
          0,
          0,
          0,
          0,
          0,
          0,
          0,
          0,
          0,
          0,
          0,
          0,
          0,
          0,
          0,
          0,
          0,
          0,
          39,
          39,
          39,
          39,
          39,
          39,
          39,
          39,
          39,
          39,
          39,
          0,
          0,
          0,
          0,
          0,
          0,
          0,
          0,
          0,
          0,
          0,
          0,
          0,
          0,
          0,
          0,
          0,
          0,
          0,
          0,
          0,
          0,
          0,
          0,
          0,
          0,
          0,
          0,
          0,
          0,
          0,
          0,
          0,
          0,
          0,
          0,
          0,
          0,
          0,
          0,
          0,
          0,
          0,
          0,
          0,
          0,
          0,
          0,
          0,
          0,
          0,
          0,
          0,
          0,
          0,
          0,
          0,
          0,
          0,
          0,
          0,
          0,
          0,
          0,
          0,
          0,
          0,
          0,
          0,
          0,
          0,
          0,
          0,
          0,
          0,
          0,
          0,
          0,
          0,
          0,
          0,
          0,
          0,
          0,
          0,
          0,
          0,
          0,
          0,
          0,
          0,
          0,
          0,
          0,
          0,
          0,
          0,
          0,
          0,
          0,
          0,
          0,
          0,
          0,
          0,
          0,
          0,
          0,
          0,
          0,
          0,
          0,
          0,
          0,
          0,
          0,
          0,
          0,
          0,
          0,
          0,
          0
        ],
        "instructor_counts": [
          0,
          0,
          0,
          0,
          0,
          0,
          0,
          0,
          0,
          0,
          0,
          0,
          0,
          0,
          0,
          0,
          0,
          0,
          0,
          0,
          0,
          0,
          0,
          0,
          0,
          0,
          2,
          2,
          2,
          2,
          2,
          2,
          2,
          2,
          2,
          2,
          2,
          0,
          0,
          0,
          0,
          0,
          0,
          0,
          0,
          0,
          0,
          0,
          0,
          0,
          0,
          0,
          0,
          0,
          0,
          0,
          0,
          0,
          0,
          0,
          0,
          0,
          0,
          0,
          0,
          0,
          0,
          0,
          0,
          0,
          0,
          0,
          0,
          0,
          0,
          0,
          0,
          0,
          0,
          0,
          0,
          0,
          0,
          0,
          0,
          0,
          0,
          0,
          0,
          0,
          0,
          0,
          0,
          0,
          0,
          0,
          0,
          0,
          0,
          0,
          0,
          0,
          0,
          0,
          0,
          0,
          0,
          0,
          0,
          0,
          0,
          0,
          0,
          0,
          0,
          0,
          0,
          0,
          0,
          0,
          0,
          0,
          0,
          0,
          0,
          0,
          0,
          0,
          0,
          0,
          0,
          0,
          0,
          0,
          0,
          0,
          0,
          0,
          0,
          0,
          0,
          0,
          0,
          0,
          0,
          0,
          0,
          0,
          0,
          0,
          0,
          0,
          0,
          0,
          0,
          0,
          0,
          0,
          0
        ]
      }
    },
    {
      "type": "Feature",
      "geometry": {
        "type": "Polygon",
        "coordinates": [
          [
            [
              -89.428225,
              43.077676
            ],
            [
              -89.428225,
              43.077619999999996
            ],
            [
              -89.42789889972224,
              43.077619999999996
            ],
            [
              -89.42789699971912,
              43.077960100557085
            ],
            [
              -89.4278969038391,
              43.07796185810271
            ],
            [
              -89.42789663675862,
              43.07796359788074
            ],
            [
              -89.42789620103154,
              43.07796530325505
            ],
            [
              -89.4278956008244,
              43.077966957918456
            ],
            [
              -89.42789484187652,
              43.0779685460487
            ],
            [
              -89.42789393144511,
              43.077970052459754
            ],
            [
              -89.42789287823592,
              43.07797146274696
            ],
            [
              -89.42789169231997,
              43.077972763424846
            ],
            [
              -89.42789038503726,
              43.07797394205604
            ],
            [
              -89.4278889688883,
              43.07797498737022
            ],
            [
              -89.42788745741463,
              43.07797588937185
            ],
            [
              -89.4278858650693,
              43.077976639435796
            ],
            [
              -89.42788420707865,
              43.07797723038978
            ],
            [
              -89.42788249929677,
              43.077977656582966
            ],
            [
              -89.42788075805383,
              43.07797791394001
            ],
            [
              -89.427879,
              43.077977999999995
            ],
            [
              -89.42778362890583,
              43.077977999999995
            ],
            [
              -89.42778299609502,
              43.078008374918646
            ],
            [
              -89.4277828754575,
              43.07801011376891
            ],
            [
              -89.4277825872015,
              43.078011832798325
            ],
            [
              -89.42778213403001,
              43.07801351588753
            ],
            [
              -89.42778152019243,
              43.07801514725415
            ],
            [
              -89.4277807514447,
              43.07801671160085
            ],
            [
              -89.42777983499542,
              43.07801819425872
            ],
            [
              -89.42777877943811,
              43.07801958132484
            ],
            [
              -89.42777759467077,
              43.07802085979268
            ],
            [
              -89.427776291803,
              43.078022017674016
            ],
            [
              -89.42777488305178,
              43.07802304411138
            ],
            [
              -89.42777338162702,
              43.078023929479855
            ],
            [
              -89.42777180160759,
              43.078024665477315
            ],
            [
              -89.42777015780936,
              43.0780252452023
            ],
            [
              -89.42776846564628,
              43.078025663218725
            ],
            [
              -89.42776674098576,
              43.07802591560684
            ],
            [
              -89.427765,
              43.078025999999994
            ],
            [
              -89.42771,
              43.078025999999994
            ],
            [
              -89.42770821237171,
              43.07802591101295
            ],
            [
              -89.42770644241851,
              43.07802564493167
            ],
            [
              -89.4277047076407,
              43.078025204387025
            ],
            [
              -89.42770302519084,
              43.078024593734874
            ],
            [
              -89.42770141170405,
              43.078023819013005
            ],
            [
              -89.4276998831336,
              43.078022887881446
            ],
            [
              -89.42769845459314,
              43.07802180954671
            ],
            [
              -89.42769714020733,
              43.07802059467078
            ],
            [
              -89.42769595297206,
              43.07801925526569
            ],
            [
              -89.42769490462607,
              43.07801780457472
            ],
            [
              -89.42769400553482,
              43.07801625694152
            ],
            [
              -89.42769326458803,
              43.07801462766822
            ],
            [
              -89.4276926891118,
              43.07801293286419
            ],
            [
              -89.42769228479608,
              43.07801118928671
            ],
            [
              -89.42769205563854,
              43.07800941417533
            ],
            [
              -89.42769200390498,
              43.078007625081355
            ],
            [
              -89.42769262109417,
              43.077977999999995
            ],
            [
              -89.427551,
              43.077977999999995
            ],
            [
              -89.42754923218185,
              43.077977912979065
            ],
            [
              -89.42754748145673,
              43.07797765275767
            ],
            [
              -89.42754576475237,
              43.07797722185188
            ],
            [
              -89.42754409866758,
              43.07797662442814
            ],
            [
              -89.42754249931174,
              43.07797586626292
            ],
            [
              -89.42754098214898,
              43.07797495468692
            ],
            [
              -89.42753956184875,
              43.077973898514166
            ],
            [
              -89.42753825214392,
              43.077972707956775
            ],
            [
              -89.42753706569802,
              43.077971394526244
            ],
            [
              -89.42753601398279,
              43.077969970922126
            ],
            [
              -89.42753510716723,
              43.07796845090923
            ],
            [
              -89.42753435401937,
              43.077966849184556
            ],
            [
              -89.42753376182138,
              43.077965181235164
            ],
            [
              -89.4275333362992,
              43.07796346318845
            ],
            [
              -89.42753308156722,
              43.077961711656194
            ],
            [
              -89.42753300008843,
              43.077959943573944
            ],
            [
              -89.42753400008844,
              43.07764094357395
            ],
            [
              -89.42753409193733,
              43.07763918305438
            ],
            [
              -89.42753435556352,
              43.07763743996328
            ],
            [
              -89.42753478843828,
              43.077635731020685
            ],
            [
              -89.42753538640937,
              43.07763407261907
            ],
            [
              -89.42753614374098,
              43.07763248066612
            ],
            [
              -89.42753705316862,
              43.077630970432125
            ],
            [
              -89.42753810596892,
              43.07762955640352
            ],
            [
              -89.42753929204322,
              43.077628252143924
            ],
            [
              -89.4275406000145,
              43.07762707016402
            ],
            [
              -89.42754201733645,
              43.077626021801564
            ],
            [
              -89.42754353041389,
              43.07762511711264
            ],
            [
              -89.42754512473307,
              43.07762436477518
            ],
            [
              -89.42754678500106,
              43.07762377200575
            ],
            [
              -89.42754849529221,
              43.077623344490284
            ],
            [
              -89.42755023920117,
              43.077623086329595
            ],
            [
              -89.427552,
              43.077623
            ],
            [
              -89.42756412631422,
              43.077623
            ],
            [
              -89.4275648727931,
              43.077517
            ],
            [
              -89.427558,
              43.077517
            ],
            [
              -89.42755623569148,
              43.077516913325084
            ],
            [
              -89.42755448837421,
              43.07751665413505
            ],
            [
              -89.42755277487582,
              43.07751622492604
            ],
            [
              -89.42755111169822,
              43.07751562983159
            ],
            [
              -89.42754951485874,
              43.07751487458276
            ],
            [
              -89.42754799973581,
              43.077513966453026
            ],
            [
              -89.42754658092089,
              43.07751291418816
            ],
            [
              -89.42754527207795,
              43.077511727922065
            ],
            [
              -89.42754408581185,
              43.07751041907912
            ],
            [
              -89.42754303354698,
              43.0775090002642
            ],
            [
              -89.42754212541725,
              43.07750748514127
            ],
            [
              -89.42754137016841,
              43.077505888301786
            ],
            [
              -89.42754077507396,
              43.077504225124194
            ],
            [
              -89.42754034586495,
              43.0775025116258
            ],
            [
              -89.42754008667492,
              43.07750076430853
            ],
            [
              -89.42754000000001,
              43.077499
            ],
            [
              -89.42754000000001,
              43.077442
            ],
            [
              -89.42754008667492,
              43.07744023569147
            ],
            [
              -89.42754034586495,
              43.0774384883742
            ],
            [
              -89.42754077507396,
              43.07743677487581
            ],
            [
              -89.42754137016841,
              43.077435111698215
            ],
            [
              -89.42754212541725,
              43.07743351485873
            ],
            [
              -89.42754303354698,
              43.0774319997358
            ],
            [
              -89.42754408581185,
              43.07743058092088
            ],
            [
              -89.42754527207795,
              43.077429272077936
            ],
            [
              -89.42754658092089,
              43.07742808581184
            ],
            [
              -89.42754799973581,
              43.077427033546975
            ],
            [
              -89.42754951485874,
              43.07742612541724
            ],
            [
              -89.42755111169822,
              43.07742537016841
            ],
            [
              -89.427552,
              43.077425052328955
            ],
            [
              -89.427552,
              43.077245
            ],
            [
              -89.42755208756645,
              43.077243226663
            ],
            [
              -89.42755234941379,
              43.077241470579864
            ],
            [
              -89.42755278299437,
              43.0772397488366
            ],
            [
              -89.4275533840896,
              43.077238078185076
            ],
            [
              -89.4275541468511,
              43.07723647488008
            ],
            [
              -89.42755506385745,
              43.07723495452113
            ],
            [
              -89.42755612618657,
              43.07723353190072
            ],
            [
              -89.42755732350243,
              43.07723222086039
            ],
            [
              -89.42755864415558,
              43.077231034156036
            ],
            [
              -89.42756007529663,
              43.07722998333382
            ],
            [
              -89.42756160300111,
              43.07722907861785
            ],
            [
              -89.42756321240508,
              43.07722832881062
            ],
            [
              -89.42756488784967,
              43.07722774120749
            ],
            [
              -89.42756661303345,
              43.077227321525584
            ],
            [
              -89.42756837117109,
              43.077227073848256
            ],
            [
              -89.42757014515658,
              43.077227000585296
            ],
            [
              -89.42769414515658,
              43.0772280005853
            ],
            [
              -89.4276958996873,
              43.07722810052548
            ],
            [
              -89.4276976361102,
              43.07722837108334
            ],
            [
              -89.42769933787372,
              43.07722880967993
            ],
            [
              -89.42770098875667,
              43.07722941213455
            ],
            [
              -89.42770257302281,
              43.0772301727046
            ],
            [
              -89.42770407557097,
              43.07723108414034
            ],
            [
              -89.42770548207885,
              43.07723213775396
            ],
            [
              -89.42770677913961,
              43.077233323502426
            ],
            [
              -89.4277079543897,
              43.07723463008319
            ],
            [
              -89.42770899662662,
              43.077236045041936
            ],
            [
              -89.4277098959158,
              43.07723755489128
            ],
            [
              -89.42771064368519,
              43.07723914523936
            ],
            [
              -89.42771123280707,
              43.077240800926965
            ],
            [
              -89.42771165766595,
              43.07724250617211
            ],
            [
              -89.42771191421205,
              43.0772442447204
            ],
            [
              -89.427712,
              43.077246
            ],
            [
              -89.427712,
              43.07724601763841
            ],
            [
              -89.42871401764705,
              43.07724700000865
            ],
            [
              -89.42871578404552,
              43.077247088629825
            ],
            [
              -89.42871753322015,
              43.07724735017407
            ],
            [
              -89.42871924828376,
              43.07724778211634
            ],
            [
              -89.42872091267846,
              43.077248380286505
            ],
            [
              -89.42872251033558,
              43.07724913890961
            ],
            [
              -89.42872402583073,
              43.07725005066161
            ],
            [
              -89.42872544453276,
              43.07725110674013
            ],
            [
              -89.42872675274499,
              43.07725229694937
            ],
            [
              -89.42872793783744,
              43.077253609798625
            ],
            [
              -89.4287289883688,
              43.07725503261314
            ],
            [
              -89.42872989419683,
              43.07725655165654
            ],
            [
              -89.42873064657634,
              43.07725815226341
            ],
            [
              -89.42873123824356,
              43.0772598189809
            ],
            [
              -89.42873166348633,
              43.07726153571788
            ],
            [
              -89.42873191819919,
              43.07726328590034
            ],
            [
              -89.42873199992306,
              43.077265052631354
            ],
            [
              -89.42873099992306,
              43.07760705263136
            ],
            [
              -89.42873090842143,
              43.07760881340621
            ],
            [
              -89.42873064509288,
              43.07761055678187
            ],
            [
              -89.42873021246399,
              43.07761226603108
            ],
            [
              -89.42872961468574,
              43.07761392475402
            ],
            [
              -89.42872885749362,
              43.07761551703563
            ],
            [
              -89.42872794815275,
              43.07761702759838
            ],
            [
              -89.42872689538802,
              43.07761844194877
            ],
            [
              -89.42872570930045,
              43.077619746516476
            ],
            [
              -89.42872440127024,
              43.07762092878447
            ],
            [
              -89.42872298384765,
              43.077621977409194
            ],
            [
              -89.42872147063248,
              43.077622882329344
            ],
            [
              -89.42871987614367,
              43.077623634862434
            ],
            [
              -89.42871821567995,
              43.0776242277881
            ],
            [
              -89.42871650517304,
              43.07762465541735
            ],
            [
              -89.42871476103487,
              43.077624913647206
            ],
            [
              -89.428713,
              43.077625
            ],
            [
              -89.42861574469377,
              43.077625
            ],
            [
              -89.42861499816354,
              43.077677257116626
            ],
            [
              -89.42861488773785,
              43.077679007195606
            ],
            [
              -89.42861460754594,
              43.077680738225
            ],
            [
              -89.42861416024697,
              43.077682433776204
            ],
            [
              -89.42861355008613,
              43.077684077757354
            ],
            [
              -89.42861278285422,
              43.07768565456599
            ],
            [
              -89.42861186583279,
              43.07768714923718
            ],
            [
              -89.42861080772497,
              43.07768854758552
            ],
            [
              -89.42860961857286,
              43.07768983633978
            ],
            [
              -89.42860830966231,
              43.077691003268846
            ],
            [
              -89.42860689341573,
              43.0776920372978
            ],
            [
              -89.4286053832742,
              43.07769292861305
            ],
            [
              -89.42860379356998,
              43.07769366875541
            ],
            [
              -89.42860213939035,
              43.077694250700475
            ],
            [
              -89.42860043643459,
              43.07769466892519
            ],
            [
              -89.42859870086482,
              43.07769491946034
            ],
            [
              -89.42859694915275,
              43.077694999928184
            ],
            [
              -89.42824294915275,
              43.07769399992818
            ],
            [
              -89.4282411882579,
              43.07769390858985
            ],
            [
              -89.42823944474846,
              43.07769364540128
            ],
            [
              -89.4282377353551,
              43.07769321288802
            ],
            [
              -89.4282360764811,
              43.07769261520045
            ],
            [
              -89.42823448404496,
              43.07769185807396
            ],
            [
              -89.42823297332765,
              43.07769094877392
            ],
            [
              -89.42823155882596,
              43.07768989602593
            ],
            [
              -89.42823025411339,
              43.077688709932126
            ],
            [
              -89.42822907170994,
              43.077687401874236
            ],
            [
              -89.4282280229619,
              43.07768598440433
            ],
            [
              -89.42822711793303,
              43.077684471124414
            ],
            [
              -89.42822636530795,
              43.07768287655586
            ],
            [
              -89.42822577230883,
              43.07768121600011
            ],
            [
              -89.42822534462607,
              43.077679505391785
            ],
            [
              -89.4282250863637,
              43.07767776114584
            ],
            [
              -89.428225,
              43.077676
            ]
          ]
        ]
      },
      "properties": {
        "building": "university",
        "name": "Signe Skott Cooper Hall",
        "@id": "way/174188355",
        "addr:street": "Highland Avenue",
        "addr:housenumber": "701",
        "person_counts": [
          0,
          0,
          0,
          0,
          0,
          0,
          0,
          0,
          0,
          0,
          0,
          0,
          0,
          0,
          0,
          0,
          0,
          0,
          0,
          0,
          0,
          0,
          0,
          0,
          0,
          0,
          0,
          0,
          0,
          0,
          0,
          0,
          0,
          0,
          0,
          0,
          0,
          0,
          0,
          0,
          0,
          0,
          0,
          0,
          0,
          0,
          0,
          0,
          0,
          0,
          0,
          0,
          0,
          0,
          0,
          0,
          0,
          0,
          0,
          0,
          0,
          0,
          0,
          0,
          0,
          0,
          0,
          0,
          0,
          0,
          0,
          0,
          0,
          0,
          0,
          0,
          0,
          0,
          0,
          0,
          0,
          0,
          0,
          0,
          0,
          0,
          0,
          0,
          0,
          0,
          0,
          0,
          0,
          0,
          0,
          0,
          0,
          0,
          0,
          1,
          1,
          1,
          1,
          1,
          1,
          1,
          1,
          1,
          1,
          1,
          0,
          0,
          0,
          0,
          0,
          0,
          0,
          0,
          0,
          0,
          0,
          0,
          0,
          0,
          0,
          0,
          0,
          0,
          0,
          0,
          0,
          0,
          0,
          0,
          0,
          0,
          0,
          0,
          0,
          0,
          0,
          0,
          0,
          0,
          0,
          0,
          0,
          0,
          0,
          0,
          0,
          0,
          0,
          0,
          0,
          0,
          0,
          0,
          0
        ],
        "instructor_counts": [
          0,
          0,
          0,
          0,
          0,
          0,
          0,
          0,
          0,
          0,
          0,
          0,
          0,
          0,
          0,
          0,
          0,
          0,
          0,
          0,
          0,
          0,
          0,
          0,
          0,
          0,
          0,
          0,
          0,
          0,
          0,
          0,
          0,
          0,
          0,
          0,
          0,
          0,
          0,
          0,
          0,
          0,
          0,
          0,
          0,
          0,
          0,
          0,
          0,
          0,
          0,
          0,
          0,
          0,
          0,
          0,
          0,
          0,
          0,
          0,
          0,
          0,
          0,
          0,
          0,
          0,
          0,
          0,
          0,
          0,
          0,
          0,
          0,
          0,
          0,
          0,
          0,
          0,
          0,
          0,
          0,
          0,
          0,
          0,
          0,
          0,
          0,
          0,
          0,
          0,
          0,
          0,
          0,
          0,
          0,
          0,
          0,
          0,
          0,
          3,
          3,
          3,
          3,
          3,
          3,
          3,
          3,
          3,
          3,
          3,
          0,
          2,
          2,
          2,
          2,
          2,
          2,
          2,
          2,
          2,
          2,
          2,
          0,
          0,
          0,
          0,
          0,
          0,
          0,
          0,
          0,
          0,
          0,
          0,
          0,
          0,
          0,
          0,
          0,
          0,
          0,
          0,
          0,
          0,
          0,
          0,
          0,
          0,
          0,
          0,
          0,
          0,
          0,
          0,
          0,
          0,
          0,
          0,
          0
        ]
      }
    },
    {
      "type": "Feature",
      "geometry": {
        "type": "Polygon",
        "coordinates": [
          [
            [
              -89.40483432202095,
              43.07533206214557
            ],
            [
              -89.40483580613625,
              43.07533222007876
            ],
            [
              -89.40483758519046,
              43.07533259379339
            ],
            [
              -89.4048393174772,
              43.075333145045775
            ],
            [
              -89.40484098532767,
              43.075333868213306
            ],
            [
              -89.40484257173037,
              43.07533475591991
            ],
            [
              -89.40484406050446,
              43.07533579911126
            ],
            [
              -89.40484543646495,
              43.07533698714714
            ],
            [
              -89.40484668557747,
              43.075338307909966
            ],
            [
              -89.40484779510146,
              43.07533974792837
            ],
            [
              -89.40484875372015,
              43.07534129251463
            ],
            [
              -89.40484955165591,
              43.07534292591446
            ],
            [
              -89.4048501807701,
              43.07534463146771
            ],
            [
              -89.4048506346459,
              43.07534639177827
            ],
            [
              -89.40485090865394,
              43.07534818889153
            ],
            [
              -89.40485099999944,
              43.07535000447753
            ],
            [
              -89.4048509077507,
              43.07535182001786
            ],
            [
              -89.4048506328486,
              43.07535361699458
            ],
            [
              -89.40484263284861,
              43.075392616994584
            ],
            [
              -89.40484260044346,
              43.075392771523596
            ],
            [
              -89.4048306061706,
              43.07544874479689
            ],
            [
              -89.40481161181711,
              43.07553871805028
            ],
            [
              -89.40481116337135,
              43.0755404238993
            ],
            [
              -89.40481055012415,
              43.07554207766843
            ],
            [
              -89.40480977796386,
              43.0755436634783
            ],
            [
              -89.4048088543047,
              43.07554516610208
            ],
            [
              -89.4048077880156,
              43.07554657111169
            ],
            [
              -89.40480658933497,
              43.075547865016325
            ],
            [
              -89.40480526977245,
              43.07554903539201
            ],
            [
              -89.4048038419984,
              43.075550071000876
            ],
            [
              -89.40480231972221,
              43.07555096189908
            ],
            [
              -89.40480071756063,
              43.075551699532305
            ],
            [
              -89.40479905089754,
              43.075552276817824
            ],
            [
              -89.40479733573608,
              43.075552688212596
            ],
            [
              -89.40479558854514,
              43.07555292976644
            ],
            [
              -89.4047938261011,
              43.07555299915996
            ],
            [
              -89.40479206532682,
              43.07555289572686
            ],
            [
              -89.40457006532682,
              43.075528895726855
            ],
            [
              -89.4045683293332,
              43.07552862175375
            ],
            [
              -89.40456662833255,
              43.075528179790126
            ],
            [
              -89.4045649785407,
              43.07552757404927
            ],
            [
              -89.40456339568536,
              43.0755268103058
            ],
            [
              -89.4045618948561,
              43.075525895840585
            ],
            [
              -89.40456049036052,
              43.07552483937134
            ],
            [
              -89.40455919558786,
              43.07552365096952
            ],
            [
              -89.40455802288137,
              43.07552234196433
            ],
            [
              -89.40455698342062,
              43.075520924834684
            ],
            [
              -89.40455608711491,
              43.07551941309027
            ],
            [
              -89.40455534250884,
              43.075517821142746
            ],
            [
              -89.40455505716123,
              43.075517014028975
            ],
            [
              -89.40435240424813,
              43.075494592855605
            ],
            [
              -89.40434839222891,
              43.07550963792771
            ],
            [
              -89.4043478740176,
              43.075511266380936
            ],
            [
              -89.40434720371083,
              43.07551283835157
            ],
            [
              -89.40434638735046,
              43.075514339670534
            ],
            [
              -89.40434543229485,
              43.075515756805544
            ],
            [
              -89.40434434715245,
              43.075517076983125
            ],
            [
              -89.40434314170432,
              43.07551828830375
            ],
            [
              -89.40434182681584,
              43.075519379849055
            ],
            [
              -89.40434041433889,
              43.07552034178031
            ],
            [
              -89.40433891700496,
              43.07552116542707
            ],
            [
              -89.4043373483104,
              43.07552184336531
            ],
            [
              -89.40433572239479,
              43.075522369484375
            ],
            [
              -89.40433405391344,
              43.07552273904204
            ],
            [
              -89.40433235790539,
              43.07552294870728
            ],
            [
              -89.40433064965772,
              43.07552299659024
            ],
            [
              -89.4043289445679,
              43.075522882259335
            ],
            [
              -89.40425272263764,
              43.075514121117926
            ],
            [
              -89.40425188758,
              43.07551465282472
            ],
            [
              -89.40425026112398,
              43.075515470460786
            ],
            [
              -89.40424856040082,
              43.07551611963617
            ],
            [
              -89.40424680280562,
              43.07551659371108
            ],
            [
              -89.40424500631512,
              43.07551688783664
            ],
            [
              -89.40424318930395,
              43.07551699900453
            ],
            [
              -89.40424137035656,
              43.07551692607772
            ],
            [
              -89.40421299755025,
              43.07551434673169
            ],
            [
              -89.40419617166226,
              43.07558703456776
            ],
            [
              -89.40439571040723,
              43.07560608144796
            ],
            [
              -89.40439743050244,
              43.075606329922095
            ],
            [
              -89.40439911861705,
              43.07560674312428
            ],
            [
              -89.4044007590137,
              43.07560731720246
            ],
            [
              -89.40440233639994,
              43.07560804680483
            ],
            [
              -89.40440383607067,
              43.07560892512973
            ],
            [
              -89.40440524404534,
              43.07560994398903
            ],
            [
              -89.40440654719819,
              43.0756110938845
            ],
            [
              -89.4044077333807,
              43.07561236409631
            ],
            [
              -89.40440879153472,
              43.075613742783
            ],
            [
              -89.40440971179572,
              43.07561521709187
            ],
            [
              -89.40441048558462,
              43.075616773278774
            ],
            [
              -89.40441110568783,
              43.075618396836276
            ],
            [
              -89.40441156632448,
              43.07562007262887
            ],
            [
              -89.40441186320032,
              43.0756217850341
            ],
            [
              -89.40441199354775,
              43.0756235180882
            ],
            [
              -89.40441195615162,
              43.07562525563488
            ],
            [
              -89.40441175136053,
              43.075626981476
            ],
            [
              -89.40441138108365,
              43.07562867952252
            ],
            [
              -89.40440850214179,
              43.075639372735125
            ],
            [
              -89.40440893291846,
              43.07563994972905
            ],
            [
              -89.40440984325429,
              43.07564145650577
            ],
            [
              -89.40441060204803,
              43.07564304500173
            ],
            [
              -89.4044112020418,
              43.07564470002284
            ],
            [
              -89.40441163749658,
              43.07564640573868
            ],
            [
              -89.40441190424721,
              43.07564814583394
            ],
            [
              -89.40441199974221,
              43.07564990366444
            ],
            [
              -89.40441192306814,
              43.075651662416405
            ],
            [
              -89.40441167495841,
              43.07565340526722
            ],
            [
              -89.40439067495842,
              43.07576240526721
            ],
            [
              -89.40439025386999,
              43.07576412873967
            ],
            [
              -89.40438966515953,
              43.07576580238622
            ],
            [
              -89.40438891454637,
              43.075767409947325
            ],
            [
              -89.40438800932277,
              43.075768935805456
            ],
            [
              -89.40438695828301,
              43.07577036513684
            ],
            [
              -89.40438577163798,
              43.075771684055475
            ],
            [
              -89.40438446091598,
              43.075772879748015
            ],
            [
              -89.404384,
              43.07577322358796
            ],
            [
              -89.404384,
              43.07578
            ],
            [
              -89.40438391540968,
              43.075781743013465
            ],
            [
              -89.40438366243379,
              43.075783469644485
            ],
            [
              -89.40438324345,
              43.07578516366457
            ],
            [
              -89.40438266239634,
              43.075786809151765
            ],
            [
              -89.4043819247341,
              43.07578839064026
            ],
            [
              -89.40438103739646,
              43.075789893265764
            ],
            [
              -89.40438000872349,
              43.07579130290521
            ],
            [
              -89.40437884838359,
              43.075792606309506
            ],
            [
              -89.4043775672827,
              43.07579379122805
            ],
            [
              -89.40437617746178,
              43.07579484652389
            ],
            [
              -89.40437469198368,
              43.07579576227838
            ],
            [
              -89.40437312481029,
              43.07579652988441
            ],
            [
              -89.40437149067134,
              43.0757971421273
            ],
            [
              -89.40436980492598,
              43.07579759325264
            ],
            [
              -89.40436808341842,
              43.07579787902032
            ],
            [
              -89.40436634232897,
              43.075797996744456
            ],
            [
              -89.40436459802198,
              43.07579794531855
            ],
            [
              -89.40430713044161,
              43.07579345566383
            ],
            [
              -89.4043054622875,
              43.07579464720248
            ],
            [
              -89.4043039010266,
              43.07579564518218
            ],
            [
              -89.40430224543957,
              43.07579647736647
            ],
            [
              -89.40430051307102,
              43.07579713493647
            ],
            [
              -89.40429872227926,
              43.0757976109238
            ],
            [
              -89.40429689204169,
              43.07579790028431
            ],
            [
              -89.40429504175373,
              43.075797999951575
            ],
            [
              -89.4042931910233,
              43.075797908869404
            ],
            [
              -89.40420702747747,
              43.07578920548094
            ],
            [
              -89.40420597043973,
              43.07578998633816
            ],
            [
              -89.4042044503465,
              43.07579089313198
            ],
            [
              -89.40420284854157,
              43.07579164624517
            ],
            [
              -89.40420118051382,
              43.075792238395415
            ],
            [
              -89.40419946239244,
              43.075792663856845
            ],
            [
              -89.40419771079102,
              43.0757929185154
            ],
            [
              -89.40419594264691,
              43.07579299990863
            ],
            [
              -89.40419417505737,
              43.07579290724949
            ],
            [
              -89.40403717505737,
              43.07577690724949
            ],
            [
              -89.4040354307133,
              43.075776642567625
            ],
            [
              -89.40403372066072,
              43.07577620838681
            ],
            [
              -89.4040320613288,
              43.07577560887841
            ],
            [
              -89.40403046865937,
              43.075774849802116
            ],
            [
              -89.40402895795381,
              43.075773938450666
            ],
            [
              -89.40402754372606,
              43.07577288357977
            ],
            [
              -89.40402623956314,
              43.07577169532398
            ],
            [
              -89.40402505799464,
              43.075770385099325
            ],
            [
              -89.40402401037237,
              43.07576896549364
            ],
            [
              -89.40402310676122,
              43.07576745014561
            ],
            [
              -89.40402235584253,
              43.07576585361379
            ],
            [
              -89.40402210206585,
              43.0757651397998
            ],
            [
              -89.40393803187138,
              43.075755892078405
            ],
            [
              -89.40393630098716,
              43.075755615825386
            ],
            [
              -89.40393460517821,
              43.075755172533235
            ],
            [
              -89.40393296052474,
              43.07575456640541
            ],
            [
              -89.40393138262195,
              43.07575380318941
            ],
            [
              -89.40392988643198,
              43.075752890122295
            ],
            [
              -89.40392848614225,
              43.075751835862086
            ],
            [
              -89.40392719503075,
              43.075750650405624
            ],
            [
              -89.40392662085033,
              43.07575000960201
            ],
            [
              -89.40387459802199,
              43.075745945318545
            ],
            [
              -89.40387287065087,
              43.07574572588993
            ],
            [
              -89.4038711725639,
              43.075745340584206
            ],
            [
              -89.40386951965158,
              43.075744793007004
            ],
            [
              -89.40386792738173,
              43.07574408828251
            ],
            [
              -89.40386641065464,
              43.07574323300547
            ],
            [
              -89.4038649836637,
              43.07574223517946
            ],
            [
              -89.40386365976252,
              43.07574110414206
            ],
            [
              -89.40386245134009,
              43.0757398504774
            ],
            [
              -89.40386136970466,
              43.07573848591714
            ],
            [
              -89.40386042497809,
              43.07573702323071
            ],
            [
              -89.40385962600102,
              43.07573547610578
            ],
            [
              -89.40385898025022,
              43.07573385902019
            ],
            [
              -89.40385849376855,
              43.075732187106475
            ],
            [
              -89.40385817110847,
              43.07573047601023
            ],
            [
              -89.40385801528937,
              43.075728741743724
            ],
            [
              -89.40385802776942,
              43.07572700053606
            ],
            [
              -89.40385820843183,
              43.075725268681275
            ],
            [
              -89.40385855558596,
              43.0757235623859
            ],
            [
              -89.40388755558595,
              43.07560956238591
            ],
            [
              -89.40388808560829,
              43.07560784343008
            ],
            [
              -89.40388878455177,
              43.07560618595887
            ],
            [
              -89.40388964543617,
              43.07560460652515
            ],
            [
              -89.40389065966399,
              43.075603120902464
            ],
            [
              -89.4038918171063,
              43.07560174392748
            ],
            [
              -89.40389310620391,
              43.0756004893518
            ],
            [
              -89.40389451408285,
              43.07559936970466
            ],
            [
              -89.40389602668286,
              43.07559839616779
            ],
            [
              -89.40389762889785,
              43.075597578463736
            ],
            [
              -89.40389930472679,
              43.07559692475877
            ],
            [
              -89.40390103743346,
              43.075596441581325
            ],
            [
              -89.40390280971359,
              43.07559613375682
            ],
            [
              -89.40390460386774,
              43.07559600435944
            ],
            [
              -89.403906401978,
              43.075596054681455
            ],
            [
              -89.40395548440938,
              43.075599889246405
            ],
            [
              -89.40396266547357,
              43.07557307994008
            ],
            [
              -89.40396255150542,
              43.07557296402915
            ],
            [
              -89.40396142645109,
              43.07557156464255
            ],
            [
              -89.40396044641392,
              43.07557006013025
            ],
            [
              -89.40395962114599,
              43.07556846546322
            ],
            [
              -89.40395895885928,
              43.07556679650953
            ],
            [
              -89.40395846614402,
              43.075565069876454
            ],
            [
              -89.40395814790308,
              43.07556330274521
            ],
            [
              -89.40395800730319,
              43.07556151270002
            ],
            [
              -89.40395804574341,
              43.075559717553105
            ],
            [
              -89.4039590457434,
              43.075545717553105
            ],
            [
              -89.40395934954783,
              43.075543469909555
            ],
            [
              -89.40396134954784,
              43.07553346990955
            ],
            [
              -89.40396192370063,
              43.07553130790022
            ],
            [
              -89.40396392370063,
              43.07552530790022
            ],
            [
              -89.40396455039051,
              43.07552369176165
            ],
            [
              -89.40396532962738,
              43.075522143396704
            ],
            [
              -89.4039662541849,
              43.07552067716429
            ],
            [
              -89.40396731548911,
              43.075519306661654
            ],
            [
              -89.4039685036979,
              43.07551804459828
            ],
            [
              -89.40396980779231,
              43.075516902678025
            ],
            [
              -89.40397121567868,
              43.075515891490596
            ],
            [
              -89.40397271430089,
              43.07551502041333
            ],
            [
              -89.40397428976128,
              43.07551429752424
            ],
            [
              -89.40397592744971,
              43.07551372952712
            ],
            [
              -89.40397631645851,
              43.0755136353562
            ],
            [
              -89.40398139119807,
              43.07548826165837
            ],
            [
              -89.40396550518136,
              43.07548693782365
            ],
            [
              -89.40396373742028,
              43.07548670185226
            ],
            [
              -89.40396200168747,
              43.07548629210432
            ],
            [
              -89.40396031502239,
              43.07548571260226
            ],
            [
              -89.40395869398277,
              43.075484969034974
            ],
            [
              -89.40395715448214,
              43.07548406870195
            ],
            [
              -89.40395571163356,
              43.075483020441624
            ],
            [
              -89.40395437960126,
              43.075481834544625
            ],
            [
              -89.40395317146161,
              43.07548052265274
            ],
            [
              -89.40395209907474,
              43.07547909764461
            ],
            [
              -89.40395117296814,
              43.07547757350935
            ],
            [
              -89.40395040223325,
              43.07547596520917
            ],
            [
              -89.40394979443626,
              43.07547428853253
            ],
            [
              -89.40394935554383,
              43.07547255993912
            ],
            [
              -89.40394908986451,
              43.07547079639829
            ],
            [
              -89.40394900000643,
              43.07546901522248
            ],
            [
              -89.40394908685172,
              43.075467233897236
            ],
            [
              -89.40394934954783,
              43.07546546990957
            ],
            [
              -89.40395642761912,
              43.07543007955314
            ],
            [
              -89.40392234043222,
              43.07542692333213
            ],
            [
              -89.40392104081823,
              43.07542675509063
            ],
            [
              -89.4039098258982,
              43.07542488593729
            ],
            [
              -89.40389761946302,
              43.07542394698074
            ],
            [
              -89.40389619267367,
              43.07542377973338
            ],
            [
              -89.40387719267368,
              43.07542077973338
            ],
            [
              -89.40387550824788,
              43.07542043055257
            ],
            [
              -89.403873864847,
              43.07541992217178
            ],
            [
              -89.40387227748086,
              43.07541925923424
            ],
            [
              -89.40387076064746,
              43.07541844779482
            ],
            [
              -89.40386932820066,
              43.0754174952647
            ],
            [
              -89.40386799322353,
              43.07541641034372
            ],
            [
              -89.40386676790894,
              43.075415202940874
            ],
            [
              -89.40386566344816,
              43.075413884083844
            ],
            [
              -89.40386468992865,
              43.07541246581826
            ],
            [
              -89.40386385624197,
              43.075410961097695
            ],
            [
              -89.40386317000247,
              43.07540938366534
            ],
            [
              -89.40386263747786,
              43.075407747928494
            ],
            [
              -89.40386226353189,
              43.075406068826986
            ],
            [
              -89.40386205157995,
              43.075404361696684
            ],
            [
              -89.40386200355789,
              43.07540264212949
            ],
            [
              -89.4038621199043,
              43.075400925830856
            ],
            [
              -89.40386239955654,
              43.075399228476414
            ],
            [
              -89.40386534402718,
              43.07538548761343
            ],
            [
              -89.403874296151,
              43.075336748272626
            ],
            [
              -89.40387443710746,
              43.07533605730983
            ],
            [
              -89.40388539091038,
              43.075287263096854
            ],
            [
              -89.40388834954784,
              43.075272469909564
            ],
            [
              -89.40388876773694,
              43.075270799124134
            ],
            [
              -89.40388934369732,
              43.075269175955704
            ],
            [
              -89.40389007215569,
              43.075267615265325
            ],
            [
              -89.40389094644264,
              43.075266131342005
            ],
            [
              -89.40389195855356,
              43.07526473777192
            ],
            [
              -89.40389309922197,
              43.07526344731399
            ],
            [
              -89.40389435800442,
              43.075262271783124
            ],
            [
              -89.40389572337602,
              43.07526122194196
            ],
            [
              -89.40389718283602,
              43.07526030740241
            ],
            [
              -89.40389872302222,
              43.0752595365376
            ],
            [
              -89.40390032983333,
              43.07525891640525
            ],
            [
              -89.40390198855808,
              43.07525845268301
            ],
            [
              -89.40390368400988,
              43.075258149616545
            ],
            [
              -89.40390540066589,
              43.07525800998059
            ],
            [
              -89.40390712280916,
              43.07525803505359
            ],
            [
              -89.40392312280915,
              43.075259035053584
            ],
            [
              -89.40392437894695,
              43.07525915789779
            ],
            [
              -89.40393937894696,
              43.07526115789779
            ],
            [
              -89.4039397370293,
              43.075261209309446
            ],
            [
              -89.40395236343997,
              43.07526315183416
            ],
            [
              -89.40398976732389,
              43.075267307821264
            ],
            [
              -89.40399738970534,
              43.07523127474536
            ],
            [
              -89.40399783768272,
              43.0752295727663
            ],
            [
              -89.40399844973061,
              43.07522792267119
            ],
            [
              -89.40399921999787,
              43.075226340234835
            ],
            [
              -89.4040001411208,
              43.07522484058521
            ],
            [
              -89.40400120429355,
              43.07522343805884
            ],
            [
              -89.40400239935224,
              43.075222146063794
            ],
            [
              -89.4040037148722,
              43.07522097695145
            ],
            [
              -89.40400513827718,
              43.075219941898425
            ],
            [
              -89.4040066559595,
              43.07521905079976
            ],
            [
              -89.40400825341025,
              43.07521831217429
            ],
            [
              -89.40400991535792,
              43.07521773308323
            ],
            [
              -89.40401162591438,
              43.07521731906263
            ],
            [
              -89.40401336872685,
              43.075217074070515
            ],
            [
              -89.40401512713419,
              43.07521700044898
            ],
            [
              -89.40401688432613,
              43.075217098901845
            ],
            [
              -89.40403862056549,
              43.075219386927046
            ],
            [
              -89.40404370383084,
              43.075194394205745
            ],
            [
              -89.40404329784008,
              43.07519416140141
            ],
            [
              -89.40404187193141,
              43.07519314800655
            ],
            [
              -89.40404055112751,
              43.07519200098356
            ],
            [
              -89.40403934790339,
              43.0751907311661
            ],
            [
              -89.40403827362353,
              43.0751893505476
            ],
            [
              -89.40403733843449,
              43.07518787216804
            ],
            [
              -89.40403655116917,
              43.07518630999072
            ],
            [
              -89.4040359192633,
              43.07518467877043
            ],
            [
              -89.40403544868522,
              43.07518299391407
            ],
            [
              -89.40403514387958,
              43.07518127133513
            ],
            [
              -89.40403500772524,
              43.07517952730341
            ],
            [
              -89.4040350415082,
              43.07517777829129
            ],
            [
              -89.40403524490938,
              43.075176040818235
            ],
            [
              -89.40403816426434,
              43.07515852468848
            ],
            [
              -89.40403911009277,
              43.07515001223254
            ],
            [
              -89.404039537435,
              43.075147634358736
            ],
            [
              -89.404041537435,
              43.075139634358734
            ],
            [
              -89.40404203048257,
              43.07513799704424
            ],
            [
              -89.40404267666926,
              43.075136413902605
            ],
            [
              -89.40404347016369,
              43.0751348992207
            ],
            [
              -89.40404440380503,
              43.07513346666756
            ],
            [
              -89.40404546916778,
              43.07513212917107
            ],
            [
              -89.40404665663773,
              43.075130898801284
            ],
            [
              -89.4040479554987,
              43.07512978666151
            ],
            [
              -89.40404935402928,
              43.07512880278812
            ],
            [
              -89.40405083960864,
              43.07512795605993
            ],
            [
              -89.40405239883037,
              43.07512725411814
            ],
            [
              -89.40405401762347,
              43.07512670329731
            ],
            [
              -89.40405489094412,
              43.07512649610043
            ],
            [
              -89.40406074403137,
              43.075101829518445
            ],
            [
              -89.40402217888418,
              43.07509790763907
            ],
            [
              -89.40402043122339,
              43.07509764267081
            ],
            [
              -89.40401871797845,
              43.075097207563694
            ],
            [
              -89.4040170556712,
              43.07509660651371
            ],
            [
              -89.4040154603323,
              43.07509584531715
            ],
            [
              -89.40401394734654,
              43.07509493131469
            ],
            [
              -89.40401253130455,
              43.0750938733206
            ],
            [
              -89.40401122586206,
              43.075092681537754
            ],
            [
              -89.40401004360825,
              43.07509136745923
            ],
            [
              -89.40400899594431,
              43.075089943757476
            ],
            [
              -89.40400809297348,
              43.075088424162104
            ],
            [
              -89.40400734340365,
              43.07508682332748
            ],
            [
              -89.40400675446338,
              43.075085156691415
            ],
            [
              -89.40400633183216,
              43.075083440326274
            ],
            [
              -89.40400607958568,
              43.07508169078401
            ],
            [
              -89.40400600015653,
              43.0750799249365
            ],
            [
              -89.40400609431065,
              43.07507815981287
            ],
            [
              -89.40400636114009,
              43.07507641243527
            ],
            [
              -89.40403036114009,
              43.07495841243527
            ],
            [
              -89.40403080123743,
              43.07495668939121
            ],
            [
              -89.40403140921202,
              43.074955018184035
            ],
            [
              -89.40403217912943,
              43.07495341512643
            ],
            [
              -89.40403310347448,
              43.07495189586584
            ],
            [
              -89.40403417322463,
              43.07495047523177
            ],
            [
              -89.40403537793803,
              43.07494916709106
            ],
            [
              -89.40403670585549,
              43.07494798421248
            ],
            [
              -89.40403814401517,
              43.074946938142105
            ],
            [
              -89.40403967837922,
              43.07494603909065
            ],
            [
              -89.40404129397065,
              43.07494529583374
            ],
            [
              -89.40404297501969,
              43.07494471562634
            ],
            [
              -89.40404470511761,
              43.07494430413184
            ],
            [
              -89.4040464673769,
              43.07494406536684
            ],
            [
              -89.40404824459613,
              43.07494400166195
            ],
            [
              -89.40405001942786,
              43.07494411363896
            ],
            [
              -89.40410001679761,
              43.074949758503294
            ],
            [
              -89.40410114079675,
              43.074948940248625
            ],
            [
              -89.40410268104094,
              43.07494803770317
            ],
            [
              -89.40410430311235,
              43.074947292166634
            ],
            [
              -89.40410599105594,
              43.074946710972284
            ],
            [
              -89.40410772826868,
              43.07494629983689
            ],
            [
              -89.40410949766294,
              43.07494606280447
            ],
            [
              -89.40411128183455,
              43.074946002206545
            ],
            [
              -89.40411306323395,
              43.074946118639154
            ],
            [
              -89.40420306867614,
              43.07495650388248
            ],
            [
              -89.40420401241346,
              43.07495557249953
            ],
            [
              -89.40420541301535,
              43.074954442673466
            ],
            [
              -89.40420691942802,
              43.07495345833946
            ],
            [
              -89.40420851659576,
              43.074952629335364
            ],
            [
              -89.40421018855578,
              43.07495196394658
            ],
            [
              -89.40421191859784,
              43.07495146882331
            ],
            [
              -89.40421368943115,
              43.074951148913996
            ],
            [
              -89.40421548335725,
              43.07495100741597
            ],
            [
              -89.40421728244691,
              43.074951045743404
            ],
            [
              -89.4042312824469,
              43.0749520457434
            ],
            [
              -89.40423205835091,
              43.0749521180764
            ],
            [
              -89.40437105835092,
              43.074968118076406
            ],
            [
              -89.40437283449317,
              43.07496841316794
            ],
            [
              -89.40437457226966,
              43.07496888422334
            ],
            [
              -89.40437625429318,
              43.0749695265295
            ],
            [
              -89.40437786373435,
              43.07497033365987
            ],
            [
              -89.40437938449003,
              43.07497129753875
            ],
            [
              -89.40438080134439,
              43.07497240852213
            ],
            [
              -89.40438210012118,
              43.074973655494134
            ],
            [
              -89.40438326782558,
              43.07497502597826
            ],
            [
              -89.40438429277421,
              43.07497650626223
            ],
            [
              -89.4043850620864,
              43.07497789612821
            ],
            [
              -89.40446798776748,
              43.07498711009277
            ],
            [
              -89.40446971986646,
              43.07498738856639
            ],
            [
              -89.40447141662999,
              43.074987834333115
            ],
            [
              -89.40447306194031,
              43.07498844315854
            ],
            [
              -89.40447464016842,
              43.074989209259364
            ],
            [
              -89.40447613632254,
              43.07499012535831
            ],
            [
              -89.40447753619054,
              43.074991182753244
            ],
            [
              -89.40447882647489,
              43.07499237139984
            ],
            [
              -89.40447984917759,
              43.07499351678287
            ],
            [
              -89.40453095707863,
              43.07499910670955
            ],
            [
              -89.4045326914303,
              43.074999382584124
            ],
            [
              -89.40453439064409,
              43.07499982615488
            ],
            [
              -89.40453603854554,
              43.07500043319957
            ],
            [
              -89.4045376194487,
              43.07500119793988
            ],
            [
              -89.40453911830527,
              43.07500211309641
            ],
            [
              -89.40454052084799,
              43.075003169958
            ],
            [
              -89.40454181372637,
              43.075004358464625
            ],
            [
              -89.40454298463379,
              43.07500566730316
            ],
            [
              -89.40454402242466,
              43.075007084015056
            ],
            [
              -89.40454491722046,
              43.07500859511497
            ],
            [
              -89.40454566050387,
              43.075010186219075
            ],
            [
              -89.40454624519973,
              43.075011842182015
            ],
            [
              -89.40454666574243,
              43.075013547241056
            ],
            [
              -89.40454691812894,
              43.075015285166124
            ],
            [
              -89.40454696564785,
              43.07501630388888
            ],
            [
              -89.40487406715697,
              43.07505411909224
            ],
            [
              -89.40487578632259,
              43.07505440273427
            ],
            [
              -89.40487747000915,
              43.07505485126827
            ],
            [
              -89.40487910243999,
              43.075055460491356
            ],
            [
              -89.40488066831871,
              43.075056224694904
            ],
            [
              -89.40488215297252,
              43.075057136718094
            ],
            [
              -89.40488354248974,
              43.075058188014964
            ],
            [
              -89.40488482385015,
              43.075059368734536
            ],
            [
              -89.404885985047,
              43.075060667813084
            ],
            [
              -89.4048870151995,
              43.07506207307784
            ],
            [
              -89.40488790465481,
              43.075063571361014
            ],
            [
              -89.40488864507844,
              43.075065148623224
            ],
            [
              -89.40488922953237,
              43.07506679008502
            ],
            [
              -89.4048896525401,
              43.07506848036537
            ],
            [
              -89.40488991013791,
              43.07507020362582
            ],
            [
              -89.40488999991202,
              43.075071943718875
            ],
            [
              -89.40488992102121,
              43.075073684339294
            ],
            [
              -89.40488967420472,
              43.075075409176925
            ],
            [
              -89.40488926177531,
              43.07507710206948
            ],
            [
              -89.40488868759756,
              43.075078747154016
            ],
            [
              -89.40488795705171,
              43.07508032901557
            ],
            [
              -89.40488707698321,
              43.07508183283159
            ],
            [
              -89.40488605563857,
              43.07508324451086
            ],
            [
              -89.40488467773801,
              43.075084966886564
            ],
            [
              -89.40486362865448,
              43.07518064453897
            ],
            [
              -89.40483432202095,
              43.07533206214557
            ]
          ],
          [
            [
              -89.40463982582901,
              43.07519689753686
            ],
            [
              -89.40451200611857,
              43.075184273367924
            ],
            [
              -89.4045114912611,
              43.07518491578256
            ],
            [
              -89.4045102909561,
              43.07518615037636
            ],
            [
              -89.4045089781754,
              43.075187264629854
            ],
            [
              -89.40450756493242,
              43.0751882483464
            ],
            [
              -89.40450606415985,
              43.075189092523914
            ],
            [
              -89.4045044895914,
              43.07518978943725
            ],
            [
              -89.40450285563611,
              43.07519033270891
            ],
            [
              -89.40450117724644,
              43.07519071736733
            ],
            [
              -89.4044994697815,
              43.07519093989249
            ],
            [
              -89.40449774886645,
              43.075190998248026
            ],
            [
              -89.40449603024955,
              43.07519089189993
            ],
            [
              -89.40429444580772,
              43.07516869911735
            ],
            [
              -89.40427937756517,
              43.07524472525018
            ],
            [
              -89.40429741052213,
              43.07524716213626
            ],
            [
              -89.40429910511025,
              43.07524747435965
            ],
            [
              -89.40430076207946,
              43.07524794718673
            ],
            [
              -89.40430236624537,
              43.07524857628455
            ],
            [
              -89.40430390290756,
              43.075249355888104
            ],
            [
              -89.40430535798416,
              43.075250278853154
            ],
            [
              -89.40430671814093,
              43.07525133672173
            ],
            [
              -89.40430797091352,
              43.07525251979958
            ],
            [
              -89.4043091048216,
              43.07525381724508
            ],
            [
              -89.40430962812775,
              43.07525454644102
            ],
            [
              -89.40438503237438,
              43.07526311510541
            ],
            [
              -89.40438676804831,
              43.0752633988122
            ],
            [
              -89.4043884677507,
              43.07526385054805
            ],
            [
              -89.40439011525544,
              43.075264466000476
            ],
            [
              -89.40439169483466,
              43.075265239294104
            ],
            [
              -89.40439319140896,
              43.0752661630467
            ],
            [
              -89.40439459069138,
              43.07526722843969
            ],
            [
              -89.40439587932372,
              43.07526842530236
            ],
            [
              -89.40439704500407,
              43.075269742208896
            ],
            [
              -89.40439807660434,
              43.0752711665875
            ],
            [
              -89.4043989642764,
              43.0752726848404
            ],
            [
              -89.40439969954609,
              43.07527428247365
            ],
            [
              -89.40440027539421,
              43.07527594423551
            ],
            [
              -89.40440068632346,
              43.075277654262024
            ],
            [
              -89.40440092841088,
              43.075279396228495
            ],
            [
              -89.40440099934543,
              43.075281153505316
            ],
            [
              -89.40440089844992,
              43.0752829093167
            ],
            [
              -89.40440062668755,
              43.07528464690087
            ],
            [
              -89.40439867721835,
              43.075294069335335
            ],
            [
              -89.40459555911156,
              43.0753136722944
            ],
            [
              -89.40459555950731,
              43.07531367127569
            ],
            [
              -89.40459635174172,
              43.0753121043824
            ],
            [
              -89.4045972928659,
              43.07531062212899
            ],
            [
              -89.4045983739253,
              43.07530923861878
            ],
            [
              -89.40459958463386,
              43.07530796701556
            ],
            [
              -89.40460091347192,
              43.07530681941838
            ],
            [
              -89.40460234779592,
              43.07530580674636
            ],
            [
              -89.40460387395854,
              43.075304938634865
            ],
            [
              -89.40460547743868,
              43.075304223343785
            ],
            [
              -89.4046071429796,
              43.07530366767896
            ],
            [
              -89.40460885473401,
              43.07530327692742
            ],
            [
              -89.40461059641494,
              43.07530305480708
            ],
            [
              -89.40461235145068,
              43.07530300343137
            ],
            [
              -89.40461410314245,
              43.075303123289125
            ],
            [
              -89.40461511198049,
              43.07530324197595
            ],
            [
              -89.40463982582901,
              43.07519689753686
            ]
          ]
        ]
      },
      "properties": {
        "building": "university",
        "name": "Bascom Hall",
        "@id": "relation/17672451",
        "addr:street": "Lincoln Drive",
        "addr:housenumber": "500",
        "person_counts": [
          0,
          0,
          0,
          0,
          0,
          0,
          0,
          0,
          0,
          0,
          0,
          0,
          0,
          0,
          0,
          0,
          0,
          0,
          0,
          0,
          0,
          0,
          0,
          0,
          0,
          0,
          0,
          0,
          0,
          0,
          0,
          0,
          0,
          0,
          0,
          0,
          0,
          0,
          0,
          0,
          0,
          0,
          0,
          0,
          0,
          0,
          0,
          0,
          0,
          0,
          0,
          0,
          0,
          0,
          0,
          0,
          0,
          0,
          0,
          0,
          0,
          0,
          0,
          0,
          0,
          0,
          0,
          0,
          0,
          0,
          0,
          0,
          0,
          0,
          0,
          0,
          0,
          0,
          0,
          0,
          0,
          20,
          20,
          20,
          20,
          20,
          20,
          20,
          20,
          20,
          20,
          20,
          20,
          20,
          20,
          20,
          20,
          0,
          0,
          0,
          0,
          0,
          0,
          0,
          0,
          0,
          0,
          0,
          0,
          0,
          0,
          0,
          0,
          0,
          0,
          0,
          0,
          0,
          0,
          0,
          0,
          0,
          0,
          0,
          0,
          0,
          0,
          0,
          0,
          0,
          0,
          0,
          0,
          0,
          0,
          0,
          0,
          0,
          0,
          0,
          0,
          0,
          0,
          0,
          0,
          0,
          0,
          0,
          0,
          0,
          0,
          0,
          0,
          0,
          0,
          0,
          0,
          0,
          0
        ],
        "instructor_counts": [
          0,
          0,
          0,
          0,
          0,
          0,
          0,
          0,
          0,
          0,
          0,
          0,
          0,
          0,
          0,
          0,
          0,
          0,
          0,
          0,
          0,
          0,
          0,
          0,
          0,
          0,
          0,
          0,
          0,
          0,
          0,
          0,
          0,
          0,
          0,
          0,
          0,
          0,
          0,
          0,
          0,
          0,
          0,
          0,
          0,
          0,
          0,
          0,
          0,
          0,
          0,
          0,
          0,
          0,
          0,
          0,
          0,
          0,
          0,
          0,
          0,
          0,
          0,
          0,
          0,
          0,
          0,
          0,
          0,
          0,
          0,
          0,
          0,
          0,
          0,
          0,
          0,
          0,
          0,
          0,
          0,
          2,
          2,
          2,
          2,
          2,
          2,
          2,
          2,
          2,
          2,
          2,
          2,
          2,
          2,
          2,
          2,
          0,
          0,
          0,
          0,
          0,
          0,
          0,
          0,
          0,
          0,
          0,
          0,
          0,
          0,
          0,
          0,
          0,
          0,
          0,
          0,
          0,
          0,
          0,
          0,
          0,
          0,
          0,
          0,
          0,
          0,
          0,
          0,
          0,
          0,
          0,
          0,
          0,
          0,
          0,
          0,
          0,
          0,
          0,
          0,
          0,
          0,
          0,
          0,
          0,
          0,
          0,
          0,
          0,
          0,
          0,
          0,
          0,
          0,
          0,
          0,
          0,
          0
        ]
      }
    },
    {
      "type": "Feature",
      "geometry": {
        "type": "Polygon",
        "coordinates": [
          [
            [
              -89.415538,
              43.076273
            ],
            [
              -89.415523,
              43.076273
            ],
            [
              -89.41552264712664,
              43.076272996540794
            ],
            [
              -89.41548999999999,
              43.076272356401056
            ],
            [
              -89.41548999999999,
              43.076293
            ],
            [
              -89.41548991245809,
              43.076294773089174
            ],
            [
              -89.41548965068385,
              43.07629652893173
            ],
            [
              -89.41548921722357,
              43.07629825044879
            ],
            [
              -89.41548861629343,
              43.076299920895366
            ],
            [
              -89.41548785373861,
              43.07630152402323
            ],
            [
              -89.4154869369764,
              43.076303044238955
            ],
            [
              -89.41548587492402,
              43.07630446675558
            ],
            [
              -89.41548467791192,
              43.076305777736465
            ],
            [
              -89.41548335758333,
              43.07630696442985
            ],
            [
              -89.41548192678088,
              43.07630801529291
            ],
            [
              -89.41548039942184,
              43.07630892010404
            ],
            [
              -89.41547879036264,
              43.07630967006224
            ],
            [
              -89.4154771152544,
              43.07631025787276
            ],
            [
              -89.41547539039071,
              43.07631067781804
            ],
            [
              -89.4154736325491,
              43.076310925813324
            ],
            [
              -89.41547185882787,
              43.07631099944639
            ],
            [
              -89.41521685882788,
              43.07630899944639
            ],
            [
              -89.41521507971254,
              43.07630889727622
            ],
            [
              -89.41521331941894,
              43.07630861968567
            ],
            [
              -89.41521159520059,
              43.076308169395546
            ],
            [
              -89.41520992395745,
              43.07630755081937
            ],
            [
              -89.41520832207024,
              43.07630677002013
            ],
            [
              -89.41520680523986,
              43.076305834650846
            ],
            [
              -89.41520538833355,
              43.07630475387953
            ],
            [
              -89.41520408523914,
              43.076303538299406
            ],
            [
              -89.41520290872893,
              43.07630219982497
            ],
            [
              -89.41520187033447,
              43.07630075157532
            ],
            [
              -89.41520098023364,
              43.076299207745464
            ],
            [
              -89.41520024715074,
              43.0762975834673
            ],
            [
              -89.41519967827111,
              43.07629589466119
            ],
            [
              -89.41519927917062,
              43.07629415788
            ],
            [
              -89.41519905376107,
              43.07629239014681
            ],
            [
              -89.4151990042518,
              43.07629060878808
            ],
            [
              -89.41519960444285,
              43.076263
            ],
            [
              -89.415159,
              43.076263
            ],
            [
              -89.41515845479573,
              43.076262991741224
            ],
            [
              -89.41514346256523,
              43.07626253743121
            ],
            [
              -89.41514299221959,
              43.07627852918293
            ],
            [
              -89.41514285789165,
              43.07628025736697
            ],
            [
              -89.41514255795582,
              43.07628196461696
            ],
            [
              -89.41514209519356,
              43.07628363510047
            ],
            [
              -89.41514147389638,
              43.076285253326
            ],
            [
              -89.41514069982598,
              43.07628680428669
            ],
            [
              -89.41513978016083,
              43.07628827359947
            ],
            [
              -89.41513872342956,
              43.07628964763844
            ],
            [
              -89.41513753943195,
              43.07629091366123
            ],
            [
              -89.41513623914798,
              43.07629205992719
            ],
            [
              -89.41513483463605,
              43.07629307580625
            ],
            [
              -89.41513333892108,
              43.07629395187748
            ],
            [
              -89.41513176587385,
              43.076294680016524
            ],
            [
              -89.41513013008225,
              43.076295253470846
            ],
            [
              -89.41512844671603,
              43.07629566692245
            ],
            [
              -89.41512673138615,
              43.07629591653711
            ],
            [
              -89.415125,
              43.076296
            ],
            [
              -89.41509828025524,
              43.076296
            ],
            [
              -89.41509821700564,
              43.0762962511634
            ],
            [
              -89.4150976159104,
              43.07629792181492
            ],
            [
              -89.41509685314891,
              43.076299525119914
            ],
            [
              -89.41509593614255,
              43.076301045478864
            ],
            [
              -89.41509487381343,
              43.07630246809928
            ],
            [
              -89.41509367649758,
              43.07630377913961
            ],
            [
              -89.41509235584442,
              43.07630496584396
            ],
            [
              -89.41509092470338,
              43.07630601666617
            ],
            [
              -89.4150893969989,
              43.07630692138215
            ],
            [
              -89.41508778759493,
              43.076307671189376
            ],
            [
              -89.41508611215033,
              43.07630825879251
            ],
            [
              -89.41508438696656,
              43.07630867847441
            ],
            [
              -89.41508262882891,
              43.07630892615174
            ],
            [
              -89.41508085484342,
              43.0763089994147
            ],
            [
              -89.41495685484342,
              43.0763079994147
            ],
            [
              -89.41495510031271,
              43.07630789947452
            ],
            [
              -89.41495336388981,
              43.07630762891666
            ],
            [
              -89.41495166212628,
              43.07630719032007
            ],
            [
              -89.41495001124333,
              43.07630658786545
            ],
            [
              -89.41494842697719,
              43.0763058272954
            ],
            [
              -89.41494692442903,
              43.076304915859666
            ],
            [
              -89.41494551792115,
              43.07630386224604
            ],
            [
              -89.41494422086039,
              43.076302676497576
            ],
            [
              -89.4149430456103,
              43.07630136991681
            ],
            [
              -89.41494200337338,
              43.07629995495807
            ],
            [
              -89.4149411040842,
              43.07629844510872
            ],
            [
              -89.41494035631482,
              43.07629685476064
            ],
            [
              -89.41493976719293,
              43.07629519907304
            ],
            [
              -89.4149396742201,
              43.076294825910374
            ],
            [
              -89.4147588181911,
              43.0762929990818
            ],
            [
              -89.41475701534758,
              43.076292890253065
            ],
            [
              -89.41475523248587,
              43.07629260130215
            ],
            [
              -89.41475348755617,
              43.07629213513825
            ],
            [
              -89.4147517981267,
              43.0762914964548
            ],
            [
              -89.41475018120695,
              43.07629069168217
            ],
            [
              -89.41474865307634,
              43.07628972892294
            ],
            [
              -89.41474722912038,
              43.07628861787035
            ],
            [
              -89.41474592367567,
              43.07628736971066
            ],
            [
              -89.41474474988567,
              43.07628599701058
            ],
            [
              -89.41474371956832,
              43.07628451359067
            ],
            [
              -89.414742843097,
              43.07628293438628
            ],
            [
              -89.41474212929622,
              43.0762812752971
            ],
            [
              -89.41474158535262,
              43.07627955302714
            ],
            [
              -89.41474121674271,
              43.076277784916506
            ],
            [
              -89.41474102717774,
              43.076275988766845
            ],
            [
              -89.41474101856627,
              43.07627418266211
            ],
            [
              -89.41474116760074,
              43.07627090390379
            ],
            [
              -89.41473945855986,
              43.07627064817843
            ],
            [
              -89.41473773125105,
              43.07627021163224
            ],
            [
              -89.41473605555919,
              43.076269606466866
            ],
            [
              -89.41473444790073,
              43.07626883861099
            ],
            [
              -89.41473292402563,
              43.07626791558716
            ],
            [
              -89.41473149886298,
              43.076266846438074
            ],
            [
              -89.41473018637485,
              43.076265641637974
            ],
            [
              -89.41472899941947,
              43.07626431299008
            ],
            [
              -89.41472794962517,
              43.076262873510906
            ],
            [
              -89.41472704727664,
              43.07626133730276
            ],
            [
              -89.41472630121399,
              43.076259719415596
            ],
            [
              -89.41472571874628,
              43.07625803569955
            ],
            [
              -89.41472530557984,
              43.07625630264969
            ],
            [
              -89.41472506576235,
              43.076254537244374
            ],
            [
              -89.4147250016433,
              43.07625275677896
            ],
            [
              -89.4147260016433,
              43.076178756778965
            ],
            [
              -89.41472611046221,
              43.07617700891046
            ],
            [
              -89.41472638861805,
              43.076175279889014
            ],
            [
              -89.4147268334779,
              43.076173586081005
            ],
            [
              -89.41472744083084,
              43.07617194351951
            ],
            [
              -89.41472820492787,
              43.07617036775253
            ],
            [
              -89.41472911853626,
              43.076168873695785
            ],
            [
              -89.41473017300808,
              43.076167475491566
            ],
            [
              -89.41473135836202,
              43.076166186374856
            ],
            [
              -89.41473266337788,
              43.076165018548046
            ],
            [
              -89.41473407570277,
              43.07616398306541
            ],
            [
              -89.41473558196805,
              43.076163089728546
            ],
            [
              -89.41473716791586,
              43.07616234699348
            ],
            [
              -89.41473881853412,
              43.07616176189073
            ],
            [
              -89.41474051819856,
              43.0761613399587
            ],
            [
              -89.41474225082068,
              43.07616108519127
            ],
            [
              -89.41474323633916,
              43.07616103719301
            ],
            [
              -89.41474500157867,
              43.07602776161031
            ],
            [
              -89.41474511110371,
              43.076026003155086
            ],
            [
              -89.41474539201765,
              43.076024263831115
            ],
            [
              -89.41474584162914,
              43.07602256030242
            ],
            [
              -89.41474645563056,
              43.07602090889006
            ],
            [
              -89.41474722813932,
              43.0760193254158
            ],
            [
              -89.41474815175422,
              43.0760178250505
            ],
            [
              -89.41474921762634,
              43.07601642216876
            ],
            [
              -89.4147504155438,
              43.076015130211246
            ],
            [
              -89.41475173402972,
              43.07601396155586
            ],
            [
              -89.414753160452,
              43.07601292739919
            ],
            [
              -89.41475468114444,
              43.07601203764922
            ],
            [
              -89.4147562815377,
              43.07601130083043
            ],
            [
              -89.41475794629882,
              43.076010724002074
            ],
            [
              -89.41475965947814,
              43.076010312690606
            ],
            [
              -89.41476140466214,
              43.07601007083669
            ],
            [
              -89.41476316513067,
              43.076010000757464
            ],
            [
              -89.41496350852258,
              43.076011838770235
            ],
            [
              -89.41496378274627,
              43.076010749650116
            ],
            [
              -89.41496438365357,
              43.0760090792319
            ],
            [
              -89.41496514617978,
              43.076007476128545
            ],
            [
              -89.41496606290822,
              43.076005955932644
            ],
            [
              -89.4149671249223,
              43.076004533430385
            ],
            [
              -89.41496832189235,
              43.076003222457736
            ],
            [
              -89.41496964217603,
              43.076002035765875
            ],
            [
              -89.41497107293162,
              43.076000984897156
            ],
            [
              -89.41497260024285,
              43.07600008007287
            ],
            [
              -89.41497420925434,
              43.07599933009378
            ],
            [
              -89.41497588431602,
              43.07599874225457
            ],
            [
              -89.41497760913542,
              43.075998322272845
            ],
            [
              -89.41497936693607,
              43.07599807423357
            ],
            [
              -89.41498114062071,
              43.07599800054929
            ],
            [
              -89.41510914062071,
              43.07599900054929
            ],
            [
              -89.41511089545848,
              43.075999100077176
            ],
            [
              -89.41511263222293,
              43.075999370282005
            ],
            [
              -89.41511433435389,
              43.075999808587355
            ],
            [
              -89.41511598562143,
              43.07600041081397
            ],
            [
              -89.41511757028061,
              43.07600117121956
            ],
            [
              -89.4151190732216,
              43.076002082553615
            ],
            [
              -89.41512048011376,
              43.07600313612651
            ],
            [
              -89.41512177754227,
              43.07600432189235
            ],
            [
              -89.41512295313608,
              43.076005628544785
            ],
            [
              -89.4151239956858,
              43.0760070436248
            ],
            [
              -89.41512489525068,
              43.076008553639504
            ],
            [
              -89.4151256432533,
              43.07601014419082
            ],
            [
              -89.41512623256139,
              43.07601180011272
            ],
            [
              -89.41512661357683,
              43.07601332912793
            ],
            [
              -89.4151623395622,
              43.07601400320313
            ],
            [
              -89.41516408084154,
              43.07601412067958
            ],
            [
              -89.41516580255932,
              43.076014406235686
            ],
            [
              -89.41516748853005,
              43.07601485718699
            ],
            [
              -89.4151691229043,
              43.0760154692942
            ],
            [
              -89.41517069031765,
              43.07601623680302
            ],
            [
              -89.4151721760352,
              43.076017152498274
            ],
            [
              -89.41517356609002,
              43.076018207771696
            ],
            [
              -89.41517484741452,
              43.0760193927029
            ],
            [
              -89.41517600796323,
              43.0760206961526
            ],
            [
              -89.41517703682608,
              43.07602210586733
            ],
            [
              -89.41517792433096,
              43.07602360859468
            ],
            [
              -89.41517866213464,
              43.07602519020784
            ],
            [
              -89.41517924330115,
              43.07602683583838
            ],
            [
              -89.4151796623671,
              43.076028530016096
            ],
            [
              -89.41517991539293,
              43.07603025681439
            ],
            [
              -89.41517999999999,
              43.076032
            ],
            [
              -89.41517999999999,
              43.0760473185589
            ],
            [
              -89.41520046372528,
              43.076047683982566
            ],
            [
              -89.41520100591424,
              43.07602653861319
            ],
            [
              -89.41520113569328,
              43.07602479397511
            ],
            [
              -89.41520143422413,
              43.076023070175815
            ],
            [
              -89.41520189868675,
              43.07602138349887
            ],
            [
              -89.41520252469367,
              43.07601974987713
            ],
            [
              -89.41520330633146,
              43.07601818474231
            ],
            [
              -89.41520423621652,
              43.07601670287915
            ],
            [
              -89.41520530556488,
              43.07601531828579
            ],
            [
              -89.41520650427512,
              43.076014044041536
            ],
            [
              -89.41520782102386,
              43.07601289218329
            ],
            [
              -89.41520924337267,
              43.07601187359187
            ],
            [
              -89.41521075788562,
              43.076010997889185
            ],
            [
              -89.41521235025614,
              43.07601027334742
            ],
            [
              -89.41521400544221,
              43.07600970681081
            ],
            [
              -89.41521570780841,
              43.07600930363103
            ],
            [
              -89.4152174412737,
              43.07600906761666
            ],
            [
              -89.41521918946319,
              43.07600900099715
            ],
            [
              -89.41539134510421,
              43.076010813161794
            ],
            [
              -89.41539600330204,
              43.075767655235666
            ],
            [
              -89.4153961221574,
              43.075765906499555
            ],
            [
              -89.4153964105325,
              43.07576417761425
            ],
            [
              -89.4153968656929,
              43.07576248497324
            ],
            [
              -89.41539748332274,
              43.07576084462634
            ],
            [
              -89.41539825756557,
              43.07575927212749
            ],
            [
              -89.41539918107996,
              43.07575778238732
            ],
            [
              -89.41540024510901,
              43.075756389531705
            ],
            [
              -89.4154014395635,
              43.075755106767865
            ],
            [
              -89.41540275311745,
              43.075753946259105
            ],
            [
              -89.41540417331562,
              43.0757529190095
            ],
            [
              -89.41540568669153,
              43.07575203475956
            ],
            [
              -89.41540727889516,
              43.075751301893824
            ],
            [
              -89.41540893482906,
              43.075750727361424
            ],
            [
              -89.41541063879149,
              43.075750316610126
            ],
            [
              -89.41541237462528,
              43.07575007353473
            ],
            [
              -89.41541412587105,
              43.0757500004401
            ],
            [
              -89.41555712587106,
              43.07575100044011
            ],
            [
              -89.41555888170663,
              43.075751098626306
            ],
            [
              -89.41556061958119,
              43.07575136768217
            ],
            [
              -89.41556232290664,
              43.075751805039545
            ],
            [
              -89.41556397542463,
              43.07575240652383
            ],
            [
              -89.41556556136179,
              43.075753166393824
            ],
            [
              -89.41556706558023,
              43.075754077396525
            ],
            [
              -89.41556847372213,
              43.07575513083634
            ],
            [
              -89.41556977234667,
              43.07575631665815
            ],
            [
              -89.41557094905842,
              43.0757576235432
            ],
            [
              -89.41557199262559,
              43.0757590390172
            ],
            [
              -89.41557289308724,
              43.07576054956937
            ],
            [
              -89.41557364184847,
              43.07576214078139
            ],
            [
              -89.41557423176225,
              43.07576379746506
            ],
            [
              -89.41557465719787,
              43.07576550380723
            ],
            [
              -89.41557491409448,
              43.075767243520765
            ],
            [
              -89.415575,
              43.075769
            ],
            [
              -89.415575,
              43.075781132839516
            ],
            [
              -89.41569213332969,
              43.07578200049381
            ],
            [
              -89.41569390749284,
              43.07578210135561
            ],
            [
              -89.41569566306482,
              43.07578237666444
            ],
            [
              -89.41569738293519,
              43.07578282373705
            ],
            [
              -89.4156990503414,
              43.07578343821609
            ],
            [
              -89.41570064903229,
              43.075784214112616
            ],
            [
              -89.4157021634264,
              43.07578514386444
            ],
            [
              -89.41570357876387,
              43.07578621840984
            ],
            [
              -89.41570488125028,
              43.0757874272759
            ],
            [
              -89.41570605819109,
              43.07578875868053
            ],
            [
              -89.41570709811539,
              43.075790199647365
            ],
            [
              -89.41570799088768,
              43.07579173613219
            ],
            [
              -89.41570872780667,
              43.07579335315983
            ],
            [
              -89.41570930169004,
              43.07579503497012
            ],
            [
              -89.41570970694454,
              43.07579676517149
            ],
            [
              -89.41570993962037,
              43.07579852690073
            ],
            [
              -89.4157099974498,
              43.07580030298737
            ],
            [
              -89.4157053055809,
              43.076079
            ],
            [
              -89.41571,
              43.076079
            ],
            [
              -89.41571178296556,
              43.076079088522285
            ],
            [
              -89.4157135483942,
              43.07607935321846
            ],
            [
              -89.41571527892151,
              43.07607979148502
            ],
            [
              -89.41571695752636,
              43.07608039901126
            ],
            [
              -89.41571856769829,
              43.07608116982166
            ],
            [
              -89.41572009359999,
              43.076082096334694
            ],
            [
              -89.41572152022295,
              43.07608316943734
            ],
            [
              -89.41572283353518,
              43.07608437857476
            ],
            [
              -89.41572402061921,
              43.07608571185413
            ],
            [
              -89.4157250697991,
              43.07608715616155
            ],
            [
              -89.4157259707553,
              43.07608869729109
            ],
            [
              -89.4157267146262,
              43.0760903200845
            ],
            [
              -89.41572729409522,
              43.07609200858028
            ],
            [
              -89.4157277034628,
              43.07609374617072
            ],
            [
              -89.4157279387025,
              43.0760955157652
            ],
            [
              -89.41572799750053,
              43.07609729995834
            ],
            [
              -89.41572599750052,
              43.076217299958344
            ],
            [
              -89.41572588357519,
              43.07621904395161
            ],
            [
              -89.41572560105348,
              43.07622076867564
            ],
            [
              -89.41572515259885,
              43.07622245787069
            ],
            [
              -89.41572454243907,
              43.076224095611984
            ],
            [
              -89.41572377632639,
              43.07622566645979
            ],
            [
              -89.4157228614833,
              43.076227155605054
            ],
            [
              -89.41572180653442,
              43.076228549008924
            ],
            [
              -89.41572062142522,
              43.07622983353517
            ],
            [
              -89.41571931732827,
              43.076230997074006
            ],
            [
              -89.41571790653785,
              43.07623202865622
            ],
            [
              -89.41571640235411,
              43.07623291855664
            ],
            [
              -89.41571481895764,
              43.076233658385775
            ],
            [
              -89.41571317127585,
              43.076234241168926
            ],
            [
              -89.41571147484215,
              43.076234661411945
            ],
            [
              -89.41570974564958,
              43.076234915153016
            ],
            [
              -89.415708,
              43.076235
            ],
            [
              -89.41570672933872,
              43.076235
            ],
            [
              -89.41570599793424,
              43.07628327269597
            ],
            [
              -89.41570588550204,
              43.076285027021754
            ],
            [
              -89.41570560247857,
              43.076286762013886
            ],
            [
              -89.41570515156332,
              43.076288461124065
            ],
            [
              -89.41570453705708,
              43.076290108146246
            ],
            [
              -89.41570376482102,
              43.07629168737119
            ],
            [
              -89.41570284222068,
              43.07629318373632
            ],
            [
              -89.41570177805579,
              43.07629458296934
            ],
            [
              -89.41570058247632,
              43.07629587172443
            ],
            [
              -89.41569926688564,
              43.076297037709494
            ],
            [
              -89.41569784383184,
              43.07629806980341
            ],
            [
              -89.41569632688794,
              43.07629895816209
            ],
            [
              -89.41569473052247,
              43.07629969431242
            ],
            [
              -89.41569306996155,
              43.076300271233016
            ],
            [
              -89.41569136104351,
              43.07630068342123
            ],
            [
              -89.41568962006798,
              43.07630092694563
            ],
            [
              -89.41568786364029,
              43.07630099948349
            ],
            [
              -89.41555586364028,
              43.076299999483496
            ],
            [
              -89.41555410851416,
              43.07629990034305
            ],
            [
              -89.41555237142893,
              43.07629963046999
            ],
            [
              -89.41555066895285,
              43.07629919243835
            ],
            [
              -89.41554901732404,
              43.07629859042605
            ],
            [
              -89.41554743229565,
              43.07629783017506
            ],
            [
              -89.41554592898564,
              43.07629691893661
            ],
            [
              -89.41554452173246,
              43.07629586540206
            ],
            [
              -89.41554322395845,
              43.07629467961997
            ],
            [
              -89.41554204804173,
              43.07629337290027
            ],
            [
              -89.41554100519811,
              43.07629195770638
            ],
            [
              -89.41554010537419,
              43.076290447536365
            ],
            [
              -89.41553935715247,
              43.07628885679416
            ],
            [
              -89.41553876766942,
              43.076287200652175
            ],
            [
              -89.41553834254752,
              43.076285494906614
            ],
            [
              -89.41553808584156,
              43.0762837558268
            ],
            [
              -89.415538,
              43.076282
            ],
            [
              -89.415538,
              43.076273
            ]
          ]
        ]
      },
      "properties": {
        "building": "university",
        "name": "Animal Science Building",
        "@id": "way/37550805",
        "addr:street": "Observatory Drive",
        "addr:housenumber": "1675",
        "person_counts": [
          0,
          0,
          0,
          0,
          0,
          0,
          0,
          0,
          0,
          0,
          0,
          0,
          0,
          0,
          0,
          0,
          0,
          0,
          0,
          0,
          0,
          0,
          0,
          0,
          0,
          0,
          0,
          0,
          0,
          0,
          0,
          0,
          0,
          0,
          0,
          0,
          0,
          0,
          0,
          0,
          0,
          0,
          0,
          0,
          0,
          0,
          0,
          0,
          0,
          0,
          0,
          0,
          166,
          166,
          166,
          166,
          166,
          166,
          166,
          166,
          166,
          166,
          166,
          0,
          0,
          0,
          0,
          0,
          0,
          0,
          0,
          0,
          0,
          0,
          0,
          0,
          0,
          0,
          0,
          0,
          0,
          0,
          0,
          0,
          0,
          0,
          0,
          0,
          0,
          0,
          0,
          0,
          0,
          0,
          0,
          0,
          0,
          0,
          0,
          0,
          0,
          0,
          0,
          0,
          0,
          0,
          0,
          0,
          0,
          0,
          0,
          0,
          0,
          0,
          0,
          0,
          0,
          0,
          0,
          0,
          0,
          0,
          0,
          0,
          0,
          0,
          0,
          0,
          0,
          0,
          0,
          0,
          0,
          0,
          0,
          0,
          0,
          0,
          0,
          0,
          0,
          0,
          0,
          0,
          0,
          0,
          0,
          0,
          0,
          0,
          0,
          0,
          0,
          0,
          0,
          0,
          0,
          0,
          0
        ],
        "instructor_counts": [
          0,
          0,
          0,
          0,
          0,
          0,
          0,
          0,
          0,
          0,
          0,
          0,
          0,
          0,
          0,
          0,
          0,
          0,
          0,
          0,
          0,
          0,
          0,
          0,
          0,
          0,
          0,
          0,
          0,
          0,
          0,
          0,
          0,
          0,
          0,
          0,
          0,
          0,
          0,
          0,
          0,
          0,
          0,
          0,
          0,
          0,
          0,
          0,
          0,
          0,
          0,
          0,
          2,
          2,
          2,
          2,
          2,
          2,
          2,
          2,
          2,
          2,
          2,
          0,
          0,
          0,
          0,
          0,
          0,
          0,
          0,
          0,
          0,
          0,
          0,
          0,
          0,
          0,
          0,
          0,
          0,
          0,
          0,
          0,
          0,
          0,
          0,
          0,
          0,
          0,
          0,
          0,
          0,
          0,
          0,
          0,
          0,
          0,
          0,
          0,
          0,
          0,
          0,
          0,
          0,
          0,
          0,
          0,
          0,
          0,
          0,
          0,
          0,
          0,
          0,
          0,
          0,
          0,
          0,
          0,
          0,
          0,
          0,
          0,
          0,
          0,
          0,
          0,
          0,
          0,
          0,
          0,
          0,
          0,
          0,
          0,
          0,
          0,
          0,
          0,
          0,
          0,
          0,
          0,
          0,
          0,
          0,
          0,
          0,
          0,
          0,
          0,
          0,
          0,
          0,
          0,
          0,
          0,
          0
        ]
      }
    },
    {
      "type": "Feature",
      "geometry": {
        "type": "Polygon",
        "coordinates": [
          [
            [
              -89.40420535438881,
              43.074616356919314
            ],
            [
              -89.404205036243,
              43.07461689501878
            ],
            [
              -89.40420401674655,
              43.07461829295428
            ],
            [
              -89.40420286774243,
              43.07461958654857
            ],
            [
              -89.40420159984684,
              43.07462076384951
            ],
            [
              -89.40420022477453,
              43.074621813979405
            ],
            [
              -89.40419875523045,
              43.07462272723561
            ],
            [
              -89.40419720479245,
              43.07462349518008
            ],
            [
              -89.40419558778581,
              43.074624110717394
            ],
            [
              -89.40419391915084,
              43.07462456816031
            ],
            [
              -89.4041922143049,
              43.07462486328228
            ],
            [
              -89.40419048899989,
              43.07462499335653
            ],
            [
              -89.40418875917676,
              43.07462495718123
            ],
            [
              -89.40418704081823,
              43.07462475509063
            ],
            [
              -89.40416982589821,
              43.0746218859373
            ],
            [
              -89.40416023434709,
              43.07462114812567
            ],
            [
              -89.40416014880992,
              43.074621469764026
            ],
            [
              -89.40415953373375,
              43.074623115872996
            ],
            [
              -89.40415876107714,
              43.0746246941617
            ],
            [
              -89.40415783820416,
              43.0746261895877
            ],
            [
              -89.40415677391057,
              43.07462758789832
            ],
            [
              -89.40415557834,
              43.0746288757665
            ],
            [
              -89.40415426288723,
              43.074630040917754
            ],
            [
              -89.40415284008964,
              43.074631072247215
            ],
            [
              -89.40415132350768,
              43.07463195992543
            ],
            [
              -89.40414972759568,
              43.0746326954921
            ],
            [
              -89.40414806756401,
              43.074633271936634
            ],
            [
              -89.40414635923418,
              43.074633683765036
            ],
            [
              -89.404144618888,
              43.074633927052226
            ],
            [
              -89.40414286311247,
              43.07463399947949
            ],
            [
              -89.40414110864158,
              43.07463390035651
            ],
            [
              -89.4038899349308,
              43.074607361247445
            ],
            [
              -89.40388945609158,
              43.074607955484076
            ],
            [
              -89.40388824438072,
              43.07460919375385
            ],
            [
              -89.40388691923721,
              43.0746103097959
            ],
            [
              -89.40388549293722,
              43.07461129327116
            ],
            [
              -89.40388397869411,
              43.07461213506864
            ],
            [
              -89.40388239053591,
              43.0746128273899
            ],
            [
              -89.40388074317539,
              43.074613363821214
            ],
            [
              -89.40387905187383,
              43.07461373939306
            ],
            [
              -89.40387733229952,
              43.074613950626116
            ],
            [
              -89.4038756003827,
              43.07461399556351
            ],
            [
              -89.40387387216798,
              43.074613873788934
            ],
            [
              -89.4038471487937,
              43.07461069243485
            ],
            [
              -89.40384693137783,
              43.07461105255967
            ],
            [
              -89.40384586712298,
              43.074612476188385
            ],
            [
              -89.40384466764841,
              43.07461378791162
            ],
            [
              -89.4038433446503,
              43.074614974938626
            ],
            [
              -89.40384191102933,
              43.074616025694574
            ],
            [
              -89.40384038076492,
              43.07461692993344
            ],
            [
              -89.4038387687788,
              43.074617678837896
            ],
            [
              -89.40383709078964,
              43.07461826510529
            ],
            [
              -89.40383536315966,
              43.07461868301889
            ],
            [
              -89.40383360273516,
              43.07461892850356
            ],
            [
              -89.40383182668224,
              43.074618999165565
            ],
            [
              -89.40383005231935,
              43.07461889431586
            ],
            [
              -89.40353605231935,
              43.07458689431586
            ],
            [
              -89.40353433365611,
              43.07458662265367
            ],
            [
              -89.40353264925287,
              43.074586186317376
            ],
            [
              -89.40353101484943,
              43.074585589384306
            ],
            [
              -89.40352944571843,
              43.07458483743246
            ],
            [
              -89.40352795652255,
              43.07458393748843
            ],
            [
              -89.40352656117749,
              43.0745828979617
            ],
            [
              -89.40352527272199,
              43.07458172856608
            ],
            [
              -89.40352410319599,
              43.07458044022894
            ],
            [
              -89.40352306352806,
              43.074579044989086
            ],
            [
              -89.40352250942017,
              43.07457812828033
            ],
            [
              -89.40349396762562,
              43.07457488489459
            ],
            [
              -89.40349221678402,
              43.074574597933875
            ],
            [
              -89.40349050269789,
              43.07457414000203
            ],
            [
              -89.40348884202032,
              43.07457351554803
            ],
            [
              -89.40348725088546,
              43.07457273063872
            ],
            [
              -89.40348574475182,
              43.07457179289981
            ],
            [
              -89.40348433825213,
              43.07457071144181
            ],
            [
              -89.4034830450511,
              43.07456949677153
            ],
            [
              -89.40348187771271,
              43.07456816069
            ],
            [
              -89.40348084757811,
              43.07456671617779
            ],
            [
              -89.40347996465552,
              43.07456517726893
            ],
            [
              -89.40347948520714,
              43.074564110177036
            ],
            [
              -89.4032360726824,
              43.074537896520525
            ],
            [
              -89.40323434101728,
              43.07453762418354
            ],
            [
              -89.40323264405413,
              43.07453718469795
            ],
            [
              -89.40323099788702,
              43.07453658223187
            ],
            [
              -89.40322941812829,
              43.0745358224991
            ],
            [
              -89.40322791976044,
              43.074534912705
            ],
            [
              -89.40322651699405,
              43.07453386147808
            ],
            [
              -89.40322522313306,
              43.07453267878824
            ],
            [
              -89.40322405044849,
              43.07453137585217
            ],
            [
              -89.40322301006212,
              43.07452996502696
            ],
            [
              -89.40322211184105,
              43.07452845969297
            ],
            [
              -89.40322136430404,
              43.07452687412684
            ],
            [
              -89.40322077454077,
              43.074525223366166
            ],
            [
              -89.40322034814457,
              43.07452352306683
            ],
            [
              -89.40322008915942,
              43.07452178935456
            ],
            [
              -89.40322000004154,
              43.07452003867198
            ],
            [
              -89.40322008163614,
              43.07451828762262
            ],
            [
              -89.40322033316934,
              43.07451655281353
            ],
            [
              -89.40324433316934,
              43.074393552813525
            ],
            [
              -89.403244772512,
              43.07439178332889
            ],
            [
              -89.40324533270613,
              43.07439022304673
            ],
            [
              -89.40324220893305,
              43.07438991066942
            ],
            [
              -89.40324041308426,
              43.0743896389919
            ],
            [
              -89.40323865375649,
              43.07438918771887
            ],
            [
              -89.40323694886273,
              43.074388561445076
            ],
            [
              -89.40323531576178,
              43.07438776654707
            ],
            [
              -89.40323377108143,
              43.07438681111828
            ],
            [
              -89.4032323305492,
              43.07438570488664
            ],
            [
              -89.4032310088322,
              43.0743844591155
            ],
            [
              -89.4032298193878,
              43.074383086488965
            ],
            [
              -89.40322877432662,
              43.07438160098276
            ],
            [
              -89.40322788428918,
              43.07438001772191
            ],
            [
              -89.40322734122272,
              43.07437877225494
            ],
            [
              -89.4032259650377,
              43.074377943210216
            ],
            [
              -89.40322454637311,
              43.07437688576361
            ],
            [
              -89.40322323838458,
              43.07437569413927
            ],
            [
              -89.40322205371118,
              43.07437437985183
            ],
            [
              -89.40322100380034,
              43.07437295560123
            ],
            [
              -89.40322009879736,
              43.07437143514993
            ],
            [
              -89.40321934744723,
              43.07436983319002
            ],
            [
              -89.40321875701022,
              43.0743681652012
            ],
            [
              -89.40321833319173,
              43.074366447301195
            ],
            [
              -89.4032180800871,
              43.074364696090015
            ],
            [
              -89.40321800014206,
              43.07436292848956
            ],
            [
              -89.40321809412912,
              43.074361161580114
            ],
            [
              -89.40321836114009,
              43.07435941243527
            ],
            [
              -89.40324236114009,
              43.07424141243527
            ],
            [
              -89.40324279354905,
              43.07423971435477
            ],
            [
              -89.40324338901861,
              43.0742380663648
            ],
            [
              -89.40324414190566,
              43.07423648408291
            ],
            [
              -89.40324504507532,
              43.07423498250391
            ],
            [
              -89.4032460899685,
              43.074233575857846
            ],
            [
              -89.40324726668307,
              43.0742322774751
            ],
            [
              -89.40324856406761,
              43.07423109966006
            ],
            [
              -89.4032499698272,
              43.07423005357455
            ],
            [
              -89.40325147063986,
              43.07422914913202
            ],
            [
              -89.4032530522828,
              43.07422839490362
            ],
            [
              -89.40325469976727,
              43.07422779803694
            ],
            [
              -89.40325639748053,
              43.074227364188324
            ],
            [
              -89.40325764634972,
              43.0742271718526
            ],
            [
              -89.40325828987015,
              43.07422633670975
            ],
            [
              -89.40325948075632,
              43.07422506676616
            ],
            [
              -89.40326078875795,
              43.07422391781084
            ],
            [
              -89.4032622016389,
              43.07422290059208
            ],
            [
              -89.40326370618189,
              43.07422202462579
            ],
            [
              -89.4032652883122,
              43.074221298106494
            ],
            [
              -89.40326693322923,
              43.07422072783066
            ],
            [
              -89.40326862554507,
              43.07422031913311
            ],
            [
              -89.40327034942838,
              43.07422007583717
            ],
            [
              -89.40327208875252,
              43.07422000021881
            ],
            [
              -89.40327382724638,
              43.074220092985435
            ],
            [
              -89.40330650072266,
              43.07422342701363
            ],
            [
              -89.40331433752124,
              43.07418353058453
            ],
            [
              -89.40331476397606,
              43.074181811601576
            ],
            [
              -89.4033153572993,
              43.07418014284947
            ],
            [
              -89.40331611174682,
              43.07417854048402
            ],
            [
              -89.4033170200145,
              43.07417702001833
            ],
            [
              -89.40331807330905,
              43.07417559617261
            ],
            [
              -89.40331926143315,
              43.07417428273163
            ],
            [
              -89.40332057288413,
              43.07417309241133
            ],
            [
              -89.40332199496531,
              43.074172036735625
            ],
            [
              -89.403323513909,
              43.07417112592493
            ],
            [
              -89.40332511500975,
              43.07417036879713
            ],
            [
              -89.40332678276667,
              43.07416977268227
            ],
            [
              -89.4033285010336,
              43.074169343351564
            ],
            [
              -89.40333025317534,
              43.074169084961525
            ],
            [
              -89.40333050236922,
              43.07416907299554
            ],
            [
              -89.40333142651917,
              43.07416821397296
            ],
            [
              -89.40333287610969,
              43.07416711689398
            ],
            [
              -89.40333442896684,
              43.07416617162704
            ],
            [
              -89.40333606925105,
              43.07416538781415
            ],
            [
              -89.40333778023093,
              43.07416477345041
            ],
            [
              -89.40333954445397,
              43.07416433480253
            ],
            [
              -89.40334134392461,
              43.07416407634484
            ],
            [
              -89.40334316028769,
              43.07416400071369
            ],
            [
              -89.4033449750158,
              43.07416410868052
            ],
            [
              -89.4034989750158,
              43.07418110868052
            ],
            [
              -89.40350067463325,
              43.07418137907294
            ],
            [
              -89.40350234065943,
              43.074181810545184
            ],
            [
              -89.40350395786456,
              43.07418239915301
            ],
            [
              -89.40350551146508,
              43.0741831395157
            ],
            [
              -89.40350698725898,
              43.07418402486533
            ],
            [
              -89.4035083717554,
              43.074185047108564
            ],
            [
              -89.40350965229811,
              43.07418619690067
            ],
            [
              -89.4035108171812,
              43.07418746373095
            ],
            [
              -89.403511855756,
              43.0741888360188
            ],
            [
              -89.40351198588192,
              43.07418904721334
            ],
            [
              -89.40351293527978,
              43.07418938970517
            ],
            [
              -89.4035145370186,
              43.07419015325543
            ],
            [
              -89.40351605579615,
              43.07419107080163
            ],
            [
              -89.4035174768532,
              43.07419213342722
            ],
            [
              -89.40351878638016,
              43.07419333080578
            ],
            [
              -89.40351997165128,
              43.07419465130138
            ],
            [
              -89.4035210211483,
              43.074196082081684
            ],
            [
              -89.40352192467238,
              43.07419760924262
            ],
            [
              -89.40352267344323,
              43.07419921794349
            ],
            [
              -89.40352326018443,
              43.07420089255121
            ],
            [
              -89.40352367919412,
              43.07420261679225
            ],
            [
              -89.40352392640045,
              43.07420437391071
            ],
            [
              -89.40352399940112,
              43.07420614683124
            ],
            [
              -89.40352389748668,
              43.07420791832488
            ],
            [
              -89.40352362164755,
              43.07420967117657
            ],
            [
              -89.40351261801432,
              43.07426248861612
            ],
            [
              -89.40352616596462,
              43.07426413079192
            ],
            [
              -89.40352786140247,
              43.07426441905659
            ],
            [
              -89.40352952159185,
              43.074264867807386
            ],
            [
              -89.40353113137785,
              43.07426547294793
            ],
            [
              -89.40353267606567,
              43.07426622895423
            ],
            [
              -89.40353414155479,
              43.074267128925165
            ],
            [
              -89.40353551446759,
              43.074268164645424
            ],
            [
              -89.40353678227157,
              43.07426932666052
            ],
            [
              -89.4035379333937,
              43.0742706043631
            ],
            [
              -89.40353895732603,
              43.07427198608977
            ],
            [
              -89.40353984472172,
              43.074273459227555
            ],
            [
              -89.40354058748022,
              43.074275010329046
            ],
            [
              -89.40354117882134,
              43.07427662523514
            ],
            [
              -89.40354161334709,
              43.074278289204315
            ],
            [
              -89.40354188709091,
              43.07427998704717
            ],
            [
              -89.40354199755396,
              43.074281703265086
            ],
            [
              -89.4035419437279,
              43.07428342219172
            ],
            [
              -89.40354172610407,
              43.074285128136005
            ],
            [
              -89.40353905208495,
              43.074300280911004
            ],
            [
              -89.4035397103619,
              43.07430038656153
            ],
            [
              -89.40354139809992,
              43.07430082849694
            ],
            [
              -89.40354303512635,
              43.0743014317473
            ],
            [
              -89.4035446060624,
              43.07430219064549
            ],
            [
              -89.40354609615017,
              43.07430309806214
            ],
            [
              -89.40354749139125,
              43.07430414547268
            ],
            [
              -89.4035487786783,
              43.07430532303738
            ],
            [
              -89.40354994591807,
              43.07430661969379
            ],
            [
              -89.40355098214513,
              43.074308023260684
            ],
            [
              -89.4035518776248,
              43.07430952055246
            ],
            [
              -89.40355262394466,
              43.07431109750307
            ],
            [
              -89.4035532140935,
              43.07431273929809
            ],
            [
              -89.4035536425273,
              43.07431443051393
            ],
            [
              -89.40355390522116,
              43.07431615526274
            ],
            [
              -89.40355399970726,
              43.07431789734165
            ],
            [
              -89.40355392509797,
              43.074319640384964
            ],
            [
              -89.4035536820942,
              43.07432136801794
            ],
            [
              -89.4035534892512,
              43.07432238044374
            ],
            [
              -89.40357219367324,
              43.074324402543425
            ],
            [
              -89.4035730810703,
              43.07432292897538
            ],
            [
              -89.40357420119709,
              43.07432144175454
            ],
            [
              -89.40357546895869,
              43.07432007819658
            ],
            [
              -89.40357687079121,
              43.074318852890336
            ],
            [
              -89.40357839169631,
              43.0743177789455
            ],
            [
              -89.40358001540164,
              43.07431686785231
            ],
            [
              -89.40367901540165,
              43.074267867852306
            ],
            [
              -89.40368053277538,
              43.07426720193447
            ],
            [
              -89.40368210495824,
              43.074266678378656
            ],
            [
              -89.4036837186261,
              43.074266301621954
            ],
            [
              -89.40368536010331,
              43.074266074857356
            ],
            [
              -89.40368701547848,
              43.07426600000665
            ],
            [
              -89.40368867072249,
              43.07426607770421
            ],
            [
              -89.40380667072249,
              43.07427707770421
            ],
            [
              -89.40380839797189,
              43.07427732363762
            ],
            [
              -89.40381009329845,
              43.074277735634645
            ],
            [
              -89.40381174077514,
              43.07427830982473
            ],
            [
              -89.40381332492447,
              43.074279040813536
            ],
            [
              -89.40381483086387,
              43.074279921733655
            ],
            [
              -89.40381624444551,
              43.07428094430915
            ],
            [
              -89.40381755238928,
              43.074282098933246
            ],
            [
              -89.40389155238928,
              43.07435409893325
            ],
            [
              -89.40389277357228,
              43.07435541169958
            ],
            [
              -89.40389385809749,
              43.074356839442
            ],
            [
              -89.40389479520455,
              43.07435836799482
            ],
            [
              -89.40389557559571,
              43.07435998219214
            ],
            [
              -89.40389619152813,
              43.07436166601832
            ],
            [
              -89.4038966368907,
              43.07436340276687
            ],
            [
              -89.40389690726467,
              43.07436517520623
            ],
            [
              -89.40389699996742,
              43.07436696575072
            ],
            [
              -89.4038969140792,
              43.07436875663502
            ],
            [
              -89.40389665045217,
              43.07437053009044
            ],
            [
              -89.40389365045216,
              43.07438553009044
            ],
            [
              -89.40389360465585,
              43.0743857518119
            ],
            [
              -89.40388403731762,
              43.07443064470667
            ],
            [
              -89.40388465766496,
              43.074431202206526
            ],
            [
              -89.40388582153336,
              43.07443246894559
            ],
            [
              -89.40388654952453,
              43.07443343156636
            ],
            [
              -89.40391374779936,
              43.07443608505659
            ],
            [
              -89.40391544764356,
              43.07443633325854
            ],
            [
              -89.40391711608574,
              43.07443674237367
            ],
            [
              -89.40391873792932,
              43.07443730867565
            ],
            [
              -89.40392029840211,
              43.074438027006465
            ],
            [
              -89.40392178329094,
              43.07443889082337
            ],
            [
              -89.40392317907107,
              43.07443989225851
            ],
            [
              -89.40392447302938,
              43.07444102219054
            ],
            [
              -89.40392565338016,
              43.07444227032777
            ],
            [
              -89.40392670937247,
              43.074443625301846
            ],
            [
              -89.40392763138807,
              43.07444507477131
            ],
            [
              -89.40392800197631,
              43.07444580239171
            ],
            [
              -89.40414139706637,
              43.07446835634432
            ],
            [
              -89.40414331847754,
              43.074458200313856
            ],
            [
              -89.40407799758135,
              43.07445088827324
            ],
            [
              -89.40407626418913,
              43.0744506080583
            ],
            [
              -89.40407456634671,
              43.07445016028589
            ],
            [
              -89.40407292021067,
              43.07444954921699
            ],
            [
              -89.40407134144559,
              43.074448780666515
            ],
            [
              -89.40406984507491,
              43.07444786194794
            ],
            [
              -89.40406844533803,
              43.07444680180376
            ],
            [
              -89.40406715555478,
              43.07444561032224
            ],
            [
              -89.40406598799868,
              43.07444429884149
            ],
            [
              -89.40406495378012,
              43.074442879841484
            ],
            [
              -89.40406406274072,
              43.07444136682536
            ],
            [
              -89.40406332335952,
              43.074439774190914
            ],
            [
              -89.40406274267247,
              43.074438117093585
            ],
            [
              -89.40406232620535,
              43.07443641130222
            ],
            [
              -89.40406207792124,
              43.07443467304907
            ],
            [
              -89.4040620001828,
              43.07443291887526
            ],
            [
              -89.4040620937298,
              43.07443116547343
            ],
            [
              -89.40406235767203,
              43.07442942952886
            ],
            [
              -89.40407543889393,
              43.074364792903
            ],
            [
              -89.40406708240378,
              43.074363897564766
            ],
            [
              -89.4040653528402,
              43.074363626633975
            ],
            [
              -89.40406365777599,
              43.074363188968626
            ],
            [
              -89.40406201324515,
              43.07436258870871
            ],
            [
              -89.4040604348037,
              43.07436183153221
            ],
            [
              -89.40405893738249,
              43.07436092460146
            ],
            [
              -89.404057535146,
              43.07435987649532
            ],
            [
              -89.4040562413583,
              43.0743586971281
            ],
            [
              -89.40405506825766,
              43.07435739765569
            ],
            [
              -89.40405402694071,
              43.07435599037012
            ],
            [
              -89.40405312725751,
              43.07435448858325
            ],
            [
              -89.40405237771839,
              43.074352906500835
            ],
            [
              -89.40405178541342,
              43.074351259088175
            ],
            [
              -89.40405135594534,
              43.07434956192854
            ],
            [
              -89.40405109337661,
              43.07434783107577
            ],
            [
              -89.40405100019092,
              43.07434608290241
            ],
            [
              -89.40405107726974,
              43.07434433394486
            ],
            [
              -89.40405132388396,
              43.074342600746924
            ],
            [
              -89.40405632388395,
              43.074316600746926
            ],
            [
              -89.40405674862423,
              43.074314862876875
            ],
            [
              -89.40405734378022,
              43.0743131757533
            ],
            [
              -89.40405810347278,
              43.07431155604226
            ],
            [
              -89.40405902019732,
              43.07431001974389
            ],
            [
              -89.40406008489813,
              43.07430858203432
            ],
            [
              -89.40406128705767,
              43.074307257115805
            ],
            [
              -89.40406261480054,
              43.07430605807641
            ],
            [
              -89.40406405501079,
              43.07430499676069
            ],
            [
              -89.40406559346147,
              43.07430408365274
            ],
            [
              -89.40406721495516,
              43.07430332777259
            ],
            [
              -89.40406890347415,
              43.07430273658712
            ],
            [
              -89.40407064233857,
              43.07430231593628
            ],
            [
              -89.40407241437127,
              43.07430206997542
            ],
            [
              -89.4040742020674,
              43.074302001134235
            ],
            [
              -89.40407598776746,
              43.07430211009277
            ],
            [
              -89.40413898776747,
              43.07430911009277
            ],
            [
              -89.40414073191116,
              43.07430939111477
            ],
            [
              -89.4041424401063,
              43.074309841758726
            ],
            [
              -89.40414409589825,
              43.07431045768371
            ],
            [
              -89.4041456833372,
              43.074311232956674
            ],
            [
              -89.40414718713174,
              43.0743121601096
            ],
            [
              -89.4041485927962,
              43.074313230211466
            ],
            [
              -89.40414988679018,
              43.074314432954246
            ],
            [
              -89.40415105664894,
              43.07431575675222
            ],
            [
              -89.40415209110354,
              43.07431718885357
            ],
            [
              -89.40415298018932,
              43.07431871546323
            ],
            [
              -89.40415371534196,
              43.07432032187575
            ],
            [
              -89.4041542894799,
              43.074321992616966
            ],
            [
              -89.40415469707264,
              43.074323711593046
            ],
            [
              -89.40415493419391,
              43.07432546224552
            ],
            [
              -89.4041549985596,
              43.074327227710796
            ],
            [
              -89.4041548895497,
              43.07432899098259
            ],
            [
              -89.40415460821426,
              43.074330735075755
            ],
            [
              -89.40415176419955,
              43.074344142573594
            ],
            [
              -89.40422262343547,
              43.07435142716794
            ],
            [
              -89.40424936352694,
              43.07422040071978
            ],
            [
              -89.40424980430244,
              43.074218679475116
            ],
            [
              -89.40425041262803,
              43.07421701007217
            ],
            [
              -89.40425118257639,
              43.07421540877714
            ],
            [
              -89.40425210664534,
              43.074213891192606
            ],
            [
              -89.40425317583102,
              43.07421247210549
            ],
            [
              -89.40425437971555,
              43.074211165342994
            ],
            [
              -89.40425570656866,
              43.07420998363783
            ],
            [
              -89.40425714346183,
              43.07420893850422
            ],
            [
              -89.40425867639438,
              43.074208040125654
            ],
            [
              -89.40426029042982,
              43.074207297255676
            ],
            [
              -89.40426196984147,
              43.07420671713262
            ],
            [
              -89.40426369826558,
              43.07420630540903
            ],
            [
              -89.40426545886088,
              43.07420606609663
            ],
            [
              -89.40426723447261,
              43.074206001527216
            ],
            [
              -89.40426900779971,
              43.07420611232994
            ],
            [
              -89.40446500779971,
              43.07422811232994
            ],
            [
              -89.40446674094594,
              43.074228393031966
            ],
            [
              -89.40446843850019,
              43.074228841249585
            ],
            [
              -89.40447008431164,
              43.07422945271839
            ],
            [
              -89.40447166272179,
              43.074230221620766
            ],
            [
              -89.40447315871337,
              43.07423114064124
            ],
            [
              -89.40447455805328,
              43.074232201036104
            ],
            [
              -89.40447584742796,
              43.07423339271659
            ],
            [
              -89.40447701457009,
              43.07423470434485
            ],
            [
              -89.4044780483753,
              43.074236123441835
            ],
            [
              -89.40447893900777,
              43.07423763650603
            ],
            [
              -89.4044796779939,
              43.07423922914188
            ],
            [
              -89.40448025830284,
              43.07424088619679
            ],
            [
              -89.40448067441345,
              43.074242591905275
            ],
            [
              -89.40448092236676,
              43.07424433003893
            ],
            [
              -89.40448099980372,
              43.07424608406087
            ],
            [
              -89.40448090598758,
              43.07424783728304
            ],
            [
              -89.40448064181092,
              43.074249573025
            ],
            [
              -89.4044646461583,
              43.074328551559795
            ],
            [
              -89.40446265309369,
              43.07433851688278
            ],
            [
              -89.40441167420005,
              43.0745954105233
            ],
            [
              -89.40440869169937,
              43.07461131719362
            ],
            [
              -89.40440865045217,
              43.07461153009044
            ],
            [
              -89.40440665045216,
              43.07462153009045
            ],
            [
              -89.40440621668917,
              43.07462325220085
            ],
            [
              -89.40440561533902,
              43.074624923186356
            ],
            [
              -89.40440485225521,
              43.07462652678159
            ],
            [
              -89.40440393486564,
              43.07462804737718
            ],
            [
              -89.40440287210015,
              43.07462947017164
            ],
            [
              -89.40440167430368,
              43.0746307813155
            ],
            [
              -89.40440035313561,
              43.07463196804609
            ],
            [
              -89.40439892145618,
              43.07463301881178
            ],
            [
              -89.40439739320132,
              43.074633923384425
            ],
            [
              -89.40439578324708,
              43.074634672958915
            ],
            [
              -89.40439410726474,
              43.0746352602389
            ],
            [
              -89.40439238156831,
              43.07463567950779
            ],
            [
              -89.4043906229557,
              43.07463592668444
            ],
            [
              -89.40438884854527,
              43.074635999362805
            ],
            [
              -89.40438707560908,
              43.07463589683547
            ],
            [
              -89.40420535438881,
              43.074616356919314
            ]
          ]
        ]
      },
      "properties": {
        "building": "university",
        "name": "Birge Hall",
        "@id": "way/38855394",
        "addr:street": "Bascom Mall",
        "addr:housenumber": "430",
        "person_counts": [
          0,
          0,
          0,
          0,
          0,
          0,
          0,
          0,
          0,
          0,
          0,
          0,
          0,
          0,
          0,
          0,
          0,
          0,
          0,
          0,
          0,
          0,
          0,
          0,
          0,
          0,
          25,
          25,
          25,
          25,
          25,
          25,
          25,
          25,
          25,
          25,
          25,
          0,
          0,
          5,
          5,
          5,
          5,
          5,
          5,
          5,
          5,
          5,
          5,
          5,
          5,
          5,
          5,
          5,
          5,
          5,
          5,
          5,
          5,
          5,
          5,
          5,
          5,
          0,
          0,
          0,
          0,
          255,
          255,
          255,
          255,
          255,
          255,
          255,
          255,
          255,
          255,
          255,
          4,
          4,
          4,
          4,
          4,
          4,
          4,
          4,
          4,
          4,
          4,
          4,
          4,
          0,
          0,
          7,
          7,
          7,
          7,
          7,
          7,
          7,
          7,
          7,
          7,
          7,
          7,
          7,
          7,
          7,
          7,
          7,
          7,
          7,
          7,
          7,
          7,
          7,
          7,
          0,
          0,
          3,
          3,
          3,
          3,
          3,
          3,
          3,
          3,
          3,
          3,
          3,
          3,
          3,
          3,
          3,
          3,
          3,
          3,
          3,
          3,
          3,
          3,
          3,
          3,
          0,
          0,
          0,
          0,
          0,
          0,
          0,
          0,
          0,
          0,
          0,
          0,
          0,
          0,
          0,
          0
        ],
        "instructor_counts": [
          0,
          0,
          0,
          0,
          0,
          0,
          0,
          0,
          0,
          0,
          0,
          0,
          0,
          0,
          0,
          0,
          0,
          0,
          0,
          0,
          0,
          0,
          0,
          0,
          0,
          0,
          2,
          2,
          2,
          2,
          2,
          2,
          2,
          2,
          2,
          2,
          2,
          0,
          0,
          2,
          2,
          2,
          2,
          2,
          2,
          2,
          2,
          2,
          2,
          2,
          2,
          2,
          2,
          2,
          2,
          2,
          2,
          2,
          2,
          2,
          2,
          2,
          2,
          0,
          0,
          0,
          0,
          3,
          3,
          3,
          3,
          3,
          3,
          3,
          3,
          3,
          3,
          3,
          2,
          2,
          2,
          2,
          2,
          2,
          2,
          2,
          2,
          2,
          2,
          2,
          2,
          0,
          0,
          2,
          2,
          2,
          2,
          2,
          2,
          2,
          2,
          2,
          2,
          2,
          2,
          2,
          2,
          2,
          2,
          2,
          2,
          2,
          2,
          2,
          2,
          2,
          2,
          0,
          0,
          1,
          1,
          1,
          1,
          1,
          1,
          1,
          1,
          1,
          1,
          1,
          1,
          1,
          1,
          1,
          1,
          1,
          1,
          1,
          1,
          1,
          1,
          1,
          1,
          0,
          0,
          0,
          0,
          0,
          0,
          0,
          0,
          0,
          0,
          0,
          0,
          0,
          0,
          0,
          0
        ]
      }
    },
    {
      "type": "Feature",
      "geometry": {
        "type": "Polygon",
        "coordinates": [
          [
            [
              -89.40538422116444,
              43.075041999999996
            ],
            [
              -89.40538377476368,
              43.075042586884216
            ],
            [
              -89.40538257303086,
              43.075043880950865
            ],
            [
              -89.40538125027213,
              43.07504505102762
            ],
            [
              -89.40537981922014,
              43.07504608585152
            ],
            [
              -89.40537829364997,
              43.075046975461504
            ],
            [
              -89.4053766882465,
              43.07504771129435
            ],
            [
              -89.40537501846309,
              43.07504828626705
            ],
            [
              -89.40537330037277,
              43.075048694845
            ],
            [
              -89.40537155051362,
              43.07504893309532
            ],
            [
              -89.40536978572948,
              43.075048998724625
            ],
            [
              -89.40528578572948,
              43.07504799872462
            ],
            [
              -89.40528406800875,
              43.075047896016585
            ],
            [
              -89.40528236794496,
              43.07504762975258
            ],
            [
              -89.40528070107538,
              43.07504720236605
            ],
            [
              -89.40527908263394,
              43.075046617762986
            ],
            [
              -89.40527752741197,
              43.075045881286215
            ],
            [
              -89.405276049623,
              43.075044999666574
            ],
            [
              -89.40527466277291,
              43.0750439809614
            ],
            [
              -89.40527337953644,
              43.075042834480875
            ],
            [
              -89.4052722116414,
              43.07504157070296
            ],
            [
              -89.40527116976146,
              43.07504020117763
            ],
            [
              -89.40527110090298,
              43.075040090046194
            ],
            [
              -89.40513011612661,
              43.0750409996254
            ],
            [
              -89.40513,
              43.075041
            ],
            [
              -89.405077,
              43.075041
            ],
            [
              -89.40507555042379,
              43.075040941536415
            ],
            [
              -89.40507411026394,
              43.07504076652542
            ],
            [
              -89.40490811026393,
              43.075013766525416
            ],
            [
              -89.40490640378937,
              43.07501340329991
            ],
            [
              -89.40490474049633,
              43.075012876569964
            ],
            [
              -89.40490313601148,
              43.075012191284216
            ],
            [
              -89.40490160540901,
              43.075011353880946
            ],
            [
              -89.40490016306894,
              43.075010372227574
            ],
            [
              -89.40489882254214,
              43.07500925554676
            ],
            [
              -89.40489759642284,
              43.07500801432975
            ],
            [
              -89.40489649623049,
              43.075006660237804
            ],
            [
              -89.40489553230142,
              43.07500520599266
            ],
            [
              -89.40489471369177,
              43.07500366525698
            ],
            [
              -89.40489404809242,
              43.07500205250602
            ],
            [
              -89.40489354175664,
              43.07500038289161
            ],
            [
              -89.4048931994415,
              43.074998672099824
            ],
            [
              -89.40489302436308,
              43.07499693620359
            ],
            [
              -89.4048930181662,
              43.074995191511704
            ],
            [
              -89.40489318090911,
              43.07499345441558
            ],
            [
              -89.40489481782092,
              43.07498199603293
            ],
            [
              -89.40473813830404,
              43.07494758087894
            ],
            [
              -89.4047364421028,
              43.074947120449146
            ],
            [
              -89.40473479889191,
              43.07494649678885
            ],
            [
              -89.40473322433812,
              43.07494571584419
            ],
            [
              -89.4047317334536,
              43.07494478506087
            ],
            [
              -89.40473034045282,
              43.07494371331322
            ],
            [
              -89.40472905861697,
              43.074942510819525
            ],
            [
              -89.40472790016739,
              43.07494118904466
            ],
            [
              -89.40472687614901,
              43.07493976059074
            ],
            [
              -89.4047259963251,
              43.07493823907699
            ],
            [
              -89.40472526908407,
              43.07493663900989
            ],
            [
              -89.40472470135964,
              43.07493497564487
            ],
            [
              -89.40472429856463,
              43.07493326484085
            ],
            [
              -89.40472406453937,
              43.07493152290905
            ],
            [
              -89.40472400151512,
              43.074929766457466
            ],
            [
              -89.40472411009277,
              43.07492801223253
            ],
            [
              -89.40472588380462,
              43.07491204882598
            ],
            [
              -89.40458612244615,
              43.07491299958352
            ],
            [
              -89.40458580075021,
              43.074912998897176
            ],
            [
              -89.40431480075021,
              43.074909998897176
            ],
            [
              -89.40431299791473,
              43.07490988831056
            ],
            [
              -89.40431121523879,
              43.07490959760162
            ],
            [
              -89.40430947067266,
              43.07490912969758
            ],
            [
              -89.40430778178285,
              43.074908489309905
            ],
            [
              -89.40430616557525,
              43.07490768288683
            ],
            [
              -89.40430463832391,
              43.074906718548455
            ],
            [
              -89.40430321540713,
              43.07490560600496
            ],
            [
              -89.40430191115267,
              43.07490435645886
            ],
            [
              -89.40430073869341,
              43.07490298249217
            ],
            [
              -89.40429970983517,
              43.07490149793975
            ],
            [
              -89.4042988349378,
              43.07489991774995
            ],
            [
              -89.4042981228109,
              43.07489825783416
            ],
            [
              -89.4042651228109,
              43.07480925783416
            ],
            [
              -89.40426501054958,
              43.07480894630764
            ],
            [
              -89.40425808158523,
              43.074789149266635
            ],
            [
              -89.40423515744884,
              43.07472835047011
            ],
            [
              -89.4042346170834,
              43.07472667270911
            ],
            [
              -89.40423424340493,
              43.07472495014092
            ],
            [
              -89.40423403999668,
              43.07472319928345
            ],
            [
              -89.40423400880917,
              43.074721436925905
            ],
            [
              -89.40423415014145,
              43.07471967996774
            ],
            [
              -89.40423446263827,
              43.074717945256666
            ],
            [
              -89.40423494330305,
              43.074716249427034
            ],
            [
              -89.40423558752666,
              43.07471460874037
            ],
            [
              -89.40423638913154,
              43.074713038929424
            ],
            [
              -89.404237340431,
              43.074711555047315
            ],
            [
              -89.4042384323029,
              43.07471017132317
            ],
            [
              -89.40423965427718,
              43.074708901025694
            ],
            [
              -89.40424099463613,
              43.07470775633593
            ],
            [
              -89.40424244052691,
              43.07470674823046
            ],
            [
              -89.40424397808468,
              43.07470588637612
            ],
            [
              -89.4042455925656,
              43.07470517903735
            ],
            [
              -89.40424726848822,
              43.07470463299691
            ],
            [
              -89.40424898978189,
              43.07470425349085
            ],
            [
              -89.40425073994093,
              43.0747040441583
            ],
            [
              -89.40430773994093,
              43.0747000441583
            ],
            [
              -89.4043095139227,
              43.074700007338066
            ],
            [
              -89.40431128291058,
              43.074700145355806
            ],
            [
              -89.40431302971501,
              43.074700456870374
            ],
            [
              -89.40431473736196,
              43.07470093885473
            ],
            [
              -89.40431638925791,
              43.07470158662535
            ],
            [
              -89.40431796935111,
              43.07470239388772
            ],
            [
              -89.40431946228749,
              43.07470335279752
            ],
            [
              -89.40432176837096,
              43.074705
            ],
            [
              -89.4043949460247,
              43.074705
            ],
            [
              -89.40439650306199,
              43.07469877185081
            ],
            [
              -89.40441047085822,
              43.07463890986692
            ],
            [
              -89.40441094262009,
              43.074637251453176
            ],
            [
              -89.4044115708937,
              43.07463564578582
            ],
            [
              -89.40441234991427,
              43.07463410759781
            ],
            [
              -89.40441327253382,
              43.07463265100295
            ],
            [
              -89.40441433028674,
              43.07463128936639
            ],
            [
              -89.40441551346754,
              43.07463003518195
            ],
            [
              -89.4044168112198,
              43.07462889995753
            ],
            [
              -89.40441821163587,
              43.074627894109504
            ],
            [
              -89.40441970186608,
              43.07462702686714
            ],
            [
              -89.40442126823667,
              43.0746263061879
            ],
            [
              -89.40442289637525,
              43.07462573868445
            ],
            [
              -89.40442457134267,
              43.074625329563986
            ],
            [
              -89.40442627777009,
              43.07462508258043
            ],
            [
              -89.404428,
              43.074625000000005
            ],
            [
              -89.40454776613576,
              43.074625000000005
            ],
            [
              -89.40456226348097,
              43.07458837512789
            ],
            [
              -89.40456300789235,
              43.07458673849331
            ],
            [
              -89.40456391186554,
              43.07458518428819
            ],
            [
              -89.40456496638109,
              43.074583728019675
            ],
            [
              -89.40456616091757,
              43.074582384217734
            ],
            [
              -89.40456748355642,
              43.07458116629018
            ],
            [
              -89.40456892110099,
              43.07458008638895
            ],
            [
              -89.40457045920812,
              43.074579155288774
            ],
            [
              -89.40457208253127,
              43.074578382279746
            ],
            [
              -89.40457377487373,
              43.074577775074594
            ],
            [
              -89.40457551935005,
              43.07457733973172
            ],
            [
              -89.40457729855467,
              43.07457708059477
            ],
            [
              -89.40457909473552,
              43.074577000249306
            ],
            [
              -89.40476909473553,
              43.0745780002493
            ],
            [
              -89.40477089479832,
              43.07457810000728
            ],
            [
              -89.40477267585361,
              43.07457837932747
            ],
            [
              -89.40477442003488,
              43.074578835407905
            ],
            [
              -89.40477610984556,
              43.07457946367344
            ],
            [
              -89.40477772833445,
              43.074580257821694
            ],
            [
              -89.4047792592658,
              43.07458120988623
            ],
            [
              -89.40478068728223,
              43.07458231031651
            ],
            [
              -89.40478199805871,
              43.07458354807365
            ],
            [
              -89.4047831784463,
              43.074584910741194
            ],
            [
              -89.40478421660403,
              43.07458638464968
            ],
            [
              -89.40478510211774,
              43.074587955013705
            ],
            [
              -89.40478582610446,
              43.07458960608031
            ],
            [
              -89.40480044332882,
              43.07462807246022
            ],
            [
              -89.40530110526136,
              43.07463100030778
            ],
            [
              -89.40530143889386,
              43.07463100535157
            ],
            [
              -89.40534221947965,
              43.074632
            ],
            [
              -89.405454,
              43.074632
            ],
            [
              -89.40545578296556,
              43.074632088522286
            ],
            [
              -89.4054575483942,
              43.07463235321846
            ],
            [
              -89.40545927892151,
              43.07463279148502
            ],
            [
              -89.40546095752636,
              43.07463339901126
            ],
            [
              -89.4054625676983,
              43.074634169821664
            ],
            [
              -89.40546409359999,
              43.074635096334696
            ],
            [
              -89.40546552022295,
              43.07463616943734
            ],
            [
              -89.40546683353519,
              43.074637378574764
            ],
            [
              -89.40546802061921,
              43.07463871185413
            ],
            [
              -89.4054690697991,
              43.07464015616155
            ],
            [
              -89.4054699707553,
              43.07464169729109
            ],
            [
              -89.4054707146262,
              43.0746433200845
            ],
            [
              -89.40547129409522,
              43.07464500858028
            ],
            [
              -89.40547170346281,
              43.07464674617072
            ],
            [
              -89.4054719387025,
              43.074648515765205
            ],
            [
              -89.40547199750053,
              43.07465029995834
            ],
            [
              -89.40547099750052,
              43.07471029995835
            ],
            [
              -89.40547099513446,
              43.0747104184915
            ],
            [
              -89.4054693515553,
              43.074781092395874
            ],
            [
              -89.40548127760668,
              43.07478330092391
            ],
            [
              -89.40548303982119,
              43.074783719947845
            ],
            [
              -89.40548475100002,
              43.07478431395797
            ],
            [
              -89.40548639381495,
              43.07478507693904
            ],
            [
              -89.40548795163005,
              43.07478600116473
            ],
            [
              -89.40548940867012,
              43.07478707727591
            ],
            [
              -89.40549075018046,
              43.07478829437534
            ],
            [
              -89.4054919625763,
              43.07478964013807
            ],
            [
              -89.40549303358033,
              43.07479110093628
            ],
            [
              -89.40549395234703,
              43.074792661977206
            ],
            [
              -89.40549470957254,
              43.07479430745299
            ],
            [
              -89.40549529758881,
              43.074796020700745
            ],
            [
              -89.40549571044133,
              43.0747977843713
            ],
            [
              -89.40549594394933,
              43.07479958060487
            ],
            [
              -89.4054959957482,
              43.07480139121192
            ],
            [
              -89.40549399574819,
              43.07489339121192
            ],
            [
              -89.40549387422847,
              43.0748951241366
            ],
            [
              -89.40549358622494,
              43.0748968372767
            ],
            [
              -89.40549313442008,
              43.07489851467569
            ],
            [
              -89.40549252302215,
              43.074900140709985
            ],
            [
              -89.40549175772576,
              43.07490170023441
            ],
            [
              -89.40549084565905,
              43.074903178723275
            ],
            [
              -89.40548979531715,
              43.074904562405656
            ],
            [
              -89.40548861648317,
              43.07490583839368
            ],
            [
              -89.40548732013697,
              43.07490699480257
            ],
            [
              -89.40548591835295,
              43.07490802086132
            ],
            [
              -89.40548442418758,
              43.07490890701303
            ],
            [
              -89.40548285155779,
              43.07490964500393
            ],
            [
              -89.40548121511135,
              43.074910227960224
            ],
            [
              -89.40547953009042,
              43.07491065045217
            ],
            [
              -89.40546812812788,
              43.074912930844675
            ],
            [
              -89.40546697658714,
              43.07493193126699
            ],
            [
              -89.40546298337374,
              43.07502477347844
            ],
            [
              -89.40546282770384,
              43.07502648454741
            ],
            [
              -89.40546250960429,
              43.07502817297946
            ],
            [
              -89.40546203197333,
              43.07502982339116
            ],
            [
              -89.40546139916268,
              43.075031420745475
            ],
            [
              -89.40546061693794,
              43.075032950488776
            ],
            [
              -89.40545969242602,
              43.07503439868346
            ],
            [
              -89.40545863405022,
              43.075035752134895
            ],
            [
              -89.40545745145349,
              43.075036998511685
            ],
            [
              -89.40545615541056,
              43.07503812645798
            ],
            [
              -89.4054547577298,
              43.07503912569698
            ],
            [
              -89.40545327114556,
              43.07503998712454
            ],
            [
              -89.40545170920225,
              43.07504070289212
            ],
            [
              -89.40545008613086,
              43.0750412664783
            ],
            [
              -89.40544841671932,
              43.075041672748206
            ],
            [
              -89.40544671617778,
              43.075041918000274
            ],
            [
              -89.405445,
              43.075041999999996
            ],
            [
              -89.40538422116444,
              43.075041999999996
            ]
          ]
        ]
      },
      "properties": {
        "building": "university",
        "name": "Van Vleck Hall",
        "@id": "way/38855396",
        "addr:street": "Lincoln Drive",
        "addr:housenumber": "480",
        "person_counts": [
          31,
          31,
          31,
          31,
          31,
          31,
          31,
          31,
          31,
          31,
          31,
          0,
          0,
          57,
          57,
          57,
          57,
          57,
          57,
          57,
          57,
          57,
          57,
          57,
          0,
          0,
          57,
          57,
          57,
          57,
          57,
          57,
          57,
          57,
          57,
          57,
          57,
          0,
          0,
          63,
          63,
          63,
          63,
          63,
          63,
          63,
          63,
          63,
          63,
          63,
          0,
          0,
          62,
          62,
          62,
          62,
          62,
          62,
          62,
          62,
          62,
          62,
          62,
          0,
          0,
          0,
          0,
          67,
          67,
          67,
          67,
          67,
          67,
          67,
          67,
          67,
          67,
          67,
          0,
          0,
          36,
          36,
          36,
          36,
          36,
          36,
          36,
          36,
          36,
          36,
          36,
          0,
          0,
          34,
          34,
          34,
          34,
          34,
          34,
          34,
          34,
          34,
          34,
          34,
          0,
          0,
          19,
          19,
          19,
          19,
          19,
          19,
          19,
          19,
          19,
          19,
          19,
          0,
          0,
          0,
          0,
          0,
          0,
          0,
          0,
          0,
          0,
          0,
          0,
          0,
          0,
          0,
          0,
          0,
          0,
          0,
          0,
          0,
          0,
          0,
          0,
          0,
          0,
          0,
          0,
          0,
          0,
          0,
          0,
          0,
          0,
          0,
          0,
          0,
          0,
          0,
          0,
          0,
          0
        ],
        "instructor_counts": [
          2,
          2,
          2,
          2,
          2,
          2,
          2,
          2,
          2,
          2,
          2,
          0,
          0,
          3,
          3,
          3,
          3,
          3,
          3,
          3,
          3,
          3,
          3,
          3,
          0,
          0,
          4,
          4,
          4,
          4,
          4,
          4,
          4,
          4,
          4,
          4,
          4,
          0,
          0,
          3,
          3,
          3,
          3,
          3,
          3,
          3,
          3,
          3,
          3,
          3,
          0,
          0,
          3,
          3,
          3,
          3,
          3,
          3,
          3,
          3,
          3,
          3,
          3,
          0,
          0,
          0,
          0,
          3,
          3,
          3,
          3,
          3,
          3,
          3,
          3,
          3,
          3,
          3,
          0,
          0,
          2,
          2,
          2,
          2,
          2,
          2,
          2,
          2,
          2,
          2,
          2,
          0,
          0,
          3,
          3,
          3,
          3,
          3,
          3,
          3,
          3,
          3,
          3,
          3,
          0,
          0,
          1,
          1,
          1,
          1,
          1,
          1,
          1,
          1,
          1,
          1,
          1,
          0,
          0,
          0,
          0,
          0,
          0,
          0,
          0,
          0,
          0,
          0,
          0,
          0,
          0,
          0,
          0,
          0,
          0,
          0,
          0,
          0,
          0,
          0,
          0,
          0,
          0,
          0,
          0,
          0,
          0,
          0,
          0,
          0,
          0,
          0,
          0,
          0,
          0,
          0,
          0,
          0,
          0
        ]
      }
    },
    {
      "type": "Feature",
      "geometry": {
        "type": "Polygon",
        "coordinates": [
          [
            [
              -89.407917,
              43.074906
            ],
            [
              -89.407917,
              43.074666
            ],
            [
              -89.40791708667491,
              43.07466423569147
            ],
            [
              -89.40791734586494,
              43.0746624883742
            ],
            [
              -89.40791777507395,
              43.07466077487581
            ],
            [
              -89.4079183701684,
              43.07465911169822
            ],
            [
              -89.40791912541724,
              43.074657514858735
            ],
            [
              -89.40792003354697,
              43.0746559997358
            ],
            [
              -89.40792108581184,
              43.074654580920885
            ],
            [
              -89.40792227207794,
              43.07465327207794
            ],
            [
              -89.40792358092088,
              43.07465208581184
            ],
            [
              -89.4079249997358,
              43.07465103354698
            ],
            [
              -89.40792651485873,
              43.07465012541724
            ],
            [
              -89.40792811169821,
              43.074649370168416
            ],
            [
              -89.40792977487581,
              43.07464877507396
            ],
            [
              -89.4079314883742,
              43.07464834586495
            ],
            [
              -89.40793323569147,
              43.07464808667492
            ],
            [
              -89.407935,
              43.074648
            ],
            [
              -89.408463,
              43.074648
            ],
            [
              -89.40846476430852,
              43.07464808667492
            ],
            [
              -89.40846651162579,
              43.07464834586495
            ],
            [
              -89.40846822512418,
              43.07464877507396
            ],
            [
              -89.40846988830178,
              43.074649370168416
            ],
            [
              -89.40847148514126,
              43.07465012541724
            ],
            [
              -89.4084730002642,
              43.07465103354698
            ],
            [
              -89.40847441907911,
              43.07465208581184
            ],
            [
              -89.40847572792205,
              43.07465327207794
            ],
            [
              -89.40847691418816,
              43.074654580920885
            ],
            [
              -89.40847796645302,
              43.0746559997358
            ],
            [
              -89.40847887458276,
              43.074657514858735
            ],
            [
              -89.40847962983159,
              43.07465911169822
            ],
            [
              -89.40848022492604,
              43.07466077487581
            ],
            [
              -89.40848065413505,
              43.0746624883742
            ],
            [
              -89.40848091332508,
              43.07466423569147
            ],
            [
              -89.408481,
              43.074666
            ],
            [
              -89.408481,
              43.074906
            ],
            [
              -89.40848091332508,
              43.07490776430853
            ],
            [
              -89.40848065413505,
              43.0749095116258
            ],
            [
              -89.40848022492604,
              43.07491122512419
            ],
            [
              -89.40847962983159,
              43.07491288830178
            ],
            [
              -89.40847887458276,
              43.074914485141264
            ],
            [
              -89.40847796645302,
              43.074916000264196
            ],
            [
              -89.40847691418816,
              43.074917419079114
            ],
            [
              -89.40847572792205,
              43.07491872792206
            ],
            [
              -89.40847441907911,
              43.07491991418816
            ],
            [
              -89.4084730002642,
              43.07492096645302
            ],
            [
              -89.40847148514126,
              43.074921874582756
            ],
            [
              -89.40846988830178,
              43.07492262983158
            ],
            [
              -89.40846822512418,
              43.07492322492604
            ],
            [
              -89.40846651162579,
              43.07492365413505
            ],
            [
              -89.40846476430852,
              43.07492391332508
            ],
            [
              -89.408463,
              43.074923999999996
            ],
            [
              -89.407935,
              43.074923999999996
            ],
            [
              -89.40793323569147,
              43.07492391332508
            ],
            [
              -89.4079314883742,
              43.07492365413505
            ],
            [
              -89.40792977487581,
              43.07492322492604
            ],
            [
              -89.40792811169821,
              43.07492262983158
            ],
            [
              -89.40792651485873,
              43.074921874582756
            ],
            [
              -89.4079249997358,
              43.07492096645302
            ],
            [
              -89.40792358092088,
              43.07491991418816
            ],
            [
              -89.40792227207794,
              43.07491872792206
            ],
            [
              -89.40792108581184,
              43.074917419079114
            ],
            [
              -89.40792003354697,
              43.074916000264196
            ],
            [
              -89.40791912541724,
              43.074914485141264
            ],
            [
              -89.4079183701684,
              43.07491288830178
            ],
            [
              -89.40791777507395,
              43.07491122512419
            ],
            [
              -89.40791734586494,
              43.0749095116258
            ],
            [
              -89.40791708667491,
              43.07490776430853
            ],
            [
              -89.407917,
              43.074906
            ]
          ]
        ]
      },
      "properties": {
        "building": "university",
        "name": "William S. Middleton Office Building",
        "@id": "way/38855412",
        "addr:street": "Linden Drive",
        "addr:housenumber": "1305",
        "person_counts": [
          0,
          0,
          0,
          0,
          0,
          0,
          0,
          0,
          0,
          0,
          0,
          0,
          0,
          0,
          0,
          0,
          0,
          0,
          0,
          0,
          0,
          0,
          0,
          0,
          0,
          0,
          0,
          0,
          0,
          0,
          0,
          0,
          0,
          0,
          0,
          0,
          0,
          0,
          0,
          0,
          0,
          0,
          0,
          0,
          0,
          0,
          0,
          0,
          0,
          0,
          0,
          0,
          0,
          0,
          0,
          0,
          0,
          0,
          0,
          0,
          0,
          0,
          0,
          0,
          0,
          0,
          0,
          0,
          0,
          0,
          0,
          0,
          0,
          0,
          0,
          0,
          0,
          0,
          0,
          0,
          0,
          0,
          0,
          0,
          0,
          0,
          0,
          0,
          0,
          0,
          0,
          0,
          0,
          0,
          0,
          0,
          0,
          0,
          0,
          32,
          32,
          32,
          32,
          32,
          32,
          32,
          32,
          32,
          32,
          32,
          32,
          32,
          32,
          32,
          32,
          0,
          0,
          0,
          0,
          0,
          0,
          0,
          0,
          0,
          0,
          0,
          0,
          0,
          0,
          0,
          0,
          0,
          0,
          0,
          0,
          0,
          0,
          0,
          0,
          0,
          0,
          0,
          0,
          0,
          0,
          0,
          0,
          0,
          0,
          0,
          0,
          0,
          0,
          0,
          0,
          0,
          0,
          0,
          0
        ],
        "instructor_counts": [
          0,
          0,
          0,
          0,
          0,
          0,
          0,
          0,
          0,
          0,
          0,
          0,
          0,
          0,
          0,
          0,
          0,
          0,
          0,
          0,
          0,
          0,
          0,
          0,
          0,
          0,
          0,
          0,
          0,
          0,
          0,
          0,
          0,
          0,
          0,
          0,
          0,
          0,
          0,
          0,
          0,
          0,
          0,
          0,
          0,
          0,
          0,
          0,
          0,
          0,
          0,
          0,
          0,
          0,
          0,
          0,
          0,
          0,
          0,
          0,
          0,
          0,
          0,
          0,
          0,
          0,
          0,
          0,
          0,
          0,
          0,
          0,
          0,
          0,
          0,
          0,
          0,
          0,
          0,
          0,
          0,
          0,
          0,
          0,
          0,
          0,
          0,
          0,
          0,
          0,
          0,
          0,
          0,
          0,
          0,
          0,
          0,
          0,
          0,
          2,
          2,
          2,
          2,
          2,
          2,
          2,
          2,
          2,
          2,
          2,
          2,
          2,
          2,
          2,
          2,
          0,
          0,
          0,
          0,
          0,
          0,
          0,
          0,
          0,
          0,
          0,
          0,
          0,
          0,
          0,
          0,
          0,
          0,
          0,
          0,
          0,
          0,
          0,
          0,
          0,
          0,
          0,
          0,
          0,
          0,
          0,
          0,
          0,
          0,
          0,
          0,
          0,
          0,
          0,
          0,
          0,
          0,
          0,
          0
        ]
      }
    },
    {
      "type": "Feature",
      "geometry": {
        "type": "Polygon",
        "coordinates": [
          [
            [
              -89.40226350684006,
              43.072654404935946
            ],
            [
              -89.40226459540223,
              43.07265523240591
            ],
            [
              -89.4022659118723,
              43.072656458726
            ],
            [
              -89.40226709934504,
              43.07265781034095
            ],
            [
              -89.40226814595684,
              43.072659273747306
            ],
            [
              -89.40226904125144,
              43.072660834324765
            ],
            [
              -89.40226977628433,
              43.072662476482215
            ],
            [
              -89.40227034371206,
              43.07266418381353
            ],
            [
              -89.40227073786569,
              43.072665939261434
            ],
            [
              -89.40227095480742,
              43.07266772528795
            ],
            [
              -89.40227099236984,
              43.07266952404961
            ],
            [
              -89.40226799236983,
              43.07277252404961
            ],
            [
              -89.4022678584948,
              43.07277425259035
            ],
            [
              -89.402267558945,
              43.07277596023361
            ],
            [
              -89.40226709649937,
              43.07277763113745
            ],
            [
              -89.40226647544806,
              43.072779249800746
            ],
            [
              -89.40226570155262,
              43.072780801207024
            ],
            [
              -89.40226478199254,
              43.072782270963756
            ],
            [
              -89.40226372529865,
              43.072783645435884
            ],
            [
              -89.402262541274,
              43.07278491187231
            ],
            [
              -89.40226124090287,
              43.072786058524194
            ],
            [
              -89.40225983624894,
              43.072787074753954
            ],
            [
              -89.40225965177784,
              43.0727871828268
            ],
            [
              -89.40225699513447,
              43.072901418491504
            ],
            [
              -89.40225699458259,
              43.07290144158485
            ],
            [
              -89.4022530718131,
              43.07306129444143
            ],
            [
              -89.40225307629937,
              43.073061307900225
            ],
            [
              -89.4022535308116,
              43.073062917029965
            ],
            [
              -89.40225383404594,
              43.07306456139271
            ],
            [
              -89.40225398338566,
              43.07306622679884
            ],
            [
              -89.4022539775421,
              43.073067898877106
            ],
            [
              -89.4022509775421,
              43.073127898877104
            ],
            [
              -89.40225079423837,
              43.0731297138682
            ],
            [
              -89.40225042817063,
              43.07313150098525
            ],
            [
              -89.40224988309875,
              43.073133241872824
            ],
            [
              -89.40224916462114,
              43.07313491865035
            ],
            [
              -89.40224828011725,
              43.07313651409567
            ],
            [
              -89.4022472386718,
              43.07313801182205
            ],
            [
              -89.40224605098145,
              43.073139396446386
            ],
            [
              -89.40224472924491,
              43.073140653747245
            ],
            [
              -89.40224328703769,
              43.07314177081093
            ],
            [
              -89.40224173917267,
              43.073142736164115
            ],
            [
              -89.40224010154789,
              43.0731435398917
            ],
            [
              -89.40223839098336,
              43.073144173738626
            ],
            [
              -89.40223662504823,
              43.073144631194666
            ],
            [
              -89.40223482188034,
              43.07314490756131
            ],
            [
              -89.402233,
              43.073145
            ],
            [
              -89.4021665325474,
              43.073145
            ],
            [
              -89.40216599377055,
              43.07316547352028
            ],
            [
              -89.40216586135071,
              43.073167229832045
            ],
            [
              -89.40216555791581,
              43.07316896479409
            ],
            [
              -89.40216508637114,
              43.07317066179488
            ],
            [
              -89.40216445123153,
              43.07317230458632
            ],
            [
              -89.40216365857817,
              43.073173877439366
            ],
            [
              -89.4021627160004,
              43.0731753652946
            ],
            [
              -89.40216163252302,
              43.073176753906424
            ],
            [
              -89.40216041851986,
              43.07317802997945
            ],
            [
              -89.4021590856145,
              43.07317918129582
            ],
            [
              -89.40215764656898,
              43.07318019683213
            ],
            [
              -89.40215611516155,
              43.07318106686507
            ],
            [
              -89.40215450605479,
              43.07318178306441
            ],
            [
              -89.40215283465525,
              43.073182338572856
            ],
            [
              -89.40215111696588,
              43.07318272807163
            ],
            [
              -89.40214936943286,
              43.07318294783145
            ],
            [
              -89.40214760878808,
              43.073182995748205
            ],
            [
              -89.40210160878809,
              43.0731819957482
            ],
            [
              -89.40210006919727,
              43.07318189614486
            ],
            [
              -89.40209854379108,
              43.073181665067786
            ],
            [
              -89.40205254379109,
              43.07317266506779
            ],
            [
              -89.40205042745114,
              43.073172115685765
            ],
            [
              -89.40200742745114,
              43.073158115685764
            ],
            [
              -89.40200589377942,
              43.07315753788466
            ],
            [
              -89.4020044190192,
              43.07315682298229
            ],
            [
              -89.40200301539646,
              43.0731559769053
            ],
            [
              -89.40196701539647,
              43.0731319769053
            ],
            [
              -89.40196540555658,
              43.07313076840157
            ],
            [
              -89.40194640555657,
              43.07311476840157
            ],
            [
              -89.40194491830958,
              43.07311336403558
            ],
            [
              -89.4019436,
              43.0731118
            ],
            [
              -89.4019316,
              43.0730958
            ],
            [
              -89.40193076780888,
              43.07309459063885
            ],
            [
              -89.40191376780888,
              43.07306759063886
            ],
            [
              -89.40191284648284,
              43.07306594127722
            ],
            [
              -89.40191210310654,
              43.07306420443321
            ],
            [
              -89.40191154586908,
              43.07306239924018
            ],
            [
              -89.40191118090911,
              43.07306054558442
            ],
            [
              -89.40190838868277,
              43.073040999999996
            ],
            [
              -89.40181555562411,
              43.073040999999996
            ],
            [
              -89.40181499437763,
              43.07306344985944
            ],
            [
              -89.40181486590971,
              43.07306519300483
            ],
            [
              -89.4018145689806,
              43.07306691547195
            ],
            [
              -89.40181410639012,
              43.073068601019315
            ],
            [
              -89.4018134825001,
              43.07307023375356
            ],
            [
              -89.40181270319334,
              43.073071798279315
            ],
            [
              -89.40181177581808,
              43.073073279844365
            ],
            [
              -89.40181070911872,
              43.07307466447873
            ],
            [
              -89.40180951315337,
              43.07307593912643
            ],
            [
              -89.40180819919902,
              43.07307709176856
            ],
            [
              -89.40180677964524,
              43.07307811153662
            ],
            [
              -89.40180526787724,
              43.07307898881503
            ],
            [
              -89.4018036781498,
              43.07307971533174
            ],
            [
              -89.40180202545277,
              43.0730802842363
            ],
            [
              -89.40180032536976,
              43.07308069016438
            ],
            [
              -89.40179859393118,
              43.07308092928842
            ],
            [
              -89.4017968474631,
              43.073080999353664
            ],
            [
              -89.40169685629327,
              43.07308015197087
            ],
            [
              -89.40169664385412,
              43.07308156292181
            ],
            [
              -89.40169620198256,
              43.07308330016945
            ],
            [
              -89.4016955895098,
              43.07308498485251
            ],
            [
              -89.40169481251009,
              43.073086600263075
            ],
            [
              -89.40169387868931,
              43.07308813038027
            ],
            [
              -89.40169279730868,
              43.07308956002911
            ],
            [
              -89.40169157909284,
              43.07309087503101
            ],
            [
              -89.40169023612344,
              43.0730920623444
            ],
            [
              -89.40168878171946,
              43.07309311019406
            ],
            [
              -89.40168723030497,
              43.07309400818791
            ],
            [
              -89.40168559726618,
              43.07309474742007
            ],
            [
              -89.40168389879881,
              43.07309532055918
            ],
            [
              -89.40168215174745,
              43.07309572192112
            ],
            [
              -89.40168037343854,
              43.07309594752537
            ],
            [
              -89.4016785815085,
              43.07309599513448
            ],
            [
              -89.4015495815085,
              43.07309299513448
            ],
            [
              -89.40154784565979,
              43.073092870613266
            ],
            [
              -89.40154612994935,
              43.07309257904173
            ],
            [
              -89.40154445041524,
              43.07309212314542
            ],
            [
              -89.40154282275736,
              43.07309150718596
            ],
            [
              -89.40154126219066,
              43.07309073692117
            ],
            [
              -89.40153978330295,
              43.07308981955133
            ],
            [
              -89.40153839991855,
              43.07308876365178
            ],
            [
              -89.401537124969,
              43.073087579092835
            ],
            [
              -89.40153597037222,
              43.07308627694747
            ],
            [
              -89.40153494692112,
              43.07308486938784
            ],
            [
              -89.40153406418268,
              43.07308336957147
            ],
            [
              -89.40153333040855,
              43.07308179151831
            ],
            [
              -89.40153275245785,
              43.073080149979624
            ],
            [
              -89.40153233573317,
              43.07307846030013
            ],
            [
              -89.4015320841299,
              43.07307673827456
            ],
            [
              -89.40153203857628,
              43.07307579705507
            ],
            [
              -89.40128579546774,
              43.07307299883792
            ],
            [
              -89.40128402749365,
              43.07307289159631
            ],
            [
              -89.40128227861896,
              43.07307261111362
            ],
            [
              -89.40128056577774,
              43.07307216010572
            ],
            [
              -89.4012789055551,
              43.07307154293963
            ],
            [
              -89.40127731402669,
              43.073070765591254
            ],
            [
              -89.40127580660298,
              43.073069835587525
            ],
            [
              -89.40127439788009,
              43.07306876193349
            ],
            [
              -89.4012731014984,
              43.073067555025155
            ],
            [
              -89.40127193001058,
              43.07306622654879
            ],
            [
              -89.4012708947599,
              43.073064789367784
            ],
            [
              -89.40127000577053,
              43.07306325739812
            ],
            [
              -89.40126927165038,
              43.07306164547356
            ],
            [
              -89.4012686995078,
              43.073059969202085
            ],
            [
              -89.40126829488274,
              43.07305824481473
            ],
            [
              -89.40126806169312,
              43.07305648900842
            ],
            [
              -89.40126800219686,
              43.07305471878432
            ],
            [
              -89.40126871655286,
              43.073009
            ],
            [
              -89.4012667039263,
              43.073009
            ],
            [
              -89.40125495986443,
              43.073042030174015
            ],
            [
              -89.40125432762702,
              43.073043576846075
            ],
            [
              -89.4012535546939,
              43.0730450582282
            ],
            [
              -89.40125264772547,
              43.07304646155528
            ],
            [
              -89.40125161453712,
              43.073047774734796
            ],
            [
              -89.40121961453711,
              43.073084774734795
            ],
            [
              -89.4012182161647,
              43.073086219883514
            ],
            [
              -89.4012166653202,
              43.073087500032585
            ],
            [
              -89.40121498136001,
              43.073088599204226
            ],
            [
              -89.40118198136001,
              43.07310759920423
            ],
            [
              -89.40118014720751,
              43.073108520212614
            ],
            [
              -89.40117822013312,
              43.073109226439286
            ],
            [
              -89.40114522013312,
              43.07311922643928
            ],
            [
              -89.40114321993788,
              43.07311970965838
            ],
            [
              -89.40111050347146,
              43.07312565810682
            ],
            [
              -89.40110999174124,
              43.07314254520428
            ],
            [
              -89.40110984843683,
              43.07314433094457
            ],
            [
              -89.40110952833352,
              43.07314609359553
            ],
            [
              -89.40110903460206,
              43.0731478156971
            ],
            [
              -89.40110837213318,
              43.07314948019087
            ],
            [
              -89.40110754748898,
              43.07315107058909
            ],
            [
              -89.40110656883806,
              43.07315257113796
            ],
            [
              -89.40110544587449,
              43.07315396697369
            ],
            [
              -89.40110418972188,
              43.07315524426973
            ],
            [
              -89.40110281282313,
              43.073156390373725
            ],
            [
              -89.4011013288172,
              43.07315739393288
            ],
            [
              -89.40109975240404,
              43.07315824500636
            ],
            [
              -89.40109809919889,
              43.0731589351638
            ],
            [
              -89.4010963855777,
              43.07315945756879
            ],
            [
              -89.40109462851487,
              43.07315980704662
            ],
            [
              -89.4010928454151,
              43.073159980135515
            ],
            [
              -89.40109105394102,
              43.07315997512092
            ],
            [
              -89.40105305394101,
              43.07315797512093
            ],
            [
              -89.40105046990956,
              43.07315765045217
            ],
            [
              -89.40103979138226,
              43.0731555147467
            ],
            [
              -89.40103954461054,
              43.07315609054737
            ],
            [
              -89.40103877330101,
              43.07315767196488
            ],
            [
              -89.40103785127859,
              43.07315917052231
            ],
            [
              -89.40103678735312,
              43.07316057190104
            ],
            [
              -89.40103559169037,
              43.073161862710975
            ],
            [
              -89.40103427571479,
              43.07316303061851
            ],
            [
              -89.40103285200047,
              43.073164064464365
            ],
            [
              -89.4010313341509,
              43.073164954370206
            ],
            [
              -89.40102973666905,
              43.07316569183304
            ],
            [
              -89.40102807481873,
              43.07316626980645
            ],
            [
              -89.40102636447884,
              43.07316668276794
            ],
            [
              -89.40102462199157,
              43.07316692677169
            ],
            [
              -89.40102286400626,
              43.07316699948626
            ],
            [
              -89.40102110732037,
              43.07316690021687
            ],
            [
              -89.40101936871892,
              43.073166629912016
            ],
            [
              -89.40101766481413,
              43.07316619115446
            ],
            [
              -89.40098866481414,
              43.073157191154465
            ],
            [
              -89.40098707692307,
              43.07315661538462
            ],
            [
              -89.40096307692308,
              43.073146615384616
            ],
            [
              -89.40096171429104,
              43.07314597958157
            ],
            [
              -89.40093471429104,
              43.07313197958157
            ],
            [
              -89.40093285993716,
              43.07313087209217
            ],
            [
              -89.40091085993716,
              43.073115872092174
            ],
            [
              -89.4009095158566,
              43.07311486053571
            ],
            [
              -89.40090827207793,
              43.07311372792206
            ],
            [
              -89.40089027207793,
              43.07309572792206
            ],
            [
              -89.400889029948,
              43.07309435066725
            ],
            [
              -89.40087602994801,
              43.07307835066725
            ],
            [
              -89.40087456512734,
              43.0730762609236
            ],
            [
              -89.40085656512734,
              43.0730462609236
            ],
            [
              -89.40085572936852,
              43.07304469847718
            ],
            [
              -89.40085505128073,
              43.07304306142844
            ],
            [
              -89.40085453743501,
              43.07304136564125
            ],
            [
              -89.400846537435,
              43.073009365641255
            ],
            [
              -89.40084618842481,
              43.0730075976507
            ],
            [
              -89.4008460179481,
              43.07300580362271
            ],
            [
              -89.40084602771364,
              43.07300400153965
            ],
            [
              -89.40084802771364,
              43.07296800153965
            ],
            [
              -89.40084818694595,
              43.072966412509786
            ],
            [
              -89.40084848639398,
              43.07296484384738
            ],
            [
              -89.40084892370064,
              43.0729633079002
            ],
            [
              -89.40085592370065,
              43.0729423079002
            ],
            [
              -89.40085690031056,
              43.07293995015528
            ],
            [
              -89.40086590031055,
              43.07292195015528
            ],
            [
              -89.4008667389719,
              43.072920455314495
            ],
            [
              -89.40086771601412,
              43.072919047021074
            ],
            [
              -89.40086882257778,
              43.07291773804487
            ],
            [
              -89.400870048629,
              43.07291654025514
            ],
            [
              -89.40087138305047,
              43.07291546451298
            ],
            [
              -89.40087281374217,
              43.07291452057277
            ],
            [
              -89.40087432773116,
              43.072913716993796
            ],
            [
              -89.4008759112892,
              43.07291306106258
            ],
            [
              -89.40087755005723,
              43.07291255872684
            ],
            [
              -89.40087922917556,
              43.07291221454156
            ],
            [
              -89.4008809334186,
              43.07291203162767
            ],
            [
              -89.40088264733298,
              43.072912011643766
            ],
            [
              -89.4008843553776,
              43.072912154771046
            ],
            [
              -89.4008860420646,
              43.072912459711695
            ],
            [
              -89.40088769209979,
              43.072912923700635
            ],
            [
              -89.40089324316513,
              43.07291477405575
            ],
            [
              -89.40090239759651,
              43.07290421125031
            ],
            [
              -89.40090353442709,
              43.07290301502822
            ],
            [
              -89.4009285344271,
              43.07287901502822
            ],
            [
              -89.4009297308139,
              43.0728779641372
            ],
            [
              -89.40093101539647,
              43.072877023094705
            ],
            [
              -89.40094039750286,
              43.072870768357106
            ],
            [
              -89.40090616489451,
              43.072834
            ],
            [
              -89.40087,
              43.072834
            ],
            [
              -89.40086820185148,
              43.072833909959854
            ],
            [
              -89.40086642169246,
              43.072833640740214
            ],
            [
              -89.40086467733248,
              43.07283319503448
            ],
            [
              -89.40086298622293,
              43.07283257730169
            ],
            [
              -89.40086136528242,
              43.07283179372193
            ],
            [
              -89.40085983072763,
              43.07283085213451
            ],
            [
              -89.40085839791091,
              43.07282976195948
            ],
            [
              -89.40085708116683,
              43.07282853410347
            ],
            [
              -89.40085589366872,
              43.07282718085051
            ],
            [
              -89.40085484729686,
              43.072825715739164
            ],
            [
              -89.40085395251961,
              43.07282415342709
            ],
            [
              -89.40085321828876,
              43.07282250954437
            ],
            [
              -89.40085265194988,
              43.07282080053717
            ],
            [
              -89.40085225916889,
              43.07281904350319
            ],
            [
              -89.40085204387535,
              43.07281725602059
            ],
            [
              -89.40085200822315,
              43.07281545597219
            ],
            [
              -89.40086600822316,
              43.07235245597219
            ],
            [
              -89.40086614834269,
              43.072350693849266
            ],
            [
              -89.40086646062662,
              43.07234895396725
            ],
            [
              -89.4008669420632,
              43.07234725310586
            ],
            [
              -89.40086758800943,
              43.07234560766848
            ],
            [
              -89.40086839223565,
              43.072344033524004
            ],
            [
              -89.40086934698579,
              43.07234254585373
            ],
            [
              -89.40087044305207,
              43.072341159005
            ],
            [
              -89.40087166986383,
              43.07233988635283
            ],
            [
              -89.40087301558953,
              43.072338740170885
            ],
            [
              -89.40087446725072,
              43.07233773151314
            ],
            [
              -89.40087601084736,
              43.07233687010726
            ],
            [
              -89.40087763149272,
              43.07233616426078
            ],
            [
              -89.40087931355706,
              43.07233562078102
            ],
            [
              -89.40088104081823,
              43.07233524490937
            ],
            [
              -89.4008861216228,
              43.07233439810861
            ],
            [
              -89.40088839925663,
              43.07232699579867
            ],
            [
              -89.40089119914565,
              43.07230832987185
            ],
            [
              -89.40089160292625,
              43.0723063802787
            ],
            [
              -89.40089221954997,
              43.07230448720515
            ],
            [
              -89.40089304147277,
              43.072302673811876
            ],
            [
              -89.40090504147277,
              43.07227967381188
            ],
            [
              -89.40090571112637,
              43.072278499981934
            ],
            [
              -89.4009064669598,
              43.07227737970139
            ],
            [
              -89.4009254669598,
              43.07225137970139
            ],
            [
              -89.40092687347054,
              43.072249683579095
            ],
            [
              -89.40092847668082,
              43.07224817201697
            ],
            [
              -89.40095247668081,
              43.07222817201697
            ],
            [
              -89.40095440936115,
              43.07222676780888
            ],
            [
              -89.40098140936115,
              43.07220976780888
            ],
            [
              -89.4009827476765,
              43.07220900315166
            ],
            [
              -89.4009841465035,
              43.07220835579423
            ],
            [
              -89.4010181465035,
              43.07219435579423
            ],
            [
              -89.4010196969468,
              43.072193798906234
            ],
            [
              -89.40102129181135,
              43.072193386103876
            ],
            [
              -89.40105929181134,
              43.072185386103875
            ],
            [
              -89.4010619110889,
              43.07218503296706
            ],
            [
              -89.4010949110889,
              43.07218303296706
            ],
            [
              -89.401096,
              43.072183
            ],
            [
              -89.401159,
              43.072183
            ],
            [
              -89.40116074387481,
              43.07218308467414
            ],
            [
              -89.40116247134283,
              43.07218333789992
            ],
            [
              -89.40116416615162,
              43.072183757294944
            ],
            [
              -89.40116581235603,
              43.07218433891344
            ],
            [
              -89.40116739446817,
              43.07218507728339
            ],
            [
              -89.40116889760317,
              43.072185965458054
            ],
            [
              -89.40117030761917,
              43.07218699508125
            ],
            [
              -89.40117161125038,
              43.07218815646606
            ],
            [
              -89.40117279623196,
              43.072189438685896
            ],
            [
              -89.40117385141531,
              43.07219082967732
            ],
            [
              -89.40117476687301,
              43.07219231635355
            ],
            [
              -89.40117553399223,
              43.0721938847276
            ],
            [
              -89.40117614555571,
              43.07219552004382
            ],
            [
              -89.40117659580973,
              43.07219720691677
            ],
            [
              -89.40117688051818,
              43.07219892947595
            ],
            [
              -89.40117699700247,
              43.07220067151511
            ],
            [
              -89.40117694416668,
              43.07220241664474
            ],
            [
              -89.4011754546267,
              43.07222128415119
            ],
            [
              -89.40122426467727,
              43.07222200194605
            ],
            [
              -89.40122601108206,
              43.07222211269867
            ],
            [
              -89.40122773847966,
              43.07222239250814
            ],
            [
              -89.40122943054406,
              43.07222283872991
            ],
            [
              -89.40123107128319,
              43.072223447146655
            ],
            [
              -89.40123264519006,
              43.07222421200808
            ],
            [
              -89.40123413738932,
              43.07222512608533
            ],
            [
              -89.40123553377786,
              43.07222618073923
            ],
            [
              -89.40123682115811,
              43.07222736600204
            ],
            [
              -89.40123798736276,
              43.07222867067156
            ],
            [
              -89.40123902136973,
              43.07223008241707
            ],
            [
              -89.40123991340641,
              43.07223158789586
            ],
            [
              -89.40124065504197,
              43.07223317287931
            ],
            [
              -89.40124123926702,
              43.07223482238739
            ],
            [
              -89.40124166055995,
              43.07223652083023
            ],
            [
              -89.401241914939,
              43.072238252155486
            ],
            [
              -89.401242,
              43.07224
            ],
            [
              -89.401242,
              43.072302
            ],
            [
              -89.40124191171974,
              43.0723037805325
            ],
            [
              -89.40124164774488,
              43.07230554359991
            ],
            [
              -89.40124121066476,
              43.07230727190843
            ],
            [
              -89.40124060476663,
              43.07230894850524
            ],
            [
              -89.4012398359937,
              43.07231055694473
            ],
            [
              -89.40123891188684,
              43.07231208144985
            ],
            [
              -89.40123784151048,
              43.07231350706686
            ],
            [
              -89.40123663536389,
              43.07231481981199
            ],
            [
              -89.40123530527804,
              43.07231600680864
            ],
            [
              -89.40123386429966,
              43.07231705641366
            ],
            [
              -89.40123232656316,
              43.07231795833155
            ],
            [
              -89.4012307071521,
              43.072318703715474
            ],
            [
              -89.40122902195112,
              43.07231928525403
            ],
            [
              -89.40122728749026,
              43.072319697242946
            ],
            [
              -89.40122552078266,
              43.072319935641055
            ],
            [
              -89.40122373915783,
              43.07231999810994
            ],
            [
              -89.40117258972057,
              43.07231925681375
            ],
            [
              -89.40116933113686,
              43.07246263449706
            ],
            [
              -89.40118190474824,
              43.07246542863292
            ],
            [
              -89.40118326723334,
              43.07246578790387
            ],
            [
              -89.40118459744133,
              43.07246625264893
            ],
            [
              -89.40121759744133,
              43.07247925264893
            ],
            [
              -89.40121910062196,
              43.072479925799435
            ],
            [
              -89.4012205359803,
              43.07248073353087
            ],
            [
              -89.40122189149882,
              43.07248166908051
            ],
            [
              -89.40124689149881,
              43.07250066908051
            ],
            [
              -89.40124805831375,
              43.07250163597855
            ],
            [
              -89.40124913966542,
              43.07250269759405
            ],
            [
              -89.40125012788977,
              43.0725038464028
            ],
            [
              -89.40126512788977,
              43.0725228464028
            ],
            [
              -89.40126605149027,
              43.072524128189585
            ],
            [
              -89.40126685913783,
              43.07252548602634
            ],
            [
              -89.40126754461055,
              43.07252690945263
            ],
            [
              -89.40127354461055,
              43.07254090945263
            ],
            [
              -89.40127408164005,
              43.0725423239474
            ],
            [
              -89.40127435872883,
              43.07254329203208
            ],
            [
              -89.40145522930669,
              43.07254677031242
            ],
            [
              -89.40145945538947,
              43.07253690945262
            ],
            [
              -89.40146021782054,
              43.07253534420359
            ],
            [
              -89.40146112790782,
              43.07253385993716
            ],
            [
              -89.40147612790781,
              43.07251185993716
            ],
            [
              -89.4014771241727,
              43.072510534337475
            ],
            [
              -89.40147823820047,
              43.072509306045816
            ],
            [
              -89.40147946053645,
              43.072508185486576
            ],
            [
              -89.40148078080679,
              43.07250718216985
            ],
            [
              -89.4015097808068,
              43.07248718216985
            ],
            [
              -89.40151107558795,
              43.07248636814568
            ],
            [
              -89.4015124347982,
              43.07248566697451
            ],
            [
              -89.40151384862487,
              43.07248508371838
            ],
            [
              -89.40154684862487,
              43.07247308371838
            ],
            [
              -89.40154922847641,
              43.072472399556545
            ],
            [
              -89.40156340633813,
              43.07246936144332
            ],
            [
              -89.40156748434501,
              43.072325
            ],
            [
              -89.40152,
              43.072325
            ],
            [
              -89.40151820016459,
              43.07232490979041
            ],
            [
              -89.40151641836945,
              43.07232464006584
            ],
            [
              -89.40151467247402,
              43.0723241935298
            ],
            [
              -89.40151297997792,
              43.072323574658064
            ],
            [
              -89.40151135784552,
              43.07232278965376
            ],
            [
              -89.40150982233592,
              43.072321846385215
            ],
            [
              -89.40150838883999,
              43.07232075430707
            ],
            [
              -89.40150707172604,
              43.072319524365554
            ],
            [
              -89.40150588419591,
              43.07231816888871
            ],
            [
              -89.40150483815256,
              43.07231670146288
            ],
            [
              -89.40150394408076,
              43.07231513679649
            ],
            [
              -89.40150321094207,
              43.072313490572654
            ],
            [
              -89.40150264608492,
              43.07231177929194
            ],
            [
              -89.40150225517108,
              43.072310020107
            ],
            [
              -89.40150204211875,
              43.07230823065066
            ],
            [
              -89.40150200906345,
              43.07230642885916
            ],
            [
              -89.40150400906344,
              43.07224342885915
            ],
            [
              -89.40150415153413,
              43.07224166927778
            ],
            [
              -89.40150446568197,
              43.072239932114684
            ],
            [
              -89.40150494848528,
              43.07223823407892
            ],
            [
              -89.40150559530021,
              43.07223659150321
            ],
            [
              -89.40150639990527,
              43.072235020186824
            ],
            [
              -89.40150735456133,
              43.07223353524362
            ],
            [
              -89.4015084500859,
              43.07223215095666
            ],
            [
              -89.40150967594161,
              43.07223088064084
            ],
            [
              -89.40151102033742,
              43.07222973651481
            ],
            [
              -89.40151247034217,
              43.07222872958345
            ],
            [
              -89.40151401200882,
              43.07222786953203
            ],
            [
              -89.40151563050871,
              43.072227164633034
            ],
            [
              -89.40151731027416,
              43.0722266216666
            ],
            [
              -89.40151903514817,
              43.07222624585531
            ],
            [
              -89.4015207885399,
              43.07222604081392
            ],
            [
              -89.40152255358416,
              43.07222600851466
            ],
            [
              -89.4015694818615,
              43.07222745246166
            ],
            [
              -89.40157000622945,
              43.07220752647973
            ],
            [
              -89.40157014645122,
              43.07220570853853
            ],
            [
              -89.4015704698687,
              43.07220391411008
            ],
            [
              -89.40157097316332,
              43.072202161607045
            ],
            [
              -89.40157165117074,
              43.07220046901192
            ],
            [
              -89.40157249693391,
              43.07219885369245
            ],
            [
              -89.40157350177445,
              43.07219733222348
            ],
            [
              -89.40157465538167,
              43.072195920216835
            ],
            [
              -89.40157594591834,
              43.072194632161164
            ],
            [
              -89.40157736014227,
              43.072193481273224
            ],
            [
              -89.40157888354204,
              43.07219247936232
            ],
            [
              -89.40158050048602,
              43.07219163670907
            ],
            [
              -89.40158219438271,
              43.072190961959976
            ],
            [
              -89.401583947851,
              43.07219046203865
            ],
            [
              -89.40158574289848,
              43.072190142074795
            ],
            [
              -89.40158756110614,
              43.07219000535157
            ],
            [
              -89.40162856110614,
              43.07218900535157
            ],
            [
              -89.4016301389081,
              43.072189036067016
            ],
            [
              -89.40163170795594,
              43.072189204860926
            ],
            [
              -89.40167770795594,
              43.07219620486093
            ],
            [
              -89.40167914956281,
              43.07219648483148
            ],
            [
              -89.40168056354929,
              43.072196881386766
            ],
            [
              -89.40172056354929,
              43.07220988138676
            ],
            [
              -89.40172195769622,
              43.07221039908246
            ],
            [
              -89.40172330434926,
              43.07221103009758
            ],
            [
              -89.40174830434927,
              43.07222403009758
            ],
            [
              -89.4017504622875,
              43.07222535279752
            ],
            [
              -89.40176446228749,
              43.07223535279751
            ],
            [
              -89.401765172653,
              43.07223588717516
            ],
            [
              -89.401789172653,
              43.07225488717516
            ],
            [
              -89.40179076346449,
              43.07225630771991
            ],
            [
              -89.40179217509001,
              43.072257906451284
            ],
            [
              -89.40181017509002,
              43.07228090645128
            ],
            [
              -89.40181140049437,
              43.0722826820188
            ],
            [
              -89.4018124046708,
              43.072284591438994
            ],
            [
              -89.4018264046708,
              43.07231559143899
            ],
            [
              -89.40182699940394,
              43.07231708220768
            ],
            [
              -89.40182745897613,
              43.07231862002827
            ],
            [
              -89.40182777973337,
              43.07232019267367
            ],
            [
              -89.40183077973337,
              43.072339192673674
            ],
            [
              -89.40183094484885,
              43.07234059202286
            ],
            [
              -89.401831,
              43.072342
            ],
            [
              -89.401831,
              43.07235027905287
            ],
            [
              -89.401923,
              43.07235171655287
            ],
            [
              -89.401923,
              43.072325
            ],
            [
              -89.40192308793243,
              43.072323222969935
            ],
            [
              -89.40192335087065,
              43.07232146330194
            ],
            [
              -89.40192378624563,
              43.07231973818844
            ],
            [
              -89.40192438980368,
              43.07231806448427
            ],
            [
              -89.40192515564786,
              43.07231645854197
            ],
            [
              -89.40192607629565,
              43.07231493605204
            ],
            [
              -89.40192714275209,
              43.072313511889604
            ],
            [
              -89.4019283445976,
              43.07231219996913
            ],
            [
              -89.40192967008983,
              43.07231101310844
            ],
            [
              -89.40193110627835,
              43.07230996290347
            ],
            [
              -89.40193263913123,
              43.072309059615016
            ],
            [
              -89.40193425367205,
              43.07230831206845
            ],
            [
              -89.40193593412634,
              43.072307727567505
            ],
            [
              -89.40193766407559,
              43.07230731182292
            ],
            [
              -89.40193942661773,
              43.07230706889663
            ],
            [
              -89.40194120453224,
              43.07230700116207
            ],
            [
              -89.40202920453224,
              43.07230800116207
            ],
            [
              -89.40203095503456,
              43.07230810648609
            ],
            [
              -89.40203268698004,
              43.07230838165223
            ],
            [
              -89.40203438392935,
              43.07230882404865
            ],
            [
              -89.40203602977533,
              43.072309429476206
            ],
            [
              -89.40203760889591,
              43.07231019218828
            ],
            [
              -89.40203910630235,
              43.072311104945356
            ],
            [
              -89.40204050778154,
              43.072312159083694
            ],
            [
              -89.40204180003086,
              43.0723133445976
            ],
            [
              -89.40204297078454,
              43.072314650234375
            ],
            [
              -89.40204400892993,
              43.07231606360115
            ],
            [
              -89.4020449046132,
              43.07231757128249
            ],
            [
              -89.40204564933265,
              43.07231915896775
            ],
            [
              -89.40204623601953,
              43.07232081158689
            ],
            [
              -89.40204665910512,
              43.07232251345355
            ],
            [
              -89.40204691457356,
              43.0723242484139
            ],
            [
              -89.402047,
              43.072326
            ],
            [
              -89.402047,
              43.072352393825426
            ],
            [
              -89.40225539813267,
              43.072357004403585
            ],
            [
              -89.4022571733605,
              43.07235713168995
            ],
            [
              -89.40225892734014,
              43.072357433668586
            ],
            [
              -89.40226064292355,
              43.07235790738716
            ],
            [
              -89.40226230333805,
              43.07235854821428
            ],
            [
              -89.40226389235033,
              43.072359349884806
            ],
            [
              -89.40226539442519,
              43.07236030456109
            ],
            [
              -89.40226679487736,
              43.07236140290958
            ],
            [
              -89.4022680800151,
              43.07236263419211
            ],
            [
              -89.40226923727407,
              43.07236398637086
            ],
            [
              -89.40227025534016,
              43.072365446226044
            ],
            [
              -89.40227112426005,
              43.07236699948516
            ],
            [
              -89.40227183553866,
              43.07236863096254
            ],
            [
              -89.40227238222202,
              43.0723703247078
            ],
            [
              -89.40227275896545,
              43.072372064161755
            ],
            [
              -89.40227296208562,
              43.07237383231839
            ],
            [
              -89.4022729895967,
              43.07237561189105
            ],
            [
              -89.40226350684006,
              43.072654404935946
            ]
          ]
        ]
      },
      "properties": {
        "building": "university",
        "name": "Grainger Hall",
        "@id": "way/153060483",
        "addr:street": "University Avenue",
        "addr:housenumber": "975",
        "person_counts": [
          0,
          0,
          0,
          0,
          0,
          0,
          0,
          0,
          0,
          0,
          0,
          0,
          0,
          0,
          0,
          0,
          0,
          0,
          0,
          0,
          0,
          0,
          0,
          0,
          0,
          0,
          0,
          0,
          0,
          0,
          0,
          0,
          0,
          0,
          0,
          0,
          0,
          0,
          0,
          30,
          30,
          30,
          30,
          30,
          30,
          30,
          30,
          30,
          30,
          30,
          30,
          30,
          30,
          30,
          30,
          0,
          0,
          0,
          0,
          0,
          0,
          0,
          0,
          57,
          57,
          57,
          57,
          57,
          57,
          57,
          57,
          57,
          57,
          57,
          57,
          57,
          57,
          57,
          57,
          0,
          0,
          54,
          54,
          54,
          54,
          54,
          54,
          54,
          54,
          54,
          54,
          54,
          54,
          54,
          54,
          54,
          54,
          0,
          0,
          80,
          80,
          80,
          80,
          80,
          80,
          80,
          80,
          80,
          80,
          80,
          80,
          80,
          80,
          80,
          80,
          0,
          0,
          0,
          0,
          0,
          0,
          0,
          0,
          0,
          0,
          0,
          0,
          0,
          0,
          0,
          0,
          0,
          0,
          0,
          0,
          0,
          0,
          0,
          0,
          0,
          0,
          0,
          0,
          0,
          0,
          0,
          0,
          0,
          0,
          0,
          0,
          0,
          0,
          0,
          0,
          0,
          0,
          0,
          0
        ],
        "instructor_counts": [
          0,
          0,
          0,
          0,
          0,
          0,
          0,
          0,
          0,
          0,
          0,
          0,
          0,
          0,
          0,
          0,
          0,
          0,
          0,
          0,
          0,
          0,
          0,
          0,
          0,
          0,
          0,
          0,
          0,
          0,
          0,
          0,
          0,
          0,
          0,
          0,
          0,
          0,
          0,
          2,
          2,
          2,
          2,
          2,
          2,
          2,
          2,
          2,
          2,
          2,
          2,
          2,
          2,
          2,
          2,
          0,
          0,
          0,
          0,
          0,
          0,
          0,
          0,
          4,
          4,
          4,
          4,
          4,
          4,
          4,
          4,
          4,
          4,
          4,
          4,
          4,
          4,
          4,
          4,
          0,
          0,
          4,
          4,
          4,
          4,
          4,
          4,
          4,
          4,
          4,
          4,
          4,
          4,
          4,
          4,
          4,
          4,
          0,
          0,
          6,
          6,
          6,
          6,
          6,
          6,
          6,
          6,
          6,
          6,
          6,
          6,
          6,
          6,
          6,
          6,
          0,
          0,
          0,
          0,
          0,
          0,
          0,
          0,
          0,
          0,
          0,
          0,
          0,
          0,
          0,
          0,
          0,
          0,
          0,
          0,
          0,
          0,
          0,
          0,
          0,
          0,
          0,
          0,
          0,
          0,
          0,
          0,
          0,
          0,
          0,
          0,
          0,
          0,
          0,
          0,
          0,
          0,
          0,
          0
        ]
      }
    },
    {
      "type": "Feature",
      "geometry": {
        "type": "Polygon",
        "coordinates": [
          [
            [
              -89.400347,
              43.072934999999994
            ],
            [
              -89.40032869233036,
              43.072934999999994
            ],
            [
              -89.40032799732522,
              43.07297531029871
            ],
            [
              -89.40032788247166,
              43.07297705358409
            ],
            [
              -89.40032759915665,
              43.072978777523716
            ],
            [
              -89.40032715004915,
              43.072980465877265
            ],
            [
              -89.40032653937998,
              43.07298210273963
            ],
            [
              -89.40032577290191,
              43.07298367269079
            ],
            [
              -89.40032485783556,
              43.07298516094104
            ],
            [
              -89.40032380280127,
              43.07298655347036
            ],
            [
              -89.40032261773798,
              43.07298783716045
            ],
            [
              -89.40032131380956,
              43.07298899991834
            ],
            [
              -89.40031990329962,
              43.07299003079029
            ],
            [
              -89.40031839949586,
              43.07299092006499
            ],
            [
              -89.40031681656482,
              43.07299165936505
            ],
            [
              -89.40031516941848,
              43.07299224172591
            ],
            [
              -89.40031347357375,
              43.07299266166146
            ],
            [
              -89.40031174500628,
              43.072992915215686
            ],
            [
              -89.40031,
              43.072993
            ],
            [
              -89.400171,
              43.072993
            ],
            [
              -89.400171,
              43.072998
            ],
            [
              -89.40017091217268,
              43.07299977597005
            ],
            [
              -89.40017064954782,
              43.07300153460913
            ],
            [
              -89.40017021468825,
              43.07300325875542
            ],
            [
              -89.40016961183758,
              43.07300493158366
            ],
            [
              -89.4001688468788,
              43.07300653676943
            ],
            [
              -89.40016792727683,
              43.07300805864835
            ],
            [
              -89.40016686200568,
              43.073009482369045
            ],
            [
              -89.40016566146087,
              43.073010794038005
            ],
            [
              -89.40016433735808,
              43.07301198085519
            ],
            [
              -89.40016290261865,
              43.073013031238936
            ],
            [
              -89.40016137124361,
              43.073013934938984
            ],
            [
              -89.40015975817704,
              43.073014683136485
            ],
            [
              -89.40015807916019,
              43.07301526853009
            ],
            [
              -89.4001563505779,
              43.07301568540719
            ],
            [
              -89.4001545892987,
              43.07301592969965
            ],
            [
              -89.40015281251017,
              43.07301599902352
            ],
            [
              -89.40005681251017,
              43.07301499902352
            ],
            [
              -89.4000550608499,
              43.073014895242295
            ],
            [
              -89.40005332761802,
              43.07301462139639
            ],
            [
              -89.40005162928607,
              43.07301418008824
            ],
            [
              -89.40004998199387,
              43.07301357551176
            ],
            [
              -89.40004840139623,
              43.07301281341245
            ],
            [
              -89.40004690251409,
              43.07301190103279
            ],
            [
              -89.40004549959187,
              43.07301084704346
            ],
            [
              -89.400044205962,
              43.07300966146088
            ],
            [
              -89.40004303391831,
              43.07300835555204
            ],
            [
              -89.40004199459914,
              43.073006941727456
            ],
            [
              -89.40004109788148,
              43.0730054334232
            ],
            [
              -89.40004035228719,
              43.07300384497319
            ],
            [
              -89.40003976490186,
              43.07300219147303
            ],
            [
              -89.40003934130766,
              43.0730004886365
            ],
            [
              -89.40003908553012,
              43.07299875264626
            ],
            [
              -89.400039,
              43.072997
            ],
            [
              -89.400039,
              43.07299
            ],
            [
              -89.399897,
              43.07299
            ],
            [
              -89.399896899723,
              43.072989999720676
            ],
            [
              -89.399555844637,
              43.07298809969234
            ],
            [
              -89.39955499933119,
              43.073086155166656
            ],
            [
              -89.39955489813246,
              43.073087912290276
            ],
            [
              -89.39955462581187,
              43.07308965113072
            ],
            [
              -89.39955418497304,
              43.07309135506315
            ],
            [
              -89.39955357983078,
              43.073093007796466
            ],
            [
              -89.39955281617077,
              43.0730945935291
            ],
            [
              -89.39955190129426,
              43.07309609710004
            ],
            [
              -89.3995508439483,
              43.07309750413384
            ],
            [
              -89.39954965424204,
              43.07309880117801
            ],
            [
              -89.3995483435501,
              43.07309997583168
            ],
            [
              -89.39954692440385,
              43.07310101686412
            ],
            [
              -89.3995454103716,
              43.07310191432215
            ],
            [
              -89.3995438159288,
              43.073102659625285
            ],
            [
              -89.39954215631974,
              43.073103245647765
            ],
            [
              -89.39954044741172,
              43.07310366678671
            ],
            [
              -89.39953870554343,
              43.073103919015644
            ],
            [
              -89.39953694736865,
              43.073103999923056
            ],
            [
              -89.39919494736866,
              43.07310299992305
            ],
            [
              -89.39919317774617,
              43.07310290752331
            ],
            [
              -89.39919142578438,
              43.07310264156973
            ],
            [
              -89.39918970846271,
              43.073102204639866
            ],
            [
              -89.39918804242487,
              43.07310160096829
            ],
            [
              -89.39918644381757,
              43.073100836405594
            ],
            [
              -89.39918492813398,
              43.073099918361656
            ],
            [
              -89.3991835100636,
              43.07309885573387
            ],
            [
              -89.39918220334988,
              43.07309765882086
            ],
            [
              -89.39918102065711,
              43.07309633922273
            ],
            [
              -89.39917997344753,
              43.07309490972858
            ],
            [
              -89.39917907187035,
              43.0730933841926
            ],
            [
              -89.39917832466337,
              43.07309177739979
            ],
            [
              -89.39917773906826,
              43.07309010492264
            ],
            [
              -89.39917732076043,
              43.07308838297026
            ],
            [
              -89.39917707379396,
              43.07308662823125
            ],
            [
              -89.3991770005624,
              43.073084857711954
            ],
            [
              -89.3991790005624,
              43.072831857711954
            ],
            [
              -89.39917910024185,
              43.07283010298705
            ],
            [
              -89.39917937057646,
              43.07282836634814
            ],
            [
              -89.39917980898889,
              43.07282666435224
            ],
            [
              -89.39918041129933,
              43.072825013226065
            ],
            [
              -89.39918117176539,
              43.07282342871136
            ],
            [
              -89.39918208313684,
              43.072821925914766
            ],
            [
              -89.3991831367247,
              43.072820519163876
            ],
            [
              -89.39918432248417,
              43.07281922187054
            ],
            [
              -89.39918562911026,
              43.072818046403086
            ],
            [
              -89.3991870441457,
              43.072817003968346
            ],
            [
              -89.39918855409964,
              43.07281610450482
            ],
            [
              -89.39919014457624,
              43.07281535658794
            ],
            [
              -89.39919180041203,
              43.07281476734829
            ],
            [
              -89.39919350582035,
              43.07281434240365
            ],
            [
              -89.39919524454196,
              43.072814085805426
            ],
            [
              -89.399197,
              43.072814
            ],
            [
              -89.399277,
              43.072814
            ],
            [
              -89.399277,
              43.07279
            ],
            [
              -89.39927700114897,
              43.07278979662315
            ],
            [
              -89.399279,
              43.072612898307526
            ],
            [
              -89.399279,
              43.072576
            ],
            [
              -89.39927908667492,
              43.07257423569147
            ],
            [
              -89.39927934586495,
              43.0725724883742
            ],
            [
              -89.39927977507396,
              43.07257077487581
            ],
            [
              -89.39928037016841,
              43.072569111698215
            ],
            [
              -89.39928112541725,
              43.07256751485873
            ],
            [
              -89.39928203354698,
              43.0725659997358
            ],
            [
              -89.39928308581185,
              43.07256458092088
            ],
            [
              -89.39928427207795,
              43.072563272077936
            ],
            [
              -89.39928558092089,
              43.07256208581184
            ],
            [
              -89.3992869997358,
              43.072561033546975
            ],
            [
              -89.39928851485874,
              43.07256012541724
            ],
            [
              -89.39929011169822,
              43.07255937016841
            ],
            [
              -89.39929177487582,
              43.07255877507396
            ],
            [
              -89.39929348837421,
              43.07255834586495
            ],
            [
              -89.39929523569148,
              43.07255808667492
            ],
            [
              -89.399297,
              43.072558
            ],
            [
              -89.39951926665194,
              43.072558
            ],
            [
              -89.39952000200458,
              43.0725087313732
            ],
            [
              -89.399520114972,
              43.07250696879996
            ],
            [
              -89.39952040013397,
              43.07250522578283
            ],
            [
              -89.39952085474494,
              43.07250351910333
            ],
            [
              -89.39952147442798,
              43.07250186519312
            ],
            [
              -89.3995222532169,
              43.07250027997582
            ],
            [
              -89.39952318361361,
              43.07249877871368
            ],
            [
              -89.39952425666038,
              43.07249737586063
            ],
            [
              -89.39952546202609,
              43.07249608492315
            ],
            [
              -89.39952678810562,
              43.0724949183302
            ],
            [
              -89.39952822213169,
              43.07249388731356
            ],
            [
              -89.39952975029769,
              43.072493001799735
            ],
            [
              -89.39953135789065,
              43.07249227031431
            ],
            [
              -89.3995330294329,
              43.07249169989992
            ],
            [
              -89.39953474883106,
              43.07249129604845
            ],
            [
              -89.39953649953101,
              43.072491062648105
            ],
            [
              -89.39953826467728,
              43.07249100194605
            ],
            [
              -89.39965652924178,
              43.07249274113082
            ],
            [
              -89.39965700778042,
              43.07247647081707
            ],
            [
              -89.39965714669418,
              43.07247470664631
            ],
            [
              -89.3996574581676,
              43.072472964641776
            ],
            [
              -89.39965793919016,
              43.072471261640665
            ],
            [
              -89.3996585851126,
              43.07246961410319
            ],
            [
              -89.39965938969179,
              43.072468037953506
            ],
            [
              -89.39966034515112,
              43.072466548425744
            ],
            [
              -89.3996614422557,
              43.07246515991682
            ],
            [
              -89.39966267040157,
              43.07246388584725
            ],
            [
              -89.39966401771814,
              43.07246273853145
            ],
            [
              -89.39966547118307,
              43.07246172905871
            ],
            [
              -89.399667016748,
              43.072460867186
            ],
            [
              -89.39966863947438,
              43.0724601612437
            ],
            [
              -89.39967032367792,
              43.07245961805501
            ],
            [
              -89.39967205308007,
              43.07245924287008
            ],
            [
              -89.39967381096542,
              43.07245903931525
            ],
            [
              -89.3996755803433,
              43.07245900935794
            ],
            [
              -89.3996883884653,
              43.07245942252317
            ],
            [
              -89.39969400401571,
              43.07219361980315
            ],
            [
              -89.39969412679545,
              43.072191867264834
            ],
            [
              -89.39969441983762,
              43.07219013504322
            ],
            [
              -89.39969488035067,
              43.07218843963968
            ],
            [
              -89.39969550394768,
              43.07218679720485
            ],
            [
              -89.39969628468819,
              43.07218522338476
            ],
            [
              -89.39969721513478,
              43.07218373317183
            ],
            [
              -89.39969828642388,
              43.07218234076202
            ],
            [
              -89.39969948835027,
              43.0721810594196
            ],
            [
              -89.39970080946422,
              43.07217990135081
            ],
            [
              -89.39970223718066,
              43.07217887758755
            ],
            [
              -89.39970375789895,
              43.07217799788232
            ],
            [
              -89.39970535713256,
              43.072177270615306
            ],
            [
              -89.39970701964697,
              43.07217670271456
            ],
            [
              -89.39970872960485,
              43.07217629958996
            ],
            [
              -89.39971047071695,
              43.072176065081734
            ],
            [
              -89.39971222639718,
              43.07217600142383
            ],
            [
              -89.39985300000001,
              43.07217777216096
            ],
            [
              -89.39985300000001,
              43.072173
            ],
            [
              -89.3998530879643,
              43.07217122264885
            ],
            [
              -89.39985335099746,
              43.072169462669194
            ],
            [
              -89.39985378652864,
              43.07216773726274
            ],
            [
              -89.39985439030103,
              43.07216606329329
            ],
            [
              -89.39985515641348,
              43.0721644571219
            ],
            [
              -89.39985607737816,
              43.072162934446986
            ],
            [
              -89.39985714419373,
              43.07216151015089
            ],
            [
              -89.39985834643333,
              43.07216019815441
            ],
            [
              -89.39985967234651,
              43.072159011280746
            ],
            [
              -89.39986110897404,
              43.07215796113019
            ],
            [
              -89.39986264227457,
              43.072157057966706
            ],
            [
              -89.39986425726194,
              43.07215631061764
            ],
            [
              -89.39986593815156,
              43.07215572638746
            ],
            [
              -89.39986766851473,
              43.0721553109863
            ],
            [
              -89.39986943143921,
              43.07215506847421
            ],
            [
              -89.39987120969451,
              43.07215500122148
            ],
            [
              -89.4003862096945,
              43.07216100122148
            ],
            [
              -89.40038797032933,
              43.072161108163804
            ],
            [
              -89.40038971204369,
              43.072161386915894
            ],
            [
              -89.40039141811245,
              43.07216183480098
            ],
            [
              -89.40039307215275,
              43.07216244751815
            ],
            [
              -89.40039465828137,
              43.07216321918368
            ],
            [
              -89.40039616126718,
              43.0721641423875
            ],
            [
              -89.4003975666775,
              43.07216520826437
            ],
            [
              -89.40039886101658,
              43.07216640657901
            ],
            [
              -89.40040003185533,
              43.07216772582437
            ],
            [
              -89.4004010679505,
              43.07216915333215
            ],
            [
              -89.4004019593528,
              43.072170675394425
            ],
            [
              -89.40040269750239,
              43.07217227739531
            ],
            [
              -89.40040327531104,
              43.07217394395129
            ],
            [
              -89.40040368723022,
              43.072175659058935
            ],
            [
              -89.4004039293044,
              43.072177406248606
            ],
            [
              -89.40040399920903,
              43.07217916874258
            ],
            [
              -89.40040099920904,
              43.07249916874258
            ],
            [
              -89.40040089712728,
              43.07250092167508
            ],
            [
              -89.40040062473597,
              43.07250265632086
            ],
            [
              -89.40040018462717,
              43.07250435617299
            ],
            [
              -89.40039958098899,
              43.07250600505563
            ],
            [
              -89.40039881956565,
              43.07250758727797
            ],
            [
              -89.40039790760288,
              43.07250908778353
            ],
            [
              -89.40039685377896,
              43.07251049229346
            ],
            [
              -89.40039566812207,
              43.0725117874424
            ],
            [
              -89.40039436191499,
              43.07251296090569
            ],
            [
              -89.40039294758762,
              43.072514001516616
            ],
            [
              -89.40039143859872,
              43.072514899372685
            ],
            [
              -89.40038984930789,
              43.07251564592988
            ],
            [
              -89.40038819483884,
              43.07251623408395
            ],
            [
              -89.40038649093556,
              43.072516658237994
            ],
            [
              -89.40038475381245,
              43.07251691435575
            ],
            [
              -89.400383,
              43.072517
            ],
            [
              -89.40036787127698,
              43.072517
            ],
            [
              -89.40036499953642,
              43.072917129183274
            ],
            [
              -89.4003649010488,
              43.07291888479486
            ],
            [
              -89.40036463173479,
              43.0729206224202
            ],
            [
              -89.40036419416441,
              43.07292232547746
            ],
            [
              -89.4003635925133,
              43.072923977714666
            ],
            [
              -89.40036283252293,
              43.07292556336484
            ],
            [
              -89.40036192144574,
              43.07292706729642
            ],
            [
              -89.40036086797593,
              43.07292847515765
            ],
            [
              -89.40035968216662,
              43.072929773513586
            ],
            [
              -89.40035837533375,
              43.07293094997426
            ],
            [
              -89.40035695994818,
              43.072931993312906
            ],
            [
              -89.40035544951668,
              43.07293289357316
            ],
            [
              -89.400353858453,
              43.07293364216399
            ],
            [
              -89.40035220194038,
              43.07293423194174
            ],
            [
              -89.40035049578661,
              43.07293465727827
            ],
            [
              -89.4003487562732,
              43.07293491411467
            ],
            [
              -89.400347,
              43.072934999999994
            ]
          ]
        ]
      },
      "properties": {
        "building": "university",
        "name": "Vilas Communication Hall",
        "@id": "way/153060489",
        "addr:street": "University Avenue",
        "addr:housenumber": "821",
        "person_counts": [
          0,
          0,
          0,
          0,
          0,
          0,
          0,
          0,
          0,
          0,
          0,
          0,
          0,
          0,
          0,
          0,
          0,
          0,
          0,
          0,
          0,
          0,
          0,
          0,
          0,
          0,
          0,
          0,
          0,
          0,
          0,
          0,
          0,
          0,
          0,
          0,
          0,
          0,
          0,
          0,
          0,
          0,
          0,
          0,
          0,
          0,
          0,
          0,
          0,
          0,
          0,
          0,
          0,
          0,
          0,
          0,
          0,
          0,
          0,
          0,
          0,
          0,
          0,
          0,
          0,
          0,
          0,
          197,
          197,
          197,
          197,
          197,
          197,
          197,
          197,
          197,
          197,
          197,
          0,
          0,
          0,
          0,
          0,
          0,
          0,
          0,
          0,
          0,
          0,
          0,
          0,
          0,
          0,
          0,
          0,
          0,
          0,
          0,
          0,
          0,
          0,
          0,
          0,
          0,
          0,
          0,
          0,
          0,
          0,
          0,
          0,
          0,
          0,
          0,
          0,
          0,
          0,
          0,
          0,
          0,
          0,
          0,
          0,
          0,
          0,
          0,
          0,
          0,
          0,
          0,
          0,
          0,
          0,
          0,
          0,
          0,
          0,
          0,
          0,
          0,
          0,
          0,
          0,
          0,
          0,
          0,
          0,
          0,
          0,
          0,
          0,
          0,
          0,
          0,
          0,
          0,
          0,
          0,
          0
        ],
        "instructor_counts": [
          0,
          0,
          0,
          0,
          0,
          0,
          0,
          0,
          0,
          0,
          0,
          0,
          0,
          0,
          0,
          0,
          0,
          0,
          0,
          0,
          0,
          0,
          0,
          0,
          0,
          0,
          0,
          0,
          0,
          0,
          0,
          0,
          0,
          0,
          0,
          0,
          0,
          0,
          0,
          0,
          0,
          0,
          0,
          0,
          0,
          0,
          0,
          0,
          0,
          0,
          0,
          0,
          0,
          0,
          0,
          0,
          0,
          0,
          0,
          0,
          0,
          0,
          0,
          0,
          0,
          0,
          0,
          16,
          16,
          16,
          16,
          16,
          16,
          16,
          16,
          16,
          16,
          16,
          0,
          0,
          0,
          0,
          0,
          0,
          0,
          0,
          0,
          0,
          0,
          0,
          0,
          0,
          0,
          0,
          0,
          0,
          0,
          0,
          0,
          0,
          0,
          0,
          0,
          0,
          0,
          0,
          0,
          0,
          0,
          0,
          0,
          0,
          0,
          0,
          0,
          0,
          0,
          0,
          0,
          0,
          0,
          0,
          0,
          0,
          0,
          0,
          0,
          0,
          0,
          0,
          0,
          0,
          0,
          0,
          0,
          0,
          0,
          0,
          0,
          0,
          0,
          0,
          0,
          0,
          0,
          0,
          0,
          0,
          0,
          0,
          0,
          0,
          0,
          0,
          0,
          0,
          0,
          0,
          0
        ]
      }
    },
    {
      "type": "Feature",
      "geometry": {
        "type": "Polygon",
        "coordinates": [
          [
            [
              -89.41123699793424,
              43.073648272695976
            ],
            [
              -89.41123523577068,
              43.07376457549018
            ],
            [
              -89.41123605216917,
              43.07376506835927
            ],
            [
              -89.41123747534901,
              43.07376613218239
            ],
            [
              -89.41123878670933,
              43.073767331138
            ],
            [
              -89.41123997347185,
              43.07376865354309
            ],
            [
              -89.41124102407235,
              43.07377008651171
            ],
            [
              -89.41124192827344,
              43.073771616080556
            ],
            [
              -89.4112426772643,
              43.073773227345015
            ],
            [
              -89.41124326374651,
              43.07377490460441
            ],
            [
              -89.41124368200522,
              43.07377663151498
            ],
            [
              -89.41124392796476,
              43.073778391249164
            ],
            [
              -89.41124399922845,
              43.073780166659525
            ],
            [
              -89.41124299922845,
              43.07388816665952
            ],
            [
              -89.41124289733567,
              43.073889919733276
            ],
            [
              -89.41124262510613,
              43.073891654536084
            ],
            [
              -89.41124218513075,
              43.07389335455708
            ],
            [
              -89.41124158159694,
              43.07389500361641
            ],
            [
              -89.41124082024884,
              43.07389658601926
            ],
            [
              -89.4112399083325,
              43.073898086705206
            ],
            [
              -89.41123885452704,
              43.07389949139157
            ],
            [
              -89.411237668862,
              43.07390078670934
            ],
            [
              -89.41123636262185,
              43.073901960330396
            ],
            [
              -89.4112357904558,
              43.07390238135093
            ],
            [
              -89.41123399805394,
              43.07402426467727
            ],
            [
              -89.41123388638425,
              43.07402601922217
            ],
            [
              -89.41123360408189,
              43.074027754504066
            ],
            [
              -89.41123315383996,
              43.07402945396872
            ],
            [
              -89.41123253995367,
              43.074031101403556
            ],
            [
              -89.41123176827941,
              43.07403268109236
            ],
            [
              -89.41123084617877,
              43.07403417796521
            ],
            [
              -89.41122978244843,
              43.07403557774222
            ],
            [
              -89.41122858723618,
              43.07403686706979
            ],
            [
              -89.41122727194411,
              43.07403803364799
            ],
            [
              -89.41122584911986,
              43.074039066347865
            ],
            [
              -89.41122433233689,
              43.07403995531767
            ],
            [
              -89.41122273606501,
              43.07404069207681
            ],
            [
              -89.41122107553238,
              43.07404126959673
            ],
            [
              -89.41121936658013,
              43.074041682368005
            ],
            [
              -89.41121762551136,
              43.07404192645288
            ],
            [
              -89.41121586893551,
              43.074041999522834
            ],
            [
              -89.41080386893552,
              43.074038999522834
            ],
            [
              -89.41080384874483,
              43.07403899936449
            ],
            [
              -89.41056584874484,
              43.07403699936449
            ],
            [
              -89.41056407705861,
              43.07403689699127
            ],
            [
              -89.41056232406379,
              43.07403662065529
            ],
            [
              -89.4105606067999,
              43.074036173042614
            ],
            [
              -89.41055894195912,
              43.07403555850413
            ],
            [
              -89.41055734572407,
              43.07403478301328
            ],
            [
              -89.41055583361053,
              43.074033854108016
            ],
            [
              -89.41055442031654,
              43.074032780817504
            ],
            [
              -89.41055311957969,
              43.074031573574366
            ],
            [
              -89.41055194404338,
              43.07403024411328
            ],
            [
              -89.41055090513412,
              43.0740288053569
            ],
            [
              -89.41055001295032,
              43.07402727129026
            ],
            [
              -89.41054927616422,
              43.07402565682483
            ],
            [
              -89.41054870193754,
              43.07402397765358
            ],
            [
              -89.4105482958519,
              43.07402225009842
            ],
            [
              -89.41054806185451,
              43.07402049095158
            ],
            [
              -89.41054800221993,
              43.074018717312356
            ],
            [
              -89.41055100236622,
              43.073827708146474
            ],
            [
              -89.41055400236623,
              43.07364270814647
            ],
            [
              -89.41055411654912,
              43.073640954960965
            ],
            [
              -89.41055440110485,
              43.073639221258226
            ],
            [
              -89.41055485332248,
              43.07363752355497
            ],
            [
              -89.41055546889383,
              43.073635878024945
            ],
            [
              -89.41055624195442,
              43.07363430034485
            ],
            [
              -89.41055716513945,
              43.07363280554501
            ],
            [
              -89.41055822965386,
              43.073631407866145
            ],
            [
              -89.4105594253562,
              43.07363012062372
            ],
            [
              -89.4105607408552,
              43.07362895608109
            ],
            [
              -89.4105621636183,
              43.07362792533267
            ],
            [
              -89.41056368009107,
              43.07362703819824
            ],
            [
              -89.4105652758263,
              43.07362630312939
            ],
            [
              -89.41056693562169,
              43.073625727129006
            ],
            [
              -89.4105686436646,
              43.07362531568455
            ],
            [
              -89.4105703836828,
              43.0736250727158
            ],
            [
              -89.4105721390994,
              43.07362500053747
            ],
            [
              -89.4112191390994,
              43.07363000053747
            ],
            [
              -89.4112209109888,
              43.073630101728526
            ],
            [
              -89.41122266430015,
              43.07363037692125
            ],
            [
              -89.41122438198826,
              43.07363082344032
            ],
            [
              -89.41122604735428,
              43.073631436944794
            ],
            [
              -89.411227644208,
              43.07363221147036
            ],
            [
              -89.41122915702532,
              43.07363313948733
            ],
            [
              -89.41123057109904,
              43.07363421197378
            ],
            [
              -89.41123187268198,
              43.07363541850332
            ],
            [
              -89.41123304912054,
              43.07363674734644
            ],
            [
              -89.41123408897772,
              43.07363818558451
            ],
            [
              -89.41123498214435,
              43.07363971923541
            ],
            [
              -89.41123571993731,
              43.07364133338944
            ],
            [
              -89.41123629518403,
              43.07364301235428
            ],
            [
              -89.41123670229209,
              43.07364473980753
            ],
            [
              -89.41123693730373,
              43.0736464989554
            ],
            [
              -89.41123699793424,
              43.073648272695976
            ]
          ]
        ]
      },
      "properties": {
        "building": "university",
        "name": "DeLuca Biochemistry Building",
        "@id": "way/412585896",
        "addr:street": "Henry Mall",
        "addr:housenumber": "420",
        "person_counts": [
          0,
          0,
          0,
          0,
          0,
          0,
          0,
          0,
          0,
          0,
          0,
          0,
          0,
          0,
          0,
          0,
          0,
          0,
          0,
          0,
          0,
          0,
          0,
          0,
          0,
          0,
          0,
          0,
          0,
          0,
          0,
          0,
          0,
          0,
          0,
          0,
          0,
          0,
          0,
          0,
          0,
          0,
          0,
          0,
          0,
          0,
          0,
          0,
          0,
          0,
          0,
          0,
          0,
          0,
          0,
          0,
          0,
          0,
          0,
          0,
          0,
          0,
          0,
          0,
          0,
          0,
          0,
          0,
          0,
          0,
          0,
          0,
          0,
          0,
          0,
          0,
          0,
          0,
          0,
          0,
          0,
          19,
          19,
          19,
          19,
          19,
          19,
          19,
          19,
          19,
          19,
          19,
          19,
          19,
          19,
          19,
          19,
          0,
          0,
          0,
          0,
          0,
          0,
          0,
          0,
          0,
          0,
          0,
          0,
          0,
          0,
          0,
          0,
          0,
          0,
          0,
          0,
          0,
          0,
          0,
          0,
          0,
          0,
          0,
          0,
          0,
          0,
          0,
          0,
          0,
          0,
          0,
          0,
          0,
          0,
          0,
          0,
          0,
          0,
          0,
          0,
          0,
          0,
          0,
          0,
          0,
          0,
          0,
          0,
          0,
          0,
          0,
          0,
          0,
          0,
          0,
          0,
          0,
          0
        ],
        "instructor_counts": [
          0,
          0,
          0,
          0,
          0,
          0,
          0,
          0,
          0,
          0,
          0,
          0,
          0,
          0,
          0,
          0,
          0,
          0,
          0,
          0,
          0,
          0,
          0,
          0,
          0,
          0,
          0,
          0,
          0,
          0,
          0,
          0,
          0,
          0,
          0,
          0,
          0,
          0,
          0,
          0,
          0,
          0,
          0,
          0,
          0,
          0,
          0,
          0,
          0,
          0,
          0,
          0,
          0,
          0,
          0,
          0,
          0,
          0,
          0,
          0,
          0,
          0,
          0,
          0,
          0,
          0,
          0,
          0,
          0,
          0,
          0,
          0,
          0,
          0,
          0,
          0,
          0,
          0,
          0,
          0,
          0,
          1,
          1,
          1,
          1,
          1,
          1,
          1,
          1,
          1,
          1,
          1,
          1,
          1,
          1,
          1,
          1,
          0,
          0,
          0,
          0,
          0,
          0,
          0,
          0,
          0,
          0,
          0,
          0,
          0,
          0,
          0,
          0,
          0,
          0,
          0,
          0,
          0,
          0,
          0,
          0,
          0,
          0,
          0,
          0,
          0,
          0,
          0,
          0,
          0,
          0,
          0,
          0,
          0,
          0,
          0,
          0,
          0,
          0,
          0,
          0,
          0,
          0,
          0,
          0,
          0,
          0,
          0,
          0,
          0,
          0,
          0,
          0,
          0,
          0,
          0,
          0,
          0,
          0
        ]
      }
    }
  ],
  "metadata": {
    "total_buildings": 21,
    "total_meetings": 126,
    "max_persons": 669,
    "total_chunks": 159,
    "chunk_duration_minutes": 5,
    "start_time": 1758545100000,
    "end_time": 1758592800000,
    "total_persons": [
      31,
      31,
      31,
      31,
      31,
      31,
      31,
      31,
      31,
      31,
      31,
      0,
      0,
      84,
      84,
      84,
      84,
      84,
      84,
      84,
      84,
      84,
      84,
      84,
      0,
      0,
      201,
      201,
      201,
      201,
      201,
      201,
      201,
      201,
      201,
      201,
      201,
      0,
      0,
      845,
      845,
      845,
      845,
      845,
      845,
      845,
      845,
      845,
      845,
      845,
      48,
      48,
      744,
      744,
      744,
      714,
      714,
      714,
      714,
      714,
      714,
      714,
      714,
      77,
      77,
      77,
      77,
      1059,
      1059,
      1059,
      1046,
      1046,
      1062,
      1062,
      1062,
      1062,
      1062,
      1062,
      84,
      20,
      149,
      1075,
      1075,
      1075,
      1075,
      1075,
      1075,
      1075,
      1075,
      1075,
      1075,
      982,
      982,
      1082,
      1082,
      1082,
      1082,
      156,
      156,
      283,
      283,
      283,
      283,
      267,
      134,
      134,
      216,
      216,
      216,
      216,
      215,
      215,
      215,
      215,
      215,
      89,
      89,
      46,
      46,
      49,
      49,
      49,
      49,
      49,
      49,
      49,
      49,
      49,
      49,
      49,
      3,
      3,
      3,
      3,
      3,
      3,
      41,
      41,
      41,
      41,
      41,
      41,
      41,
      38,
      38,
      38,
      38,
      38,
      38,
      38,
      38,
      38,
      38,
      38,
      38,
      38,
      38,
      38,
      38
    ],
    "total_instructors": [
      2,
      2,
      2,
      2,
      2,
      2,
      2,
      2,
      2,
      2,
      2,
      0,
      0,
      6,
      6,
      6,
      6,
      6,
      6,
      6,
      6,
      6,
      6,
      6,
      0,
      0,
      13,
      13,
      13,
      13,
      13,
      13,
      13,
      13,
      13,
      13,
      13,
      0,
      0,
      18,
      18,
      18,
      18,
      18,
      18,
      18,
      18,
      18,
      18,
      18,
      5,
      5,
      21,
      21,
      21,
      19,
      19,
      19,
      19,
      19,
      19,
      19,
      19,
      7,
      7,
      7,
      7,
      38,
      38,
      38,
      37,
      37,
      38,
      38,
      38,
      38,
      38,
      38,
      9,
      3,
      10,
      26,
      26,
      26,
      26,
      26,
      26,
      26,
      26,
      26,
      26,
      19,
      19,
      28,
      28,
      28,
      28,
      12,
      12,
      27,
      27,
      27,
      27,
      26,
      17,
      17,
      21,
      21,
      21,
      21,
      18,
      20,
      20,
      20,
      20,
      8,
      8,
      4,
      4,
      5,
      5,
      5,
      3,
      3,
      3,
      3,
      3,
      3,
      3,
      3,
      1,
      1,
      1,
      1,
      1,
      1,
      3,
      3,
      3,
      3,
      3,
      3,
      3,
      2,
      2,
      2,
      2,
      2,
      2,
      2,
      2,
      2,
      2,
      2,
      2,
      2,
      2,
      2,
      2
    ]
  }
}