{
  "type": "FeatureCollection",
  "features": [
    {
      "type": "Feature",
      "geometry": {
        "type": "Polygon",
        "coordinates": [
          [
            [
              -89.40829599999999,
              43.07404803733774
            ],
            [
              -89.4082960594695,
              43.07404807327654
            ],
            [
              -89.40829748325869,
              43.074049138731304
            ],
            [
              -89.40829879496667,
              43.07405033947759
            ],
            [
              -89.40829998179068,
              43.07405166379563
            ],
            [
              -89.40830103214681,
              43.07405309875955
            ],
            [
              -89.40830193578319,
              43.07405463036354
            ],
            [
              -89.40830268387994,
              43.074056243658525
            ],
            [
              -89.40830326913537,
              43.074057922898106
            ],
            [
              -89.40830368583714,
              43.07405965169223
            ],
            [
              -89.40830392991806,
              43.07406141316717
            ],
            [
              -89.40830399899582,
              43.07406319013024
            ],
            [
              -89.40830119015203,
              43.07432909400789
            ],
            [
              -89.40847609326299,
              43.074330000241616
            ],
            [
              -89.40847786032482,
              43.07433009639166
            ],
            [
              -89.40847960940495,
              43.074330365596246
            ],
            [
              -89.40848132359692,
              43.07433080525325
            ],
            [
              -89.4084829863315,
              43.074331411113
            ],
            [
              -89.40848458153691,
              43.07433217731931
            ],
            [
              -89.40848609379401,
              43.07433309646611
            ],
            [
              -89.40848750848548,
              43.074334159669014
            ],
            [
              -89.40848881193706,
              43.074335356651204
            ],
            [
              -89.4084899915497,
              43.07433667584277
            ],
            [
              -89.40849103592139,
              43.07433810449254
            ],
            [
              -89.40849193495733,
              43.074339628791314
            ],
            [
              -89.40849267996752,
              43.074341234005374
            ],
            [
              -89.40849326375078,
              43.07434290461888
            ],
            [
              -89.40849368066431,
              43.07434462448384
            ],
            [
              -89.40849392667826,
              43.07434637697621
            ],
            [
              -89.40849399941469,
              43.07434814515657
            ],
            [
              -89.40849299941469,
              43.07447214515657
            ],
            [
              -89.40849289881628,
              43.074473905879266
            ],
            [
              -89.40849262639671,
              43.07447564830632
            ],
            [
              -89.4084921847711,
              43.07447735571116
            ],
            [
              -89.40849157817888,
              43.07447901170341
            ],
            [
              -89.40849081244309,
              43.074480600386245
            ],
            [
              -89.40848989491444,
              43.07448210650897
            ],
            [
              -89.40848883440086,
              43.07448351561343
            ],
            [
              -89.40848764108281,
              43.07448481417283
            ],
            [
              -89.40848632641566,
              43.07448598972152
            ],
            [
              -89.40848490301966,
              43.074487030974744
            ],
            [
              -89.4084833845588,
              43.07448792793689
            ],
            [
              -89.4084817856097,
              43.074488671997514
            ],
            [
              -89.40848012152156,
              43.07448925601393
            ],
            [
              -89.40847840826898,
              43.074489674379834
            ],
            [
              -89.40847666229844,
              43.074489923079085
            ],
            [
              -89.40847490037052,
              43.07448999972428
            ],
            [
              -89.40793290037053,
              43.07448699972428
            ],
            [
              -89.40793113381075,
              43.07448690299801
            ],
            [
              -89.40792938527981,
              43.074486633315004
            ],
            [
              -89.40792767166984,
              43.0744861932806
            ],
            [
              -89.40792600953564,
              43.07448558714587
            ],
            [
              -89.40792441493473,
              43.07448482076655
            ],
            [
              -89.40792290327212,
              43.074483901546444
            ],
            [
              -89.4079214891517,
              43.074482838365924
            ],
            [
              -89.40792018623493,
              43.07448164149614
            ],
            [
              -89.40791900710899,
              43.07448032249978
            ],
            [
              -89.40791796316515,
              43.07447889411935
            ],
            [
              -89.40791706448871,
              43.07447737015411
            ],
            [
              -89.40791631976157,
              43.074475765326746
            ],
            [
              -89.40791573617838,
              43.07447409514111
            ],
            [
              -89.40791531937698,
              43.0744723757325
            ],
            [
              -89.40791507338403,
              43.074470623711704
            ],
            [
              -89.40791500057597,
              43.07446885600461
            ],
            [
              -89.40791600057597,
              43.07434385600461
            ],
            [
              -89.40791610102005,
              43.07434209565838
            ],
            [
              -89.40791637321192,
              43.074340353585065
            ],
            [
              -89.40791681453976,
              43.074338646500536
            ],
            [
              -89.40791742076888,
              43.07433699078495
            ],
            [
              -89.40791818608227,
              43.074335402325545
            ],
            [
              -89.40791910313644,
              43.07433389636422
            ],
            [
              -89.40792016313189,
              43.07433248735127
            ],
            [
              -89.40792135589754,
              43.074331188806724
            ],
            [
              -89.40792266998837,
              43.07433001319063
            ],
            [
              -89.4079240927951,
              43.0743289717835
            ],
            [
              -89.40792561066539,
              43.074328074578034
            ],
            [
              -89.40792720903465,
              43.07432733018328
            ],
            [
              -89.4079288725659,
              43.074326745741985
            ],
            [
              -89.40793058529691,
              43.07432632686211
            ],
            [
              -89.40793233079334,
              43.07432607756297
            ],
            [
              -89.40793409230648,
              43.07432600023669
            ],
            [
              -89.4081111914449,
              43.0743269084374
            ],
            [
              -89.40811400101848,
              43.074062808521475
            ],
            [
              -89.40811410516096,
              43.074061057132084
            ],
            [
              -89.40811437931603,
              43.0740593242012
            ],
            [
              -89.40811482087906,
              43.07405762619279
            ],
            [
              -89.4081154256549,
              43.07405597923904
            ],
            [
              -89.40811618789778,
              43.07405439898708
            ],
            [
              -89.40811710036589,
              43.07405290045033
            ],
            [
              -89.40811815439021,
              43.07405149786587
            ],
            [
              -89.40811933995681,
              43.07405020455914
            ],
            [
              -89.40812064580206,
              43.07404903281742
            ],
            [
              -89.40812130999385,
              43.07404854465428
            ],
            [
              -89.40812200425181,
              43.07401660878808
            ],
            [
              -89.40812212730911,
              43.07401486296457
            ],
            [
              -89.40812241933192,
              43.07401313734423
            ],
            [
              -89.40812287755946,
              43.07401144824082
            ],
            [
              -89.40812349765976,
              43.074009811622815
            ],
            [
              -89.40812427377047,
              43.07400824296256
            ],
            [
              -89.40812519855437,
              43.0740067570899
            ],
            [
              -89.40812626326871,
              43.07400536805203
            ],
            [
              -89.40812745784787,
              43.07400408898068
            ],
            [
              -89.40812877099846,
              43.074002931967996
            ],
            [
              -89.4081301903062,
              43.07400190795217
            ],
            [
              -89.40813170235317,
              43.0740010266141
            ],
            [
              -89.40813329284472,
              43.074000296285796
            ],
            [
              -89.40813494674464,
              43.073999723871665
            ],
            [
              -89.4081366484172,
              43.073999314783215
            ],
            [
              -89.40813838177506,
              43.0739990728879
            ],
            [
              -89.40814013043136,
              43.07399900047257
            ],
            [
              -89.40827813043136,
              43.07400000047257
            ],
            [
              -89.40827988595854,
              43.07400009907376
            ],
            [
              -89.40828162348996,
              43.074000368485024
            ],
            [
              -89.40828332644614,
              43.07400080613564
            ],
            [
              -89.40828497857754,
              43.074001407849586
            ],
            [
              -89.40828656411959,
              43.07400216788531
            ],
            [
              -89.40828806794306,
              43.07400307899057
            ],
            [
              -89.40828947569854,
              43.07400413247164
            ],
            [
              -89.40829077395327,
              43.074005318276235
            ],
            [
              -89.40829195031934,
              43.07400662508943
            ],
            [
              -89.40829299357188,
              43.074008040441676
            ],
            [
              -89.40829389375624,
              43.07400955082771
            ],
            [
              -89.40829464228288,
              43.074011141835484
            ],
            [
              -89.40829523200937,
              43.07401279828365
            ],
            [
              -89.40829565730857,
              43.07401450436643
            ],
            [
              -89.40829591412228,
              43.07401624380444
            ],
            [
              -89.40829599999999,
              43.074018
            ],
            [
              -89.40829599999999,
              43.07404803733774
            ]
          ]
        ]
      },
      "properties": {
        "building": "university",
        "name": "School of Social Work Building",
        "@id": "way/39015624",
        "addr:street": "University Avenue",
        "addr:housenumber": "1350",
        "person_counts": [
          0,
          0,
          0,
          0,
          0,
          0,
          0,
          0,
          0,
          0,
          0,
          0,
          0,
          0,
          0,
          0,
          0,
          0,
          0,
          0,
          0,
          0,
          0,
          0,
          0,
          0,
          0,
          0,
          0,
          0,
          0,
          0,
          0,
          0,
          0,
          0,
          80,
          80,
          80,
          80,
          80,
          80,
          80,
          80,
          80,
          80,
          80,
          80,
          80,
          80,
          80,
          80,
          80,
          80,
          80,
          80,
          80,
          80,
          80,
          80,
          80,
          32,
          32,
          32,
          32,
          32,
          32,
          0,
          0,
          0,
          0,
          0,
          26,
          26,
          26,
          26,
          26,
          26,
          26,
          26,
          26,
          26,
          26,
          26,
          26,
          26,
          26,
          26,
          26,
          26,
          26,
          26,
          26,
          26,
          26,
          26,
          26,
          13,
          13,
          13,
          13,
          13,
          13,
          13,
          13,
          13,
          13,
          13,
          13,
          0,
          0,
          0,
          0,
          0,
          0,
          0,
          0,
          0,
          0,
          0,
          0,
          0,
          0,
          0,
          0,
          0,
          0,
          0,
          0,
          0,
          0,
          0
        ],
        "instructor_counts": [
          0,
          0,
          0,
          0,
          0,
          0,
          0,
          0,
          0,
          0,
          0,
          0,
          0,
          0,
          0,
          0,
          0,
          0,
          0,
          0,
          0,
          0,
          0,
          0,
          0,
          0,
          0,
          0,
          0,
          0,
          0,
          0,
          0,
          0,
          0,
          0,
          6,
          6,
          6,
          6,
          6,
          6,
          6,
          6,
          6,
          6,
          6,
          6,
          6,
          6,
          6,
          6,
          6,
          6,
          6,
          6,
          6,
          6,
          6,
          6,
          6,
          3,
          3,
          3,
          3,
          3,
          3,
          0,
          0,
          0,
          0,
          0,
          2,
          2,
          2,
          2,
          2,
          2,
          2,
          2,
          2,
          2,
          2,
          2,
          2,
          2,
          2,
          2,
          2,
          2,
          2,
          2,
          2,
          2,
          2,
          2,
          2,
          1,
          1,
          1,
          1,
          1,
          1,
          1,
          1,
          1,
          1,
          1,
          1,
          0,
          0,
          0,
          0,
          0,
          0,
          0,
          0,
          0,
          0,
          0,
          0,
          0,
          0,
          0,
          0,
          0,
          0,
          0,
          0,
          0,
          0,
          0
        ]
      }
    },
    {
      "type": "Feature",
      "geometry": {
        "type": "Polygon",
        "coordinates": [
          [
            [
              -89.40131166705707,
              43.07573679716069
            ],
            [
              -89.40111920172359,
              43.07573423095624
            ],
            [
              -89.40111781284531,
              43.07576524923801
            ],
            [
              -89.40117423997867,
              43.07576600159979
            ],
            [
              -89.40117614808666,
              43.07576612863397
            ],
            [
              -89.40117803194903,
              43.075766457383686
            ],
            [
              -89.40117987030247,
              43.07576698413831
            ],
            [
              -89.40118164239733,
              43.07576770295232
            ],
            [
              -89.40118332823185,
              43.075768605712405
            ],
            [
              -89.40118490877788,
              43.07576968222904
            ],
            [
              -89.40120590877788,
              43.07578568222904
            ],
            [
              -89.40120731247018,
              43.07578686976474
            ],
            [
              -89.40120858769504,
              43.07578819430038
            ],
            [
              -89.40120972114684,
              43.075789642015856
            ],
            [
              -89.40121070099926,
              43.07579119780581
            ],
            [
              -89.40121151702854,
              43.075792845437235
            ],
            [
              -89.40121216072032,
              43.07579456771886
            ],
            [
              -89.40121262535834,
              43.07579634668053
            ],
            [
              -89.40121290609464,
              43.075798163760666
            ],
            [
              -89.401213,
              43.0758
            ],
            [
              -89.401213,
              43.075825
            ],
            [
              -89.40121299451555,
              43.075825444309025
            ],
            [
              -89.40121099451555,
              43.07590644430903
            ],
            [
              -89.40121098670114,
              43.075906691796206
            ],
            [
              -89.40120998670113,
              43.075932691796204
            ],
            [
              -89.40120983013647,
              43.07593446702929
            ],
            [
              -89.40120949879434,
              43.07593621807967
            ],
            [
              -89.40120899592273,
              43.07593792778291
            ],
            [
              -89.40120832645094,
              43.07593957937988
            ],
            [
              -89.4012074969414,
              43.075941156681026
            ],
            [
              -89.40120651552522,
              43.07594264422508
            ],
            [
              -89.40120539182263,
              43.075944027430594
            ],
            [
              -89.40120413684855,
              43.07594529273889
            ],
            [
              -89.40118113684855,
              43.07596629273889
            ],
            [
              -89.40117982774193,
              43.075967379151734
            ],
            [
              -89.40117842191907,
              43.07596833712623
            ],
            [
              -89.40117693193716,
              43.07596915810548
            ],
            [
              -89.40117537110511,
              43.0759698347563
            ],
            [
              -89.40117375336467,
              43.075970361034656
            ],
            [
              -89.40117209316594,
              43.07597073223969
            ],
            [
              -89.40117040533822,
              43.07597094505571
            ],
            [
              -89.40116870495767,
              43.075970997581784
            ],
            [
              -89.40112571190588,
              43.07597029277766
            ],
            [
              -89.4011252813106,
              43.07599742027992
            ],
            [
              -89.40130851357588,
              43.07600168149539
            ],
            [
              -89.40130869256895,
              43.076001055019695
            ],
            [
              -89.40130929288027,
              43.075999301332196
            ],
            [
              -89.40131007035892,
              43.075997618679395
            ],
            [
              -89.40131101676027,
              43.07599602490463
            ],
            [
              -89.40131212204842,
              43.07599453690879
            ],
            [
              -89.40131337450254,
              43.075993170471016
            ],
            [
              -89.40131476084123,
              43.07599194008142
            ],
            [
              -89.40131626636335,
              43.07599085878744
            ],
            [
              -89.40133026636336,
              43.07598185878744
            ],
            [
              -89.40133168195364,
              43.07598103722754
            ],
            [
              -89.40133316631814,
              43.07598034764905
            ],
            [
              -89.40133470718403,
              43.075979795753454
            ],
            [
              -89.40133629181135,
              43.075979386103874
            ],
            [
              -89.40135529181134,
              43.07597538610387
            ],
            [
              -89.40135710595263,
              43.0759750999278
            ],
            [
              -89.40135893981191,
              43.07597500010063
            ],
            [
              -89.4013607742978,
              43.07597508766159
            ],
            [
              -89.40136259031233,
              43.07597536169913
            ],
            [
              -89.40136436894987,
              43.075975819360394
            ],
            [
              -89.40138036894987,
              43.075980819360396
            ],
            [
              -89.40138218103296,
              43.075981494462575
            ],
            [
              -89.401383910237,
              43.07598236006149
            ],
            [
              -89.40138553660458,
              43.07598340616692
            ],
            [
              -89.40138704136517,
              43.07598462070536
            ],
            [
              -89.40139704136517,
              43.07599362070536
            ],
            [
              -89.4013983262988,
              43.07599490000991
            ],
            [
              -89.40139947600858,
              43.075996302094794
            ],
            [
              -89.40140047882821,
              43.07599781273286
            ],
            [
              -89.40140132458194,
              43.075999416595444
            ],
            [
              -89.4014020046878,
              43.07600109740793
            ],
            [
              -89.40140251224464,
              43.07600283811487
            ],
            [
              -89.40140284210221,
              43.076004621053045
            ],
            [
              -89.40140484210221,
              43.07601962105305
            ],
            [
              -89.40140498375827,
              43.07602123551416
            ],
            [
              -89.40140497962648,
              43.07602285617269
            ],
            [
              -89.40140398072597,
              43.07604383308347
            ],
            [
              -89.40139898176623,
              43.076154809989475
            ],
            [
              -89.40139882097353,
              43.07615653237092
            ],
            [
              -89.40139849558696,
              43.076158231363486
            ],
            [
              -89.40139800861179,
              43.07615989127533
            ],
            [
              -89.4013973645457,
              43.076161496775576
            ],
            [
              -89.40139656933727,
              43.076163033035876
            ],
            [
              -89.40139563033101,
              43.07616448586738
            ],
            [
              -89.40139455619953,
              43.076165841851804
            ],
            [
              -89.40139335686351,
              43.07616708846531
            ],
            [
              -89.40139204339994,
              43.07616821419423
            ],
            [
              -89.40139062793993,
              43.07616920864138
            ],
            [
              -89.40138912355663,
              43.07617006262207
            ],
            [
              -89.40138754414446,
              43.07617076824897
            ],
            [
              -89.40138590429079,
              43.076171319004935
            ],
            [
              -89.40138421914129,
              43.076171709803205
            ],
            [
              -89.4013825042599,
              43.076171937034374
            ],
            [
              -89.40138077548524,
              43.076171998599754
            ],
            [
              -89.40089977548523,
              43.076165998599755
            ],
            [
              -89.40089800672774,
              43.07616588929473
            ],
            [
              -89.40089625729054,
              43.07616560659326
            ],
            [
              -89.40089454413048,
              43.07616515323549
            ],
            [
              -89.40089288385279,
              43.07616453361573
            ],
            [
              -89.40089129255014,
              43.076163753739785
            ],
            [
              -89.40088978564661,
              43.07616282116679
            ],
            [
              -89.40088837774825,
              43.07616174493595
            ],
            [
              -89.40088708250144,
              43.0761605354789
            ],
            [
              -89.40088591246071,
              43.07615920451859
            ],
            [
              -89.40088487896695,
              43.0761577649557
            ],
            [
              -89.40088399203758,
              43.07615623074355
            ],
            [
              -89.40088326026937,
              43.07615461675287
            ],
            [
              -89.40088269075515,
              43.076152938627665
            ],
            [
              -89.40088228901512,
              43.07615121263358
            ],
            [
              -89.4008820589432,
              43.07614945550024
            ],
            [
              -89.40088200276944,
              43.07614768425911
            ],
            [
              -89.40088300276945,
              43.07609068425911
            ],
            [
              -89.4008831038459,
              43.07608906928292
            ],
            [
              -89.40088334954784,
              43.076087469909574
            ],
            [
              -89.400885,
              43.07607921764875
            ],
            [
              -89.400885,
              43.076072
            ],
            [
              -89.40088500297446,
              43.07607167278136
            ],
            [
              -89.40088600297446,
              43.07601667278136
            ],
            [
              -89.40088611934529,
              43.076014930655376
            ],
            [
              -89.40088640395679,
              43.07601320800004
            ],
            [
              -89.40088685413106,
              43.07601152102398
            ],
            [
              -89.40088746563234,
              43.07600988560009
            ],
            [
              -89.40088823270698,
              43.07600831711623
            ],
            [
              -89.40088914813748,
              43.0760068303304
            ],
            [
              -89.4008902033105,
              43.07600543923191
            ],
            [
              -89.40089138829781,
              43.076004156909725
            ],
            [
              -89.40089269194975,
              43.07600299542933
            ],
            [
              -89.40089410200017,
              43.0760019657192
            ],
            [
              -89.40089560518173,
              43.076001077467964
            ],
            [
              -89.4008971873509,
              43.076000339033264
            ],
            [
              -89.40089883362091,
              43.0759997573631
            ],
            [
              -89.40090052850185,
              43.075999337930455
            ],
            [
              -89.40090225604641,
              43.07599908468181
            ],
            [
              -89.400904,
              43.075999
            ],
            [
              -89.40094744992882,
              43.075999
            ],
            [
              -89.40094855583249,
              43.07595531680507
            ],
            [
              -89.40091332123782,
              43.07595398719772
            ],
            [
              -89.40091157416913,
              43.075953835788305
            ],
            [
              -89.40090985012466,
              43.07595351509448
            ],
            [
              -89.40090816546783,
              43.075953028160036
            ],
            [
              -89.40090653618813,
              43.075952379606605
            ],
            [
              -89.40090497774956,
              43.07595157558978
            ],
            [
              -89.40090350494367,
              43.07595062374072
            ],
            [
              -89.40090213174926,
              43.07594953309368
            ],
            [
              -89.40090087119972,
              43.07594831400029
            ],
            [
              -89.40089973525926,
              43.07594697803131
            ],
            [
              -89.4008987347094,
              43.075945537866794
            ],
            [
              -89.40089787904665,
              43.07594400717574
            ],
            [
              -89.40089717639235,
              43.07594240048636
            ],
            [
              -89.40089663341557,
              43.07594073304819
            ],
            [
              -89.40089625526986,
              43.07593902068735
            ],
            [
              -89.4008960455443,
              43.07593727965632
            ],
            [
              -89.40089600622944,
              43.075935526479725
            ],
            [
              -89.40089700622944,
              43.07589752647973
            ],
            [
              -89.40089703106128,
              43.07589694300361
            ],
            [
              -89.400898,
              43.07588047104531
            ],
            [
              -89.400898,
              43.075856
            ],
            [
              -89.4008980224579,
              43.07585510112288
            ],
            [
              -89.4008990224579,
              43.075835101122884
            ],
            [
              -89.40089902487908,
              43.075835053941006
            ],
            [
              -89.40090102487908,
              43.075797053941
            ],
            [
              -89.40090119856723,
              43.07579533373081
            ],
            [
              -89.40090153649507,
              43.075793638120174
            ],
            [
              -89.4009020355448,
              43.07579198275313
            ],
            [
              -89.4009026911121,
              43.07579038290245
            ],
            [
              -89.40090349714853,
              43.075788853328675
            ],
            [
              -89.40090444621747,
              43.075787408143974
            ],
            [
              -89.4009055295626,
              43.075786060681914
            ],
            [
              -89.40090673718876,
              43.07578482337446
            ],
            [
              -89.40090805795414,
              43.07578370763727
            ],
            [
              -89.40090947967309,
              43.075782723764355
            ],
            [
              -89.40091098922854,
              43.075781880833134
            ],
            [
              -89.400912572693,
              43.07578118662067
            ],
            [
              -89.40091421545712,
              43.07578064753189
            ],
            [
              -89.40091590236443,
              43.07578026854056
            ],
            [
              -89.40091761785115,
              43.075780053143326
            ],
            [
              -89.40091934608986,
              43.07578000332748
            ],
            [
              -89.4009534528952,
              43.07578065922758
            ],
            [
              -89.40095455901357,
              43.075736414492276
            ],
            [
              -89.4009104196567,
              43.075734990642054
            ],
            [
              -89.400908660719,
              43.07573484734614
            ],
            [
              -89.40090692426725,
              43.075734532495616
            ],
            [
              -89.40090522699278,
              43.07573404911692
            ],
            [
              -89.40090358521039,
              43.075733401856446
            ],
            [
              -89.4009020147014,
              43.07573259693589
            ],
            [
              -89.4009005305621,
              43.075731642092414
            ],
            [
              -89.40089914705851,
              43.075730546504275
            ],
            [
              -89.40089787748933,
              43.07572932070265
            ],
            [
              -89.40089673405807,
              43.07572797647033
            ],
            [
              -89.40089572775578,
              43.075726526728545
            ],
            [
              -89.40089486825538,
              43.07572498541268
            ],
            [
              -89.40089416381865,
              43.07572336733837
            ],
            [
              -89.4008936212169,
              43.07572168805909
            ],
            [
              -89.40089324566577,
              43.07571996371664
            ],
            [
              -89.4008930407752,
              43.07571821088595
            ],
            [
              -89.40089300851466,
              43.07571644641583
            ],
            [
              -89.40089700851466,
              43.075586446415834
            ],
            [
              -89.40089714587941,
              43.07558471299801
            ],
            [
              -89.40089744986093,
              43.075583000922755
            ],
            [
              -89.40089791762243,
              43.07558132616737
            ],
            [
              -89.40089854479871,
              43.075579704360855
            ],
            [
              -89.40089932553687,
              43.075578150638115
            ],
            [
              -89.40090025255098,
              43.07557667949867
            ],
            [
              -89.40090131719005,
              43.07557530467137
            ],
            [
              -89.4009025095187,
              43.07557403898626
            ],
            [
              -89.40090381841003,
              43.07557289425487
            ],
            [
              -89.40090523164926,
              43.075571881159966
            ],
            [
              -89.40090673604792,
              43.07557100915587
            ],
            [
              -89.40090831756675,
              43.07557028638023
            ],
            [
              -89.40090996144683,
              43.07556971957807
            ],
            [
              -89.4009116523473,
              43.07556931403886
            ],
            [
              -89.40091337448845,
              43.075569073547136
            ],
            [
              -89.40091511179908,
              43.075569000347194
            ],
            [
              -89.40139811179908,
              43.075572000347194
            ],
            [
              -89.4013998857976,
              43.0755720990568
            ],
            [
              -89.40140164142231,
              43.075572372179835
            ],
            [
              -89.40140336156772,
              43.07557281705521
            ],
            [
              -89.401405029474,
              43.075573429348374
            ],
            [
              -89.40140662889034,
              43.07557420309361
            ],
            [
              -89.40140814423322,
              43.075575130752114
            ],
            [
              -89.40140956073823,
              43.07557620328548
            ],
            [
              -89.40141086460405,
              43.075577410243746
            ],
            [
              -89.40141204312677,
              43.0755787398672
            ],
            [
              -89.40141308482373,
              43.07558017920098
            ],
            [
              -89.40141397954541,
              43.075581714221315
            ],
            [
              -89.40141471857433,
              43.07558332997209
            ],
            [
              -89.40141529470993,
              43.07558501071065
            ],
            [
              -89.40141570233878,
              43.07558674006111
            ],
            [
              -89.40141593748925,
              43.07558850117399
            ],
            [
              -89.4014159978702,
              43.07559027689031
            ],
            [
              -89.40141399787021,
              43.07572027689031
            ],
            [
              -89.40141387587444,
              43.075722110240086
            ],
            [
              -89.40141356761347,
              43.07572392160133
            ],
            [
              -89.40141307629936,
              43.075725692099795
            ],
            [
              -89.40141007629936,
              43.0757346920998
            ],
            [
              -89.40140942641202,
              43.07573636023019
            ],
            [
              -89.40140861403437,
              43.075737955553066
            ],
            [
              -89.40140764720248,
              43.075739462287494
            ],
            [
              -89.40140346808772,
              43.07574531304814
            ],
            [
              -89.40140109968945,
              43.0757500498447
            ],
            [
              -89.40140020309651,
              43.07575163669324
            ],
            [
              -89.40139915062645,
              43.075753124736906
            ],
            [
              -89.40139795307022,
              43.07575449871881
            ],
            [
              -89.40139662270636,
              43.075755744551536
            ],
            [
              -89.40139517317506,
              43.07575684946158
            ],
            [
              -89.40139361933835,
              43.075757802120314
            ],
            [
              -89.40138261933835,
              43.07576380212031
            ],
            [
              -89.40138100003257,
              43.0757645831102
            ],
            [
              -89.40137931089724,
              43.07576519867351
            ],
            [
              -89.40137756878248,
              43.07576564266962
            ],
            [
              -89.40137579106695,
              43.07576591066942
            ],
            [
              -89.40136579106695,
              43.07576691066942
            ],
            [
              -89.401364,
              43.075767
            ],
            [
              -89.401349,
              43.075767
            ],
            [
              -89.40134718109678,
              43.07576690786395
            ],
            [
              -89.40134538081429,
              43.07576663239901
            ],
            [
              -89.40134361758264,
              43.075766176425226
            ],
            [
              -89.40134190945263,
              43.07576554461054
            ],
            [
              -89.40132790945263,
              43.07575954461054
            ],
            [
              -89.40132636853433,
              43.07575879549937
            ],
            [
              -89.40132490582127,
              43.07575790327333
            ],
            [
              -89.40132353456637,
              43.07575687601642
            ],
            [
              -89.40132226719383,
              43.07575572303609
            ],
            [
              -89.40132111518669,
              43.07575445477889
            ],
            [
              -89.40132008898267,
              43.07575308273586
            ],
            [
              -89.40131919787969,
              43.075751619338355
            ],
            [
              -89.40131319787969,
              43.075740619338355
            ],
            [
              -89.40131251105831,
              43.07573921905824
            ],
            [
              -89.40131194803163,
              43.07573776457931
            ],
            [
              -89.40131166705707,
              43.07573679716069
            ]
          ]
        ]
      },
      "properties": {
        "building": "university",
        "name": "Science Hall",
        "@id": "way/37723611",
        "addr:street": "North Park Street",
        "addr:housenumber": "550",
        "person_counts": [
          0,
          0,
          0,
          0,
          0,
          0,
          0,
          0,
          0,
          0,
          0,
          0,
          0,
          0,
          0,
          0,
          0,
          0,
          0,
          0,
          0,
          0,
          0,
          0,
          0,
          0,
          0,
          0,
          0,
          0,
          0,
          0,
          0,
          0,
          0,
          0,
          0,
          0,
          0,
          0,
          0,
          0,
          0,
          0,
          0,
          0,
          0,
          0,
          0,
          78,
          78,
          78,
          78,
          78,
          78,
          78,
          78,
          78,
          78,
          78,
          78,
          78,
          78,
          78,
          78,
          78,
          78,
          78,
          78,
          78,
          78,
          78,
          78,
          78,
          0,
          0,
          0,
          0,
          0,
          0,
          0,
          0,
          0,
          0,
          0,
          0,
          0,
          0,
          0,
          0,
          0,
          0,
          0,
          0,
          0,
          0,
          0,
          0,
          0,
          0,
          0,
          0,
          0,
          0,
          0,
          0,
          0,
          0,
          0,
          0,
          0,
          0,
          0,
          0,
          0,
          0,
          0,
          0,
          0,
          0,
          0,
          0,
          0,
          0,
          0,
          0,
          0,
          0,
          0,
          0,
          0,
          0
        ],
        "instructor_counts": [
          0,
          0,
          0,
          0,
          0,
          0,
          0,
          0,
          0,
          0,
          0,
          0,
          0,
          0,
          0,
          0,
          0,
          0,
          0,
          0,
          0,
          0,
          0,
          0,
          0,
          0,
          0,
          0,
          0,
          0,
          0,
          0,
          0,
          0,
          0,
          0,
          0,
          0,
          0,
          0,
          0,
          0,
          0,
          0,
          0,
          0,
          0,
          0,
          0,
          2,
          2,
          2,
          2,
          2,
          2,
          2,
          2,
          2,
          2,
          2,
          2,
          2,
          2,
          2,
          2,
          2,
          2,
          2,
          2,
          2,
          2,
          2,
          2,
          2,
          0,
          0,
          0,
          0,
          0,
          0,
          0,
          0,
          0,
          0,
          0,
          0,
          0,
          0,
          0,
          0,
          0,
          0,
          0,
          0,
          0,
          0,
          0,
          0,
          0,
          0,
          0,
          0,
          0,
          0,
          0,
          0,
          0,
          0,
          0,
          0,
          0,
          0,
          0,
          0,
          0,
          0,
          0,
          0,
          0,
          0,
          0,
          0,
          0,
          0,
          0,
          0,
          0,
          0,
          0,
          0,
          0,
          0
        ]
      }
    },
    {
      "type": "Feature",
      "geometry": {
        "type": "Polygon",
        "coordinates": [
          [
            [
              -89.43108227310312,
              43.07753443866586
            ],
            [
              -89.43108299805395,
              43.07758373532274
            ],
            [
              -89.43108293382033,
              43.07758554210517
            ],
            [
              -89.4310826886661,
              43.07758733333048
            ],
            [
              -89.43108226506439,
              43.077589090928356
            ],
            [
              -89.43108166728864,
              43.07759079716775
            ],
            [
              -89.43108090136934,
              43.0775924348357
            ],
            [
              -89.43107997503326,
              43.077593987411035
            ],
            [
              -89.4310788976255,
              43.077595439231
            ],
            [
              -89.43107768001519,
              43.0775967756493
            ],
            [
              -89.4310763344859,
              43.077597983183814
            ],
            [
              -89.43107487461162,
              43.07759904965267
            ],
            [
              -89.43107331511993,
              43.077599964297065
            ],
            [
              -89.43107167174334,
              43.07760071788985
            ],
            [
              -89.43106996106062,
              43.077601302828604
            ],
            [
              -89.43106820032955,
              43.077601713212324
            ],
            [
              -89.4310664073128,
              43.07760194490097
            ],
            [
              -89.43106460009874,
              43.0776019955572
            ],
            [
              -89.43103773138046,
              43.07760139847457
            ],
            [
              -89.43103699805395,
              43.077651264677264
            ],
            [
              -89.4310368929,
              43.07765296064528
            ],
            [
              -89.43103662829131,
              43.07765463914077
            ],
            [
              -89.431036206586,
              43.07765628520562
            ],
            [
              -89.43103563154213,
              43.077657884170726
            ],
            [
              -89.43103490828427,
              43.07765942178671
            ],
            [
              -89.43103404325785,
              43.07766088435095
            ],
            [
              -89.43103304417161,
              43.0776622588296
            ],
            [
              -89.43103191992907,
              43.07766353297384
            ],
            [
              -89.43103068054901,
              43.07766469542898
            ],
            [
              -89.43102933707635,
              43.077665735835666
            ],
            [
              -89.43102790148359,
              43.07766664492218
            ],
            [
              -89.4310263865642,
              43.0776674145871
            ],
            [
              -89.43094965706781,
              43.077701942860465
            ],
            [
              -89.43095598497177,
              43.07770853442709
            ],
            [
              -89.4309571207564,
              43.07770983737313
            ],
            [
              -89.43095812633044,
              43.077711243252196
            ],
            [
              -89.43095899242125,
              43.07771273910038
            ],
            [
              -89.43095971104245,
              43.077714311124126
            ],
            [
              -89.43096027556744,
              43.07771594482747
            ],
            [
              -89.43096068079066,
              43.07771762514567
            ],
            [
              -89.43096092297542,
              43.07771933658414
            ],
            [
              -89.43096099988848,
              43.07772106336133
            ],
            [
              -89.43096091082063,
              43.07772278955425
            ],
            [
              -89.43096065659317,
              43.077724499245306
            ],
            [
              -89.43096023955039,
              43.077726176669046
            ],
            [
              -89.43095966353793,
              43.077727806357586
            ],
            [
              -89.43095893386733,
              43.07772937328321
            ],
            [
              -89.43095805726705,
              43.07773086299695
            ],
            [
              -89.4309570418204,
              43.07773226176184
            ],
            [
              -89.43095589689105,
              43.07773355667954
            ],
            [
              -89.43095463303663,
              43.07773473580935
            ],
            [
              -89.43095326191144,
              43.07773578827825
            ],
            [
              -89.4309517961589,
              43.07773670438119
            ],
            [
              -89.43095024929505,
              43.07773747567058
            ],
            [
              -89.43087524929506,
              43.07777047567058
            ],
            [
              -89.43087410931084,
              43.07777093151857
            ],
            [
              -89.43077710931082,
              43.077805931518576
            ],
            [
              -89.43077669209978,
              43.07780607629937
            ],
            [
              -89.43070169209979,
              43.07783107629936
            ],
            [
              -89.43070026004949,
              43.07783148862425
            ],
            [
              -89.43062226004949,
              43.07785048862425
            ],
            [
              -89.43062178444507,
              43.0778505976696
            ],
            [
              -89.43052878444507,
              43.0778705976696
            ],
            [
              -89.4305279915176,
              43.07787074967105
            ],
            [
              -89.43043899151759,
              43.077885749671054
            ],
            [
              -89.43043762964344,
              43.07788592607772
            ],
            [
              -89.43033862964343,
              43.07789492607772
            ],
            [
              -89.43033822048567,
              43.077894958574966
            ],
            [
              -89.43023522048567,
              43.07790195857496
            ],
            [
              -89.43023414515658,
              43.0779019994147
            ],
            [
              -89.43012869983869,
              43.07790284978017
            ],
            [
              -89.43012898670113,
              43.077910308203805
            ],
            [
              -89.43012897019483,
              43.07791203542156
            ],
            [
              -89.43012878821,
              43.077913753104646
            ],
            [
              -89.43012844242244,
              43.077915445435764
            ],
            [
              -89.43012793601638,
              43.077917096831094
            ],
            [
              -89.430127273655,
              43.07791869208376
            ],
            [
              -89.43012646143771,
              43.077920216503884
            ],
            [
              -89.43012550684378,
              43.07792165605384
            ],
            [
              -89.4301244186636,
              43.077922997477536
            ],
            [
              -89.43012320691767,
              43.07792422842247
            ],
            [
              -89.43012188276434,
              43.077925337553495
            ],
            [
              -89.4301204583971,
              43.07792631465717
            ],
            [
              -89.43011894693221,
              43.077927150735846
            ],
            [
              -89.43011736228802,
              43.07792783809049
            ],
            [
              -89.43011571905669,
              43.07792837039159
            ],
            [
              -89.43011403236994,
              43.07792874273746
            ],
            [
              -89.43011231775961,
              43.07792895169935
            ],
            [
              -89.4301105910147,
              43.07792899535304
            ],
            [
              -89.4300665910147,
              43.07792799535304
            ],
            [
              -89.43006483434705,
              43.077927869245855
            ],
            [
              -89.4300630984121,
              43.077927572069086
            ],
            [
              -89.43006139982863,
              43.07792710666773
            ],
            [
              -89.4300597548579,
              43.077926477497265
            ],
            [
              -89.43005817924785,
              43.07792569058099
            ],
            [
              -89.43005668808249,
              43.077924753452386
            ],
            [
              -89.4300552956373,
              43.07792367508296
            ],
            [
              -89.43005401524276,
              43.077922465796384
            ],
            [
              -89.43005285915659,
              43.07792113716965
            ],
            [
              -89.43005183844649,
              43.077919701922255
            ],
            [
              -89.43005096288412,
              43.077918173794394
            ],
            [
              -89.43005024085161,
              43.077916567415464
            ],
            [
              -89.43004967926127,
              43.07791489816398
            ],
            [
              -89.43004928348944,
              43.07791318202038
            ],
            [
              -89.43004905732498,
              43.077911435414
            ],
            [
              -89.43004837532385,
              43.07790291039985
            ],
            [
              -89.42987990270412,
              43.07790199973704
            ],
            [
              -89.42987974827636,
              43.07790199823978
            ],
            [
              -89.42959374827636,
              43.077897998239784
            ],
            [
              -89.42959193406843,
              43.077897881049374
            ],
            [
              -89.42959014093479,
              43.07789758145659
            ],
            [
              -89.42958838716702,
              43.07789710251753
            ],
            [
              -89.42958669065506,
              43.07789644911781
            ],
            [
              -89.42958506870482,
              43.07789562792266
            ],
            [
              -89.42958353786163,
              43.077894647308995
            ],
            [
              -89.42958211374142,
              43.077893517279946
            ],
            [
              -89.42958081087147,
              43.07789224936278
            ],
            [
              -89.42957964254218,
              43.077890856491386
            ],
            [
              -89.42957862067156,
              43.07788935287426
            ],
            [
              -89.42957775568357,
              43.077887753849616
            ],
            [
              -89.42957705640184,
              43.07788607572891
            ],
            [
              -89.42957652995968,
              43.07788433563044
            ],
            [
              -89.42954268255055,
              43.07774795048191
            ],
            [
              -89.42953087798925,
              43.07771155308456
            ],
            [
              -89.42953042317606,
              43.07770988011084
            ],
            [
              -89.42953013142024,
              43.07770817114196
            ],
            [
              -89.42953000542838,
              43.07770644203173
            ],
            [
              -89.42953004636927,
              43.07770470882085
            ],
            [
              -89.42953025386312,
              43.07770298758803
            ],
            [
              -89.42953062598504,
              43.07770129430088
            ],
            [
              -89.42953115928292,
              43.077699644667746
            ],
            [
              -89.42953184880942,
              43.07769805399201
            ],
            [
              -89.42953268816794,
              43.077696537030114
            ],
            [
              -89.42953366957187,
              43.07769510785467
            ],
            [
              -89.42953478391689,
              43.07769377972392
            ],
            [
              -89.4295360208654,
              43.07769256495872
            ],
            [
              -89.42953736894242,
              43.077691474828235
            ],
            [
              -89.42953881564205,
              43.07769051944545
            ],
            [
              -89.42954034754351,
              43.07768970767329
            ],
            [
              -89.42960634754351,
              43.07765870767329
            ],
            [
              -89.42960699850333,
              43.07765841750789
            ],
            [
              -89.42965199850333,
              43.07763941750789
            ],
            [
              -89.42965386142144,
              43.07763874905769
            ],
            [
              -89.42970086142144,
              43.07762474905769
            ],
            [
              -89.42970181905572,
              43.07762449229584
            ],
            [
              -89.42976881905572,
              43.077608492295845
            ],
            [
              -89.42977059858377,
              43.07760816090809
            ],
            [
              -89.42982259858377,
              43.07760116090809
            ],
            [
              -89.42982382857552,
              43.07760103815809
            ],
            [
              -89.42986982857553,
              43.077598038158094
            ],
            [
              -89.42987032123783,
              43.07759801280228
            ],
            [
              -89.42990555006875,
              43.07759668341243
            ],
            [
              -89.42990545562228,
              43.077593
            ],
            [
              -89.429886,
              43.077593
            ],
            [
              -89.4298842510279,
              43.07759291482896
            ],
            [
              -89.42988251860713,
              43.07759266012185
            ],
            [
              -89.42988081913232,
              43.07759223828908
            ],
            [
              -89.42987916868641,
              43.077591653322635
            ],
            [
              -89.42987758288828,
              43.077590910758325
            ],
            [
              -89.42987607674505,
              43.07759001762336
            ],
            [
              -89.42987466451004,
              43.07758898236988
            ],
            [
              -89.42987335954787,
              43.07758781479497
            ],
            [
              -89.42987217420796,
              43.077586525947886
            ],
            [
              -89.42987111970774,
              43.07758512802559
            ],
            [
              -89.4298702060264,
              43.07758363425724
            ],
            [
              -89.42986944181052,
              43.07758205877903
            ],
            [
              -89.42986883429224,
              43.07758041650043
            ],
            [
              -89.42986838922074,
              43.077578722963054
            ],
            [
              -89.42986811080796,
              43.07757699419361
            ],
            [
              -89.42986800168863,
              43.077575246552215
            ],
            [
              -89.42986723948816,
              43.077519605918006
            ],
            [
              -89.4294835961117,
              43.07751099546815
            ],
            [
              -89.4294818743507,
              43.07751087404864
            ],
            [
              -89.4294801721352,
              43.07751058827595
            ],
            [
              -89.42947850511719,
              43.077510140777775
            ],
            [
              -89.42947688862505,
              43.0775095356689
            ],
            [
              -89.4294753375225,
              43.07750877851335
            ],
            [
              -89.42947386607207,
              43.07750787627321
            ],
            [
              -89.42947248780385,
              43.07750683724465
            ],
            [
              -89.4294712153911,
              43.07750567098162
            ],
            [
              -89.42947006053377,
              43.07750438820799
            ],
            [
              -89.42946903385085,
              43.077503000718956
            ],
            [
              -89.42946814478277,
              43.07750152127258
            ],
            [
              -89.42946740150457,
              43.077499963472484
            ],
            [
              -89.42946681085073,
              43.07749834164275
            ],
            [
              -89.42946637825239,
              43.07749667069622
            ],
            [
              -89.42946610768729,
              43.077494965997374
            ],
            [
              -89.4294660016433,
              43.077493243221035
            ],
            [
              -89.42946524159979,
              43.077436999999996
            ],
            [
              -89.429429,
              43.077436999999996
            ],
            [
              -89.42942722152085,
              43.07743691192373
            ],
            [
              -89.42942546044634,
              43.077436648556876
            ],
            [
              -89.4294237340108,
              43.077436212476805
            ],
            [
              -89.42942205910956,
              43.0774356079511
            ],
            [
              -89.4294204521336,
              43.07743484089581
            ],
            [
              -89.42941892880923,
              43.077433918817526
            ],
            [
              -89.42941750404405,
              43.077432850739946
            ],
            [
              -89.4294161917812,
              43.07743164711553
            ],
            [
              -89.4294150048628,
              43.07743031972327
            ],
            [
              -89.42941395490433,
              43.077428881553345
            ],
            [
              -89.42941305218096,
              43.077427346680054
            ],
            [
              -89.42941230552695,
              43.07742573012405
            ],
            [
              -89.42941172224926,
              43.07742404770536
            ],
            [
              -89.42941130805599,
              43.077422315888555
            ],
            [
              -89.42941106700052,
              43.07742055162163
            ],
            [
              -89.4294110014419,
              43.07741877217015
            ],
            [
              -89.42941400144191,
              43.07718177217015
            ],
            [
              -89.42941410887173,
              43.077180023253014
            ],
            [
              -89.42941438583942,
              43.07717829306771
            ],
            [
              -89.42941482972046,
              43.077176598009615
            ],
            [
              -89.42941543630855,
              43.077174954141256
            ],
            [
              -89.42941619985564,
              43.07717337704007
            ],
            [
              -89.42941711312628,
              43.077171881650806
            ],
            [
              -89.42941816746622,
              43.0771704821439
            ],
            [
              -89.42941935288447,
              43.07716919178121
            ],
            [
              -89.42942065814789,
              43.07716802279031
            ],
            [
              -89.4294220708877,
              43.07716698624868
            ],
            [
              -89.42942357771663,
              43.07716609197867
            ],
            [
              -89.42942516435586,
              43.07716534845445
            ],
            [
              -89.42942681577026,
              43.077164762721736
            ],
            [
              -89.42942851631086,
              43.07716434033098
            ],
            [
              -89.4294302498632,
              43.077164085284785
            ],
            [
              -89.429432,
              43.077164
            ],
            [
              -89.429495,
              43.077164
            ],
            [
              -89.42949676430852,
              43.07716408667492
            ],
            [
              -89.4294985116258,
              43.07716434586495
            ],
            [
              -89.42950022512419,
              43.07716477507396
            ],
            [
              -89.42950188830179,
              43.077165370168416
            ],
            [
              -89.42950348514127,
              43.07716612541724
            ],
            [
              -89.4295050002642,
              43.07716703354698
            ],
            [
              -89.42950641907912,
              43.07716808581184
            ],
            [
              -89.42950772792206,
              43.07716927207794
            ],
            [
              -89.42950891418816,
              43.077170580920885
            ],
            [
              -89.42950996645303,
              43.0771719997358
            ],
            [
              -89.42951087458276,
              43.077173514858735
            ],
            [
              -89.4295116298316,
              43.07717511169822
            ],
            [
              -89.42951222492604,
              43.07717677487581
            ],
            [
              -89.42951265413505,
              43.0771784883742
            ],
            [
              -89.42951291332508,
              43.07718023569147
            ],
            [
              -89.429513,
              43.077182
            ],
            [
              -89.429513,
              43.07719122399128
            ],
            [
              -89.4300385508132,
              43.07719780512847
            ],
            [
              -89.43003903354698,
              43.077196999735804
            ],
            [
              -89.43004008581184,
              43.077195580920886
            ],
            [
              -89.43004127207794,
              43.07719427207794
            ],
            [
              -89.43004258092088,
              43.07719308581184
            ],
            [
              -89.4300439997358,
              43.07719203354698
            ],
            [
              -89.43004551485873,
              43.077191125417244
            ],
            [
              -89.43004711169822,
              43.07719037016842
            ],
            [
              -89.43004877487581,
              43.07718977507396
            ],
            [
              -89.4300504883742,
              43.07718934586495
            ],
            [
              -89.43005223569148,
              43.07718908667492
            ],
            [
              -89.430054,
              43.077189000000004
            ],
            [
              -89.430116,
              43.077189000000004
            ],
            [
              -89.43011776588266,
              43.07718908683003
            ],
            [
              -89.43011951472847,
              43.0771893464824
            ],
            [
              -89.43012122966495,
              43.07718977645204
            ],
            [
              -89.43012289414676,
              43.07719037259069
            ],
            [
              -89.43012449211537,
              43.077191129146954
            ],
            [
              -89.4301260081539,
              43.07719203882172
            ],
            [
              -89.43012742763595,
              43.07719309283866
            ],
            [
              -89.43012873686668,
              43.07719428102885
            ],
            [
              -89.4301299232149,
              43.07719559192889
            ],
            [
              -89.43013097523502,
              43.077197012891496
            ],
            [
              -89.43013188277733,
              43.07719853020754
            ],
            [
              -89.43013217492933,
              43.07719914952956
            ],
            [
              -89.43080115742838,
              43.077205000688444
            ],
            [
              -89.43080292807481,
              43.077205103561035
            ],
            [
              -89.43080468000124,
              43.07720538019322
            ],
            [
              -89.43080639619791,
              43.077205827899135
            ],
            [
              -89.43080806000197,
              43.07720644233192
            ],
            [
              -89.43080965525925,
              43.077207217525945
            ],
            [
              -89.43081116648115,
              43.077208145954714
            ],
            [
              -89.43081257899492,
              43.07720921860396
            ],
            [
              -89.43081387908626,
              43.07721042505915
            ],
            [
              -89.43081505413232,
              43.07721175360659
            ],
            [
              -89.43081609272441,
              43.0772131913472
            ],
            [
              -89.43081698477866,
              43.0772147243217
            ],
            [
              -89.43081772163394,
              43.07721633764618
            ],
            [
              -89.43081829613601,
              43.0772180156566
            ],
            [
              -89.43081870270693,
              43.077219742060855
            ],
            [
              -89.43081893739922,
              43.07722150009701
            ],
            [
              -89.43081899793424,
              43.077223272695974
            ],
            [
              -89.43081727238572,
              43.07733715889768
            ],
            [
              -89.43102815719924,
              43.07733900068644
            ],
            [
              -89.4310299195188,
              43.077339102641325
            ],
            [
              -89.43103166337684,
              43.0773393767293
            ],
            [
              -89.43103337200127,
              43.07733982031425
            ],
            [
              -89.4310350289589,
              43.07734042912987
            ],
            [
              -89.43103661831346,
              43.0773411973207
            ],
            [
              -89.43103812477885,
              43.077342117498425
            ],
            [
              -89.43103953386623,
              43.07734318081298
            ],
            [
              -89.43104083202326,
              43.07734437703762
            ],
            [
              -89.43104200676453,
              43.0773456946673
            ],
            [
              -89.43104304679164,
              43.07734712102934
            ],
            [
              -89.43104394210182,
              43.077348642405276
            ],
            [
              -89.43104468408416,
              43.07735024416283
            ],
            [
              -89.43104526560242,
              43.07735191089663
            ],
            [
              -89.43104568106368,
              43.07735362657638
            ],
            [
              -89.43104592647214,
              43.077355374701014
            ],
            [
              -89.43104599946747,
              43.077357138457444
            ],
            [
              -89.43104513664933,
              43.07746930481556
            ],
            [
              -89.43132230504092,
              43.07747400258491
            ],
            [
              -89.43132234608984,
              43.07747400332748
            ],
            [
              -89.43136870769335,
              43.077474894896774
            ],
            [
              -89.43140901539647,
              43.0774480230947
            ],
            [
              -89.4314105034047,
              43.077447131544865
            ],
            [
              -89.43141207032191,
              43.07744638736741
            ],
            [
              -89.43141370159594,
              43.07744579747361
            ],
            [
              -89.43141538207692,
              43.07744536734188
            ],
            [
              -89.43141709615801,
              43.07744510096691
            ],
            [
              -89.43141882792033,
              43.07744500082256
            ],
            [
              -89.43142056128077,
              43.07744506783889
            ],
            [
              -89.4314222801414,
              43.077445301393496
            ],
            [
              -89.43142396853895,
              43.07744569931733
            ],
            [
              -89.43142561079303,
              43.077446257914836
            ],
            [
              -89.43142719165182,
              43.077446971998235
            ],
            [
              -89.43142869643368,
              43.07744783493575
            ],
            [
              -89.43143011116354,
              43.07744883871316
            ],
            [
              -89.43149511116353,
              43.07749983871316
            ],
            [
              -89.43149641590283,
              43.077500967526824
            ],
            [
              -89.4314976065781,
              43.0775022160689
            ],
            [
              -89.43149867225073,
              43.077503572869105
            ],
            [
              -89.43149960313042,
              43.07750502546262
            ],
            [
              -89.43150039066526,
              43.077506560504574
            ],
            [
              -89.43150102762023,
              43.07750816389264
            ],
            [
              -89.43150150814367,
              43.07750982089661
            ],
            [
              -89.43150182782104,
              43.0775115162937
            ],
            [
              -89.43150198371548,
              43.07751323450842
            ],
            [
              -89.43150197439482,
              43.07751495975567
            ],
            [
              -89.43150179994466,
              43.0775166761857
            ],
            [
              -89.43150146196768,
              43.077518368029814
            ],
            [
              -89.43150096356885,
              43.077520019745144
            ],
            [
              -89.43150030932692,
              43.077521616157505
            ],
            [
              -89.43149950525238,
              43.07752314260077
            ],
            [
              -89.43149855873217,
              43.07752458505161
            ],
            [
              -89.43149747846194,
              43.07752593025834
            ],
            [
              -89.43149627436603,
              43.07752716586263
            ],
            [
              -89.43149495750639,
              43.07752828051308
            ],
            [
              -89.43149353998092,
              43.077529263969474
            ],
            [
              -89.43147826926298,
              43.077538808168185
            ],
            [
              -89.43144895176779,
              43.0775612849145
            ],
            [
              -89.4314474798868,
              43.077562301364196
            ],
            [
              -89.43144591438889,
              43.07756316670803
            ],
            [
              -89.43144427073386,
              43.07756387240045
            ],
            [
              -89.43144256515333,
              43.077564411472515
            ],
            [
              -89.43144081449044,
              43.077564778600724
            ],
            [
              -89.43143903603357,
              43.07756497015956
            ],
            [
              -89.43143724734553,
              43.07756498425732
            ],
            [
              -89.4314354660902,
              43.07756482075479
            ],
            [
              -89.43143370985804,
              43.0775644812666
            ],
            [
              -89.4314319959924,
              43.07756396914532
            ],
            [
              -89.43143034141825,
              43.07756328944829
            ],
            [
              -89.43142876247505,
              43.077562448887754
            ],
            [
              -89.43142727475536,
              43.07756145576451
            ],
            [
              -89.43140088533475,
              43.07754187651696
            ],
            [
              -89.43135862508136,
              43.07754099609502
            ],
            [
              -89.43135857300155,
              43.07754099493463
            ],
            [
              -89.43108227310312,
              43.07753443866586
            ]
          ]
        ]
      },
      "properties": {
        "building": "university",
        "name": "Health Sciences Learning Center",
        "@id": "way/107463323",
        "addr:street": "Highland Avenue",
        "addr:housenumber": "750",
        "person_counts": [
          526,
          526,
          526,
          526,
          526,
          526,
          526,
          526,
          526,
          526,
          526,
          526,
          526,
          526,
          526,
          526,
          526,
          526,
          526,
          526,
          526,
          526,
          526,
          526,
          526,
          526,
          526,
          526,
          526,
          526,
          526,
          526,
          526,
          526,
          526,
          526,
          526,
          526,
          526,
          526,
          526,
          526,
          526,
          526,
          526,
          526,
          526,
          526,
          526,
          526,
          526,
          526,
          526,
          526,
          526,
          526,
          526,
          526,
          526,
          526,
          526,
          526,
          526,
          526,
          526,
          526,
          526,
          526,
          526,
          526,
          526,
          526,
          526,
          526,
          526,
          526,
          526,
          526,
          526,
          526,
          526,
          526,
          526,
          526,
          526,
          526,
          526,
          526,
          526,
          526,
          526,
          526,
          526,
          526,
          526,
          526,
          526,
          526,
          526,
          526,
          526,
          526,
          526,
          526,
          526,
          526,
          526,
          526,
          526,
          526,
          526,
          526,
          526,
          526,
          526,
          526,
          526,
          526,
          526,
          526,
          526,
          526,
          526,
          526,
          526,
          526,
          526,
          526,
          526,
          526,
          526,
          526
        ],
        "instructor_counts": [
          3,
          3,
          3,
          3,
          3,
          3,
          3,
          3,
          3,
          3,
          3,
          3,
          3,
          3,
          3,
          3,
          3,
          3,
          3,
          3,
          3,
          3,
          3,
          3,
          3,
          3,
          3,
          3,
          3,
          3,
          3,
          3,
          3,
          3,
          3,
          3,
          3,
          3,
          3,
          3,
          3,
          3,
          3,
          3,
          3,
          3,
          3,
          3,
          3,
          3,
          3,
          3,
          3,
          3,
          3,
          3,
          3,
          3,
          3,
          3,
          3,
          3,
          3,
          3,
          3,
          3,
          3,
          3,
          3,
          3,
          3,
          3,
          3,
          3,
          3,
          3,
          3,
          3,
          3,
          3,
          3,
          3,
          3,
          3,
          3,
          3,
          3,
          3,
          3,
          3,
          3,
          3,
          3,
          3,
          3,
          3,
          3,
          3,
          3,
          3,
          3,
          3,
          3,
          3,
          3,
          3,
          3,
          3,
          3,
          3,
          3,
          3,
          3,
          3,
          3,
          3,
          3,
          3,
          3,
          3,
          3,
          3,
          3,
          3,
          3,
          3,
          3,
          3,
          3,
          3,
          3,
          3
        ]
      }
    },
    {
      "type": "Feature",
      "geometry": {
        "type": "Polygon",
        "coordinates": [
          [
            [
              -89.41200300367197,
              43.072512636437814
            ],
            [
              -89.41200500367198,
              43.072413636437815
            ],
            [
              -89.41200512474377,
              43.072411884529735
            ],
            [
              -89.4120054159527,
              43.07241015275676
            ],
            [
              -89.41200587452705,
              43.07240845760194
            ],
            [
              -89.4120064961021,
              43.072406815199805
            ],
            [
              -89.41200727476166,
              43.072405241182786
            ],
            [
              -89.41200820309444,
              43.072403750532416
            ],
            [
              -89.41200927226456,
              43.07240235743674
            ],
            [
              -89.4120104720956,
              43.07240107515527
            ],
            [
              -89.41201179116757,
              43.07239991589281
            ],
            [
              -89.41201321692549,
              43.072398890683246
            ],
            [
              -89.41201473579895,
              43.07239800928454
            ],
            [
              -89.41201633333131,
              43.07239728008587
            ],
            [
              -89.41201799431717,
              43.07239671002778
            ],
            [
              -89.41201970294726,
              43.072396304536085
            ],
            [
              -89.41202144295879,
              43.072396067470265
            ],
            [
              -89.41202319779026,
              43.07239600108673
            ],
            [
              -89.4121873998782,
              43.072397805505275
            ],
            [
              -89.4121880044428,
              43.07237060009873
            ],
            [
              -89.41218812865044,
              43.07236885177631
            ],
            [
              -89.41218842230819,
              43.07236712382263
            ],
            [
              -89.41218888263171,
              43.07236543262155
            ],
            [
              -89.41218950525632,
              43.072363794208485
            ],
            [
              -89.41219028427855,
              43.0723622241183
            ],
            [
              -89.41219121231195,
              43.07236073723807
            ],
            [
              -89.41219228055722,
              43.072359347665895
            ],
            [
              -89.41219347888563,
              43.072358068577216
            ],
            [
              -89.41219479593502,
              43.072356912099934
            ],
            [
              -89.41219621921759,
              43.07235588919937
            ],
            [
              -89.41219773523824,
              43.07235500957433
            ],
            [
              -89.41219932962257,
              43.07235428156512
            ],
            [
              -89.41220098725316,
              43.07235371207447
            ],
            [
              -89.41220269241293,
              43.0723533065021
            ],
            [
              -89.41220442893415,
              43.072353068693516
            ],
            [
              -89.41220618035166,
              43.07235300090354
            ],
            [
              -89.41270518035167,
              43.07235800090354
            ],
            [
              -89.41270693249655,
              43.07235810403797
            ],
            [
              -89.41270866626692,
              43.07235837733031
            ],
            [
              -89.41271036517779,
              43.07235881818207
            ],
            [
              -89.4127120130756,
              43.07235942240155
            ],
            [
              -89.41271359429189,
              43.07236018424371
            ],
            [
              -89.41271509379214,
              43.07236109646484
            ],
            [
              -89.41271649731887,
              43.07236215039138
            ],
            [
              -89.41271779152709,
              43.072363336002404
            ],
            [
              -89.41271896411122,
              43.07236464202493
            ],
            [
              -89.41272000392217,
              43.072366056041055
            ],
            [
              -89.41272090107321,
              43.07236756460607
            ],
            [
              -89.41272164703409,
              43.072369153376286
            ],
            [
              -89.41272223471205,
              43.072370807245385
            ],
            [
              -89.41272265851939,
              43.0723725104881
            ],
            [
              -89.41272291442644,
              43.0723742469097
            ],
            [
              -89.412723,
              43.072376
            ],
            [
              -89.412723,
              43.07240319564636
            ],
            [
              -89.41288819670956,
              43.072405001074884
            ],
            [
              -89.41288996912378,
              43.07240510803109
            ],
            [
              -89.41289172237617,
              43.07240538909669
            ],
            [
              -89.41289343940556,
              43.07240584153658
            ],
            [
              -89.4128951035033,
              43.07240646094801
            ],
            [
              -89.4128966984758,
              43.0724072413034
            ],
            [
              -89.41289820880216,
              43.072408175008995
            ],
            [
              -89.41289961978515,
              43.07240925297876
            ],
            [
              -89.41290091769429,
              43.072410464722815
            ],
            [
              -89.41290208989945,
              43.07241179844951
            ],
            [
              -89.4129031249937,
              43.072413241180136
            ],
            [
              -89.41290401290443,
              43.072414778875284
            ],
            [
              -89.41290474499121,
              43.072416396571406
            ],
            [
              -89.41290531413001,
              43.072418078526475
            ],
            [
              -89.41290571478247,
              43.07241980837312
            ],
            [
              -89.41290594304975,
              43.07242156927796
            ],
            [
              -89.41290599671056,
              43.07242334410537
            ],
            [
              -89.412896,
              43.07294617206822
            ],
            [
              -89.412896,
              43.072975
            ],
            [
              -89.41289599423447,
              43.07297545555024
            ],
            [
              -89.41289199423447,
              43.07313345555024
            ],
            [
              -89.41289186548832,
              43.07313519643513
            ],
            [
              -89.41289156871528,
              43.073136916662314
            ],
            [
              -89.41289110670652,
              43.07313860005285
            ],
            [
              -89.41289048380732,
              43.07314023077427
            ],
            [
              -89.41288970587607,
              43.07314179348946
            ],
            [
              -89.41288878022934,
              43.07314327350091
            ],
            [
              -89.41288771557291,
              43.07314465688895
            ],
            [
              -89.41288652192,
              43.07314593064266
            ],
            [
              -89.41288521049705,
              43.073147082782256
            ],
            [
              -89.41288379363813,
              43.07314810247172
            ],
            [
              -89.41288228466898,
              43.07314898012077
            ],
            [
              -89.41288069778159,
              43.073149707475025
            ],
            [
              -89.41287904790083,
              43.07315027769363
            ],
            [
              -89.41287735054401,
              43.073150685413616
            ],
            [
              -89.41287562167494,
              43.07315092680034
            ],
            [
              -89.41287387755385,
              43.07315099958352
            ],
            [
              -89.41274440603641,
              43.0731501188249
            ],
            [
              -89.41274399000834,
              43.073162599666944
            ],
            [
              -89.41274384948026,
              43.07316432294096
            ],
            [
              -89.412743544262,
              43.07316602478212
            ],
            [
              -89.4127430771697,
              43.07316768948817
            ],
            [
              -89.412742452513,
              43.07316930169955
            ],
            [
              -89.41274167605539,
              43.07317084654099
            ],
            [
              -89.41274075496095,
              43.07317230975885
            ],
            [
              -89.41273969772824,
              43.073173677852594
            ],
            [
              -89.41273851411194,
              43.07317493819936
            ],
            [
              -89.41273721503282,
              43.0731760791704
            ],
            [
              -89.41273581247697,
              43.07317709023843
            ],
            [
              -89.41273431938522,
              43.07317796207473
            ],
            [
              -89.41273274953376,
              43.0731786866352
            ],
            [
              -89.41273111740698,
              43.0731792572346
            ],
            [
              -89.41272943806389,
              43.07317966860823
            ],
            [
              -89.41272772699912,
              43.07317991696052
            ],
            [
              -89.412726,
              43.07318
            ],
            [
              -89.412656,
              43.07318
            ],
            [
              -89.41265579311711,
              43.073179998811064
            ],
            [
              -89.41222089655463,
              43.073175
            ],
            [
              -89.412153,
              43.073175
            ],
            [
              -89.41215123569148,
              43.07317491332508
            ],
            [
              -89.41214948837421,
              43.07317465413505
            ],
            [
              -89.41214777487582,
              43.07317422492604
            ],
            [
              -89.41214611169822,
              43.07317362983159
            ],
            [
              -89.41214451485874,
              43.07317287458276
            ],
            [
              -89.4121429997358,
              43.073171966453025
            ],
            [
              -89.41214158092089,
              43.07317091418816
            ],
            [
              -89.41214027207795,
              43.073169727922064
            ],
            [
              -89.41213908581184,
              43.07316841907912
            ],
            [
              -89.41213803354698,
              43.0731670002642
            ],
            [
              -89.41213712541725,
              43.07316548514127
            ],
            [
              -89.41213637016841,
              43.073163888301785
            ],
            [
              -89.41213577507396,
              43.07316222512419
            ],
            [
              -89.41213534586495,
              43.0731605116258
            ],
            [
              -89.41213508667492,
              43.07315876430853
            ],
            [
              -89.412135,
              43.073157
            ],
            [
              -89.412135,
              43.07314387543403
            ],
            [
              -89.41200887500301,
              43.07314299956599
            ],
            [
              -89.41200709479129,
              43.07314289888767
            ],
            [
              -89.41200533327466,
              43.07314262257431
            ],
            [
              -89.41200360773823,
              43.07314217333727
            ],
            [
              -89.41200193511402,
              43.07314155558474
            ],
            [
              -89.41200033181488,
              43.0731407753785
            ],
            [
              -89.41199881357338,
              43.07313984037441
            ],
            [
              -89.41199739528744,
              43.07313875974732
            ],
            [
              -89.41199609087417,
              43.07313754410102
            ],
            [
              -89.4119949131333,
              43.07313620536418
            ],
            [
              -89.41199387362153,
              43.073134756673326
            ],
            [
              -89.41199298253922,
              43.07313321224391
            ],
            [
              -89.41199224863021,
              43.07313158723084
            ],
            [
              -89.41199167909608,
              43.073129897579754
            ],
            [
              -89.41199127952545,
              43.07312815987057
            ],
            [
              -89.41199105383917,
              43.073126391154766
            ],
            [
              -89.4119910042518,
              43.07312460878808
            ],
            [
              -89.41199900320655,
              43.07275665687043
            ],
            [
              -89.41200300241822,
              43.072512704957674
            ],
            [
              -89.41200300367197,
              43.072512636437814
            ]
          ]
        ]
      },
      "properties": {
        "building": "university",
        "name": "Mechanical Engineering Building",
        "@id": "way/56997835",
        "addr:street": "University Avenue",
        "addr:housenumber": "1513",
        "person_counts": [
          0,
          0,
          0,
          0,
          0,
          0,
          0,
          0,
          0,
          0,
          0,
          0,
          0,
          0,
          0,
          0,
          0,
          0,
          0,
          0,
          0,
          0,
          0,
          0,
          0,
          0,
          0,
          0,
          0,
          0,
          0,
          0,
          0,
          0,
          0,
          0,
          0,
          0,
          0,
          0,
          0,
          0,
          0,
          0,
          0,
          0,
          0,
          0,
          0,
          23,
          23,
          23,
          23,
          23,
          23,
          23,
          23,
          23,
          23,
          23,
          23,
          23,
          23,
          23,
          23,
          23,
          23,
          23,
          23,
          23,
          23,
          23,
          23,
          23,
          0,
          0,
          0,
          0,
          0,
          0,
          0,
          0,
          0,
          0,
          0,
          0,
          0,
          0,
          0,
          0,
          0,
          0,
          0,
          0,
          0,
          0,
          0,
          0,
          0,
          0,
          0,
          0,
          0,
          0,
          0,
          0,
          0,
          0,
          0,
          0,
          0,
          0,
          0,
          0,
          0,
          0,
          0,
          0,
          0,
          0,
          0,
          0,
          0,
          0,
          0,
          0,
          0,
          0,
          0,
          0,
          0,
          0
        ],
        "instructor_counts": [
          0,
          0,
          0,
          0,
          0,
          0,
          0,
          0,
          0,
          0,
          0,
          0,
          0,
          0,
          0,
          0,
          0,
          0,
          0,
          0,
          0,
          0,
          0,
          0,
          0,
          0,
          0,
          0,
          0,
          0,
          0,
          0,
          0,
          0,
          0,
          0,
          0,
          0,
          0,
          0,
          0,
          0,
          0,
          0,
          0,
          0,
          0,
          0,
          0,
          1,
          1,
          1,
          1,
          1,
          1,
          1,
          1,
          1,
          1,
          1,
          1,
          1,
          1,
          1,
          1,
          1,
          1,
          1,
          1,
          1,
          1,
          1,
          1,
          1,
          0,
          0,
          0,
          0,
          0,
          0,
          0,
          0,
          0,
          0,
          0,
          0,
          0,
          0,
          0,
          0,
          0,
          0,
          0,
          0,
          0,
          0,
          0,
          0,
          0,
          0,
          0,
          0,
          0,
          0,
          0,
          0,
          0,
          0,
          0,
          0,
          0,
          0,
          0,
          0,
          0,
          0,
          0,
          0,
          0,
          0,
          0,
          0,
          0,
          0,
          0,
          0,
          0,
          0,
          0,
          0,
          0,
          0
        ]
      }
    }
  ],
  "metadata": {
    "total_buildings": 4,
    "total_meetings": 492,
    "max_persons": 526,
    "total_chunks": 132,
    "chunk_duration_minutes": 5,
    "start_time": 1765627200000,
    "end_time": 1765666800000,
    "total_persons": [
      526,
      526,
      526,
      526,
      526,
      526,
      526,
      526,
      526,
      526,
      526,
      526,
      526,
      526,
      526,
      526,
      526,
      526,
      526,
      526,
      526,
      526,
      526,
      526,
      526,
      526,
      526,
      526,
      526,
      526,
      526,
      526,
      526,
      526,
      526,
      526,
      606,
      606,
      606,
      606,
      606,
      606,
      606,
      606,
      606,
      606,
      606,
      606,
      606,
      707,
      707,
      707,
      707,
      707,
      707,
      707,
      707,
      707,
      707,
      707,
      707,
      659,
      659,
      659,
      659,
      659,
      659,
      627,
      627,
      627,
      627,
      627,
      653,
      653,
      552,
      552,
      552,
      552,
      552,
      552,
      552,
      552,
      552,
      552,
      552,
      552,
      552,
      552,
      552,
      552,
      552,
      552,
      552,
      552,
      552,
      552,
      552,
      539,
      539,
      539,
      539,
      539,
      539,
      539,
      539,
      539,
      539,
      539,
      539,
      526,
      526,
      526,
      526,
      526,
      526,
      526,
      526,
      526,
      526,
      526,
      526,
      526,
      526,
      526,
      526,
      526,
      526,
      526,
      526,
      526,
      526,
      526
    ],
    "total_instructors": [
      3,
      3,
      3,
      3,
      3,
      3,
      3,
      3,
      3,
      3,
      3,
      3,
      3,
      3,
      3,
      3,
      3,
      3,
      3,
      3,
      3,
      3,
      3,
      3,
      3,
      3,
      3,
      3,
      3,
      3,
      3,
      3,
      3,
      3,
      3,
      3,
      9,
      9,
      9,
      9,
      9,
      9,
      9,
      9,
      9,
      9,
      9,
      9,
      9,
      12,
      12,
      12,
      12,
      12,
      12,
      12,
      12,
      12,
      12,
      12,
      12,
      9,
      9,
      9,
      9,
      9,
      9,
      6,
      6,
      6,
      6,
      6,
      8,
      8,
      5,
      5,
      5,
      5,
      5,
      5,
      5,
      5,
      5,
      5,
      5,
      5,
      5,
      5,
      5,
      5,
      5,
      5,
      5,
      5,
      5,
      5,
      5,
      4,
      4,
      4,
      4,
      4,
      4,
      4,
      4,
      4,
      4,
      4,
      4,
      3,
      3,
      3,
      3,
      3,
      3,
      3,
      3,
      3,
      3,
      3,
      3,
      3,
      3,
      3,
      3,
      3,
      3,
      3,
      3,
      3,
      3,
      3
    ]
  }
}