{
  "type": "FeatureCollection",
  "features": [
    {
      "type": "Feature",
      "geometry": {
        "type": "Polygon",
        "coordinates": [
          [
            [
              -89.40538422116444,
              43.075041999999996
            ],
            [
              -89.40538377476368,
              43.075042586884216
            ],
            [
              -89.40538257303086,
              43.075043880950865
            ],
            [
              -89.40538125027213,
              43.07504505102762
            ],
            [
              -89.40537981922014,
              43.07504608585152
            ],
            [
              -89.40537829364997,
              43.075046975461504
            ],
            [
              -89.4053766882465,
              43.07504771129435
            ],
            [
              -89.40537501846309,
              43.07504828626705
            ],
            [
              -89.40537330037277,
              43.075048694845
            ],
            [
              -89.40537155051362,
              43.07504893309532
            ],
            [
              -89.40536978572948,
              43.075048998724625
            ],
            [
              -89.40528578572948,
              43.07504799872462
            ],
            [
              -89.40528406800875,
              43.075047896016585
            ],
            [
              -89.40528236794496,
              43.07504762975258
            ],
            [
              -89.40528070107538,
              43.07504720236605
            ],
            [
              -89.40527908263394,
              43.075046617762986
            ],
            [
              -89.40527752741197,
              43.075045881286215
            ],
            [
              -89.405276049623,
              43.075044999666574
            ],
            [
              -89.40527466277291,
              43.0750439809614
            ],
            [
              -89.40527337953644,
              43.075042834480875
            ],
            [
              -89.4052722116414,
              43.07504157070296
            ],
            [
              -89.40527116976146,
              43.07504020117763
            ],
            [
              -89.40527110090298,
              43.075040090046194
            ],
            [
              -89.40513011612661,
              43.0750409996254
            ],
            [
              -89.40513,
              43.075041
            ],
            [
              -89.405077,
              43.075041
            ],
            [
              -89.40507555042379,
              43.075040941536415
            ],
            [
              -89.40507411026394,
              43.07504076652542
            ],
            [
              -89.40490811026393,
              43.075013766525416
            ],
            [
              -89.40490640378937,
              43.07501340329991
            ],
            [
              -89.40490474049633,
              43.075012876569964
            ],
            [
              -89.40490313601148,
              43.075012191284216
            ],
            [
              -89.40490160540901,
              43.075011353880946
            ],
            [
              -89.40490016306894,
              43.075010372227574
            ],
            [
              -89.40489882254214,
              43.07500925554676
            ],
            [
              -89.40489759642284,
              43.07500801432975
            ],
            [
              -89.40489649623049,
              43.075006660237804
            ],
            [
              -89.40489553230142,
              43.07500520599266
            ],
            [
              -89.40489471369177,
              43.07500366525698
            ],
            [
              -89.40489404809242,
              43.07500205250602
            ],
            [
              -89.40489354175664,
              43.07500038289161
            ],
            [
              -89.4048931994415,
              43.074998672099824
            ],
            [
              -89.40489302436308,
              43.07499693620359
            ],
            [
              -89.4048930181662,
              43.074995191511704
            ],
            [
              -89.40489318090911,
              43.07499345441558
            ],
            [
              -89.40489481782092,
              43.07498199603293
            ],
            [
              -89.40473813830404,
              43.07494758087894
            ],
            [
              -89.4047364421028,
              43.074947120449146
            ],
            [
              -89.40473479889191,
              43.07494649678885
            ],
            [
              -89.40473322433812,
              43.07494571584419
            ],
            [
              -89.4047317334536,
              43.07494478506087
            ],
            [
              -89.40473034045282,
              43.07494371331322
            ],
            [
              -89.40472905861697,
              43.074942510819525
            ],
            [
              -89.40472790016739,
              43.07494118904466
            ],
            [
              -89.40472687614901,
              43.07493976059074
            ],
            [
              -89.4047259963251,
              43.07493823907699
            ],
            [
              -89.40472526908407,
              43.07493663900989
            ],
            [
              -89.40472470135964,
              43.07493497564487
            ],
            [
              -89.40472429856463,
              43.07493326484085
            ],
            [
              -89.40472406453937,
              43.07493152290905
            ],
            [
              -89.40472400151512,
              43.074929766457466
            ],
            [
              -89.40472411009277,
              43.07492801223253
            ],
            [
              -89.40472588380462,
              43.07491204882598
            ],
            [
              -89.40458612244615,
              43.07491299958352
            ],
            [
              -89.40458580075021,
              43.074912998897176
            ],
            [
              -89.40431480075021,
              43.074909998897176
            ],
            [
              -89.40431299791473,
              43.07490988831056
            ],
            [
              -89.40431121523879,
              43.07490959760162
            ],
            [
              -89.40430947067266,
              43.07490912969758
            ],
            [
              -89.40430778178285,
              43.074908489309905
            ],
            [
              -89.40430616557525,
              43.07490768288683
            ],
            [
              -89.40430463832391,
              43.074906718548455
            ],
            [
              -89.40430321540713,
              43.07490560600496
            ],
            [
              -89.40430191115267,
              43.07490435645886
            ],
            [
              -89.40430073869341,
              43.07490298249217
            ],
            [
              -89.40429970983517,
              43.07490149793975
            ],
            [
              -89.4042988349378,
              43.07489991774995
            ],
            [
              -89.4042981228109,
              43.07489825783416
            ],
            [
              -89.4042651228109,
              43.07480925783416
            ],
            [
              -89.40426501054958,
              43.07480894630764
            ],
            [
              -89.40425808158523,
              43.074789149266635
            ],
            [
              -89.40423515744884,
              43.07472835047011
            ],
            [
              -89.4042346170834,
              43.07472667270911
            ],
            [
              -89.40423424340493,
              43.07472495014092
            ],
            [
              -89.40423403999668,
              43.07472319928345
            ],
            [
              -89.40423400880917,
              43.074721436925905
            ],
            [
              -89.40423415014145,
              43.07471967996774
            ],
            [
              -89.40423446263827,
              43.074717945256666
            ],
            [
              -89.40423494330305,
              43.074716249427034
            ],
            [
              -89.40423558752666,
              43.07471460874037
            ],
            [
              -89.40423638913154,
              43.074713038929424
            ],
            [
              -89.404237340431,
              43.074711555047315
            ],
            [
              -89.4042384323029,
              43.07471017132317
            ],
            [
              -89.40423965427718,
              43.074708901025694
            ],
            [
              -89.40424099463613,
              43.07470775633593
            ],
            [
              -89.40424244052691,
              43.07470674823046
            ],
            [
              -89.40424397808468,
              43.07470588637612
            ],
            [
              -89.4042455925656,
              43.07470517903735
            ],
            [
              -89.40424726848822,
              43.07470463299691
            ],
            [
              -89.40424898978189,
              43.07470425349085
            ],
            [
              -89.40425073994093,
              43.0747040441583
            ],
            [
              -89.40430773994093,
              43.0747000441583
            ],
            [
              -89.4043095139227,
              43.074700007338066
            ],
            [
              -89.40431128291058,
              43.074700145355806
            ],
            [
              -89.40431302971501,
              43.074700456870374
            ],
            [
              -89.40431473736196,
              43.07470093885473
            ],
            [
              -89.40431638925791,
              43.07470158662535
            ],
            [
              -89.40431796935111,
              43.07470239388772
            ],
            [
              -89.40431946228749,
              43.07470335279752
            ],
            [
              -89.40432176837096,
              43.074705
            ],
            [
              -89.4043949460247,
              43.074705
            ],
            [
              -89.40439650306199,
              43.07469877185081
            ],
            [
              -89.40441047085822,
              43.07463890986692
            ],
            [
              -89.40441094262009,
              43.074637251453176
            ],
            [
              -89.4044115708937,
              43.07463564578582
            ],
            [
              -89.40441234991427,
              43.07463410759781
            ],
            [
              -89.40441327253382,
              43.07463265100295
            ],
            [
              -89.40441433028674,
              43.07463128936639
            ],
            [
              -89.40441551346754,
              43.07463003518195
            ],
            [
              -89.4044168112198,
              43.07462889995753
            ],
            [
              -89.40441821163587,
              43.074627894109504
            ],
            [
              -89.40441970186608,
              43.07462702686714
            ],
            [
              -89.40442126823667,
              43.0746263061879
            ],
            [
              -89.40442289637525,
              43.07462573868445
            ],
            [
              -89.40442457134267,
              43.074625329563986
            ],
            [
              -89.40442627777009,
              43.07462508258043
            ],
            [
              -89.404428,
              43.074625000000005
            ],
            [
              -89.40454776613576,
              43.074625000000005
            ],
            [
              -89.40456226348097,
              43.07458837512789
            ],
            [
              -89.40456300789235,
              43.07458673849331
            ],
            [
              -89.40456391186554,
              43.07458518428819
            ],
            [
              -89.40456496638109,
              43.074583728019675
            ],
            [
              -89.40456616091757,
              43.074582384217734
            ],
            [
              -89.40456748355642,
              43.07458116629018
            ],
            [
              -89.40456892110099,
              43.07458008638895
            ],
            [
              -89.40457045920812,
              43.074579155288774
            ],
            [
              -89.40457208253127,
              43.074578382279746
            ],
            [
              -89.40457377487373,
              43.074577775074594
            ],
            [
              -89.40457551935005,
              43.07457733973172
            ],
            [
              -89.40457729855467,
              43.07457708059477
            ],
            [
              -89.40457909473552,
              43.074577000249306
            ],
            [
              -89.40476909473553,
              43.0745780002493
            ],
            [
              -89.40477089479832,
              43.07457810000728
            ],
            [
              -89.40477267585361,
              43.07457837932747
            ],
            [
              -89.40477442003488,
              43.074578835407905
            ],
            [
              -89.40477610984556,
              43.07457946367344
            ],
            [
              -89.40477772833445,
              43.074580257821694
            ],
            [
              -89.4047792592658,
              43.07458120988623
            ],
            [
              -89.40478068728223,
              43.07458231031651
            ],
            [
              -89.40478199805871,
              43.07458354807365
            ],
            [
              -89.4047831784463,
              43.074584910741194
            ],
            [
              -89.40478421660403,
              43.07458638464968
            ],
            [
              -89.40478510211774,
              43.074587955013705
            ],
            [
              -89.40478582610446,
              43.07458960608031
            ],
            [
              -89.40480044332882,
              43.07462807246022
            ],
            [
              -89.40530110526136,
              43.07463100030778
            ],
            [
              -89.40530143889386,
              43.07463100535157
            ],
            [
              -89.40534221947965,
              43.074632
            ],
            [
              -89.405454,
              43.074632
            ],
            [
              -89.40545578296556,
              43.074632088522286
            ],
            [
              -89.4054575483942,
              43.07463235321846
            ],
            [
              -89.40545927892151,
              43.07463279148502
            ],
            [
              -89.40546095752636,
              43.07463339901126
            ],
            [
              -89.4054625676983,
              43.074634169821664
            ],
            [
              -89.40546409359999,
              43.074635096334696
            ],
            [
              -89.40546552022295,
              43.07463616943734
            ],
            [
              -89.40546683353519,
              43.074637378574764
            ],
            [
              -89.40546802061921,
              43.07463871185413
            ],
            [
              -89.4054690697991,
              43.07464015616155
            ],
            [
              -89.4054699707553,
              43.07464169729109
            ],
            [
              -89.4054707146262,
              43.0746433200845
            ],
            [
              -89.40547129409522,
              43.07464500858028
            ],
            [
              -89.40547170346281,
              43.07464674617072
            ],
            [
              -89.4054719387025,
              43.074648515765205
            ],
            [
              -89.40547199750053,
              43.07465029995834
            ],
            [
              -89.40547099750052,
              43.07471029995835
            ],
            [
              -89.40547099513446,
              43.0747104184915
            ],
            [
              -89.4054693515553,
              43.074781092395874
            ],
            [
              -89.40548127760668,
              43.07478330092391
            ],
            [
              -89.40548303982119,
              43.074783719947845
            ],
            [
              -89.40548475100002,
              43.07478431395797
            ],
            [
              -89.40548639381495,
              43.07478507693904
            ],
            [
              -89.40548795163005,
              43.07478600116473
            ],
            [
              -89.40548940867012,
              43.07478707727591
            ],
            [
              -89.40549075018046,
              43.07478829437534
            ],
            [
              -89.4054919625763,
              43.07478964013807
            ],
            [
              -89.40549303358033,
              43.07479110093628
            ],
            [
              -89.40549395234703,
              43.074792661977206
            ],
            [
              -89.40549470957254,
              43.07479430745299
            ],
            [
              -89.40549529758881,
              43.074796020700745
            ],
            [
              -89.40549571044133,
              43.0747977843713
            ],
            [
              -89.40549594394933,
              43.07479958060487
            ],
            [
              -89.4054959957482,
              43.07480139121192
            ],
            [
              -89.40549399574819,
              43.07489339121192
            ],
            [
              -89.40549387422847,
              43.0748951241366
            ],
            [
              -89.40549358622494,
              43.0748968372767
            ],
            [
              -89.40549313442008,
              43.07489851467569
            ],
            [
              -89.40549252302215,
              43.074900140709985
            ],
            [
              -89.40549175772576,
              43.07490170023441
            ],
            [
              -89.40549084565905,
              43.074903178723275
            ],
            [
              -89.40548979531715,
              43.074904562405656
            ],
            [
              -89.40548861648317,
              43.07490583839368
            ],
            [
              -89.40548732013697,
              43.07490699480257
            ],
            [
              -89.40548591835295,
              43.07490802086132
            ],
            [
              -89.40548442418758,
              43.07490890701303
            ],
            [
              -89.40548285155779,
              43.07490964500393
            ],
            [
              -89.40548121511135,
              43.074910227960224
            ],
            [
              -89.40547953009042,
              43.07491065045217
            ],
            [
              -89.40546812812788,
              43.074912930844675
            ],
            [
              -89.40546697658714,
              43.07493193126699
            ],
            [
              -89.40546298337374,
              43.07502477347844
            ],
            [
              -89.40546282770384,
              43.07502648454741
            ],
            [
              -89.40546250960429,
              43.07502817297946
            ],
            [
              -89.40546203197333,
              43.07502982339116
            ],
            [
              -89.40546139916268,
              43.075031420745475
            ],
            [
              -89.40546061693794,
              43.075032950488776
            ],
            [
              -89.40545969242602,
              43.07503439868346
            ],
            [
              -89.40545863405022,
              43.075035752134895
            ],
            [
              -89.40545745145349,
              43.075036998511685
            ],
            [
              -89.40545615541056,
              43.07503812645798
            ],
            [
              -89.4054547577298,
              43.07503912569698
            ],
            [
              -89.40545327114556,
              43.07503998712454
            ],
            [
              -89.40545170920225,
              43.07504070289212
            ],
            [
              -89.40545008613086,
              43.0750412664783
            ],
            [
              -89.40544841671932,
              43.075041672748206
            ],
            [
              -89.40544671617778,
              43.075041918000274
            ],
            [
              -89.405445,
              43.075041999999996
            ],
            [
              -89.40538422116444,
              43.075041999999996
            ]
          ]
        ]
      },
      "properties": {
        "building": "university",
        "name": "Van Vleck Hall",
        "@id": "way/38855396",
        "addr:street": "Lincoln Drive",
        "addr:housenumber": "480",
        "person_counts": [
          0,
          0,
          0,
          0,
          0,
          0,
          0,
          0,
          0,
          0,
          0,
          0,
          0,
          0,
          0,
          0,
          0,
          0,
          0,
          0,
          0,
          0,
          0,
          0,
          0,
          0,
          0,
          0,
          0,
          0,
          0,
          0,
          0,
          0,
          0,
          0,
          0,
          0,
          0,
          0,
          0,
          0,
          0,
          0,
          0,
          0,
          0,
          0,
          0,
          0,
          0,
          0,
          0,
          0,
          0,
          0,
          0,
          0,
          0,
          0,
          0,
          0,
          0,
          0,
          0,
          0,
          0,
          0,
          0,
          0,
          0,
          0,
          0,
          0,
          0,
          0,
          0,
          0,
          0,
          0,
          0,
          0,
          0,
          0,
          0,
          0,
          0,
          0,
          0,
          0,
          0,
          0,
          0,
          0,
          0,
          0,
          0,
          0,
          0,
          0,
          0,
          0,
          0,
          0,
          0,
          37,
          37,
          37,
          37,
          37,
          37,
          37,
          37,
          37,
          37,
          37,
          37,
          37,
          37,
          37,
          37,
          37,
          37,
          37,
          37,
          37,
          37,
          37,
          37,
          37,
          0,
          0,
          0,
          0,
          0,
          0,
          0,
          0,
          0,
          0,
          0,
          0,
          0,
          0,
          0,
          0,
          0,
          0,
          0,
          0,
          0,
          0,
          0,
          0,
          0,
          0,
          0,
          0,
          0,
          0,
          0,
          0,
          0,
          0,
          0,
          0,
          0,
          0,
          0,
          0,
          0,
          0,
          0,
          0,
          0,
          0,
          0,
          0,
          0,
          0,
          0,
          0,
          0,
          0,
          0
        ],
        "instructor_counts": [
          0,
          0,
          0,
          0,
          0,
          0,
          0,
          0,
          0,
          0,
          0,
          0,
          0,
          0,
          0,
          0,
          0,
          0,
          0,
          0,
          0,
          0,
          0,
          0,
          0,
          0,
          0,
          0,
          0,
          0,
          0,
          0,
          0,
          0,
          0,
          0,
          0,
          0,
          0,
          0,
          0,
          0,
          0,
          0,
          0,
          0,
          0,
          0,
          0,
          0,
          0,
          0,
          0,
          0,
          0,
          0,
          0,
          0,
          0,
          0,
          0,
          0,
          0,
          0,
          0,
          0,
          0,
          0,
          0,
          0,
          0,
          0,
          0,
          0,
          0,
          0,
          0,
          0,
          0,
          0,
          0,
          0,
          0,
          0,
          0,
          0,
          0,
          0,
          0,
          0,
          0,
          0,
          0,
          0,
          0,
          0,
          0,
          0,
          0,
          0,
          0,
          0,
          0,
          0,
          0,
          1,
          1,
          1,
          1,
          1,
          1,
          1,
          1,
          1,
          1,
          1,
          1,
          1,
          1,
          1,
          1,
          1,
          1,
          1,
          1,
          1,
          1,
          1,
          1,
          1,
          0,
          0,
          0,
          0,
          0,
          0,
          0,
          0,
          0,
          0,
          0,
          0,
          0,
          0,
          0,
          0,
          0,
          0,
          0,
          0,
          0,
          0,
          0,
          0,
          0,
          0,
          0,
          0,
          0,
          0,
          0,
          0,
          0,
          0,
          0,
          0,
          0,
          0,
          0,
          0,
          0,
          0,
          0,
          0,
          0,
          0,
          0,
          0,
          0,
          0,
          0,
          0,
          0,
          0,
          0
        ]
      }
    },
    {
      "type": "Feature",
      "geometry": {
        "type": "Polygon",
        "coordinates": [
          [
            [
              -89.42117070733657,
              43.075359
            ],
            [
              -89.42116999758179,
              43.07540229504232
            ],
            [
              -89.42116988409802,
              43.07540403937195
            ],
            [
              -89.42116960195372,
              43.075405764468776
            ],
            [
              -89.42116915380973,
              43.07540745406381
            ],
            [
              -89.42116854389236,
              43.07540909222291
            ],
            [
              -89.4211677779536,
              43.075410663496996
            ],
            [
              -89.42116686321684,
              43.075412153067774
            ],
            [
              -89.42116580830873,
              43.07541354688746
            ],
            [
              -89.42116462317786,
              43.07541483181129
            ],
            [
              -89.4211633190009,
              43.07541599572145
            ],
            [
              -89.42116190807721,
              43.0754170276414
            ],
            [
              -89.42116040371288,
              43.07541791783936
            ],
            [
              -89.4211588200952,
              43.07541865792008
            ],
            [
              -89.42115717215887,
              43.075419240904054
            ],
            [
              -89.42115547544519,
              43.07541966129329
            ],
            [
              -89.42115374595544,
              43.075419915123206
            ],
            [
              -89.421152,
              43.075419999999994
            ],
            [
              -89.421118,
              43.075419999999994
            ],
            [
              -89.42111790270413,
              43.075419999737036
            ],
            [
              -89.42074790270412,
              43.07541799973704
            ],
            [
              -89.42074787755385,
              43.07541799958352
            ],
            [
              -89.42045393877605,
              43.075416
            ],
            [
              -89.420375,
              43.075416
            ],
            [
              -89.42037489024595,
              43.07541599966539
            ],
            [
              -89.42021089024594,
              43.07541499966539
            ],
            [
              -89.42020911527645,
              43.07541490105632
            ],
            [
              -89.42020735869022,
              43.07541462784341
            ],
            [
              -89.42020563762071,
              43.07541418269154
            ],
            [
              -89.42020396885493,
              43.07541356994264
            ],
            [
              -89.42020236866973,
              43.075412795573364
            ],
            [
              -89.42020085267305,
              43.07541186713677
            ],
            [
              -89.42019943565165,
              43.075410793688675
            ],
            [
              -89.42019813142691,
              43.07540958569931
            ],
            [
              -89.42019695272005,
              43.075408254951185
            ],
            [
              -89.42019591102795,
              43.0754068144242
            ],
            [
              -89.42019501651107,
              43.075405278169
            ],
            [
              -89.42019427789442,
              43.075403661169965
            ],
            [
              -89.42019370238232,
              43.075401979199015
            ],
            [
              -89.42019329558822,
              43.075400248661815
            ],
            [
              -89.4201930614799,
              43.07539848643772
            ],
            [
              -89.42019300234085,
              43.07539670971517
            ],
            [
              -89.42019371164272,
              43.07535273299983
            ],
            [
              -89.42014382138547,
              43.07535199931957
            ],
            [
              -89.4197728510939,
              43.07535009201731
            ],
            [
              -89.41977199938532,
              43.07545314875525
            ],
            [
              -89.41977189867549,
              43.07545490720093
            ],
            [
              -89.41977162658732,
              43.075456647385316
            ],
            [
              -89.41977118572599,
              43.07545835264628
            ],
            [
              -89.41977058031273,
              43.075460006656094
            ],
            [
              -89.41976981614432,
              43.07546159357775
            ],
            [
              -89.41976890053763,
              43.07546309821659
            ],
            [
              -89.41976784225949,
              43.07546450616583
            ],
            [
              -89.41976665144284,
              43.07546580394447
            ],
            [
              -89.41976533948967,
              43.075466979126375
            ],
            [
              -89.41976391896179,
              43.07546802045928
            ],
            [
              -89.41976240346067,
              43.075468917972515
            ],
            [
              -89.41976080749708,
              43.075469663072454
            ],
            [
              -89.41975914635226,
              43.075470248624825
            ],
            [
              -89.41975743593154,
              43.07547066902302
            ],
            [
              -89.41975569261206,
              43.075470920241756
            ],
            [
              -89.41975393308596,
              43.07547099987563
            ],
            [
              -89.41948493308595,
              43.07546999987562
            ],
            [
              -89.41948316402326,
              43.07546990612156
            ],
            [
              -89.41948141274445,
              43.075469638922804
            ],
            [
              -89.419479696213,
              43.07546920086752
            ],
            [
              -89.41947803105582,
              43.075468596198874
            ],
            [
              -89.41947643340215,
              43.075467830773874
            ],
            [
              -89.41947491872745,
              43.075466912006696
            ],
            [
              -89.41947350170331,
              43.07546584879682
            ],
            [
              -89.41947219605554,
              43.07546465144285
            ],
            [
              -89.41947101443105,
              43.075463331542764
            ],
            [
              -89.4194699682755,
              43.07546190188155
            ],
            [
              -89.41946906772225,
              43.075460376307404
            ],
            [
              -89.41946832149439,
              43.075458769597525
            ],
            [
              -89.41946773682012,
              43.07545709731506
            ],
            [
              -89.41946731936281,
              43.075455375658294
            ],
            [
              -89.41946707316609,
              43.075453621303765
            ],
            [
              -89.41946700061467,
              43.07545185124474
            ],
            [
              -89.41946785062497,
              43.075348999999996
            ],
            [
              -89.419453,
              43.075348999999996
            ],
            [
              -89.41945289772893,
              43.075348999709455
            ],
            [
              -89.41927689772892,
              43.07534799970946
            ],
            [
              -89.4192751159789,
              43.07534790113026
            ],
            [
              -89.41927335274549,
              43.07534762661439
            ],
            [
              -89.4192716253582,
              43.07534717885985
            ],
            [
              -89.4192699507942,
              43.075346562267285
            ],
            [
              -89.4192683455115,
              43.075345782896726
            ],
            [
              -89.41926682528724,
              43.07534484840801
            ],
            [
              -89.41926540506252,
              43.07534376798551
            ],
            [
              -89.41926409879568,
              43.075342552247896
            ],
            [
              -89.41926291932502,
              43.07534121314374
            ],
            [
              -89.41926187824268,
              43.07533976383406
            ],
            [
              -89.41926098578064,
              43.07533821856304
            ],
            [
              -89.41926025071025,
              43.075336592517985
            ],
            [
              -89.41925968025598,
              43.07533490168005
            ],
            [
              -89.41925928002438,
              43.075333162667214
            ],
            [
              -89.419259053949,
              43.07533139257091
            ],
            [
              -89.4192590042518,
              43.07532960878808
            ],
            [
              -89.41926000159039,
              43.07528373121355
            ],
            [
              -89.41926200059486,
              43.075037853663375
            ],
            [
              -89.41926210098005,
              43.075036096034445
            ],
            [
              -89.41926237258465,
              43.07503435661857
            ],
            [
              -89.41926281281053,
              43.07503265205476
            ],
            [
              -89.41926341744656,
              43.0750309986486
            ],
            [
              -89.41926418070886,
              43.07502941221635
            ],
            [
              -89.4192650952962,
              43.07502790793358
            ],
            [
              -89.41926615245974,
              43.07502650019005
            ],
            [
              -89.41926734208684,
              43.07502520245201
            ],
            [
              -89.41926865279768,
              43.07502402713345
            ],
            [
              -89.4192700720542,
              43.07502298547729
            ],
            [
              -89.41927158628,
              43.07502208744785
            ],
            [
              -89.41927318099022,
              43.07502134163556
            ],
            [
              -89.41927484093009,
              43.075020755174755
            ],
            [
              -89.41927655022086,
              43.075020333675425
            ],
            [
              -89.41927829251172,
              43.075020081169576
            ],
            [
              -89.41928005113616,
              43.075020000072634
            ],
            [
              -89.41961416116622,
              43.07502094924885
            ],
            [
              -89.41961600072388,
              43.07481583857151
            ],
            [
              -89.41961610263708,
              43.07481408052083
            ],
            [
              -89.41961637585281,
              43.07481234084222
            ],
            [
              -89.41961681775602,
              43.07481063618682
            ],
            [
              -89.41961742411709,
              43.074808982870536
            ],
            [
              -89.41961818913232,
              43.074807396717894
            ],
            [
              -89.41961910547943,
              43.07480589291057
            ],
            [
              -89.41962016438771,
              43.07480448584208
            ],
            [
              -89.41962135572196,
              43.07480318898002
            ],
            [
              -89.41962266807946,
              43.07480201473716
            ],
            [
              -89.41962408889911,
              43.07480097435262
            ],
            [
              -89.41962560458173,
              43.074800077784325
            ],
            [
              -89.41962720062011,
              43.074799333613676
            ],
            [
              -89.41962886173798,
              43.07479874896341
            ],
            [
              -89.41963057203613,
              43.07479832942945
            ],
            [
              -89.41963231514463,
              43.0747980790273
            ],
            [
              -89.41963407437953,
              43.07479800015368
            ],
            [
              -89.4198604571022,
              43.07479893561948
            ],
            [
              -89.41986109076174,
              43.074797580015556
            ],
            [
              -89.41986200116233,
              43.07479604837357
            ],
            [
              -89.41986305853099,
              43.0747946142439
            ],
            [
              -89.41986425250697,
              43.07479329167905
            ],
            [
              -89.41986557139091,
              43.07479209363835
            ],
            [
              -89.4198670022596,
              43.07479103186095
            ],
            [
              -89.41986853109243,
              43.07479011675082
            ],
            [
              -89.41987014290896,
              43.07478935727479
            ],
            [
              -89.4198718219156,
              43.074788760874675
            ],
            [
              -89.41987355166039,
              43.07478833339439
            ],
            [
              -89.41987531519418,
              43.074788079022646
            ],
            [
              -89.41987709523676,
              43.07478800025195
            ],
            [
              -89.42044409523676,
              43.07479100025195
            ],
            [
              -89.4204458531414,
              43.07479109564671
            ],
            [
              -89.42044759331921,
              43.07479136231146
            ],
            [
              -89.42044929912394,
              43.07479179769535
            ],
            [
              -89.42045095423815,
              43.07479239763355
            ],
            [
              -89.42045254282931,
              43.07479315638717
            ],
            [
              -89.4204540497012,
              43.0747940666981
            ],
            [
              -89.42045546043937,
              43.07479511985845
            ],
            [
              -89.42045676154892,
              43.074796305793875
            ],
            [
              -89.42045794058367,
              43.074797613159916
            ],
            [
              -89.42045898626516,
              43.07479902945054
            ],
            [
              -89.42045988859059,
              43.07480054111774
            ],
            [
              -89.42046013562398,
              43.074801065443246
            ],
            [
              -89.42069007317012,
              43.07480200014872
            ],
            [
              -89.42069184250991,
              43.07480209454951
            ],
            [
              -89.42069359399626,
              43.07480236244941
            ],
            [
              -89.42069531065772,
              43.07480280125254
            ],
            [
              -89.42069697586032,
              43.074803406707
            ],
            [
              -89.42069857346866,
              43.07480417294611
            ],
            [
              -89.42070008800235,
              43.074805092545205
            ],
            [
              -89.42070150478594,
              43.07480615659362
            ],
            [
              -89.42070281009119,
              43.074807354781
            ],
            [
              -89.42070399127002,
              43.07480867549723
            ],
            [
              -89.42070503687712,
              43.074810105944906
            ],
            [
              -89.42070593678085,
              43.07481163226338
            ],
            [
              -89.42070668226135,
              43.07481323966302
            ],
            [
              -89.42070726609512,
              43.07481491256855
            ],
            [
              -89.420707682625,
              43.074816634769945
            ],
            [
              -89.42070792781486,
              43.07481838957954
            ],
            [
              -89.42070799928892,
              43.074820159993685
            ],
            [
              -89.42070615987686,
              43.07502709385102
            ],
            [
              -89.421267093263,
              43.07503000024162
            ],
            [
              -89.4212688627577,
              43.075030096644625
            ],
            [
              -89.42127061419744,
              43.07503036657785
            ],
            [
              -89.42127233060616,
              43.07503080742492
            ],
            [
              -89.4212739953474,
              43.075031414912885
            ],
            [
              -89.4212755922855,
              43.07503218315361
            ],
            [
              -89.42127710594194,
              43.07503310470082
            ],
            [
              -89.42127852164543,
              43.07503417062234
            ],
            [
              -89.42127982567413,
              43.07503537058659
            ],
            [
              -89.4212810053886,
              43.0750366929628
            ],
            [
              -89.42128204935432,
              43.07503812493369
            ],
            [
              -89.42128294745254,
              43.075039652619736
            ],
            [
              -89.42128369097836,
              43.07504126121366
            ],
            [
              -89.42128427272506,
              43.075042935124
            ],
            [
              -89.42128468705401,
              43.0750446581262
            ],
            [
              -89.42128492994927,
              43.07504641351988
            ],
            [
              -89.42128499905655,
              43.07504818429069
            ],
            [
              -89.42128199905655,
              43.075341184290686
            ],
            [
              -89.42128189556516,
              43.075342936168184
            ],
            [
              -89.42128162196731,
              43.07534466964142
            ],
            [
              -89.42128118086366,
              43.075346368232836
            ],
            [
              -89.42128057644715,
              43.075348015796465
            ],
            [
              -89.42127981446303,
              43.07534959667137
            ],
            [
              -89.4212789021544,
              43.075351095830534
            ],
            [
              -89.42127784819318,
              43.07535249902367
            ],
            [
              -89.42127666259782,
              43.075353792912736
            ],
            [
              -89.42127535663802,
              43.07535496519863
            ],
            [
              -89.42127394272758,
              43.0753560047382
            ],
            [
              -89.42127243430645,
              43.07535690165007
            ],
            [
              -89.42127084571291,
              43.075357647408644
            ],
            [
              -89.4212691920474,
              43.07535823492512
            ],
            [
              -89.42126748902882,
              43.07535865861483
            ],
            [
              -89.42126575284526,
              43.07535891445041
            ],
            [
              -89.421264,
              43.075359
            ],
            [
              -89.42117070733657,
              43.075359
            ]
          ]
        ]
      },
      "properties": {
        "building": "university",
        "name": "Veterinary Medicine South",
        "@id": "way/38019751",
        "addr:street": "Linden Drive",
        "addr:housenumber": "2015",
        "person_counts": [
          0,
          0,
          0,
          0,
          0,
          0,
          0,
          0,
          0,
          0,
          0,
          0,
          0,
          0,
          0,
          0,
          0,
          0,
          0,
          0,
          0,
          0,
          0,
          0,
          19,
          19,
          19,
          19,
          19,
          19,
          19,
          19,
          19,
          19,
          19,
          19,
          19,
          19,
          19,
          19,
          19,
          19,
          19,
          19,
          19,
          19,
          19,
          19,
          19,
          19,
          19,
          19,
          19,
          19,
          19,
          19,
          19,
          19,
          19,
          19,
          19,
          19,
          19,
          19,
          19,
          19,
          19,
          19,
          19,
          19,
          19,
          19,
          19,
          19,
          19,
          19,
          19,
          19,
          19,
          19,
          19,
          19,
          19,
          19,
          19,
          19,
          19,
          19,
          118,
          118,
          118,
          118,
          118,
          118,
          118,
          118,
          118,
          118,
          118,
          118,
          118,
          118,
          118,
          118,
          118,
          118,
          118,
          118,
          118,
          118,
          118,
          118,
          19,
          19,
          19,
          19,
          19,
          19,
          19,
          19,
          19,
          19,
          19,
          19,
          19,
          19,
          19,
          19,
          19,
          19,
          19,
          19,
          19,
          0,
          0,
          0,
          0,
          0,
          0,
          0,
          0,
          0,
          0,
          0,
          0,
          0,
          0,
          0,
          0,
          0,
          0,
          0,
          0,
          0,
          0,
          0,
          0,
          0,
          0,
          0,
          0,
          0,
          0,
          0,
          0,
          0,
          0,
          0,
          0,
          0,
          0,
          0,
          0,
          0,
          0,
          0,
          0,
          0,
          0,
          0,
          0,
          0,
          0,
          0,
          0
        ],
        "instructor_counts": [
          0,
          0,
          0,
          0,
          0,
          0,
          0,
          0,
          0,
          0,
          0,
          0,
          0,
          0,
          0,
          0,
          0,
          0,
          0,
          0,
          0,
          0,
          0,
          0,
          5,
          5,
          5,
          5,
          5,
          5,
          5,
          5,
          5,
          5,
          5,
          5,
          5,
          5,
          5,
          5,
          5,
          5,
          5,
          5,
          5,
          5,
          5,
          5,
          5,
          5,
          5,
          5,
          5,
          5,
          5,
          5,
          5,
          5,
          5,
          5,
          5,
          5,
          5,
          5,
          5,
          5,
          5,
          5,
          5,
          5,
          5,
          5,
          5,
          5,
          5,
          5,
          5,
          5,
          5,
          5,
          5,
          5,
          5,
          5,
          5,
          5,
          5,
          5,
          27,
          27,
          27,
          27,
          27,
          27,
          27,
          27,
          27,
          27,
          27,
          27,
          27,
          27,
          27,
          27,
          27,
          27,
          27,
          27,
          27,
          27,
          27,
          27,
          5,
          5,
          5,
          5,
          5,
          5,
          5,
          5,
          5,
          5,
          5,
          5,
          5,
          5,
          5,
          5,
          5,
          5,
          5,
          5,
          5,
          0,
          0,
          0,
          0,
          0,
          0,
          0,
          0,
          0,
          0,
          0,
          0,
          0,
          0,
          0,
          0,
          0,
          0,
          0,
          0,
          0,
          0,
          0,
          0,
          0,
          0,
          0,
          0,
          0,
          0,
          0,
          0,
          0,
          0,
          0,
          0,
          0,
          0,
          0,
          0,
          0,
          0,
          0,
          0,
          0,
          0,
          0,
          0,
          0,
          0,
          0,
          0
        ]
      }
    },
    {
      "type": "Feature",
      "geometry": {
        "type": "Polygon",
        "coordinates": [
          [
            [
              -89.4112647926405,
              43.07213899880558
            ],
            [
              -89.410849,
              43.07213420856778
            ],
            [
              -89.410849,
              43.072146
            ],
            [
              -89.41084891182867,
              43.07214777943647
            ],
            [
              -89.41084864817843,
              43.072149541440126
            ],
            [
              -89.41084821163224,
              43.072151268748954
            ],
            [
              -89.41084760646687,
              43.07215294444081
            ],
            [
              -89.410846838611,
              43.07215455209926
            ],
            [
              -89.41084591558716,
              43.07215607597438
            ],
            [
              -89.41084484643807,
              43.07215750113702
            ],
            [
              -89.41084364163798,
              43.072158813625144
            ],
            [
              -89.41084231299008,
              43.07216000058054
            ],
            [
              -89.4108408735109,
              43.072161050374824
            ],
            [
              -89.41083933730276,
              43.07216195272336
            ],
            [
              -89.4108377194156,
              43.072162698786
            ],
            [
              -89.41083603569956,
              43.072163281253715
            ],
            [
              -89.41083430264969,
              43.07216369442016
            ],
            [
              -89.41083253724437,
              43.072163934237636
            ],
            [
              -89.41083075677896,
              43.072163998356686
            ],
            [
              -89.41077448626133,
              43.07216323794429
            ],
            [
              -89.41077399265757,
              43.07218051407593
            ],
            [
              -89.41077385821892,
              43.07218225477661
            ],
            [
              -89.41077355577451,
              43.072183974264895
            ],
            [
              -89.41077308816969,
              43.07218565636427
            ],
            [
              -89.41077245980357,
              43.07218728524996
            ],
            [
              -89.41077167658763,
              43.0721888455978
            ],
            [
              -89.4107707458902,
              43.07219032272843
            ],
            [
              -89.41076967646705,
              43.07219170274536
            ],
            [
              -89.41076847837907,
              43.072192972665725
            ],
            [
              -89.41076716289754,
              43.072194120542434
            ],
            [
              -89.41076574239821,
              43.07219513557654
            ],
            [
              -89.41076423024478,
              43.07219600821886
            ],
            [
              -89.41076264066324,
              43.07219673025977
            ],
            [
              -89.41076098860795,
              43.0721972949065
            ],
            [
              -89.41075928962107,
              43.07219769684699
            ],
            [
              -89.41075755968623,
              43.07219793229988
            ],
            [
              -89.41075581507826,
              43.07219799905009
            ],
            [
              -89.40987981507826,
              43.072188999050084
            ],
            [
              -89.4098780632436,
              43.07218889550152
            ],
            [
              -89.40987632981798,
              43.07218862185472
            ],
            [
              -89.40987463127773,
              43.07218818071073
            ],
            [
              -89.40987298376766,
              43.07218757626265
            ],
            [
              -89.40987140294743,
              43.072186814255815
            ],
            [
              -89.40986990384292,
              43.07218590193317
            ],
            [
              -89.40986850070323,
              43.072184847966405
            ],
            [
              -89.40986720686529,
              43.07218366237356
            ],
            [
              -89.40986603462717,
              43.07218235642381
            ],
            [
              -89.40986499513109,
              43.0721809425303
            ],
            [
              -89.40986409825753,
              43.07217943413222
            ],
            [
              -89.40986335253135,
              43.072177845567005
            ],
            [
              -89.40986276504076,
              43.072176191934105
            ],
            [
              -89.40986234136987,
              43.07217448895144
            ],
            [
              -89.40986208554575,
              43.072172752806004
            ],
            [
              -89.409862,
              43.072171
            ],
            [
              -89.409862,
              43.07215373724038
            ],
            [
              -89.40981173532273,
              43.07215299805395
            ],
            [
              -89.40980998891794,
              43.072152887301336
            ],
            [
              -89.40980826152034,
              43.072152607491866
            ],
            [
              -89.40980656945594,
              43.0721521612701
            ],
            [
              -89.40980492871681,
              43.07215155285335
            ],
            [
              -89.40980335480994,
              43.07215078799192
            ],
            [
              -89.40980186261068,
              43.072149873914675
            ],
            [
              -89.40980046622214,
              43.072148819260775
            ],
            [
              -89.4097991788419,
              43.072147633997965
            ],
            [
              -89.40979801263724,
              43.07214632932845
            ],
            [
              -89.40979697863027,
              43.07214491758293
            ],
            [
              -89.40979608659359,
              43.07214341210415
            ],
            [
              -89.40979534495803,
              43.072141827120696
            ],
            [
              -89.40979476073298,
              43.07214017761262
            ],
            [
              -89.40979433944005,
              43.07213847916977
            ],
            [
              -89.409794085061,
              43.07213674784452
            ],
            [
              -89.409794,
              43.072135
            ],
            [
              -89.409794,
              43.072123797531745
            ],
            [
              -89.40936979639311,
              43.07211899884842
            ],
            [
              -89.40936802938356,
              43.07211889180458
            ],
            [
              -89.40936628143413,
              43.07211861170826
            ],
            [
              -89.40936456945128,
              43.07211816126863
            ],
            [
              -89.40936290999359,
              43.07211754484238
            ],
            [
              -89.40936131911161,
              43.0721167683917
            ],
            [
              -89.4093598121926,
              43.07211583942656
            ],
            [
              -89.40935840381174,
              43.072114766932046
            ],
            [
              -89.4093571075911,
              43.07211356128151
            ],
            [
              -89.40935593606797,
              43.0721122341362
            ],
            [
              -89.40935490057349,
              43.07211079833248
            ],
            [
              -89.40935401112314,
              43.07210926775768
            ],
            [
              -89.40935327631983,
              43.072107657215774
            ],
            [
              -89.4093527032707,
              43.072105982284185
            ],
            [
              -89.40935229751837,
              43.072104259163126
            ],
            [
              -89.40935206298734,
              43.07210250451891
            ],
            [
              -89.40935200194605,
              43.072100735322735
            ],
            [
              -89.40935400194606,
              43.07196473532273
            ],
            [
              -89.40935411431059,
              43.07196297463238
            ],
            [
              -89.40935439850229,
              43.07196123339966
            ],
            [
              -89.40935485179094,
              43.071959528352544
            ],
            [
              -89.40935546982182,
              43.07195787587134
            ],
            [
              -89.40935624665752,
              43.071956291831384
            ],
            [
              -89.40935717483502,
              43.07195479145049
            ],
            [
              -89.40935824543735,
              43.071953389142756
            ],
            [
              -89.40935944817925,
              43.071952098380116
            ],
            [
              -89.40936077150604,
              43.07195093156287
            ],
            [
              -89.40936220270457,
              43.07194989990059
            ],
            [
              -89.40936372802537,
              43.07194901330442
            ],
            [
              -89.40936533281473,
              43.071948280291856
            ],
            [
              -89.40936700165548,
              43.071947707904926
            ],
            [
              -89.40936871851517,
              43.071947301642524
            ],
            [
              -89.40937046689996,
              43.071947065407606
            ],
            [
              -89.40937223001318,
              43.071947001469674
            ],
            [
              -89.40966739480437,
              43.07195077354368
            ],
            [
              -89.40966960566652,
              43.07184981083915
            ],
            [
              -89.40930081396343,
              43.071845999038594
            ],
            [
              -89.40929903874535,
              43.0718458928332
            ],
            [
              -89.40929728267176,
              43.07184561196953
            ],
            [
              -89.40929556288434,
              43.071845159189174
            ],
            [
              -89.40929389617052,
              43.0718445389119
            ],
            [
              -89.40929229879971,
              43.07184375719244
            ],
            [
              -89.4092907863644,
              43.071842821661434
            ],
            [
              -89.409289373628,
              43.071841741450946
            ],
            [
              -89.40928807438074,
              43.07184052710529
            ],
            [
              -89.40928690130504,
              43.07183919047811
            ],
            [
              -89.40928586585169,
              43.07183774461671
            ],
            [
              -89.40928497812813,
              43.071836203634646
            ],
            [
              -89.40928424679973,
              43.071834582574006
            ],
            [
              -89.40928367900526,
              43.071832897258524
            ],
            [
              -89.40928328028716,
              43.07183116413917
            ],
            [
              -89.40928305453745,
              43.07182940013353
            ],
            [
              -89.40928300395977,
              43.07182762246069
            ],
            [
              -89.40928600395978,
              43.071684622460694
            ],
            [
              -89.40928612620554,
              43.07168287221438
            ],
            [
              -89.40928641826926,
              43.07168114218405
            ],
            [
              -89.40928687737603,
              43.07167944880661
            ],
            [
              -89.40928749916391,
              43.071677808170755
            ],
            [
              -89.40928827772531,
              43.071676235864075
            ],
            [
              -89.4092892056632,
              43.07167474682496
            ],
            [
              -89.40929027416125,
              43.07167335520071
            ],
            [
              -89.40929147306775,
              43.07167207421305
            ],
            [
              -89.40929279099194,
              43.07167091603258
            ],
            [
              -89.4092942154123,
              43.07166989166311
            ],
            [
              -89.4092957327955,
              43.07166901083712
            ],
            [
              -89.40929732872495,
              43.07166828192329
            ],
            [
              -89.4092989880378,
              43.07166771184698
            ],
            [
              -89.40930069496905,
              43.071667306024466
            ],
            [
              -89.4093024333012,
              43.071667068311434
            ],
            [
              -89.40930418651848,
              43.07166700096639
            ],
            [
              -89.40967227345918,
              43.071670815338834
            ],
            [
              -89.40967372781456,
              43.07157482788315
            ],
            [
              -89.40937482966062,
              43.07157199919399
            ],
            [
              -89.40937305599739,
              43.07157189471581
            ],
            [
              -89.40937130127499,
              43.07157161588582
            ],
            [
              -89.40936958258999,
              43.07157116542073
            ],
            [
              -89.4093679166879,
              43.0715705477095
            ],
            [
              -89.40936631979994,
              43.07156976877063
            ],
            [
              -89.40936480748492,
              43.07156883619346
            ],
            [
              -89.40936339447761,
              43.07156775906429
            ],
            [
              -89.40936209454523,
              43.071566547877794
            ],
            [
              -89.40936092035328,
              43.07156521443481
            ],
            [
              -89.40935988334215,
              43.07156377172735
            ],
            [
              -89.40935899361564,
              43.07156223381199
            ],
            [
              -89.40935825984255,
              43.071560615672944
            ],
            [
              -89.40935768917215,
              43.071558933076076
            ],
            [
              -89.40935728716464,
              43.071557202415256
            ],
            [
              -89.40935705773681,
              43.071555440552665
            ],
            [
              -89.40935700312406,
              43.07155366465448
            ],
            [
              -89.40936000312406,
              43.07139266465448
            ],
            [
              -89.40936012159243,
              43.07139091132991
            ],
            [
              -89.4093604104675,
              43.07138917791334
            ],
            [
              -89.4093608669959,
              43.0713874809267
            ],
            [
              -89.40936148682623,
              43.0713858365447
            ],
            [
              -89.40936226405064,
              43.07138426044064
            ],
            [
              -89.4093631912611,
              43.07138276763703
            ],
            [
              -89.40936425961993,
              43.07138137236243
            ],
            [
              -89.40936545894418,
              43.07138008791579
            ],
            [
              -89.40936677780256,
              43.071378926539715
            ],
            [
              -89.40936820362447,
              43.071377899303776
            ],
            [
              -89.4093697228198,
              43.071377015999
            ],
            [
              -89.40937132090848,
              43.07137628504453
            ],
            [
              -89.4093729826584,
              43.07137571340741
            ],
            [
              -89.40937469223074,
              43.07137530653616
            ],
            [
              -89.40937643333085,
              43.071375068308846
            ],
            [
              -89.40937818936354,
              43.0713750009961
            ],
            [
              -89.41127918936353,
              43.0713950009961
            ],
            [
              -89.41128096240098,
              43.07139510729248
            ],
            [
              -89.4112827163295,
              43.0713953878197
            ],
            [
              -89.41128443407014,
              43.071395839846105
            ],
            [
              -89.41128609889633,
              43.07139645897008
            ],
            [
              -89.41128769459678,
              43.071397239162884
            ],
            [
              -89.41128920563332,
              43.07139817282736
            ],
            [
              -89.41129061729215,
              43.07139925087193
            ],
            [
              -89.41129191582722,
              43.071400462799076
            ],
            [
              -89.411293088594,
              43.07140179680764
            ],
            [
              -89.41129412417261,
              43.07140323990767
            ],
            [
              -89.41129501247912,
              43.07140477804691
            ],
            [
              -89.41129574486355,
              43.071406396247696
            ],
            [
              -89.41129631419433,
              43.07140807875274
            ],
            [
              -89.41129671492756,
              43.0714098091786
            ],
            [
              -89.4112969431611,
              43.071411570675174
            ],
            [
              -89.41129699667252,
              43.071413346089855
            ],
            [
              -89.41129399667253,
              43.07156934608985
            ],
            [
              -89.41129387762544,
              43.07157109535407
            ],
            [
              -89.41129358895624,
              43.071572824737665
            ],
            [
              -89.41129313340382,
              43.07157451783232
            ],
            [
              -89.41129251529043,
              43.07157615857402
            ],
            [
              -89.4112917404807,
              43.07157773139549
            ],
            [
              -89.41129081632599,
              43.07157922137388
            ],
            [
              -89.41128975159465,
              43.07158061437233
            ],
            [
              -89.41128855638878,
              43.07158189717413
            ],
            [
              -89.41128724204847,
              43.07158305760812
            ],
            [
              -89.4112858210441,
              43.07158408466415
            ],
            [
              -89.41128430685811,
              43.07158496859757
            ],
            [
              -89.411282713857,
              43.07158570102164
            ],
            [
              -89.41128105715514,
              43.07158627498717
            ],
            [
              -89.41127935247121,
              43.071586685048395
            ],
            [
              -89.41127761597919,
              43.07158692731467
            ],
            [
              -89.41127586415482,
              43.07158699948738
            ],
            [
              -89.41102860148048,
              43.07158513335399
            ],
            [
              -89.41102639989187,
              43.07168420484122
            ],
            [
              -89.41127620147992,
              43.07168700112765
            ],
            [
              -89.4112779759794,
              43.071687108786925
            ],
            [
              -89.41127973120429,
              43.071687390964975
            ],
            [
              -89.41128145003339,
              43.07168784490933
            ],
            [
              -89.41128311570044,
              43.07168846619199
            ],
            [
              -89.41128471195782,
              43.07168924875272
            ],
            [
              -89.41128622323491,
              43.07169018495806
            ],
            [
              -89.41128763479007,
              43.071691265675845
            ],
            [
              -89.41128893285435,
              43.07169248036429
            ],
            [
              -89.41129010476587,
              43.07169381717479
            ],
            [
              -89.41129113909328,
              43.07169526306749
            ],
            [
              -89.4112920257473,
              43.07169680393853
            ],
            [
              -89.4112927560791,
              43.07169842475757
            ],
            [
              -89.41129332296472,
              43.07170010971442
            ],
            [
              -89.41129372087451,
              43.07170184237327
            ],
            [
              -89.41129394592707,
              43.071703605833015
            ],
            [
              -89.41129399592714,
              43.07170538289207
            ],
            [
              -89.41129099592713,
              43.07184638289207
            ],
            [
              -89.41129087310611,
              43.07184813355982
            ],
            [
              -89.41129058038453,
              43.07184986394609
            ],
            [
              -89.41129012054498,
              43.07185155760195
            ],
            [
              -89.41128949795865,
              43.07185319842761
            ],
            [
              -89.41128871854383,
              43.071854770825496
            ],
            [
              -89.41128778970956,
              43.07185625984849
            ],
            [
              -89.41128672028529,
              43.07185765134204
            ],
            [
              -89.41128552043689,
              43.07185893207871
            ],
            [
              -89.41128420157006,
              43.07186008988389
            ],
            [
              -89.41128277622184,
              43.071861113751574
            ],
            [
              -89.4112812579415,
              43.07186199394893
            ],
            [
              -89.4112796611617,
              43.07186272210886
            ],
            [
              -89.41127800106136,
              43.07186329130953
            ],
            [
              -89.41127629342125,
              43.071863696140156
            ],
            [
              -89.41127455447409,
              43.07186393275244
            ],
            [
              -89.41127280075021,
              43.07186399889718
            ],
            [
              -89.41101967792682,
              43.0718611967995
            ],
            [
              -89.41101832186557,
              43.071937136229124
            ],
            [
              -89.41126813432463,
              43.0719390005012
            ],
            [
              -89.41126991005048,
              43.07193910162836
            ],
            [
              -89.41127166712724,
              43.07193937750932
            ],
            [
              -89.41127338839937,
              43.07193982545044
            ],
            [
              -89.41127505706095,
              43.071940441078205
            ],
            [
              -89.41127665681972,
              43.071941218381816
            ],
            [
              -89.41127817205616,
              43.07194214977193
            ],
            [
              -89.411279587976,
              43.07194322615477
            ],
            [
              -89.41128089075467,
              43.07194443702088
            ],
            [
              -89.41128206767227,
              43.07194577054778
            ],
            [
              -89.41128310723776,
              43.07194721371534
            ],
            [
              -89.41128399930118,
              43.07194875243295
            ],
            [
              -89.41128473515269,
              43.07195037167708
            ],
            [
              -89.4112853076077,
              43.07195205563797
            ],
            [
              -89.41128571107694,
              43.07195378787397
            ],
            [
              -89.41128594162109,
              43.07195555147212
            ],
            [
              -89.41128599698916,
              43.07195732921321
            ],
            [
              -89.41128299698916,
              43.07212132921322
            ],
            [
              -89.41128287894368,
              43.072123084076075
            ],
            [
              -89.4112825901941,
              43.07212481904064
            ],
            [
              -89.41128213349735,
              43.07212651754188
            ],
            [
              -89.41128151321386,
              43.07212816336288
            ],
            [
              -89.41128073526598,
              43.07212974078972
            ],
            [
              -89.41127980708133,
              43.072131234761486
            ],
            [
              -89.41127873752204,
              43.07213263101408
            ],
            [
              -89.4112775368,
              43.07213391621639
            ],
            [
              -89.41127621637945,
              43.0721350780976
            ],
            [
              -89.41127478886746,
              43.07213610556433
            ],
            [
              -89.41127326789359,
              43.07213698880658
            ],
            [
              -89.41127166797975,
              43.07213771939132
            ],
            [
              -89.41127000440156,
              43.07213829034312
            ],
            [
              -89.41126829304247,
              43.07213869621065
            ],
            [
              -89.41126655024216,
              43.07213893311879
            ],
            [
              -89.4112647926405,
              43.07213899880558
            ]
          ]
        ]
      },
      "properties": {
        "building": "university",
        "name": "Engineering Hall",
        "@id": "way/56997838",
        "addr:street": "Engineering Drive",
        "addr:housenumber": "1415",
        "person_counts": [
          0,
          0,
          0,
          0,
          0,
          0,
          0,
          0,
          0,
          0,
          0,
          0,
          0,
          0,
          0,
          0,
          0,
          0,
          0,
          0,
          0,
          0,
          0,
          0,
          0,
          0,
          0,
          0,
          0,
          0,
          0,
          0,
          0,
          0,
          0,
          0,
          0,
          0,
          0,
          0,
          0,
          0,
          0,
          0,
          0,
          0,
          0,
          0,
          0,
          33,
          33,
          33,
          33,
          33,
          33,
          33,
          33,
          33,
          33,
          33,
          33,
          33,
          33,
          33,
          33,
          33,
          33,
          33,
          33,
          33,
          33,
          33,
          33,
          33,
          0,
          0,
          0,
          0,
          0,
          0,
          0,
          0,
          0,
          0,
          0,
          0,
          0,
          0,
          0,
          0,
          0,
          0,
          0,
          0,
          0,
          0,
          0,
          0,
          0,
          0,
          0,
          0,
          0,
          0,
          0,
          0,
          0,
          0,
          0,
          0,
          0,
          0,
          0,
          0,
          0,
          0,
          0,
          0,
          0,
          0,
          0,
          0,
          0,
          0,
          0,
          0,
          0,
          0,
          0,
          0,
          0,
          0,
          0,
          0,
          0,
          0,
          0,
          0,
          0,
          0,
          0,
          0,
          0,
          0,
          0,
          0,
          0,
          0,
          0,
          0,
          0,
          0,
          0,
          0,
          0,
          0,
          0,
          0,
          0,
          0,
          0,
          0,
          0,
          0,
          0,
          0,
          0,
          0,
          0,
          0,
          0,
          0,
          0,
          0,
          0,
          0,
          0,
          0,
          0,
          0,
          0,
          0,
          0,
          0,
          0
        ],
        "instructor_counts": [
          0,
          0,
          0,
          0,
          0,
          0,
          0,
          0,
          0,
          0,
          0,
          0,
          0,
          0,
          0,
          0,
          0,
          0,
          0,
          0,
          0,
          0,
          0,
          0,
          0,
          0,
          0,
          0,
          0,
          0,
          0,
          0,
          0,
          0,
          0,
          0,
          0,
          0,
          0,
          0,
          0,
          0,
          0,
          0,
          0,
          0,
          0,
          0,
          0,
          1,
          1,
          1,
          1,
          1,
          1,
          1,
          1,
          1,
          1,
          1,
          1,
          1,
          1,
          1,
          1,
          1,
          1,
          1,
          1,
          1,
          1,
          1,
          1,
          1,
          0,
          0,
          0,
          0,
          0,
          0,
          0,
          0,
          0,
          0,
          0,
          0,
          0,
          0,
          0,
          0,
          0,
          0,
          0,
          0,
          0,
          0,
          0,
          0,
          0,
          0,
          0,
          0,
          0,
          0,
          0,
          0,
          0,
          0,
          0,
          0,
          0,
          0,
          0,
          0,
          0,
          0,
          0,
          0,
          0,
          0,
          0,
          0,
          0,
          0,
          0,
          0,
          0,
          0,
          0,
          0,
          0,
          0,
          0,
          0,
          0,
          0,
          0,
          0,
          0,
          0,
          0,
          0,
          0,
          0,
          0,
          0,
          0,
          0,
          0,
          0,
          0,
          0,
          0,
          0,
          0,
          0,
          0,
          0,
          0,
          0,
          0,
          0,
          0,
          0,
          0,
          0,
          0,
          0,
          0,
          0,
          0,
          0,
          0,
          0,
          0,
          0,
          0,
          0,
          0,
          0,
          0,
          0,
          0,
          0,
          0
        ]
      }
    },
    {
      "type": "Feature",
      "geometry": {
        "type": "Polygon",
        "coordinates": [
          [
            [
              -89.40188448660119,
              43.07650807458382
            ],
            [
              -89.40188480161028,
              43.076508090388046
            ],
            [
              -89.40188658512679,
              43.076508360644404
            ],
            [
              -89.40188833263745,
              43.07650880805486
            ],
            [
              -89.40189002659181,
              43.076509428126016
            ],
            [
              -89.4018916499773,
              43.076510214630424
            ],
            [
              -89.40189318649006,
              43.07651115966914
            ],
            [
              -89.40189462069871,
              43.07651225375101
            ],
            [
              -89.40189593819935,
              43.076513485888064
            ],
            [
              -89.40189712576014,
              43.076514843705795
            ],
            [
              -89.40189817145428,
              43.07651631356749
            ],
            [
              -89.40189906477976,
              43.076517880711144
            ],
            [
              -89.40189979676477,
              43.07651952939776
            ],
            [
              -89.40190036005792,
              43.07652124306939
            ],
            [
              -89.401900749002,
              43.07652300451542
            ],
            [
              -89.40190095969079,
              43.076524796045454
            ],
            [
              -89.40190099000833,
              43.07652659966694
            ],
            [
              -89.40189999000833,
              43.07655659966694
            ],
            [
              -89.40189984948026,
              43.076558322940954
            ],
            [
              -89.401899544262,
              43.07656002478211
            ],
            [
              -89.40189907716969,
              43.076561689488166
            ],
            [
              -89.401898452513,
              43.076563301699544
            ],
            [
              -89.40189767605538,
              43.07656484654098
            ],
            [
              -89.40189675496094,
              43.076566309758846
            ],
            [
              -89.40189569772824,
              43.07656767785259
            ],
            [
              -89.40189451411193,
              43.07656893819935
            ],
            [
              -89.40189321503281,
              43.076570079170395
            ],
            [
              -89.40189181247696,
              43.076571090238424
            ],
            [
              -89.40189031938522,
              43.07657196207472
            ],
            [
              -89.40188874953375,
              43.076572686635195
            ],
            [
              -89.40188711740697,
              43.07657325723459
            ],
            [
              -89.40188543806389,
              43.076573668608226
            ],
            [
              -89.40188372699912,
              43.07657391696051
            ],
            [
              -89.40188242415526,
              43.07657397960529
            ],
            [
              -89.40187655670209,
              43.07675419423872
            ],
            [
              -89.40187684476345,
              43.076754226218156
            ],
            [
              -89.40187854036267,
              43.07675458204642
            ],
            [
              -89.40188019389808,
              43.07675509924183
            ],
            [
              -89.40188179005067,
              43.076755773012884
            ],
            [
              -89.40188331403297,
              43.07675659711748
            ],
            [
              -89.40188475172621,
              43.07675756392077
            ],
            [
              -89.40188608981101,
              43.07675866446589
            ],
            [
              -89.40188731589078,
              43.076759888556936
            ],
            [
              -89.4018884186066,
              43.07676122485341
            ],
            [
              -89.40188938774247,
              43.07676266097532
            ],
            [
              -89.4018902143199,
              43.07676418361783
            ],
            [
              -89.40189089068116,
              43.07676577867455
            ],
            [
              -89.40189141056013,
              43.076767431368204
            ],
            [
              -89.40189176914043,
              43.07676912638757
            ],
            [
              -89.40189196310006,
              43.07677084802926
            ],
            [
              -89.40189199064207,
              43.076772580343295
            ],
            [
              -89.40189099064206,
              43.076803580343295
            ],
            [
              -89.40189085181035,
              43.076805304965696
            ],
            [
              -89.40189054803693,
              43.07680700829138
            ],
            [
              -89.40189008212849,
              43.07680867458247
            ],
            [
              -89.40188945838979,
              43.07681028844328
            ],
            [
              -89.40188868258386,
              43.07681183496255
            ],
            [
              -89.40188776187877,
              43.07681329985122
            ],
            [
              -89.40188670478135,
              43.07681466957445
            ],
            [
              -89.40188552105867,
              43.0768159314767
            ],
            [
              -89.40188422164772,
              43.076817073898624
            ],
            [
              -89.4018828185544,
              43.07681808628482
            ],
            [
              -89.40188132474258,
              43.07681895928134
            ],
            [
              -89.40187975401433,
              43.076819684822155
            ],
            [
              -89.4018781208824,
              43.07682025620362
            ],
            [
              -89.4018764404361,
              43.07682066814646
            ],
            [
              -89.4018747282019,
              43.07682091684453
            ],
            [
              -89.40187439231886,
              43.07682093300613
            ],
            [
              -89.401870989308,
              43.076919620320965
            ],
            [
              -89.40187084696962,
              43.07692134215188
            ],
            [
              -89.40187054020988,
              43.07692304240491
            ],
            [
              -89.4018700718549,
              43.076924705415884
            ],
            [
              -89.40186944621955,
              43.07692631586375
            ],
            [
              -89.40186866906774,
              43.07692785891169
            ],
            [
              -89.40186774755922,
              43.07692932034385
            ],
            [
              -89.40186669018371,
              43.07693068669628
            ],
            [
              -89.40186550668267,
              43.07693194538098
            ],
            [
              -89.40186420795949,
              43.07693308480189
            ],
            [
              -89.4018628059791,
              43.07693409446169
            ],
            [
              -89.40186131365776,
              43.076934965058555
            ],
            [
              -89.40185974474397,
              43.0769356885718
            ],
            [
              -89.4018581136919,
              43.07693625833581
            ],
            [
              -89.40185643552817,
              43.07693666910145
            ],
            [
              -89.40185472571345,
              43.07693691708439
            ],
            [
              -89.401853,
              43.076936999999994
            ],
            [
              -89.40181744628693,
              43.076936999999994
            ],
            [
              -89.40181699121737,
              43.076951562225545
            ],
            [
              -89.4018168520826,
              43.07695330285622
            ],
            [
              -89.40181654494245,
              43.07695502181478
            ],
            [
              -89.40181607268742,
              43.07695670292418
            ],
            [
              -89.40181543976186,
              43.07695833036354
            ],
            [
              -89.40181465212224,
              43.076959888817086
            ],
            [
              -89.401813717181,
              43.07696136361825
            ],
            [
              -89.40181264373683,
              43.076962740887744
            ],
            [
              -89.40181144189191,
              43.07696400766412
            ],
            [
              -89.40181012295672,
              43.07696515202578
            ],
            [
              -89.40180869934375,
              43.07696616320318
            ],
            [
              -89.40180718445058,
              43.07696703168016
            ],
            [
              -89.40180559253379,
              43.07696774928352
            ],
            [
              -89.40180393857487,
              43.0769683092599
            ],
            [
              -89.4018022381392,
              43.076968706339386
            ],
            [
              -89.4018005072295,
              43.076968936785086
            ],
            [
              -89.4017987621353,
              43.07696899842828
            ],
            [
              -89.4008907621353,
              43.07695699842828
            ],
            [
              -89.40088901390173,
              43.07695689009262
            ],
            [
              -89.40088728447516,
              43.076956612350074
            ],
            [
              -89.40088559023204,
              43.076956167830694
            ],
            [
              -89.4008839472157,
              43.076955560743755
            ],
            [
              -89.40088237098439,
              43.07695479683797
            ],
            [
              -89.40088087646392,
              43.07695388334698
            ],
            [
              -89.40087947780637,
              43.07695282892093
            ],
            [
              -89.40087818825609,
              43.07695164354451
            ],
            [
              -89.4008770200242,
              43.076950338442416
            ],
            [
              -89.40087598417307,
              43.07694892597307
            ],
            [
              -89.40087509051149,
              43.07694741951158
            ],
            [
              -89.40087434750183,
              43.076945833323116
            ],
            [
              -89.40087376217988,
              43.076944182427766
            ],
            [
              -89.40087334008824,
              43.0769424824584
            ],
            [
              -89.40087308522381,
              43.07694074951254
            ],
            [
              -89.400873,
              43.076939
            ],
            [
              -89.400873,
              43.076918
            ],
            [
              -89.40082,
              43.076918
            ],
            [
              -89.40081939018077,
              43.07691798966705
            ],
            [
              -89.40076039018078,
              43.07691598966705
            ],
            [
              -89.4007586568905,
              43.07691584684392
            ],
            [
              -89.40075694547426,
              43.07691553741204
            ],
            [
              -89.40075527190893,
              43.0769150642601
            ],
            [
              -89.40075365181806,
              43.0769144318052
            ],
            [
              -89.40075210032596,
              43.07691364595161
            ],
            [
              -89.40075063191652,
              43.07691271403564
            ],
            [
              -89.40074926029807,
              43.076911644757175
            ],
            [
              -89.40074799827529,
              43.07691044809843
            ],
            [
              -89.40074685762978,
              43.076909135230785
            ],
            [
              -89.40074584901001,
              43.076907718410475
            ],
            [
              -89.4007449818319,
              43.0769062108642
            ],
            [
              -89.400744264191,
              43.07690462666561
            ],
            [
              -89.40074370278681,
              43.07690298060396
            ],
            [
              -89.4007433028603,
              43.076901288046
            ],
            [
              -89.40074306814499,
              43.07689956479258
            ],
            [
              -89.40074300083205,
              43.07689782693108
            ],
            [
              -89.400744,
              43.07679391346382
            ],
            [
              -89.400744,
              43.07675
            ],
            [
              -89.40074400935794,
              43.07674941965671
            ],
            [
              -89.40074500935793,
              43.07671841965671
            ],
            [
              -89.40074502710927,
              43.07671801247853
            ],
            [
              -89.40075001148625,
              43.07662729681744
            ],
            [
              -89.40075100486553,
              43.076584581508506
            ],
            [
              -89.40075100720465,
              43.076584490769946
            ],
            [
              -89.40075400720465,
              43.076478490769944
            ],
            [
              -89.40075414463567,
              43.076476722728714
            ],
            [
              -89.4007544553771,
              43.076474976791474
            ],
            [
              -89.40075493641274,
              43.0764732699049
            ],
            [
              -89.40075558307353,
              43.07647161863663
            ],
            [
              -89.40075638908273,
              43.076470039014445
            ],
            [
              -89.40075734661696,
              43.07646854637072
            ],
            [
              -89.40075844638201,
              43.07646715519356
            ],
            [
              -89.40075967770323,
              43.076465878986234
            ],
            [
              -89.40076102862895,
              43.076464730136045
            ],
            [
              -89.40076248604663,
              43.076463719794134
            ],
            [
              -89.40076403581007,
              43.07646285776723
            ],
            [
              -89.40076566287671,
              43.07646215242248
            ],
            [
              -89.40076735145368,
              43.07646161060619
            ],
            [
              -89.40076908515107,
              43.076461237577426
            ],
            [
              -89.40077084714099,
              43.076461036956935
            ],
            [
              -89.40077262032096,
              43.07646101069201
            ],
            [
              -89.4008303102528,
              43.076463000000004
            ],
            [
              -89.40088647991355,
              43.076463000000004
            ],
            [
              -89.40088651645746,
              43.076461647875355
            ],
            [
              -89.40085265391014,
              43.076460996672516
            ],
            [
              -89.40085090038203,
              43.07646087712517
            ],
            [
              -89.40084916687256,
              43.07646058712978
            ],
            [
              -89.40084746990975,
              43.0764601294513
            ],
            [
              -89.40084582567314,
              43.07645950845341
            ],
            [
              -89.4008442498396,
              43.076458730056984
            ],
            [
              -89.40084275743375,
              43.076457801683574
            ],
            [
              -89.40084136268484,
              43.076456732184674
            ],
            [
              -89.40084007889101,
              43.076455531757354
            ],
            [
              -89.40083891829245,
              43.07645421184698
            ],
            [
              -89.40083789195484,
              43.076452785038136
            ],
            [
              -89.40083700966368,
              43.07645126493462
            ],
            [
              -89.40083627983111,
              43.07644966602974
            ],
            [
              -89.40083570941567,
              43.07644800356812
            ],
            [
              -89.40083530385596,
              43.07644629340038
            ],
            [
              -89.40083506701872,
              43.076444551831976
            ],
            [
              -89.40083500116208,
              43.07644279546775
            ],
            [
              -89.40083600116208,
              43.07635479546775
            ],
            [
              -89.40083610469091,
              43.07635306146629
            ],
            [
              -89.40083637488249,
              43.0763513455188
            ],
            [
              -89.40083680922044,
              43.07634966360625
            ],
            [
              -89.4008374036597,
              43.07634803139264
            ],
            [
              -89.40083815266411,
              43.07634646407912
            ],
            [
              -89.40083904925805,
              43.076344976262405
            ],
            [
              -89.40084008509136,
              43.07634358179884
            ],
            [
              -89.4008412505171,
              43.07634229367535
            ],
            [
              -89.40084253468143,
              43.076341123888504
            ],
            [
              -89.40084392562464,
              43.07634008333277
            ],
            [
              -89.40084541039262,
              43.07633918169905
            ],
            [
              -89.40084697515738,
              43.07633842738445
            ],
            [
              -89.40084860534596,
              43.07633782741406
            ],
            [
              -89.40085028577607,
              43.07633738737553
            ],
            [
              -89.40085200079753,
              43.07633711136703
            ],
            [
              -89.40085373443797,
              43.07633700195908
            ],
            [
              -89.40085547055165,
              43.07633706017063
            ],
            [
              -89.40085719296978,
              43.07633728545953
            ],
            [
              -89.4008588856511,
              43.07633767572763
            ],
            [
              -89.40086053283136,
              43.07633822734027
            ],
            [
              -89.40086211916999,
              43.07633893516017
            ],
            [
              -89.40086362989311,
              43.07633979259527
            ],
            [
              -89.40086505093103,
              43.07634079166009
            ],
            [
              -89.4008740435814,
              43.0763477859437
            ],
            [
              -89.40114203623193,
              43.07655578023963
            ],
            [
              -89.40114343464892,
              43.076556985411784
            ],
            [
              -89.40114470227144,
              43.07655832747852
            ],
            [
              -89.40114582576594,
              43.07655979232325
            ],
            [
              -89.4011467933149,
              43.07656136453794
            ],
            [
              -89.40114759474108,
              43.07656302758515
            ],
            [
              -89.40114822161466,
              43.076564763972065
            ],
            [
              -89.40114866734184,
              43.07656655543439
            ],
            [
              -89.40114892723423,
              43.076568383128546
            ],
            [
              -89.4011489985581,
              43.07657022782985
            ],
            [
              -89.40114823234654,
              43.0766307585426
            ],
            [
              -89.40128176317839,
              43.07662900155797
            ],
            [
              -89.40128257114084,
              43.076629009063446
            ],
            [
              -89.40138988906197,
              43.07663241598157
            ],
            [
              -89.40138900031887,
              43.07648310714096
            ],
            [
              -89.40138900000001,
              43.076483
            ],
            [
              -89.40138900000001,
              43.076408
            ],
            [
              -89.40138908855377,
              43.076406216718304
            ],
            [
              -89.40138935334375,
              43.076404450982864
            ],
            [
              -89.40138979176457,
              43.076402720167295
            ],
            [
              -89.40139039950252,
              43.076401041301615
            ],
            [
              -89.40139117057785,
              43.07639943090471
            ],
            [
              -89.40139209740371,
              43.076397904821754
            ],
            [
              -89.4013931708608,
              43.076396478068354
            ],
            [
              -89.40139438038703,
              43.07639516468277
            ],
            [
              -89.4013957140815,
              43.07639397758781
            ],
            [
              -89.40139715882158,
              43.076392928463676
            ],
            [
              -89.40139870039204,
              43.076392027633
            ],
            [
              -89.40140032362488,
              43.076391283959346
            ],
            [
              -89.40140201254863,
              43.07639070475994
            ],
            [
              -89.40140375054544,
              43.07639029573371
            ],
            [
              -89.40140552051463,
              43.076390060905176
            ],
            [
              -89.40140730504093,
              43.07639000258491
            ],
            [
              -89.401448,
              43.07639069232997
            ],
            [
              -89.401448,
              43.076377
            ],
            [
              -89.40144808667492,
              43.07637523569147
            ],
            [
              -89.40144834586495,
              43.0763734883742
            ],
            [
              -89.40144877507396,
              43.07637177487581
            ],
            [
              -89.40144937016841,
              43.07637011169822
            ],
            [
              -89.40145012541724,
              43.076368514858736
            ],
            [
              -89.40145103354698,
              43.076366999735804
            ],
            [
              -89.40145208581184,
              43.076365580920886
            ],
            [
              -89.40145327207794,
              43.07636427207794
            ],
            [
              -89.40145458092088,
              43.07636308581184
            ],
            [
              -89.4014559997358,
              43.07636203354698
            ],
            [
              -89.40145751485873,
              43.07636112541724
            ],
            [
              -89.40145911169822,
              43.076360370168416
            ],
            [
              -89.40146077487582,
              43.07635977507396
            ],
            [
              -89.40146248837421,
              43.07635934586495
            ],
            [
              -89.40146423569148,
              43.07635908667492
            ],
            [
              -89.401466,
              43.076359000000004
            ],
            [
              -89.401477,
              43.076359000000004
            ],
            [
              -89.401477320424,
              43.076359002852215
            ],
            [
              -89.401814320424,
              43.076365002852214
            ],
            [
              -89.40181614026199,
              43.076365127695205
            ],
            [
              -89.40181793812005,
              43.07636543608214
            ],
            [
              -89.40181969553463,
              43.076365924845966
            ],
            [
              -89.40182139445754,
              43.0763665889672
            ],
            [
              -89.4018230174413,
              43.076367421625484
            ],
            [
              -89.40182454781826,
              43.076368414269645
            ],
            [
              -89.40182596987187,
              43.07636955670548
            ],
            [
              -89.40182726899799,
              43.07637083720047
            ],
            [
              -89.40182843185494,
              43.07637224260426
            ],
            [
              -89.40182944650047,
              43.07637375848371
            ],
            [
              -89.40183030251444,
              43.07637536927115
            ],
            [
              -89.40183099110583,
              43.07637705842419
            ],
            [
              -89.40183150520294,
              43.076378808595685
            ],
            [
              -89.40183183952615,
              43.07638060181181
            ],
            [
              -89.40183199064207,
              43.07638241965671
            ],
            [
              -89.40183242871765,
              43.076396
            ],
            [
              -89.401869,
              43.076396
            ],
            [
              -89.4018707942877,
              43.076396089652945
            ],
            [
              -89.40187257070171,
              43.07639635771871
            ],
            [
              -89.4018743115464,
              43.07639680152696
            ],
            [
              -89.40187599948045,
              43.07639741665675
            ],
            [
              -89.40187761768959,
              43.07639819698048
            ],
            [
              -89.40187915005417,
              43.076399134725015
            ],
            [
              -89.4018805813096,
              43.07640022054907
            ],
            [
              -89.40188189719854,
              43.07640144363627
            ],
            [
              -89.40188308461282,
              43.07640279180292
            ],
            [
              -89.4018841317241,
              43.07640425161933
            ],
            [
              -89.40188502810166,
              43.076405808543626
            ],
            [
              -89.40188576481626,
              43.076407447066615
            ],
            [
              -89.40188633452918,
              43.07640915086625
            ],
            [
              -89.40188673156527,
              43.076410902970224
            ],
            [
              -89.40188695196946,
              43.07641268592507
            ],
            [
              -89.40188699354621,
              43.07641448196999
            ],
            [
              -89.40188448660119,
              43.07650807458382
            ]
          ]
        ]
      },
      "properties": {
        "building": "university",
        "name": "Helen C. White Hall",
        "@id": "way/37749300",
        "addr:street": "North Park Street",
        "addr:housenumber": "600",
        "person_counts": [
          0,
          0,
          0,
          0,
          0,
          0,
          0,
          0,
          0,
          0,
          0,
          0,
          0,
          0,
          0,
          0,
          0,
          0,
          0,
          0,
          0,
          0,
          0,
          0,
          0,
          0,
          0,
          0,
          0,
          0,
          0,
          0,
          0,
          0,
          0,
          0,
          0,
          0,
          0,
          0,
          0,
          0,
          0,
          0,
          0,
          0,
          0,
          0,
          0,
          0,
          0,
          0,
          0,
          0,
          0,
          0,
          0,
          0,
          0,
          0,
          0,
          0,
          0,
          0,
          0,
          0,
          0,
          0,
          0,
          0,
          0,
          0,
          0,
          0,
          0,
          0,
          0,
          0,
          0,
          0,
          0,
          0,
          0,
          0,
          0,
          0,
          0,
          0,
          0,
          0,
          0,
          0,
          0,
          0,
          0,
          0,
          0,
          0,
          0,
          0,
          0,
          0,
          0,
          0,
          0,
          0,
          0,
          0,
          0,
          0,
          0,
          0,
          0,
          0,
          0,
          0,
          0,
          0,
          0,
          0,
          0,
          0,
          0,
          0,
          0,
          0,
          0,
          0,
          0,
          0,
          0,
          0,
          0,
          0,
          0,
          0,
          0,
          0,
          0,
          0,
          0,
          0,
          0,
          0,
          0,
          0,
          0,
          0,
          0,
          0,
          0,
          0,
          0,
          0,
          0,
          0,
          0,
          0,
          0,
          0,
          0,
          7,
          7,
          7,
          7,
          7,
          7,
          7,
          7,
          7,
          7,
          7,
          7,
          7,
          7,
          7,
          7,
          7,
          7,
          7,
          7,
          7,
          7,
          7,
          7
        ],
        "instructor_counts": [
          0,
          0,
          0,
          0,
          0,
          0,
          0,
          0,
          0,
          0,
          0,
          0,
          0,
          0,
          0,
          0,
          0,
          0,
          0,
          0,
          0,
          0,
          0,
          0,
          0,
          0,
          0,
          0,
          0,
          0,
          0,
          0,
          0,
          0,
          0,
          0,
          0,
          0,
          0,
          0,
          0,
          0,
          0,
          0,
          0,
          0,
          0,
          0,
          0,
          0,
          0,
          0,
          0,
          0,
          0,
          0,
          0,
          0,
          0,
          0,
          0,
          0,
          0,
          0,
          0,
          0,
          0,
          0,
          0,
          0,
          0,
          0,
          0,
          0,
          0,
          0,
          0,
          0,
          0,
          0,
          0,
          0,
          0,
          0,
          0,
          0,
          0,
          0,
          0,
          0,
          0,
          0,
          0,
          0,
          0,
          0,
          0,
          0,
          0,
          0,
          0,
          0,
          0,
          0,
          0,
          0,
          0,
          0,
          0,
          0,
          0,
          0,
          0,
          0,
          0,
          0,
          0,
          0,
          0,
          0,
          0,
          0,
          0,
          0,
          0,
          0,
          0,
          0,
          0,
          0,
          0,
          0,
          0,
          0,
          0,
          0,
          0,
          0,
          0,
          0,
          0,
          0,
          0,
          0,
          0,
          0,
          0,
          0,
          0,
          0,
          0,
          0,
          0,
          0,
          0,
          0,
          0,
          0,
          0,
          0,
          0,
          1,
          1,
          1,
          1,
          1,
          1,
          1,
          1,
          1,
          1,
          1,
          1,
          1,
          1,
          1,
          1,
          1,
          1,
          1,
          1,
          1,
          1,
          1,
          1
        ]
      }
    },
    {
      "type": "Feature",
      "geometry": {
        "type": "Polygon",
        "coordinates": [
          [
            [
              -89.406596,
              43.072699
            ],
            [
              -89.406407,
              43.072699
            ],
            [
              -89.406407,
              43.072708
            ],
            [
              -89.40640691332509,
              43.07270976430853
            ],
            [
              -89.40640665413505,
              43.0727115116258
            ],
            [
              -89.40640622492604,
              43.07271322512419
            ],
            [
              -89.4064056298316,
              43.07271488830178
            ],
            [
              -89.40640487458276,
              43.072716485141264
            ],
            [
              -89.40640396645303,
              43.072718000264196
            ],
            [
              -89.40640291418816,
              43.072719419079114
            ],
            [
              -89.40640172792206,
              43.07272072792206
            ],
            [
              -89.40640041907912,
              43.07272191418816
            ],
            [
              -89.4063990002642,
              43.07272296645302
            ],
            [
              -89.40639748514127,
              43.072723874582756
            ],
            [
              -89.40639588830179,
              43.07272462983158
            ],
            [
              -89.40639422512419,
              43.07272522492604
            ],
            [
              -89.4063925116258,
              43.07272565413505
            ],
            [
              -89.40639076430853,
              43.07272591332508
            ],
            [
              -89.406389,
              43.072725999999996
            ],
            [
              -89.406184,
              43.072725999999996
            ],
            [
              -89.406184,
              43.072956
            ],
            [
              -89.40618391332508,
              43.072957764308526
            ],
            [
              -89.40618365413505,
              43.0729595116258
            ],
            [
              -89.40618322492604,
              43.07296122512419
            ],
            [
              -89.40618262983159,
              43.07296288830178
            ],
            [
              -89.40618187458276,
              43.07296448514126
            ],
            [
              -89.40618096645302,
              43.072966000264195
            ],
            [
              -89.40617991418816,
              43.07296741907911
            ],
            [
              -89.40617872792205,
              43.07296872792206
            ],
            [
              -89.40617741907911,
              43.07296991418816
            ],
            [
              -89.4061760002642,
              43.07297096645302
            ],
            [
              -89.40617448514126,
              43.072971874582755
            ],
            [
              -89.40617288830178,
              43.07297262983158
            ],
            [
              -89.40617122512418,
              43.07297322492604
            ],
            [
              -89.40616951162579,
              43.07297365413505
            ],
            [
              -89.40616776430852,
              43.07297391332508
            ],
            [
              -89.406166,
              43.072973999999995
            ],
            [
              -89.405894,
              43.072973999999995
            ],
            [
              -89.40589223569148,
              43.07297391332508
            ],
            [
              -89.40589048837421,
              43.07297365413505
            ],
            [
              -89.40588877487582,
              43.07297322492604
            ],
            [
              -89.40588711169822,
              43.07297262983158
            ],
            [
              -89.40588551485874,
              43.072971874582755
            ],
            [
              -89.4058839997358,
              43.07297096645302
            ],
            [
              -89.40588258092089,
              43.07296991418816
            ],
            [
              -89.40588127207795,
              43.07296872792206
            ],
            [
              -89.40588008581184,
              43.07296741907911
            ],
            [
              -89.40587903354698,
              43.072966000264195
            ],
            [
              -89.40587812541725,
              43.07296448514126
            ],
            [
              -89.40587737016841,
              43.07296288830178
            ],
            [
              -89.40587677507396,
              43.07296122512419
            ],
            [
              -89.40587634586495,
              43.0729595116258
            ],
            [
              -89.40587608667492,
              43.072957764308526
            ],
            [
              -89.405876,
              43.072956
            ],
            [
              -89.405876,
              43.072637
            ],
            [
              -89.40587608667492,
              43.07263523569147
            ],
            [
              -89.40587634586495,
              43.0726334883742
            ],
            [
              -89.40587677507396,
              43.07263177487581
            ],
            [
              -89.40587737016841,
              43.07263011169822
            ],
            [
              -89.40587812541725,
              43.072628514858735
            ],
            [
              -89.40587903354698,
              43.0726269997358
            ],
            [
              -89.40588008581184,
              43.072625580920885
            ],
            [
              -89.40588127207795,
              43.07262427207794
            ],
            [
              -89.40588258092089,
              43.07262308581184
            ],
            [
              -89.4058839997358,
              43.07262203354698
            ],
            [
              -89.40588551485874,
              43.07262112541724
            ],
            [
              -89.40588711169822,
              43.072620370168416
            ],
            [
              -89.40588877487582,
              43.07261977507396
            ],
            [
              -89.40589048837421,
              43.07261934586495
            ],
            [
              -89.40589223569148,
              43.07261908667492
            ],
            [
              -89.405894,
              43.072619
            ],
            [
              -89.405947,
              43.072619
            ],
            [
              -89.405947,
              43.072602999999994
            ],
            [
              -89.405861,
              43.072602999999994
            ],
            [
              -89.40585923569148,
              43.07260291332508
            ],
            [
              -89.40585748837421,
              43.072602654135046
            ],
            [
              -89.40585577487582,
              43.07260222492604
            ],
            [
              -89.40585411169822,
              43.07260162983158
            ],
            [
              -89.40585251485874,
              43.072600874582754
            ],
            [
              -89.4058509997358,
              43.07259996645302
            ],
            [
              -89.40584958092089,
              43.072598914188156
            ],
            [
              -89.40584827207795,
              43.07259772792206
            ],
            [
              -89.40584708581184,
              43.07259641907911
            ],
            [
              -89.40584603354698,
              43.072595000264194
            ],
            [
              -89.40584512541724,
              43.07259348514126
            ],
            [
              -89.40584437016841,
              43.07259188830178
            ],
            [
              -89.40584377507396,
              43.07259022512419
            ],
            [
              -89.40584334586495,
              43.072588511625796
            ],
            [
              -89.40584308667492,
              43.072586764308525
            ],
            [
              -89.405843,
              43.072585
            ],
            [
              -89.405843,
              43.072463
            ],
            [
              -89.40584308667492,
              43.07246123569147
            ],
            [
              -89.40584334586495,
              43.0724594883742
            ],
            [
              -89.40584377507396,
              43.07245777487581
            ],
            [
              -89.40584437016841,
              43.072456111698216
            ],
            [
              -89.40584512541724,
              43.072454514858734
            ],
            [
              -89.40584603354698,
              43.0724529997358
            ],
            [
              -89.40584708581184,
              43.072451580920884
            ],
            [
              -89.40584827207795,
              43.07245027207794
            ],
            [
              -89.40584958092089,
              43.07244908581184
            ],
            [
              -89.4058509997358,
              43.072448033546976
            ],
            [
              -89.40585251485874,
              43.07244712541724
            ],
            [
              -89.40585411169822,
              43.072446370168414
            ],
            [
              -89.40585577487582,
              43.07244577507396
            ],
            [
              -89.40585748837421,
              43.07244534586495
            ],
            [
              -89.40585923569148,
              43.07244508667492
            ],
            [
              -89.405861,
              43.072445
            ],
            [
              -89.40607204912686,
              43.072445
            ],
            [
              -89.40607200000001,
              43.072444
            ],
            [
              -89.40607200000001,
              43.072362
            ],
            [
              -89.40607208667493,
              43.07236023569147
            ],
            [
              -89.40607234586496,
              43.0723584883742
            ],
            [
              -89.40607277507397,
              43.07235677487581
            ],
            [
              -89.40607337016841,
              43.072355111698215
            ],
            [
              -89.40607412541725,
              43.07235351485873
            ],
            [
              -89.40607503354698,
              43.0723519997358
            ],
            [
              -89.40607608581185,
              43.07235058092088
            ],
            [
              -89.40607727207795,
              43.072349272077936
            ],
            [
              -89.40607858092089,
              43.07234808581184
            ],
            [
              -89.40607999973581,
              43.072347033546976
            ],
            [
              -89.40608151485874,
              43.07234612541724
            ],
            [
              -89.40608311169822,
              43.072345370168414
            ],
            [
              -89.40608477487582,
              43.07234477507396
            ],
            [
              -89.40608648837421,
              43.07234434586495
            ],
            [
              -89.40608823569148,
              43.07234408667492
            ],
            [
              -89.40609,
              43.072344
            ],
            [
              -89.40611200000001,
              43.072344
            ],
            [
              -89.40611200000001,
              43.072287
            ],
            [
              -89.40611208667492,
              43.072285235691474
            ],
            [
              -89.40611234586495,
              43.072283488374204
            ],
            [
              -89.40611277507396,
              43.07228177487581
            ],
            [
              -89.40611337016841,
              43.07228011169822
            ],
            [
              -89.40611412541725,
              43.07227851485874
            ],
            [
              -89.40611503354698,
              43.072276999735806
            ],
            [
              -89.40611608581185,
              43.07227558092089
            ],
            [
              -89.40611727207795,
              43.07227427207794
            ],
            [
              -89.40611858092089,
              43.072273085811844
            ],
            [
              -89.40611999973581,
              43.07227203354698
            ],
            [
              -89.40612151485874,
              43.072271125417245
            ],
            [
              -89.40612311169822,
              43.07227037016842
            ],
            [
              -89.40612477487582,
              43.07226977507396
            ],
            [
              -89.40612648837421,
              43.07226934586495
            ],
            [
              -89.40612823569148,
              43.07226908667492
            ],
            [
              -89.40613,
              43.072269000000006
            ],
            [
              -89.406381,
              43.072269000000006
            ],
            [
              -89.40638276430852,
              43.07226908667492
            ],
            [
              -89.40638451162579,
              43.07226934586495
            ],
            [
              -89.40638622512418,
              43.07226977507396
            ],
            [
              -89.40638788830178,
              43.07227037016842
            ],
            [
              -89.40638948514126,
              43.072271125417245
            ],
            [
              -89.4063910002642,
              43.07227203354698
            ],
            [
              -89.40639241907911,
              43.072273085811844
            ],
            [
              -89.40639372792205,
              43.07227427207794
            ],
            [
              -89.40639491418816,
              43.07227558092089
            ],
            [
              -89.40639596645302,
              43.072276999735806
            ],
            [
              -89.40639687458275,
              43.07227851485874
            ],
            [
              -89.40639762983159,
              43.07228011169822
            ],
            [
              -89.40639822492604,
              43.07228177487581
            ],
            [
              -89.40639865413505,
              43.072283488374204
            ],
            [
              -89.40639891332508,
              43.072285235691474
            ],
            [
              -89.406399,
              43.072287
            ],
            [
              -89.406399,
              43.072297000000006
            ],
            [
              -89.406596,
              43.072297000000006
            ],
            [
              -89.40659776430851,
              43.07229708667492
            ],
            [
              -89.40659951162579,
              43.07229734586495
            ],
            [
              -89.40660122512418,
              43.07229777507396
            ],
            [
              -89.40660288830178,
              43.07229837016842
            ],
            [
              -89.40660448514126,
              43.072299125417246
            ],
            [
              -89.40660600026419,
              43.07230003354698
            ],
            [
              -89.40660741907911,
              43.072301085811844
            ],
            [
              -89.40660872792205,
              43.07230227207794
            ],
            [
              -89.40660991418815,
              43.07230358092089
            ],
            [
              -89.40661096645302,
              43.072304999735806
            ],
            [
              -89.40661187458275,
              43.07230651485874
            ],
            [
              -89.40661262983159,
              43.07230811169822
            ],
            [
              -89.40661322492603,
              43.07230977487581
            ],
            [
              -89.40661365413504,
              43.072311488374204
            ],
            [
              -89.40661391332507,
              43.072313235691475
            ],
            [
              -89.40661399999999,
              43.072315
            ],
            [
              -89.40661399999999,
              43.072681
            ],
            [
              -89.40661391332507,
              43.07268276430853
            ],
            [
              -89.40661365413504,
              43.0726845116258
            ],
            [
              -89.40661322492603,
              43.072686225124194
            ],
            [
              -89.40661262983159,
              43.072687888301786
            ],
            [
              -89.40661187458275,
              43.07268948514127
            ],
            [
              -89.40661096645302,
              43.0726910002642
            ],
            [
              -89.40660991418815,
              43.07269241907912
            ],
            [
              -89.40660872792205,
              43.072693727922065
            ],
            [
              -89.40660741907911,
              43.07269491418816
            ],
            [
              -89.40660600026419,
              43.072695966453026
            ],
            [
              -89.40660448514126,
              43.07269687458276
            ],
            [
              -89.40660288830178,
              43.07269762983159
            ],
            [
              -89.40660122512418,
              43.07269822492604
            ],
            [
              -89.40659951162579,
              43.07269865413505
            ],
            [
              -89.40659776430851,
              43.072698913325084
            ],
            [
              -89.406596,
              43.072699
            ]
          ]
        ]
      },
      "properties": {
        "building": "university",
        "name": "Brogden Psychology",
        "@id": "way/153063309",
        "addr:street": "West Johnson Street",
        "addr:housenumber": "1202",
        "person_counts": [
          0,
          0,
          0,
          0,
          0,
          0,
          0,
          0,
          0,
          0,
          0,
          0,
          0,
          0,
          0,
          0,
          0,
          0,
          0,
          0,
          0,
          0,
          0,
          0,
          0,
          0,
          0,
          0,
          0,
          0,
          0,
          0,
          0,
          0,
          0,
          0,
          0,
          0,
          0,
          0,
          0,
          0,
          0,
          0,
          0,
          0,
          0,
          0,
          0,
          0,
          0,
          0,
          0,
          0,
          0,
          0,
          0,
          0,
          0,
          0,
          0,
          0,
          0,
          0,
          0,
          0,
          0,
          0,
          0,
          0,
          0,
          0,
          0,
          0,
          0,
          0,
          0,
          0,
          0,
          0,
          0,
          0,
          0,
          0,
          0,
          0,
          0,
          0,
          0,
          0,
          0,
          0,
          0,
          0,
          0,
          0,
          0,
          0,
          0,
          0,
          0,
          0,
          0,
          0,
          0,
          100,
          100,
          100,
          100,
          100,
          100,
          100,
          100,
          100,
          100,
          100,
          100,
          100,
          100,
          100,
          100,
          100,
          100,
          100,
          100,
          100,
          100,
          100,
          100,
          100,
          0,
          0,
          0,
          0,
          0,
          0,
          0,
          0,
          0,
          0,
          0,
          0,
          0,
          0,
          0,
          0,
          0,
          0,
          0,
          0,
          0,
          0,
          0,
          0,
          0,
          0,
          0,
          0,
          0,
          0,
          0,
          0,
          0,
          0,
          0,
          0,
          0,
          0,
          0,
          0,
          0,
          0,
          0,
          0,
          0,
          0,
          0,
          0,
          0,
          0,
          0,
          0,
          0,
          0,
          0
        ],
        "instructor_counts": [
          0,
          0,
          0,
          0,
          0,
          0,
          0,
          0,
          0,
          0,
          0,
          0,
          0,
          0,
          0,
          0,
          0,
          0,
          0,
          0,
          0,
          0,
          0,
          0,
          0,
          0,
          0,
          0,
          0,
          0,
          0,
          0,
          0,
          0,
          0,
          0,
          0,
          0,
          0,
          0,
          0,
          0,
          0,
          0,
          0,
          0,
          0,
          0,
          0,
          0,
          0,
          0,
          0,
          0,
          0,
          0,
          0,
          0,
          0,
          0,
          0,
          0,
          0,
          0,
          0,
          0,
          0,
          0,
          0,
          0,
          0,
          0,
          0,
          0,
          0,
          0,
          0,
          0,
          0,
          0,
          0,
          0,
          0,
          0,
          0,
          0,
          0,
          0,
          0,
          0,
          0,
          0,
          0,
          0,
          0,
          0,
          0,
          0,
          0,
          0,
          0,
          0,
          0,
          0,
          0,
          2,
          2,
          2,
          2,
          2,
          2,
          2,
          2,
          2,
          2,
          2,
          2,
          2,
          2,
          2,
          2,
          2,
          2,
          2,
          2,
          2,
          2,
          2,
          2,
          2,
          0,
          0,
          0,
          0,
          0,
          0,
          0,
          0,
          0,
          0,
          0,
          0,
          0,
          0,
          0,
          0,
          0,
          0,
          0,
          0,
          0,
          0,
          0,
          0,
          0,
          0,
          0,
          0,
          0,
          0,
          0,
          0,
          0,
          0,
          0,
          0,
          0,
          0,
          0,
          0,
          0,
          0,
          0,
          0,
          0,
          0,
          0,
          0,
          0,
          0,
          0,
          0,
          0,
          0,
          0
        ]
      }
    },
    {
      "type": "Feature",
      "geometry": {
        "type": "Polygon",
        "coordinates": [
          [
            [
              -89.43108227310312,
              43.07753443866586
            ],
            [
              -89.43108299805395,
              43.07758373532274
            ],
            [
              -89.43108293382033,
              43.07758554210517
            ],
            [
              -89.4310826886661,
              43.07758733333048
            ],
            [
              -89.43108226506439,
              43.077589090928356
            ],
            [
              -89.43108166728864,
              43.07759079716775
            ],
            [
              -89.43108090136934,
              43.0775924348357
            ],
            [
              -89.43107997503326,
              43.077593987411035
            ],
            [
              -89.4310788976255,
              43.077595439231
            ],
            [
              -89.43107768001519,
              43.0775967756493
            ],
            [
              -89.4310763344859,
              43.077597983183814
            ],
            [
              -89.43107487461162,
              43.07759904965267
            ],
            [
              -89.43107331511993,
              43.077599964297065
            ],
            [
              -89.43107167174334,
              43.07760071788985
            ],
            [
              -89.43106996106062,
              43.077601302828604
            ],
            [
              -89.43106820032955,
              43.077601713212324
            ],
            [
              -89.4310664073128,
              43.07760194490097
            ],
            [
              -89.43106460009874,
              43.0776019955572
            ],
            [
              -89.43103773138046,
              43.07760139847457
            ],
            [
              -89.43103699805395,
              43.077651264677264
            ],
            [
              -89.4310368929,
              43.07765296064528
            ],
            [
              -89.43103662829131,
              43.07765463914077
            ],
            [
              -89.431036206586,
              43.07765628520562
            ],
            [
              -89.43103563154213,
              43.077657884170726
            ],
            [
              -89.43103490828427,
              43.07765942178671
            ],
            [
              -89.43103404325785,
              43.07766088435095
            ],
            [
              -89.43103304417161,
              43.0776622588296
            ],
            [
              -89.43103191992907,
              43.07766353297384
            ],
            [
              -89.43103068054901,
              43.07766469542898
            ],
            [
              -89.43102933707635,
              43.077665735835666
            ],
            [
              -89.43102790148359,
              43.07766664492218
            ],
            [
              -89.4310263865642,
              43.0776674145871
            ],
            [
              -89.43094965706781,
              43.077701942860465
            ],
            [
              -89.43095598497177,
              43.07770853442709
            ],
            [
              -89.4309571207564,
              43.07770983737313
            ],
            [
              -89.43095812633044,
              43.077711243252196
            ],
            [
              -89.43095899242125,
              43.07771273910038
            ],
            [
              -89.43095971104245,
              43.077714311124126
            ],
            [
              -89.43096027556744,
              43.07771594482747
            ],
            [
              -89.43096068079066,
              43.07771762514567
            ],
            [
              -89.43096092297542,
              43.07771933658414
            ],
            [
              -89.43096099988848,
              43.07772106336133
            ],
            [
              -89.43096091082063,
              43.07772278955425
            ],
            [
              -89.43096065659317,
              43.077724499245306
            ],
            [
              -89.43096023955039,
              43.077726176669046
            ],
            [
              -89.43095966353793,
              43.077727806357586
            ],
            [
              -89.43095893386733,
              43.07772937328321
            ],
            [
              -89.43095805726705,
              43.07773086299695
            ],
            [
              -89.4309570418204,
              43.07773226176184
            ],
            [
              -89.43095589689105,
              43.07773355667954
            ],
            [
              -89.43095463303663,
              43.07773473580935
            ],
            [
              -89.43095326191144,
              43.07773578827825
            ],
            [
              -89.4309517961589,
              43.07773670438119
            ],
            [
              -89.43095024929505,
              43.07773747567058
            ],
            [
              -89.43087524929506,
              43.07777047567058
            ],
            [
              -89.43087410931084,
              43.07777093151857
            ],
            [
              -89.43077710931082,
              43.077805931518576
            ],
            [
              -89.43077669209978,
              43.07780607629937
            ],
            [
              -89.43070169209979,
              43.07783107629936
            ],
            [
              -89.43070026004949,
              43.07783148862425
            ],
            [
              -89.43062226004949,
              43.07785048862425
            ],
            [
              -89.43062178444507,
              43.0778505976696
            ],
            [
              -89.43052878444507,
              43.0778705976696
            ],
            [
              -89.4305279915176,
              43.07787074967105
            ],
            [
              -89.43043899151759,
              43.077885749671054
            ],
            [
              -89.43043762964344,
              43.07788592607772
            ],
            [
              -89.43033862964343,
              43.07789492607772
            ],
            [
              -89.43033822048567,
              43.077894958574966
            ],
            [
              -89.43023522048567,
              43.07790195857496
            ],
            [
              -89.43023414515658,
              43.0779019994147
            ],
            [
              -89.43012869983869,
              43.07790284978017
            ],
            [
              -89.43012898670113,
              43.077910308203805
            ],
            [
              -89.43012897019483,
              43.07791203542156
            ],
            [
              -89.43012878821,
              43.077913753104646
            ],
            [
              -89.43012844242244,
              43.077915445435764
            ],
            [
              -89.43012793601638,
              43.077917096831094
            ],
            [
              -89.430127273655,
              43.07791869208376
            ],
            [
              -89.43012646143771,
              43.077920216503884
            ],
            [
              -89.43012550684378,
              43.07792165605384
            ],
            [
              -89.4301244186636,
              43.077922997477536
            ],
            [
              -89.43012320691767,
              43.07792422842247
            ],
            [
              -89.43012188276434,
              43.077925337553495
            ],
            [
              -89.4301204583971,
              43.07792631465717
            ],
            [
              -89.43011894693221,
              43.077927150735846
            ],
            [
              -89.43011736228802,
              43.07792783809049
            ],
            [
              -89.43011571905669,
              43.07792837039159
            ],
            [
              -89.43011403236994,
              43.07792874273746
            ],
            [
              -89.43011231775961,
              43.07792895169935
            ],
            [
              -89.4301105910147,
              43.07792899535304
            ],
            [
              -89.4300665910147,
              43.07792799535304
            ],
            [
              -89.43006483434705,
              43.077927869245855
            ],
            [
              -89.4300630984121,
              43.077927572069086
            ],
            [
              -89.43006139982863,
              43.07792710666773
            ],
            [
              -89.4300597548579,
              43.077926477497265
            ],
            [
              -89.43005817924785,
              43.07792569058099
            ],
            [
              -89.43005668808249,
              43.077924753452386
            ],
            [
              -89.4300552956373,
              43.07792367508296
            ],
            [
              -89.43005401524276,
              43.077922465796384
            ],
            [
              -89.43005285915659,
              43.07792113716965
            ],
            [
              -89.43005183844649,
              43.077919701922255
            ],
            [
              -89.43005096288412,
              43.077918173794394
            ],
            [
              -89.43005024085161,
              43.077916567415464
            ],
            [
              -89.43004967926127,
              43.07791489816398
            ],
            [
              -89.43004928348944,
              43.07791318202038
            ],
            [
              -89.43004905732498,
              43.077911435414
            ],
            [
              -89.43004837532385,
              43.07790291039985
            ],
            [
              -89.42987990270412,
              43.07790199973704
            ],
            [
              -89.42987974827636,
              43.07790199823978
            ],
            [
              -89.42959374827636,
              43.077897998239784
            ],
            [
              -89.42959193406843,
              43.077897881049374
            ],
            [
              -89.42959014093479,
              43.07789758145659
            ],
            [
              -89.42958838716702,
              43.07789710251753
            ],
            [
              -89.42958669065506,
              43.07789644911781
            ],
            [
              -89.42958506870482,
              43.07789562792266
            ],
            [
              -89.42958353786163,
              43.077894647308995
            ],
            [
              -89.42958211374142,
              43.077893517279946
            ],
            [
              -89.42958081087147,
              43.07789224936278
            ],
            [
              -89.42957964254218,
              43.077890856491386
            ],
            [
              -89.42957862067156,
              43.07788935287426
            ],
            [
              -89.42957775568357,
              43.077887753849616
            ],
            [
              -89.42957705640184,
              43.07788607572891
            ],
            [
              -89.42957652995968,
              43.07788433563044
            ],
            [
              -89.42954268255055,
              43.07774795048191
            ],
            [
              -89.42953087798925,
              43.07771155308456
            ],
            [
              -89.42953042317606,
              43.07770988011084
            ],
            [
              -89.42953013142024,
              43.07770817114196
            ],
            [
              -89.42953000542838,
              43.07770644203173
            ],
            [
              -89.42953004636927,
              43.07770470882085
            ],
            [
              -89.42953025386312,
              43.07770298758803
            ],
            [
              -89.42953062598504,
              43.07770129430088
            ],
            [
              -89.42953115928292,
              43.077699644667746
            ],
            [
              -89.42953184880942,
              43.07769805399201
            ],
            [
              -89.42953268816794,
              43.077696537030114
            ],
            [
              -89.42953366957187,
              43.07769510785467
            ],
            [
              -89.42953478391689,
              43.07769377972392
            ],
            [
              -89.4295360208654,
              43.07769256495872
            ],
            [
              -89.42953736894242,
              43.077691474828235
            ],
            [
              -89.42953881564205,
              43.07769051944545
            ],
            [
              -89.42954034754351,
              43.07768970767329
            ],
            [
              -89.42960634754351,
              43.07765870767329
            ],
            [
              -89.42960699850333,
              43.07765841750789
            ],
            [
              -89.42965199850333,
              43.07763941750789
            ],
            [
              -89.42965386142144,
              43.07763874905769
            ],
            [
              -89.42970086142144,
              43.07762474905769
            ],
            [
              -89.42970181905572,
              43.07762449229584
            ],
            [
              -89.42976881905572,
              43.077608492295845
            ],
            [
              -89.42977059858377,
              43.07760816090809
            ],
            [
              -89.42982259858377,
              43.07760116090809
            ],
            [
              -89.42982382857552,
              43.07760103815809
            ],
            [
              -89.42986982857553,
              43.077598038158094
            ],
            [
              -89.42987032123783,
              43.07759801280228
            ],
            [
              -89.42990555006875,
              43.07759668341243
            ],
            [
              -89.42990545562228,
              43.077593
            ],
            [
              -89.429886,
              43.077593
            ],
            [
              -89.4298842510279,
              43.07759291482896
            ],
            [
              -89.42988251860713,
              43.07759266012185
            ],
            [
              -89.42988081913232,
              43.07759223828908
            ],
            [
              -89.42987916868641,
              43.077591653322635
            ],
            [
              -89.42987758288828,
              43.077590910758325
            ],
            [
              -89.42987607674505,
              43.07759001762336
            ],
            [
              -89.42987466451004,
              43.07758898236988
            ],
            [
              -89.42987335954787,
              43.07758781479497
            ],
            [
              -89.42987217420796,
              43.077586525947886
            ],
            [
              -89.42987111970774,
              43.07758512802559
            ],
            [
              -89.4298702060264,
              43.07758363425724
            ],
            [
              -89.42986944181052,
              43.07758205877903
            ],
            [
              -89.42986883429224,
              43.07758041650043
            ],
            [
              -89.42986838922074,
              43.077578722963054
            ],
            [
              -89.42986811080796,
              43.07757699419361
            ],
            [
              -89.42986800168863,
              43.077575246552215
            ],
            [
              -89.42986723948816,
              43.077519605918006
            ],
            [
              -89.4294835961117,
              43.07751099546815
            ],
            [
              -89.4294818743507,
              43.07751087404864
            ],
            [
              -89.4294801721352,
              43.07751058827595
            ],
            [
              -89.42947850511719,
              43.077510140777775
            ],
            [
              -89.42947688862505,
              43.0775095356689
            ],
            [
              -89.4294753375225,
              43.07750877851335
            ],
            [
              -89.42947386607207,
              43.07750787627321
            ],
            [
              -89.42947248780385,
              43.07750683724465
            ],
            [
              -89.4294712153911,
              43.07750567098162
            ],
            [
              -89.42947006053377,
              43.07750438820799
            ],
            [
              -89.42946903385085,
              43.077503000718956
            ],
            [
              -89.42946814478277,
              43.07750152127258
            ],
            [
              -89.42946740150457,
              43.077499963472484
            ],
            [
              -89.42946681085073,
              43.07749834164275
            ],
            [
              -89.42946637825239,
              43.07749667069622
            ],
            [
              -89.42946610768729,
              43.077494965997374
            ],
            [
              -89.4294660016433,
              43.077493243221035
            ],
            [
              -89.42946524159979,
              43.077436999999996
            ],
            [
              -89.429429,
              43.077436999999996
            ],
            [
              -89.42942722152085,
              43.07743691192373
            ],
            [
              -89.42942546044634,
              43.077436648556876
            ],
            [
              -89.4294237340108,
              43.077436212476805
            ],
            [
              -89.42942205910956,
              43.0774356079511
            ],
            [
              -89.4294204521336,
              43.07743484089581
            ],
            [
              -89.42941892880923,
              43.077433918817526
            ],
            [
              -89.42941750404405,
              43.077432850739946
            ],
            [
              -89.4294161917812,
              43.07743164711553
            ],
            [
              -89.4294150048628,
              43.07743031972327
            ],
            [
              -89.42941395490433,
              43.077428881553345
            ],
            [
              -89.42941305218096,
              43.077427346680054
            ],
            [
              -89.42941230552695,
              43.07742573012405
            ],
            [
              -89.42941172224926,
              43.07742404770536
            ],
            [
              -89.42941130805599,
              43.077422315888555
            ],
            [
              -89.42941106700052,
              43.07742055162163
            ],
            [
              -89.4294110014419,
              43.07741877217015
            ],
            [
              -89.42941400144191,
              43.07718177217015
            ],
            [
              -89.42941410887173,
              43.077180023253014
            ],
            [
              -89.42941438583942,
              43.07717829306771
            ],
            [
              -89.42941482972046,
              43.077176598009615
            ],
            [
              -89.42941543630855,
              43.077174954141256
            ],
            [
              -89.42941619985564,
              43.07717337704007
            ],
            [
              -89.42941711312628,
              43.077171881650806
            ],
            [
              -89.42941816746622,
              43.0771704821439
            ],
            [
              -89.42941935288447,
              43.07716919178121
            ],
            [
              -89.42942065814789,
              43.07716802279031
            ],
            [
              -89.4294220708877,
              43.07716698624868
            ],
            [
              -89.42942357771663,
              43.07716609197867
            ],
            [
              -89.42942516435586,
              43.07716534845445
            ],
            [
              -89.42942681577026,
              43.077164762721736
            ],
            [
              -89.42942851631086,
              43.07716434033098
            ],
            [
              -89.4294302498632,
              43.077164085284785
            ],
            [
              -89.429432,
              43.077164
            ],
            [
              -89.429495,
              43.077164
            ],
            [
              -89.42949676430852,
              43.07716408667492
            ],
            [
              -89.4294985116258,
              43.07716434586495
            ],
            [
              -89.42950022512419,
              43.07716477507396
            ],
            [
              -89.42950188830179,
              43.077165370168416
            ],
            [
              -89.42950348514127,
              43.07716612541724
            ],
            [
              -89.4295050002642,
              43.07716703354698
            ],
            [
              -89.42950641907912,
              43.07716808581184
            ],
            [
              -89.42950772792206,
              43.07716927207794
            ],
            [
              -89.42950891418816,
              43.077170580920885
            ],
            [
              -89.42950996645303,
              43.0771719997358
            ],
            [
              -89.42951087458276,
              43.077173514858735
            ],
            [
              -89.4295116298316,
              43.07717511169822
            ],
            [
              -89.42951222492604,
              43.07717677487581
            ],
            [
              -89.42951265413505,
              43.0771784883742
            ],
            [
              -89.42951291332508,
              43.07718023569147
            ],
            [
              -89.429513,
              43.077182
            ],
            [
              -89.429513,
              43.07719122399128
            ],
            [
              -89.4300385508132,
              43.07719780512847
            ],
            [
              -89.43003903354698,
              43.077196999735804
            ],
            [
              -89.43004008581184,
              43.077195580920886
            ],
            [
              -89.43004127207794,
              43.07719427207794
            ],
            [
              -89.43004258092088,
              43.07719308581184
            ],
            [
              -89.4300439997358,
              43.07719203354698
            ],
            [
              -89.43004551485873,
              43.077191125417244
            ],
            [
              -89.43004711169822,
              43.07719037016842
            ],
            [
              -89.43004877487581,
              43.07718977507396
            ],
            [
              -89.4300504883742,
              43.07718934586495
            ],
            [
              -89.43005223569148,
              43.07718908667492
            ],
            [
              -89.430054,
              43.077189000000004
            ],
            [
              -89.430116,
              43.077189000000004
            ],
            [
              -89.43011776588266,
              43.07718908683003
            ],
            [
              -89.43011951472847,
              43.0771893464824
            ],
            [
              -89.43012122966495,
              43.07718977645204
            ],
            [
              -89.43012289414676,
              43.07719037259069
            ],
            [
              -89.43012449211537,
              43.077191129146954
            ],
            [
              -89.4301260081539,
              43.07719203882172
            ],
            [
              -89.43012742763595,
              43.07719309283866
            ],
            [
              -89.43012873686668,
              43.07719428102885
            ],
            [
              -89.4301299232149,
              43.07719559192889
            ],
            [
              -89.43013097523502,
              43.077197012891496
            ],
            [
              -89.43013188277733,
              43.07719853020754
            ],
            [
              -89.43013217492933,
              43.07719914952956
            ],
            [
              -89.43080115742838,
              43.077205000688444
            ],
            [
              -89.43080292807481,
              43.077205103561035
            ],
            [
              -89.43080468000124,
              43.07720538019322
            ],
            [
              -89.43080639619791,
              43.077205827899135
            ],
            [
              -89.43080806000197,
              43.07720644233192
            ],
            [
              -89.43080965525925,
              43.077207217525945
            ],
            [
              -89.43081116648115,
              43.077208145954714
            ],
            [
              -89.43081257899492,
              43.07720921860396
            ],
            [
              -89.43081387908626,
              43.07721042505915
            ],
            [
              -89.43081505413232,
              43.07721175360659
            ],
            [
              -89.43081609272441,
              43.0772131913472
            ],
            [
              -89.43081698477866,
              43.0772147243217
            ],
            [
              -89.43081772163394,
              43.07721633764618
            ],
            [
              -89.43081829613601,
              43.0772180156566
            ],
            [
              -89.43081870270693,
              43.077219742060855
            ],
            [
              -89.43081893739922,
              43.07722150009701
            ],
            [
              -89.43081899793424,
              43.077223272695974
            ],
            [
              -89.43081727238572,
              43.07733715889768
            ],
            [
              -89.43102815719924,
              43.07733900068644
            ],
            [
              -89.4310299195188,
              43.077339102641325
            ],
            [
              -89.43103166337684,
              43.0773393767293
            ],
            [
              -89.43103337200127,
              43.07733982031425
            ],
            [
              -89.4310350289589,
              43.07734042912987
            ],
            [
              -89.43103661831346,
              43.0773411973207
            ],
            [
              -89.43103812477885,
              43.077342117498425
            ],
            [
              -89.43103953386623,
              43.07734318081298
            ],
            [
              -89.43104083202326,
              43.07734437703762
            ],
            [
              -89.43104200676453,
              43.0773456946673
            ],
            [
              -89.43104304679164,
              43.07734712102934
            ],
            [
              -89.43104394210182,
              43.077348642405276
            ],
            [
              -89.43104468408416,
              43.07735024416283
            ],
            [
              -89.43104526560242,
              43.07735191089663
            ],
            [
              -89.43104568106368,
              43.07735362657638
            ],
            [
              -89.43104592647214,
              43.077355374701014
            ],
            [
              -89.43104599946747,
              43.077357138457444
            ],
            [
              -89.43104513664933,
              43.07746930481556
            ],
            [
              -89.43132230504092,
              43.07747400258491
            ],
            [
              -89.43132234608984,
              43.07747400332748
            ],
            [
              -89.43136870769335,
              43.077474894896774
            ],
            [
              -89.43140901539647,
              43.0774480230947
            ],
            [
              -89.4314105034047,
              43.077447131544865
            ],
            [
              -89.43141207032191,
              43.07744638736741
            ],
            [
              -89.43141370159594,
              43.07744579747361
            ],
            [
              -89.43141538207692,
              43.07744536734188
            ],
            [
              -89.43141709615801,
              43.07744510096691
            ],
            [
              -89.43141882792033,
              43.07744500082256
            ],
            [
              -89.43142056128077,
              43.07744506783889
            ],
            [
              -89.4314222801414,
              43.077445301393496
            ],
            [
              -89.43142396853895,
              43.07744569931733
            ],
            [
              -89.43142561079303,
              43.077446257914836
            ],
            [
              -89.43142719165182,
              43.077446971998235
            ],
            [
              -89.43142869643368,
              43.07744783493575
            ],
            [
              -89.43143011116354,
              43.07744883871316
            ],
            [
              -89.43149511116353,
              43.07749983871316
            ],
            [
              -89.43149641590283,
              43.077500967526824
            ],
            [
              -89.4314976065781,
              43.0775022160689
            ],
            [
              -89.43149867225073,
              43.077503572869105
            ],
            [
              -89.43149960313042,
              43.07750502546262
            ],
            [
              -89.43150039066526,
              43.077506560504574
            ],
            [
              -89.43150102762023,
              43.07750816389264
            ],
            [
              -89.43150150814367,
              43.07750982089661
            ],
            [
              -89.43150182782104,
              43.0775115162937
            ],
            [
              -89.43150198371548,
              43.07751323450842
            ],
            [
              -89.43150197439482,
              43.07751495975567
            ],
            [
              -89.43150179994466,
              43.0775166761857
            ],
            [
              -89.43150146196768,
              43.077518368029814
            ],
            [
              -89.43150096356885,
              43.077520019745144
            ],
            [
              -89.43150030932692,
              43.077521616157505
            ],
            [
              -89.43149950525238,
              43.07752314260077
            ],
            [
              -89.43149855873217,
              43.07752458505161
            ],
            [
              -89.43149747846194,
              43.07752593025834
            ],
            [
              -89.43149627436603,
              43.07752716586263
            ],
            [
              -89.43149495750639,
              43.07752828051308
            ],
            [
              -89.43149353998092,
              43.077529263969474
            ],
            [
              -89.43147826926298,
              43.077538808168185
            ],
            [
              -89.43144895176779,
              43.0775612849145
            ],
            [
              -89.4314474798868,
              43.077562301364196
            ],
            [
              -89.43144591438889,
              43.07756316670803
            ],
            [
              -89.43144427073386,
              43.07756387240045
            ],
            [
              -89.43144256515333,
              43.077564411472515
            ],
            [
              -89.43144081449044,
              43.077564778600724
            ],
            [
              -89.43143903603357,
              43.07756497015956
            ],
            [
              -89.43143724734553,
              43.07756498425732
            ],
            [
              -89.4314354660902,
              43.07756482075479
            ],
            [
              -89.43143370985804,
              43.0775644812666
            ],
            [
              -89.4314319959924,
              43.07756396914532
            ],
            [
              -89.43143034141825,
              43.07756328944829
            ],
            [
              -89.43142876247505,
              43.077562448887754
            ],
            [
              -89.43142727475536,
              43.07756145576451
            ],
            [
              -89.43140088533475,
              43.07754187651696
            ],
            [
              -89.43135862508136,
              43.07754099609502
            ],
            [
              -89.43135857300155,
              43.07754099493463
            ],
            [
              -89.43108227310312,
              43.07753443866586
            ]
          ]
        ]
      },
      "properties": {
        "building": "university",
        "name": "Health Sciences Learning Center",
        "@id": "way/107463323",
        "addr:street": "Highland Avenue",
        "addr:housenumber": "750",
        "person_counts": [
          526,
          526,
          526,
          526,
          526,
          526,
          526,
          526,
          526,
          526,
          526,
          526,
          526,
          526,
          526,
          526,
          526,
          526,
          526,
          526,
          526,
          526,
          526,
          526,
          526,
          526,
          526,
          526,
          526,
          526,
          526,
          526,
          526,
          526,
          526,
          526,
          526,
          526,
          526,
          526,
          526,
          526,
          526,
          526,
          526,
          526,
          526,
          526,
          526,
          526,
          526,
          526,
          526,
          526,
          526,
          526,
          526,
          526,
          526,
          526,
          526,
          526,
          526,
          526,
          526,
          526,
          526,
          526,
          526,
          526,
          526,
          526,
          526,
          526,
          526,
          526,
          526,
          526,
          526,
          526,
          526,
          526,
          526,
          526,
          526,
          526,
          526,
          526,
          526,
          526,
          526,
          526,
          526,
          526,
          526,
          526,
          526,
          526,
          526,
          526,
          526,
          526,
          526,
          526,
          526,
          526,
          526,
          526,
          526,
          526,
          526,
          526,
          526,
          526,
          526,
          526,
          526,
          526,
          526,
          526,
          526,
          526,
          526,
          526,
          526,
          526,
          526,
          526,
          526,
          526,
          526,
          526,
          526,
          0,
          0,
          0,
          0,
          0,
          0,
          0,
          0,
          0,
          0,
          0,
          0,
          0,
          0,
          0,
          0,
          0,
          0,
          0,
          0,
          0,
          0,
          0,
          0,
          0,
          0,
          0,
          0,
          0,
          0,
          0,
          0,
          0,
          0,
          0,
          0,
          0,
          0,
          0,
          0,
          0,
          0,
          0,
          0,
          0,
          0,
          0,
          0,
          0,
          0,
          0,
          0
        ],
        "instructor_counts": [
          3,
          3,
          3,
          3,
          3,
          3,
          3,
          3,
          3,
          3,
          3,
          3,
          3,
          3,
          3,
          3,
          3,
          3,
          3,
          3,
          3,
          3,
          3,
          3,
          3,
          3,
          3,
          3,
          3,
          3,
          3,
          3,
          3,
          3,
          3,
          3,
          3,
          3,
          3,
          3,
          3,
          3,
          3,
          3,
          3,
          3,
          3,
          3,
          3,
          3,
          3,
          3,
          3,
          3,
          3,
          3,
          3,
          3,
          3,
          3,
          3,
          3,
          3,
          3,
          3,
          3,
          3,
          3,
          3,
          3,
          3,
          3,
          3,
          3,
          3,
          3,
          3,
          3,
          3,
          3,
          3,
          3,
          3,
          3,
          3,
          3,
          3,
          3,
          3,
          3,
          3,
          3,
          3,
          3,
          3,
          3,
          3,
          3,
          3,
          3,
          3,
          3,
          3,
          3,
          3,
          3,
          3,
          3,
          3,
          3,
          3,
          3,
          3,
          3,
          3,
          3,
          3,
          3,
          3,
          3,
          3,
          3,
          3,
          3,
          3,
          3,
          3,
          3,
          3,
          3,
          3,
          3,
          3,
          0,
          0,
          0,
          0,
          0,
          0,
          0,
          0,
          0,
          0,
          0,
          0,
          0,
          0,
          0,
          0,
          0,
          0,
          0,
          0,
          0,
          0,
          0,
          0,
          0,
          0,
          0,
          0,
          0,
          0,
          0,
          0,
          0,
          0,
          0,
          0,
          0,
          0,
          0,
          0,
          0,
          0,
          0,
          0,
          0,
          0,
          0,
          0,
          0,
          0,
          0,
          0
        ]
      }
    },
    {
      "type": "Feature",
      "geometry": {
        "type": "Polygon",
        "coordinates": [
          [
            [
              -89.40724128217647,
              43.07193606770325
            ],
            [
              -89.40604728217647,
              43.07153606770325
            ],
            [
              -89.40604567310308,
              43.07153544130717
            ],
            [
              -89.40604413145272,
              43.0715346636161
            ],
            [
              -89.40604267141187,
              43.07153374178643
            ],
            [
              -89.40604130641599,
              43.07153268430097
            ],
            [
              -89.40604004902596,
              43.07153150089083
            ],
            [
              -89.40603891081244,
              43.0715302024459
            ],
            [
              -89.40603790224942,
              43.071528800914635
            ],
            [
              -89.40603703261783,
              43.07152730919411
            ],
            [
              -89.40603630992013,
              43.07152574101133
            ],
            [
              -89.40603574080664,
              43.071524110796894
            ],
            [
              -89.40603533051447,
              43.07152243355226
            ],
            [
              -89.40603508281914,
              43.07152072471164
            ],
            [
              -89.406035,
              43.071519
            ],
            [
              -89.406035,
              43.071471
            ],
            [
              -89.40603508893957,
              43.07146921284746
            ],
            [
              -89.40603535487935,
              43.07146744335587
            ],
            [
              -89.4060357951913,
              43.07146570901166
            ],
            [
              -89.40603640552416,
              43.07146402695391
            ],
            [
              -89.40603717984654,
              43.07146241380503
            ],
            [
              -89.4060381105064,
              43.07146088550642
            ],
            [
              -89.40603918830685,
              43.07145945716099
            ],
            [
              -89.40604040259686,
              43.07145814288391
            ],
            [
              -89.4060417413766,
              43.071456955663095
            ],
            [
              -89.40604319141602,
              43.07145590723086
            ],
            [
              -89.40604473838557,
              43.07145500794801
            ],
            [
              -89.40604636699784,
              43.071454266701394
            ],
            [
              -89.40604806115859,
              43.071453690816156
            ],
            [
              -89.40604980412583,
              43.07145328598328
            ],
            [
              -89.40605157867526,
              43.07145305620342
            ],
            [
              -89.40605336727046,
              43.07145300374727
            ],
            [
              -89.40608430868244,
              43.071453635204655
            ],
            [
              -89.4060890025849,
              43.071176694959064
            ],
            [
              -89.40608911776322,
              43.071174944371755
            ],
            [
              -89.40608940281295,
              43.07117321331179
            ],
            [
              -89.40608985502628,
              43.071171518223274
            ],
            [
              -89.40609047010744,
              43.07116987520863
            ],
            [
              -89.4060912422135,
              43.07116829987559
            ],
            [
              -89.40609216400989,
              43.071166807188945
            ],
            [
              -89.40609322674001,
              43.07116541132841
            ],
            [
              -89.40609442030855,
              43.071164125553885
            ],
            [
              -89.40609573337723,
              43.071162962079526
            ],
            [
              -89.40609715347264,
              43.0711619319577
            ],
            [
              -89.40609866710466,
              43.071161044973984
            ],
            [
              -89.40610025989459,
              43.07116030955426
            ],
            [
              -89.40610191671183,
              43.07115973268459
            ],
            [
              -89.40610362181751,
              43.07115931984494
            ],
            [
              -89.40610535901406,
              43.07115907495704
            ],
            [
              -89.40610711179909,
              43.071159000347194
            ],
            [
              -89.40659011179908,
              43.071162000347194
            ],
            [
              -89.4065918970243,
              43.07116210024305
            ],
            [
              -89.406593663531,
              43.07116237676134
            ],
            [
              -89.40659539388851,
              43.071162827173595
            ],
            [
              -89.40659707102284,
              43.07116344703543
            ],
            [
              -89.40659867838521,
              43.071164230230494
            ],
            [
              -89.40660020011525,
              43.071165169030756
            ],
            [
              -89.40660162119761,
              43.07116625417278
            ],
            [
              -89.40660292761002,
              43.071167474949135
            ],
            [
              -89.4066041064617,
              43.071168819314046
            ],
            [
              -89.40660514612054,
              43.07117027400225
            ],
            [
              -89.40660603632794,
              43.07117182465988
            ],
            [
              -89.40660676829992,
              43.07117345598611
            ],
            [
              -89.4066073348139,
              43.07117515188417
            ],
            [
              -89.40660773027989,
              43.07117689562008
            ],
            [
              -89.40660795079573,
              43.071178669987866
            ],
            [
              -89.40660799418552,
              43.071180457479294
            ],
            [
              -89.40660546344347,
              43.07128
            ],
            [
              -89.406657,
              43.07128
            ],
            [
              -89.40665726467726,
              43.07128000194605
            ],
            [
              -89.40670745461627,
              43.071280740033394
            ],
            [
              -89.40671000571722,
              43.071179546362615
            ],
            [
              -89.40671013545948,
              43.07117779586933
            ],
            [
              -89.4067104350836,
              43.071176066336115
            ],
            [
              -89.4067109017403,
              43.071174374209846
            ],
            [
              -89.40671153099193,
              43.07117273558171
            ],
            [
              -89.40671231685467,
              43.071171166034155
            ],
            [
              -89.4067132518554,
              43.0711696804927
            ],
            [
              -89.40671432710278,
              43.07116829308402
            ],
            [
              -89.4067155323718,
              43.0711670170016
            ],
            [
              -89.40671685620106,
              43.071165864380276
            ],
            [
              -89.40671828600162,
              43.07116484618083
            ],
            [
              -89.4067198081769,
              43.07116397208577
            ],
            [
              -89.40672140825188,
              43.07116325040727
            ],
            [
              -89.4067230710107,
              43.07116268800807
            ],
            [
              -89.40672478064148,
              43.07116229023629
            ],
            [
              -89.40672652088656,
              43.07116206087451
            ],
            [
              -89.4067282751972,
              43.07116200210383
            ],
            [
              -89.4070552751972,
              43.071167002103834
            ],
            [
              -89.40705534388627,
              43.07116700328524
            ],
            [
              -89.40721234388627,
              43.07117000328524
            ],
            [
              -89.40721410385895,
              43.07117012337343
            ],
            [
              -89.40721584362467,
              43.071170415161376
            ],
            [
              -89.4072175464735,
              43.07117087584654
            ],
            [
              -89.4072191960501,
              43.07117150100418
            ],
            [
              -89.40722077651073,
              43.07117228462983
            ],
            [
              -89.40722227267555,
              43.07117321919701
            ],
            [
              -89.40722367017435,
              43.07117429572946
            ],
            [
              -89.40722495558452,
              43.07117550388742
            ],
            [
              -89.40722611656012,
              43.07117683206687
            ],
            [
              -89.4072271419503,
              43.071178267511044
            ],
            [
              -89.40722802190648,
              43.071179796432915
            ],
            [
              -89.40722874797694,
              43.07118140414765
            ],
            [
              -89.40722931318801,
              43.07118307521361
            ],
            [
              -89.40722971211098,
              43.0711847935807
            ],
            [
              -89.40722994091432,
              43.0711865427445
            ],
            [
              -89.40722999740044,
              43.07118830590482
            ],
            [
              -89.40722430854896,
              43.071523000000006
            ],
            [
              -89.407241,
              43.071523000000006
            ],
            [
              -89.40724273232635,
              43.07152308355378
            ],
            [
              -89.40724444857021,
              43.0715233334394
            ],
            [
              -89.4072461327984,
              43.071523747337004
            ],
            [
              -89.40724776937496,
              43.07152432140406
            ],
            [
              -89.40724934310632,
              43.071525050311074
            ],
            [
              -89.40725083938234,
              43.071525927291056
            ],
            [
              -89.40725224431198,
              43.07152694420233
            ],
            [
              -89.4072535448522,
              43.07152809160416
            ],
            [
              -89.40725472892912,
              43.07152935884434
            ],
            [
              -89.40725578555005,
              43.071530734158124
            ],
            [
              -89.4072567049056,
              43.07153220477744
            ],
            [
              -89.40725747846069,
              43.07153375704944
            ],
            [
              -89.40725809903384,
              43.07153537656318
            ],
            [
              -89.40725856086378,
              43.07153704828353
            ],
            [
              -89.40725885966302,
              43.07153875669064
            ],
            [
              -89.40725899265756,
              43.071540485924075
            ],
            [
              -89.40725999265756,
              43.07157548592407
            ],
            [
              -89.40725999808784,
              43.071575737637204
            ],
            [
              -89.40726499808784,
              43.071918737637205
            ],
            [
              -89.40726493366554,
              43.07192054390424
            ],
            [
              -89.40726468842591,
              43.071922334604764
            ],
            [
              -89.40726426484159,
              43.07192409168392
            ],
            [
              -89.40726366718339,
              43.07192579742584
            ],
            [
              -89.40726290147724,
              43.07192743463228
            ],
            [
              -89.40726197544342,
              43.071928986796
            ],
            [
              -89.40726089841874,
              43.0719304382672
            ],
            [
              -89.40725968126235,
              43.07193177441135
            ],
            [
              -89.40725833624631,
              43.07193298175666
            ],
            [
              -89.40725687693185,
              43.07193404813002
            ],
            [
              -89.4072553180326,
              43.071934962779636
            ],
            [
              -89.40725367526623,
              43.0719357164835
            ],
            [
              -89.40725196519607,
              43.07193630164235
            ],
            [
              -89.407250205064,
              43.071936712356276
            ],
            [
              -89.40724841261667,
              43.07193694448423
            ],
            [
              -89.40724660592653,
              43.07193699568577
            ],
            [
              -89.40724480320966,
              43.07193686544464
            ],
            [
              -89.40724302264209,
              43.071936555074025
            ],
            [
              -89.40724128217647,
              43.07193606770325
            ]
          ]
        ]
      },
      "properties": {
        "building": "university",
        "name": "Computer Sciences and Statistics",
        "@id": "way/153660099",
        "addr:street": "West Dayton Street",
        "addr:housenumber": "1210",
        "person_counts": [
          0,
          0,
          0,
          0,
          0,
          0,
          0,
          0,
          0,
          0,
          0,
          0,
          0,
          0,
          0,
          0,
          0,
          0,
          0,
          0,
          0,
          0,
          0,
          0,
          0,
          0,
          0,
          0,
          0,
          0,
          0,
          0,
          0,
          0,
          0,
          0,
          0,
          0,
          0,
          0,
          0,
          0,
          0,
          0,
          0,
          0,
          0,
          0,
          0,
          0,
          0,
          0,
          0,
          0,
          0,
          0,
          0,
          0,
          0,
          0,
          0,
          0,
          0,
          0,
          0,
          0,
          0,
          0,
          0,
          0,
          0,
          0,
          0,
          0,
          0,
          0,
          0,
          0,
          0,
          0,
          0,
          0,
          0,
          0,
          0,
          0,
          0,
          0,
          0,
          0,
          0,
          0,
          0,
          0,
          0,
          0,
          0,
          0,
          0,
          0,
          0,
          0,
          0,
          0,
          0,
          0,
          0,
          0,
          0,
          0,
          0,
          0,
          0,
          0,
          0,
          0,
          0,
          0,
          0,
          0,
          0,
          0,
          0,
          0,
          0,
          0,
          0,
          0,
          0,
          0,
          0,
          0,
          0,
          0,
          0,
          0,
          0,
          0,
          0,
          0,
          0,
          0,
          0,
          0,
          0,
          0,
          0,
          0,
          0,
          0,
          0,
          0,
          0,
          0,
          0,
          0,
          0,
          0,
          0,
          0,
          0,
          44,
          44,
          44,
          44,
          44,
          44,
          44,
          44,
          44,
          44,
          44,
          44,
          44,
          44,
          44,
          44,
          44,
          44,
          44,
          44,
          44,
          44,
          44,
          44
        ],
        "instructor_counts": [
          0,
          0,
          0,
          0,
          0,
          0,
          0,
          0,
          0,
          0,
          0,
          0,
          0,
          0,
          0,
          0,
          0,
          0,
          0,
          0,
          0,
          0,
          0,
          0,
          0,
          0,
          0,
          0,
          0,
          0,
          0,
          0,
          0,
          0,
          0,
          0,
          0,
          0,
          0,
          0,
          0,
          0,
          0,
          0,
          0,
          0,
          0,
          0,
          0,
          0,
          0,
          0,
          0,
          0,
          0,
          0,
          0,
          0,
          0,
          0,
          0,
          0,
          0,
          0,
          0,
          0,
          0,
          0,
          0,
          0,
          0,
          0,
          0,
          0,
          0,
          0,
          0,
          0,
          0,
          0,
          0,
          0,
          0,
          0,
          0,
          0,
          0,
          0,
          0,
          0,
          0,
          0,
          0,
          0,
          0,
          0,
          0,
          0,
          0,
          0,
          0,
          0,
          0,
          0,
          0,
          0,
          0,
          0,
          0,
          0,
          0,
          0,
          0,
          0,
          0,
          0,
          0,
          0,
          0,
          0,
          0,
          0,
          0,
          0,
          0,
          0,
          0,
          0,
          0,
          0,
          0,
          0,
          0,
          0,
          0,
          0,
          0,
          0,
          0,
          0,
          0,
          0,
          0,
          0,
          0,
          0,
          0,
          0,
          0,
          0,
          0,
          0,
          0,
          0,
          0,
          0,
          0,
          0,
          0,
          0,
          0,
          2,
          2,
          2,
          2,
          2,
          2,
          2,
          2,
          2,
          2,
          2,
          2,
          2,
          2,
          2,
          2,
          2,
          2,
          2,
          2,
          2,
          2,
          2,
          2
        ]
      }
    }
  ],
  "metadata": {
    "total_buildings": 7,
    "total_meetings": 554,
    "max_persons": 526,
    "total_chunks": 185,
    "chunk_duration_minutes": 5,
    "start_time": 1765800000000,
    "end_time": 1765855500000,
    "total_persons": [
      526,
      526,
      526,
      526,
      526,
      526,
      526,
      526,
      526,
      526,
      526,
      526,
      526,
      526,
      526,
      526,
      526,
      526,
      526,
      526,
      526,
      526,
      526,
      526,
      545,
      545,
      545,
      545,
      545,
      545,
      545,
      545,
      545,
      545,
      545,
      545,
      545,
      545,
      545,
      545,
      545,
      545,
      545,
      545,
      545,
      545,
      545,
      545,
      545,
      578,
      578,
      578,
      578,
      578,
      578,
      578,
      578,
      578,
      578,
      578,
      578,
      578,
      578,
      578,
      578,
      578,
      578,
      578,
      578,
      578,
      578,
      578,
      578,
      578,
      545,
      545,
      545,
      545,
      545,
      545,
      545,
      545,
      545,
      545,
      545,
      545,
      545,
      545,
      644,
      644,
      644,
      644,
      644,
      644,
      644,
      644,
      644,
      644,
      644,
      644,
      644,
      644,
      644,
      644,
      644,
      781,
      781,
      781,
      781,
      781,
      781,
      781,
      682,
      682,
      682,
      682,
      682,
      682,
      682,
      682,
      682,
      682,
      682,
      682,
      682,
      682,
      682,
      682,
      682,
      682,
      545,
      545,
      545,
      0,
      0,
      0,
      0,
      0,
      0,
      0,
      0,
      0,
      0,
      0,
      0,
      0,
      0,
      0,
      0,
      0,
      0,
      0,
      0,
      0,
      0,
      0,
      0,
      0,
      0,
      0,
      0,
      51,
      51,
      51,
      51,
      51,
      51,
      51,
      51,
      51,
      51,
      51,
      51,
      51,
      51,
      51,
      51,
      51,
      51,
      51,
      51,
      51,
      51,
      51,
      51
    ],
    "total_instructors": [
      3,
      3,
      3,
      3,
      3,
      3,
      3,
      3,
      3,
      3,
      3,
      3,
      3,
      3,
      3,
      3,
      3,
      3,
      3,
      3,
      3,
      3,
      3,
      3,
      8,
      8,
      8,
      8,
      8,
      8,
      8,
      8,
      8,
      8,
      8,
      8,
      8,
      8,
      8,
      8,
      8,
      8,
      8,
      8,
      8,
      8,
      8,
      8,
      8,
      9,
      9,
      9,
      9,
      9,
      9,
      9,
      9,
      9,
      9,
      9,
      9,
      9,
      9,
      9,
      9,
      9,
      9,
      9,
      9,
      9,
      9,
      9,
      9,
      9,
      8,
      8,
      8,
      8,
      8,
      8,
      8,
      8,
      8,
      8,
      8,
      8,
      8,
      8,
      30,
      30,
      30,
      30,
      30,
      30,
      30,
      30,
      30,
      30,
      30,
      30,
      30,
      30,
      30,
      30,
      30,
      33,
      33,
      33,
      33,
      33,
      33,
      33,
      11,
      11,
      11,
      11,
      11,
      11,
      11,
      11,
      11,
      11,
      11,
      11,
      11,
      11,
      11,
      11,
      11,
      11,
      8,
      8,
      8,
      0,
      0,
      0,
      0,
      0,
      0,
      0,
      0,
      0,
      0,
      0,
      0,
      0,
      0,
      0,
      0,
      0,
      0,
      0,
      0,
      0,
      0,
      0,
      0,
      0,
      0,
      0,
      0,
      3,
      3,
      3,
      3,
      3,
      3,
      3,
      3,
      3,
      3,
      3,
      3,
      3,
      3,
      3,
      3,
      3,
      3,
      3,
      3,
      3,
      3,
      3,
      3
    ]
  }
}