{
  "type": "FeatureCollection",
  "features": [
    {
      "type": "Feature",
      "geometry": {
        "type": "Polygon",
        "coordinates": [
          [
            [
              -89.4003969960124,
              43.07356937886342
            ],
            [
              -89.40039499601241,
              43.07366437886342
            ],
            [
              -89.40039479069056,
              43.07366673702933
            ],
            [
              -89.40039295566243,
              43.073678664712155
            ],
            [
              -89.40039150168211,
              43.07372373810197
            ],
            [
              -89.40039215999869,
              43.073724141520046
            ],
            [
              -89.40039359206301,
              43.07372522959424
            ],
            [
              -89.40039490839584,
              43.073726455147806
            ],
            [
              -89.40039609585533,
              43.07372780594522
            ],
            [
              -89.40039714258624,
              43.073729268500536
            ],
            [
              -89.40039803813835,
              43.07373082821208
            ],
            [
              -89.40039877357076,
              43.073732469508165
            ],
            [
              -89.40039934154113,
              43.07373417600262
            ],
            [
              -89.40039973637904,
              43.07373593065834
            ],
            [
              -89.40039995414254,
              43.0737377159574
            ],
            [
              -89.40039999265755,
              43.07373951407593
            ],
            [
              -89.40038799244331,
              43.074159521520095
            ],
            [
              -89.40038599244332,
              43.07422852152009
            ],
            [
              -89.4003859766179,
              43.07422891717438
            ],
            [
              -89.40038097990542,
              43.07432685273886
            ],
            [
              -89.40036498273084,
              43.07469178828409
            ],
            [
              -89.40036496893872,
              43.07469205699639
            ],
            [
              -89.400364,
              43.074708528954694
            ],
            [
              -89.400364,
              43.074727
            ],
            [
              -89.40036396013284,
              43.07472819734219
            ],
            [
              -89.40036296794437,
              43.07474308016919
            ],
            [
              -89.40035997422638,
              43.074798962904985
            ],
            [
              -89.40035980011874,
              43.07480067502766
            ],
            [
              -89.40035946330056,
              43.07480236269796
            ],
            [
              -89.4003589668507,
              43.074804010488926
            ],
            [
              -89.4003583153072,
              43.074805603338135
            ],
            [
              -89.40035751462581,
              43.07480712668538
            ],
            [
              -89.40035657212553,
              43.074808566605775
            ],
            [
              -89.40035549642174,
              43.07480990993704
            ],
            [
              -89.40035429734742,
              43.0748111443998
            ],
            [
              -89.40035298586331,
              43.074812258709876
            ],
            [
              -89.40035157395764,
              43.074813242681365
            ],
            [
              -89.4003500745366,
              43.07481408731981
            ],
            [
              -89.4003485013064,
              43.07481478490438
            ],
            [
              -89.40034686864787,
              43.07481532905848
            ],
            [
              -89.40034519148514,
              43.074815714808004
            ],
            [
              -89.40034348514911,
              43.07481593862682
            ],
            [
              -89.40034176523736,
              43.074815998469006
            ],
            [
              -89.39988176523737,
              43.07480999846901
            ],
            [
              -89.39988172730403,
              43.074809997934246
            ],
            [
              -89.39981572730403,
              43.07480899793424
            ],
            [
              -89.39981560009873,
              43.0748089955572
            ],
            [
              -89.39972560009873,
              43.0748069955572
            ],
            [
              -89.39972383178828,
              43.07480686893556
            ],
            [
              -89.39972208451051,
              43.0748065689767
            ],
            [
              -89.39972037521487,
              43.07480609859036
            ],
            [
              -89.39971872048233,
              43.074805462339526
            ],
            [
              -89.39971713636459,
              43.07480466639612
            ],
            [
              -89.39971563822836,
              43.074803718481185
            ],
            [
              -89.39971424060626,
              43.07480262778995
            ],
            [
              -89.3997129570559,
              43.07480140490263
            ],
            [
              -89.39971180002834,
              43.07480006168183
            ],
            [
              -89.3997107807473,
              43.074798611157426
            ],
            [
              -89.39970990910027,
              43.0747970674002
            ],
            [
              -89.39970919354268,
              43.074795445385334
            ],
            [
              -89.39970864101575,
              43.07479376084714
            ],
            [
              -89.39970825687926,
              43.07479203012647
            ],
            [
              -89.39970804485954,
              43.074790270012116
            ],
            [
              -89.39970800701325,
              43.074788497578034
            ],
            [
              -89.39972400701325,
              43.07421549757803
            ],
            [
              -89.39972401006604,
              43.0742153981063
            ],
            [
              -89.39974200752306,
              43.07367747411289
            ],
            [
              -89.39974500562236,
              43.073557550140556
            ],
            [
              -89.39974513576934,
              43.073555793359276
            ],
            [
              -89.39974543701699,
              43.07355405771284
            ],
            [
              -89.39974590647999,
              43.07355235982499
            ],
            [
              -89.39974653966193,
              43.07355071595779
            ],
            [
              -89.39974733049827,
              43.07354914185596
            ],
            [
              -89.39974827141452,
              43.07354765259598
            ],
            [
              -89.39974935339873,
              43.073546262441724
            ],
            [
              -89.39975056608786,
              43.07354498470787
            ],
            [
              -89.39975189786695,
              43.07354383163235
            ],
            [
              -89.39975333598044,
              43.07354281425912
            ],
            [
              -89.3997548666543,
              43.07354194233242
            ],
            [
              -89.39975647522803,
              43.07354122420342
            ],
            [
              -89.39975814629496,
              43.07354066675023
            ],
            [
              -89.39975986384985,
              43.07354027531206
            ],
            [
              -89.39976161144229,
              43.07354005363804
            ],
            [
              -89.3997633723341,
              43.07354000385132
            ],
            [
              -89.3999083390119,
              43.073543003161895
            ],
            [
              -89.40037930568839,
              43.07355100259589
            ],
            [
              -89.40038107281441,
              43.073551119747194
            ],
            [
              -89.4003828198747,
              43.073551409987
            ],
            [
              -89.40038452995695,
              43.07355187050567
            ],
            [
              -89.40038618650686,
              43.073552496845174
            ],
            [
              -89.4003877734883,
              43.07355328294229
            ],
            [
              -89.40038927553863,
              43.07355422118726
            ],
            [
              -89.40039067811733,
              43.07355530249747
            ],
            [
              -89.40039196764685,
              43.07355651640537
            ],
            [
              -89.40039313164401,
              43.073557851159805
            ],
            [
              -89.4003941588408,
              43.0735592938398
            ],
            [
              -89.4003950392935,
              43.07356083047958
            ],
            [
              -89.40039576447899,
              43.07356244620381
            ],
            [
              -89.40039632737712,
              43.073564125371604
            ],
            [
              -89.40039672253883,
              43.073565851727885
            ],
            [
              -89.40039694613877,
              43.073567608560786
            ],
            [
              -89.4003969960124,
              43.07356937886342
            ]
          ],
          [
            [
              -89.40017900000001,
              43.074353863128145
            ],
            [
              -89.40017900000001,
              43.07427880350851
            ],
            [
              -89.40017707369375,
              43.074277305270314
            ],
            [
              -89.40016984487566,
              43.07427188365674
            ],
            [
              -89.39992580944936,
              43.074267135885805
            ],
            [
              -89.39992010811028,
              43.074272318921324
            ],
            [
              -89.3999188,
              43.074273399999996
            ],
            [
              -89.39991752788838,
              43.074274354083705
            ],
            [
              -89.39991344633401,
              43.07435108730586
            ],
            [
              -89.40017900000001,
              43.074353863128145
            ]
          ]
        ]
      },
      "properties": {
        "building": "university",
        "name": "Mosse Humanities Building",
        "@id": "relation/2075103",
        "addr:street": "North Park Street",
        "addr:housenumber": "455",
        "person_counts": [
          0,
          0,
          0,
          0,
          0,
          0,
          0,
          0,
          0,
          0,
          0,
          0,
          0,
          0,
          0,
          0,
          0,
          0,
          0,
          0,
          0,
          0,
          0,
          0,
          0,
          0,
          0,
          0,
          0,
          0,
          0,
          0,
          0,
          0,
          0,
          0,
          0,
          0,
          0,
          0,
          0,
          0,
          0,
          0,
          0,
          0,
          0,
          0,
          0,
          0,
          0,
          0,
          0,
          0,
          0,
          0,
          0,
          0,
          0,
          0,
          0,
          0,
          0,
          0,
          0,
          0,
          0,
          0,
          0,
          0,
          0,
          0,
          0,
          0,
          0,
          0,
          0,
          49,
          49,
          49,
          49,
          49,
          49,
          49,
          49,
          49,
          49,
          49,
          49,
          49,
          49,
          49,
          49,
          49,
          49,
          49,
          49,
          49,
          49,
          49,
          49,
          49,
          0,
          0,
          0,
          0,
          0,
          0,
          0,
          0,
          0,
          0,
          0,
          0,
          0,
          0,
          0,
          0,
          0,
          0,
          0,
          0,
          0,
          0,
          0,
          0,
          0,
          0,
          0,
          0,
          0,
          0,
          0,
          0,
          0,
          0,
          0,
          0,
          0,
          0,
          0,
          0,
          0,
          0,
          0,
          0,
          0,
          0,
          0,
          0,
          0,
          0,
          0,
          0,
          0,
          0,
          0,
          0,
          0,
          0,
          0,
          0,
          0,
          0,
          0,
          0,
          0,
          0,
          0,
          0,
          0,
          0,
          0,
          0,
          0,
          0,
          0,
          0,
          0,
          0,
          0,
          0,
          0,
          0,
          0
        ],
        "instructor_counts": [
          0,
          0,
          0,
          0,
          0,
          0,
          0,
          0,
          0,
          0,
          0,
          0,
          0,
          0,
          0,
          0,
          0,
          0,
          0,
          0,
          0,
          0,
          0,
          0,
          0,
          0,
          0,
          0,
          0,
          0,
          0,
          0,
          0,
          0,
          0,
          0,
          0,
          0,
          0,
          0,
          0,
          0,
          0,
          0,
          0,
          0,
          0,
          0,
          0,
          0,
          0,
          0,
          0,
          0,
          0,
          0,
          0,
          0,
          0,
          0,
          0,
          0,
          0,
          0,
          0,
          0,
          0,
          0,
          0,
          0,
          0,
          0,
          0,
          0,
          0,
          0,
          0,
          1,
          1,
          1,
          1,
          1,
          1,
          1,
          1,
          1,
          1,
          1,
          1,
          1,
          1,
          1,
          1,
          1,
          1,
          1,
          1,
          1,
          1,
          1,
          1,
          1,
          0,
          0,
          0,
          0,
          0,
          0,
          0,
          0,
          0,
          0,
          0,
          0,
          0,
          0,
          0,
          0,
          0,
          0,
          0,
          0,
          0,
          0,
          0,
          0,
          0,
          0,
          0,
          0,
          0,
          0,
          0,
          0,
          0,
          0,
          0,
          0,
          0,
          0,
          0,
          0,
          0,
          0,
          0,
          0,
          0,
          0,
          0,
          0,
          0,
          0,
          0,
          0,
          0,
          0,
          0,
          0,
          0,
          0,
          0,
          0,
          0,
          0,
          0,
          0,
          0,
          0,
          0,
          0,
          0,
          0,
          0,
          0,
          0,
          0,
          0,
          0,
          0,
          0,
          0,
          0,
          0,
          0,
          0
        ]
      }
    },
    {
      "type": "Feature",
      "geometry": {
        "type": "Polygon",
        "coordinates": [
          [
            [
              -89.42117070733657,
              43.075359
            ],
            [
              -89.42116999758179,
              43.07540229504232
            ],
            [
              -89.42116988409802,
              43.07540403937195
            ],
            [
              -89.42116960195372,
              43.075405764468776
            ],
            [
              -89.42116915380973,
              43.07540745406381
            ],
            [
              -89.42116854389236,
              43.07540909222291
            ],
            [
              -89.4211677779536,
              43.075410663496996
            ],
            [
              -89.42116686321684,
              43.075412153067774
            ],
            [
              -89.42116580830873,
              43.07541354688746
            ],
            [
              -89.42116462317786,
              43.07541483181129
            ],
            [
              -89.4211633190009,
              43.07541599572145
            ],
            [
              -89.42116190807721,
              43.0754170276414
            ],
            [
              -89.42116040371288,
              43.07541791783936
            ],
            [
              -89.4211588200952,
              43.07541865792008
            ],
            [
              -89.42115717215887,
              43.075419240904054
            ],
            [
              -89.42115547544519,
              43.07541966129329
            ],
            [
              -89.42115374595544,
              43.075419915123206
            ],
            [
              -89.421152,
              43.075419999999994
            ],
            [
              -89.421118,
              43.075419999999994
            ],
            [
              -89.42111790270413,
              43.075419999737036
            ],
            [
              -89.42074790270412,
              43.07541799973704
            ],
            [
              -89.42074787755385,
              43.07541799958352
            ],
            [
              -89.42045393877605,
              43.075416
            ],
            [
              -89.420375,
              43.075416
            ],
            [
              -89.42037489024595,
              43.07541599966539
            ],
            [
              -89.42021089024594,
              43.07541499966539
            ],
            [
              -89.42020911527645,
              43.07541490105632
            ],
            [
              -89.42020735869022,
              43.07541462784341
            ],
            [
              -89.42020563762071,
              43.07541418269154
            ],
            [
              -89.42020396885493,
              43.07541356994264
            ],
            [
              -89.42020236866973,
              43.075412795573364
            ],
            [
              -89.42020085267305,
              43.07541186713677
            ],
            [
              -89.42019943565165,
              43.075410793688675
            ],
            [
              -89.42019813142691,
              43.07540958569931
            ],
            [
              -89.42019695272005,
              43.075408254951185
            ],
            [
              -89.42019591102795,
              43.0754068144242
            ],
            [
              -89.42019501651107,
              43.075405278169
            ],
            [
              -89.42019427789442,
              43.075403661169965
            ],
            [
              -89.42019370238232,
              43.075401979199015
            ],
            [
              -89.42019329558822,
              43.075400248661815
            ],
            [
              -89.4201930614799,
              43.07539848643772
            ],
            [
              -89.42019300234085,
              43.07539670971517
            ],
            [
              -89.42019371164272,
              43.07535273299983
            ],
            [
              -89.42014382138547,
              43.07535199931957
            ],
            [
              -89.4197728510939,
              43.07535009201731
            ],
            [
              -89.41977199938532,
              43.07545314875525
            ],
            [
              -89.41977189867549,
              43.07545490720093
            ],
            [
              -89.41977162658732,
              43.075456647385316
            ],
            [
              -89.41977118572599,
              43.07545835264628
            ],
            [
              -89.41977058031273,
              43.075460006656094
            ],
            [
              -89.41976981614432,
              43.07546159357775
            ],
            [
              -89.41976890053763,
              43.07546309821659
            ],
            [
              -89.41976784225949,
              43.07546450616583
            ],
            [
              -89.41976665144284,
              43.07546580394447
            ],
            [
              -89.41976533948967,
              43.075466979126375
            ],
            [
              -89.41976391896179,
              43.07546802045928
            ],
            [
              -89.41976240346067,
              43.075468917972515
            ],
            [
              -89.41976080749708,
              43.075469663072454
            ],
            [
              -89.41975914635226,
              43.075470248624825
            ],
            [
              -89.41975743593154,
              43.07547066902302
            ],
            [
              -89.41975569261206,
              43.075470920241756
            ],
            [
              -89.41975393308596,
              43.07547099987563
            ],
            [
              -89.41948493308595,
              43.07546999987562
            ],
            [
              -89.41948316402326,
              43.07546990612156
            ],
            [
              -89.41948141274445,
              43.075469638922804
            ],
            [
              -89.419479696213,
              43.07546920086752
            ],
            [
              -89.41947803105582,
              43.075468596198874
            ],
            [
              -89.41947643340215,
              43.075467830773874
            ],
            [
              -89.41947491872745,
              43.075466912006696
            ],
            [
              -89.41947350170331,
              43.07546584879682
            ],
            [
              -89.41947219605554,
              43.07546465144285
            ],
            [
              -89.41947101443105,
              43.075463331542764
            ],
            [
              -89.4194699682755,
              43.07546190188155
            ],
            [
              -89.41946906772225,
              43.075460376307404
            ],
            [
              -89.41946832149439,
              43.075458769597525
            ],
            [
              -89.41946773682012,
              43.07545709731506
            ],
            [
              -89.41946731936281,
              43.075455375658294
            ],
            [
              -89.41946707316609,
              43.075453621303765
            ],
            [
              -89.41946700061467,
              43.07545185124474
            ],
            [
              -89.41946785062497,
              43.075348999999996
            ],
            [
              -89.419453,
              43.075348999999996
            ],
            [
              -89.41945289772893,
              43.075348999709455
            ],
            [
              -89.41927689772892,
              43.07534799970946
            ],
            [
              -89.4192751159789,
              43.07534790113026
            ],
            [
              -89.41927335274549,
              43.07534762661439
            ],
            [
              -89.4192716253582,
              43.07534717885985
            ],
            [
              -89.4192699507942,
              43.075346562267285
            ],
            [
              -89.4192683455115,
              43.075345782896726
            ],
            [
              -89.41926682528724,
              43.07534484840801
            ],
            [
              -89.41926540506252,
              43.07534376798551
            ],
            [
              -89.41926409879568,
              43.075342552247896
            ],
            [
              -89.41926291932502,
              43.07534121314374
            ],
            [
              -89.41926187824268,
              43.07533976383406
            ],
            [
              -89.41926098578064,
              43.07533821856304
            ],
            [
              -89.41926025071025,
              43.075336592517985
            ],
            [
              -89.41925968025598,
              43.07533490168005
            ],
            [
              -89.41925928002438,
              43.075333162667214
            ],
            [
              -89.419259053949,
              43.07533139257091
            ],
            [
              -89.4192590042518,
              43.07532960878808
            ],
            [
              -89.41926000159039,
              43.07528373121355
            ],
            [
              -89.41926200059486,
              43.075037853663375
            ],
            [
              -89.41926210098005,
              43.075036096034445
            ],
            [
              -89.41926237258465,
              43.07503435661857
            ],
            [
              -89.41926281281053,
              43.07503265205476
            ],
            [
              -89.41926341744656,
              43.0750309986486
            ],
            [
              -89.41926418070886,
              43.07502941221635
            ],
            [
              -89.4192650952962,
              43.07502790793358
            ],
            [
              -89.41926615245974,
              43.07502650019005
            ],
            [
              -89.41926734208684,
              43.07502520245201
            ],
            [
              -89.41926865279768,
              43.07502402713345
            ],
            [
              -89.4192700720542,
              43.07502298547729
            ],
            [
              -89.41927158628,
              43.07502208744785
            ],
            [
              -89.41927318099022,
              43.07502134163556
            ],
            [
              -89.41927484093009,
              43.075020755174755
            ],
            [
              -89.41927655022086,
              43.075020333675425
            ],
            [
              -89.41927829251172,
              43.075020081169576
            ],
            [
              -89.41928005113616,
              43.075020000072634
            ],
            [
              -89.41961416116622,
              43.07502094924885
            ],
            [
              -89.41961600072388,
              43.07481583857151
            ],
            [
              -89.41961610263708,
              43.07481408052083
            ],
            [
              -89.41961637585281,
              43.07481234084222
            ],
            [
              -89.41961681775602,
              43.07481063618682
            ],
            [
              -89.41961742411709,
              43.074808982870536
            ],
            [
              -89.41961818913232,
              43.074807396717894
            ],
            [
              -89.41961910547943,
              43.07480589291057
            ],
            [
              -89.41962016438771,
              43.07480448584208
            ],
            [
              -89.41962135572196,
              43.07480318898002
            ],
            [
              -89.41962266807946,
              43.07480201473716
            ],
            [
              -89.41962408889911,
              43.07480097435262
            ],
            [
              -89.41962560458173,
              43.074800077784325
            ],
            [
              -89.41962720062011,
              43.074799333613676
            ],
            [
              -89.41962886173798,
              43.07479874896341
            ],
            [
              -89.41963057203613,
              43.07479832942945
            ],
            [
              -89.41963231514463,
              43.0747980790273
            ],
            [
              -89.41963407437953,
              43.07479800015368
            ],
            [
              -89.4198604571022,
              43.07479893561948
            ],
            [
              -89.41986109076174,
              43.074797580015556
            ],
            [
              -89.41986200116233,
              43.07479604837357
            ],
            [
              -89.41986305853099,
              43.0747946142439
            ],
            [
              -89.41986425250697,
              43.07479329167905
            ],
            [
              -89.41986557139091,
              43.07479209363835
            ],
            [
              -89.4198670022596,
              43.07479103186095
            ],
            [
              -89.41986853109243,
              43.07479011675082
            ],
            [
              -89.41987014290896,
              43.07478935727479
            ],
            [
              -89.4198718219156,
              43.074788760874675
            ],
            [
              -89.41987355166039,
              43.07478833339439
            ],
            [
              -89.41987531519418,
              43.074788079022646
            ],
            [
              -89.41987709523676,
              43.07478800025195
            ],
            [
              -89.42044409523676,
              43.07479100025195
            ],
            [
              -89.4204458531414,
              43.07479109564671
            ],
            [
              -89.42044759331921,
              43.07479136231146
            ],
            [
              -89.42044929912394,
              43.07479179769535
            ],
            [
              -89.42045095423815,
              43.07479239763355
            ],
            [
              -89.42045254282931,
              43.07479315638717
            ],
            [
              -89.4204540497012,
              43.0747940666981
            ],
            [
              -89.42045546043937,
              43.07479511985845
            ],
            [
              -89.42045676154892,
              43.074796305793875
            ],
            [
              -89.42045794058367,
              43.074797613159916
            ],
            [
              -89.42045898626516,
              43.07479902945054
            ],
            [
              -89.42045988859059,
              43.07480054111774
            ],
            [
              -89.42046013562398,
              43.074801065443246
            ],
            [
              -89.42069007317012,
              43.07480200014872
            ],
            [
              -89.42069184250991,
              43.07480209454951
            ],
            [
              -89.42069359399626,
              43.07480236244941
            ],
            [
              -89.42069531065772,
              43.07480280125254
            ],
            [
              -89.42069697586032,
              43.074803406707
            ],
            [
              -89.42069857346866,
              43.07480417294611
            ],
            [
              -89.42070008800235,
              43.074805092545205
            ],
            [
              -89.42070150478594,
              43.07480615659362
            ],
            [
              -89.42070281009119,
              43.074807354781
            ],
            [
              -89.42070399127002,
              43.07480867549723
            ],
            [
              -89.42070503687712,
              43.074810105944906
            ],
            [
              -89.42070593678085,
              43.07481163226338
            ],
            [
              -89.42070668226135,
              43.07481323966302
            ],
            [
              -89.42070726609512,
              43.07481491256855
            ],
            [
              -89.420707682625,
              43.074816634769945
            ],
            [
              -89.42070792781486,
              43.07481838957954
            ],
            [
              -89.42070799928892,
              43.074820159993685
            ],
            [
              -89.42070615987686,
              43.07502709385102
            ],
            [
              -89.421267093263,
              43.07503000024162
            ],
            [
              -89.4212688627577,
              43.075030096644625
            ],
            [
              -89.42127061419744,
              43.07503036657785
            ],
            [
              -89.42127233060616,
              43.07503080742492
            ],
            [
              -89.4212739953474,
              43.075031414912885
            ],
            [
              -89.4212755922855,
              43.07503218315361
            ],
            [
              -89.42127710594194,
              43.07503310470082
            ],
            [
              -89.42127852164543,
              43.07503417062234
            ],
            [
              -89.42127982567413,
              43.07503537058659
            ],
            [
              -89.4212810053886,
              43.0750366929628
            ],
            [
              -89.42128204935432,
              43.07503812493369
            ],
            [
              -89.42128294745254,
              43.075039652619736
            ],
            [
              -89.42128369097836,
              43.07504126121366
            ],
            [
              -89.42128427272506,
              43.075042935124
            ],
            [
              -89.42128468705401,
              43.0750446581262
            ],
            [
              -89.42128492994927,
              43.07504641351988
            ],
            [
              -89.42128499905655,
              43.07504818429069
            ],
            [
              -89.42128199905655,
              43.075341184290686
            ],
            [
              -89.42128189556516,
              43.075342936168184
            ],
            [
              -89.42128162196731,
              43.07534466964142
            ],
            [
              -89.42128118086366,
              43.075346368232836
            ],
            [
              -89.42128057644715,
              43.075348015796465
            ],
            [
              -89.42127981446303,
              43.07534959667137
            ],
            [
              -89.4212789021544,
              43.075351095830534
            ],
            [
              -89.42127784819318,
              43.07535249902367
            ],
            [
              -89.42127666259782,
              43.075353792912736
            ],
            [
              -89.42127535663802,
              43.07535496519863
            ],
            [
              -89.42127394272758,
              43.0753560047382
            ],
            [
              -89.42127243430645,
              43.07535690165007
            ],
            [
              -89.42127084571291,
              43.075357647408644
            ],
            [
              -89.4212691920474,
              43.07535823492512
            ],
            [
              -89.42126748902882,
              43.07535865861483
            ],
            [
              -89.42126575284526,
              43.07535891445041
            ],
            [
              -89.421264,
              43.075359
            ],
            [
              -89.42117070733657,
              43.075359
            ]
          ]
        ]
      },
      "properties": {
        "building": "university",
        "name": "Veterinary Medicine South",
        "@id": "way/38019751",
        "addr:street": "Linden Drive",
        "addr:housenumber": "2015",
        "person_counts": [
          0,
          0,
          0,
          0,
          0,
          0,
          0,
          0,
          0,
          0,
          0,
          0,
          0,
          0,
          0,
          0,
          0,
          0,
          0,
          0,
          0,
          0,
          0,
          0,
          19,
          19,
          19,
          19,
          19,
          19,
          19,
          19,
          19,
          19,
          19,
          19,
          19,
          19,
          19,
          19,
          19,
          19,
          19,
          19,
          19,
          19,
          19,
          118,
          118,
          118,
          118,
          118,
          118,
          118,
          118,
          118,
          118,
          118,
          118,
          118,
          118,
          118,
          118,
          118,
          118,
          118,
          118,
          118,
          118,
          118,
          118,
          19,
          19,
          19,
          19,
          19,
          19,
          19,
          19,
          19,
          19,
          19,
          19,
          19,
          19,
          19,
          19,
          19,
          118,
          118,
          118,
          118,
          118,
          118,
          118,
          118,
          118,
          118,
          118,
          118,
          118,
          118,
          118,
          118,
          118,
          118,
          118,
          118,
          118,
          118,
          118,
          118,
          19,
          19,
          19,
          19,
          19,
          19,
          19,
          19,
          19,
          19,
          19,
          19,
          19,
          19,
          19,
          19,
          19,
          19,
          19,
          19,
          19,
          0,
          0,
          0,
          0,
          0,
          0,
          0,
          0,
          0,
          0,
          0,
          0,
          0,
          0,
          0,
          0,
          0,
          0,
          0,
          0,
          0,
          0,
          0,
          0,
          0,
          0,
          0,
          0,
          0,
          0,
          0,
          0,
          0,
          0,
          0,
          0,
          0,
          0,
          0,
          0,
          0,
          0,
          0,
          0,
          0,
          0,
          0,
          0,
          0,
          0,
          0,
          0
        ],
        "instructor_counts": [
          0,
          0,
          0,
          0,
          0,
          0,
          0,
          0,
          0,
          0,
          0,
          0,
          0,
          0,
          0,
          0,
          0,
          0,
          0,
          0,
          0,
          0,
          0,
          0,
          5,
          5,
          5,
          5,
          5,
          5,
          5,
          5,
          5,
          5,
          5,
          5,
          5,
          5,
          5,
          5,
          5,
          5,
          5,
          5,
          5,
          5,
          5,
          27,
          27,
          27,
          27,
          27,
          27,
          27,
          27,
          27,
          27,
          27,
          27,
          27,
          27,
          27,
          27,
          27,
          27,
          27,
          27,
          27,
          27,
          27,
          27,
          5,
          5,
          5,
          5,
          5,
          5,
          5,
          5,
          5,
          5,
          5,
          5,
          5,
          5,
          5,
          5,
          5,
          27,
          27,
          27,
          27,
          27,
          27,
          27,
          27,
          27,
          27,
          27,
          27,
          27,
          27,
          27,
          27,
          27,
          27,
          27,
          27,
          27,
          27,
          27,
          27,
          5,
          5,
          5,
          5,
          5,
          5,
          5,
          5,
          5,
          5,
          5,
          5,
          5,
          5,
          5,
          5,
          5,
          5,
          5,
          5,
          5,
          0,
          0,
          0,
          0,
          0,
          0,
          0,
          0,
          0,
          0,
          0,
          0,
          0,
          0,
          0,
          0,
          0,
          0,
          0,
          0,
          0,
          0,
          0,
          0,
          0,
          0,
          0,
          0,
          0,
          0,
          0,
          0,
          0,
          0,
          0,
          0,
          0,
          0,
          0,
          0,
          0,
          0,
          0,
          0,
          0,
          0,
          0,
          0,
          0,
          0,
          0,
          0
        ]
      }
    },
    {
      "type": "Feature",
      "geometry": {
        "type": "Polygon",
        "coordinates": [
          [
            [
              -89.41200300367197,
              43.072512636437814
            ],
            [
              -89.41200500367198,
              43.072413636437815
            ],
            [
              -89.41200512474377,
              43.072411884529735
            ],
            [
              -89.4120054159527,
              43.07241015275676
            ],
            [
              -89.41200587452705,
              43.07240845760194
            ],
            [
              -89.4120064961021,
              43.072406815199805
            ],
            [
              -89.41200727476166,
              43.072405241182786
            ],
            [
              -89.41200820309444,
              43.072403750532416
            ],
            [
              -89.41200927226456,
              43.07240235743674
            ],
            [
              -89.4120104720956,
              43.07240107515527
            ],
            [
              -89.41201179116757,
              43.07239991589281
            ],
            [
              -89.41201321692549,
              43.072398890683246
            ],
            [
              -89.41201473579895,
              43.07239800928454
            ],
            [
              -89.41201633333131,
              43.07239728008587
            ],
            [
              -89.41201799431717,
              43.07239671002778
            ],
            [
              -89.41201970294726,
              43.072396304536085
            ],
            [
              -89.41202144295879,
              43.072396067470265
            ],
            [
              -89.41202319779026,
              43.07239600108673
            ],
            [
              -89.4121873998782,
              43.072397805505275
            ],
            [
              -89.4121880044428,
              43.07237060009873
            ],
            [
              -89.41218812865044,
              43.07236885177631
            ],
            [
              -89.41218842230819,
              43.07236712382263
            ],
            [
              -89.41218888263171,
              43.07236543262155
            ],
            [
              -89.41218950525632,
              43.072363794208485
            ],
            [
              -89.41219028427855,
              43.0723622241183
            ],
            [
              -89.41219121231195,
              43.07236073723807
            ],
            [
              -89.41219228055722,
              43.072359347665895
            ],
            [
              -89.41219347888563,
              43.072358068577216
            ],
            [
              -89.41219479593502,
              43.072356912099934
            ],
            [
              -89.41219621921759,
              43.07235588919937
            ],
            [
              -89.41219773523824,
              43.07235500957433
            ],
            [
              -89.41219932962257,
              43.07235428156512
            ],
            [
              -89.41220098725316,
              43.07235371207447
            ],
            [
              -89.41220269241293,
              43.0723533065021
            ],
            [
              -89.41220442893415,
              43.072353068693516
            ],
            [
              -89.41220618035166,
              43.07235300090354
            ],
            [
              -89.41270518035167,
              43.07235800090354
            ],
            [
              -89.41270693249655,
              43.07235810403797
            ],
            [
              -89.41270866626692,
              43.07235837733031
            ],
            [
              -89.41271036517779,
              43.07235881818207
            ],
            [
              -89.4127120130756,
              43.07235942240155
            ],
            [
              -89.41271359429189,
              43.07236018424371
            ],
            [
              -89.41271509379214,
              43.07236109646484
            ],
            [
              -89.41271649731887,
              43.07236215039138
            ],
            [
              -89.41271779152709,
              43.072363336002404
            ],
            [
              -89.41271896411122,
              43.07236464202493
            ],
            [
              -89.41272000392217,
              43.072366056041055
            ],
            [
              -89.41272090107321,
              43.07236756460607
            ],
            [
              -89.41272164703409,
              43.072369153376286
            ],
            [
              -89.41272223471205,
              43.072370807245385
            ],
            [
              -89.41272265851939,
              43.0723725104881
            ],
            [
              -89.41272291442644,
              43.0723742469097
            ],
            [
              -89.412723,
              43.072376
            ],
            [
              -89.412723,
              43.07240319564636
            ],
            [
              -89.41288819670956,
              43.072405001074884
            ],
            [
              -89.41288996912378,
              43.07240510803109
            ],
            [
              -89.41289172237617,
              43.07240538909669
            ],
            [
              -89.41289343940556,
              43.07240584153658
            ],
            [
              -89.4128951035033,
              43.07240646094801
            ],
            [
              -89.4128966984758,
              43.0724072413034
            ],
            [
              -89.41289820880216,
              43.072408175008995
            ],
            [
              -89.41289961978515,
              43.07240925297876
            ],
            [
              -89.41290091769429,
              43.072410464722815
            ],
            [
              -89.41290208989945,
              43.07241179844951
            ],
            [
              -89.4129031249937,
              43.072413241180136
            ],
            [
              -89.41290401290443,
              43.072414778875284
            ],
            [
              -89.41290474499121,
              43.072416396571406
            ],
            [
              -89.41290531413001,
              43.072418078526475
            ],
            [
              -89.41290571478247,
              43.07241980837312
            ],
            [
              -89.41290594304975,
              43.07242156927796
            ],
            [
              -89.41290599671056,
              43.07242334410537
            ],
            [
              -89.412896,
              43.07294617206822
            ],
            [
              -89.412896,
              43.072975
            ],
            [
              -89.41289599423447,
              43.07297545555024
            ],
            [
              -89.41289199423447,
              43.07313345555024
            ],
            [
              -89.41289186548832,
              43.07313519643513
            ],
            [
              -89.41289156871528,
              43.073136916662314
            ],
            [
              -89.41289110670652,
              43.07313860005285
            ],
            [
              -89.41289048380732,
              43.07314023077427
            ],
            [
              -89.41288970587607,
              43.07314179348946
            ],
            [
              -89.41288878022934,
              43.07314327350091
            ],
            [
              -89.41288771557291,
              43.07314465688895
            ],
            [
              -89.41288652192,
              43.07314593064266
            ],
            [
              -89.41288521049705,
              43.073147082782256
            ],
            [
              -89.41288379363813,
              43.07314810247172
            ],
            [
              -89.41288228466898,
              43.07314898012077
            ],
            [
              -89.41288069778159,
              43.073149707475025
            ],
            [
              -89.41287904790083,
              43.07315027769363
            ],
            [
              -89.41287735054401,
              43.073150685413616
            ],
            [
              -89.41287562167494,
              43.07315092680034
            ],
            [
              -89.41287387755385,
              43.07315099958352
            ],
            [
              -89.41274440603641,
              43.0731501188249
            ],
            [
              -89.41274399000834,
              43.073162599666944
            ],
            [
              -89.41274384948026,
              43.07316432294096
            ],
            [
              -89.412743544262,
              43.07316602478212
            ],
            [
              -89.4127430771697,
              43.07316768948817
            ],
            [
              -89.412742452513,
              43.07316930169955
            ],
            [
              -89.41274167605539,
              43.07317084654099
            ],
            [
              -89.41274075496095,
              43.07317230975885
            ],
            [
              -89.41273969772824,
              43.073173677852594
            ],
            [
              -89.41273851411194,
              43.07317493819936
            ],
            [
              -89.41273721503282,
              43.0731760791704
            ],
            [
              -89.41273581247697,
              43.07317709023843
            ],
            [
              -89.41273431938522,
              43.07317796207473
            ],
            [
              -89.41273274953376,
              43.0731786866352
            ],
            [
              -89.41273111740698,
              43.0731792572346
            ],
            [
              -89.41272943806389,
              43.07317966860823
            ],
            [
              -89.41272772699912,
              43.07317991696052
            ],
            [
              -89.412726,
              43.07318
            ],
            [
              -89.412656,
              43.07318
            ],
            [
              -89.41265579311711,
              43.073179998811064
            ],
            [
              -89.41222089655463,
              43.073175
            ],
            [
              -89.412153,
              43.073175
            ],
            [
              -89.41215123569148,
              43.07317491332508
            ],
            [
              -89.41214948837421,
              43.07317465413505
            ],
            [
              -89.41214777487582,
              43.07317422492604
            ],
            [
              -89.41214611169822,
              43.07317362983159
            ],
            [
              -89.41214451485874,
              43.07317287458276
            ],
            [
              -89.4121429997358,
              43.073171966453025
            ],
            [
              -89.41214158092089,
              43.07317091418816
            ],
            [
              -89.41214027207795,
              43.073169727922064
            ],
            [
              -89.41213908581184,
              43.07316841907912
            ],
            [
              -89.41213803354698,
              43.0731670002642
            ],
            [
              -89.41213712541725,
              43.07316548514127
            ],
            [
              -89.41213637016841,
              43.073163888301785
            ],
            [
              -89.41213577507396,
              43.07316222512419
            ],
            [
              -89.41213534586495,
              43.0731605116258
            ],
            [
              -89.41213508667492,
              43.07315876430853
            ],
            [
              -89.412135,
              43.073157
            ],
            [
              -89.412135,
              43.07314387543403
            ],
            [
              -89.41200887500301,
              43.07314299956599
            ],
            [
              -89.41200709479129,
              43.07314289888767
            ],
            [
              -89.41200533327466,
              43.07314262257431
            ],
            [
              -89.41200360773823,
              43.07314217333727
            ],
            [
              -89.41200193511402,
              43.07314155558474
            ],
            [
              -89.41200033181488,
              43.0731407753785
            ],
            [
              -89.41199881357338,
              43.07313984037441
            ],
            [
              -89.41199739528744,
              43.07313875974732
            ],
            [
              -89.41199609087417,
              43.07313754410102
            ],
            [
              -89.4119949131333,
              43.07313620536418
            ],
            [
              -89.41199387362153,
              43.073134756673326
            ],
            [
              -89.41199298253922,
              43.07313321224391
            ],
            [
              -89.41199224863021,
              43.07313158723084
            ],
            [
              -89.41199167909608,
              43.073129897579754
            ],
            [
              -89.41199127952545,
              43.07312815987057
            ],
            [
              -89.41199105383917,
              43.073126391154766
            ],
            [
              -89.4119910042518,
              43.07312460878808
            ],
            [
              -89.41199900320655,
              43.07275665687043
            ],
            [
              -89.41200300241822,
              43.072512704957674
            ],
            [
              -89.41200300367197,
              43.072512636437814
            ]
          ]
        ]
      },
      "properties": {
        "building": "university",
        "name": "Mechanical Engineering Building",
        "@id": "way/56997835",
        "addr:street": "University Avenue",
        "addr:housenumber": "1513",
        "person_counts": [
          0,
          0,
          0,
          0,
          0,
          0,
          0,
          0,
          0,
          0,
          0,
          0,
          0,
          0,
          0,
          0,
          0,
          0,
          0,
          0,
          0,
          173,
          173,
          173,
          173,
          173,
          173,
          173,
          173,
          173,
          173,
          173,
          173,
          173,
          173,
          173,
          173,
          173,
          173,
          173,
          173,
          173,
          173,
          173,
          173,
          173,
          0,
          0,
          0,
          0,
          0,
          0,
          0,
          0,
          0,
          0,
          0,
          0,
          0,
          0,
          0,
          0,
          0,
          0,
          0,
          0,
          0,
          0,
          0,
          0,
          0,
          0,
          0,
          0,
          0,
          0,
          0,
          0,
          0,
          0,
          0,
          0,
          0,
          0,
          0,
          0,
          0,
          0,
          0,
          0,
          0,
          0,
          0,
          0,
          0,
          0,
          0,
          0,
          0,
          0,
          0,
          0,
          0,
          0,
          0,
          0,
          0,
          0,
          0,
          0,
          0,
          0,
          0,
          0,
          0,
          0,
          0,
          0,
          0,
          0,
          0,
          0,
          0,
          0,
          0,
          0,
          0,
          0,
          0,
          0,
          0,
          0,
          0,
          0,
          0,
          0,
          0,
          0,
          0,
          0,
          0,
          0,
          0,
          0,
          0,
          0,
          0,
          0,
          0,
          0,
          0,
          0,
          0,
          0,
          0,
          0,
          0,
          0,
          0,
          0,
          0,
          0,
          0,
          0,
          0,
          0,
          0,
          0,
          0,
          0,
          0,
          0,
          0,
          0,
          0,
          0,
          0,
          0,
          0,
          0,
          0,
          0,
          0,
          0,
          0
        ],
        "instructor_counts": [
          0,
          0,
          0,
          0,
          0,
          0,
          0,
          0,
          0,
          0,
          0,
          0,
          0,
          0,
          0,
          0,
          0,
          0,
          0,
          0,
          0,
          1,
          1,
          1,
          1,
          1,
          1,
          1,
          1,
          1,
          1,
          1,
          1,
          1,
          1,
          1,
          1,
          1,
          1,
          1,
          1,
          1,
          1,
          1,
          1,
          1,
          0,
          0,
          0,
          0,
          0,
          0,
          0,
          0,
          0,
          0,
          0,
          0,
          0,
          0,
          0,
          0,
          0,
          0,
          0,
          0,
          0,
          0,
          0,
          0,
          0,
          0,
          0,
          0,
          0,
          0,
          0,
          0,
          0,
          0,
          0,
          0,
          0,
          0,
          0,
          0,
          0,
          0,
          0,
          0,
          0,
          0,
          0,
          0,
          0,
          0,
          0,
          0,
          0,
          0,
          0,
          0,
          0,
          0,
          0,
          0,
          0,
          0,
          0,
          0,
          0,
          0,
          0,
          0,
          0,
          0,
          0,
          0,
          0,
          0,
          0,
          0,
          0,
          0,
          0,
          0,
          0,
          0,
          0,
          0,
          0,
          0,
          0,
          0,
          0,
          0,
          0,
          0,
          0,
          0,
          0,
          0,
          0,
          0,
          0,
          0,
          0,
          0,
          0,
          0,
          0,
          0,
          0,
          0,
          0,
          0,
          0,
          0,
          0,
          0,
          0,
          0,
          0,
          0,
          0,
          0,
          0,
          0,
          0,
          0,
          0,
          0,
          0,
          0,
          0,
          0,
          0,
          0,
          0,
          0,
          0,
          0,
          0,
          0,
          0
        ]
      }
    },
    {
      "type": "Feature",
      "geometry": {
        "type": "Polygon",
        "coordinates": [
          [
            [
              -89.43108227310312,
              43.07753443866586
            ],
            [
              -89.43108299805395,
              43.07758373532274
            ],
            [
              -89.43108293382033,
              43.07758554210517
            ],
            [
              -89.4310826886661,
              43.07758733333048
            ],
            [
              -89.43108226506439,
              43.077589090928356
            ],
            [
              -89.43108166728864,
              43.07759079716775
            ],
            [
              -89.43108090136934,
              43.0775924348357
            ],
            [
              -89.43107997503326,
              43.077593987411035
            ],
            [
              -89.4310788976255,
              43.077595439231
            ],
            [
              -89.43107768001519,
              43.0775967756493
            ],
            [
              -89.4310763344859,
              43.077597983183814
            ],
            [
              -89.43107487461162,
              43.07759904965267
            ],
            [
              -89.43107331511993,
              43.077599964297065
            ],
            [
              -89.43107167174334,
              43.07760071788985
            ],
            [
              -89.43106996106062,
              43.077601302828604
            ],
            [
              -89.43106820032955,
              43.077601713212324
            ],
            [
              -89.4310664073128,
              43.07760194490097
            ],
            [
              -89.43106460009874,
              43.0776019955572
            ],
            [
              -89.43103773138046,
              43.07760139847457
            ],
            [
              -89.43103699805395,
              43.077651264677264
            ],
            [
              -89.4310368929,
              43.07765296064528
            ],
            [
              -89.43103662829131,
              43.07765463914077
            ],
            [
              -89.431036206586,
              43.07765628520562
            ],
            [
              -89.43103563154213,
              43.077657884170726
            ],
            [
              -89.43103490828427,
              43.07765942178671
            ],
            [
              -89.43103404325785,
              43.07766088435095
            ],
            [
              -89.43103304417161,
              43.0776622588296
            ],
            [
              -89.43103191992907,
              43.07766353297384
            ],
            [
              -89.43103068054901,
              43.07766469542898
            ],
            [
              -89.43102933707635,
              43.077665735835666
            ],
            [
              -89.43102790148359,
              43.07766664492218
            ],
            [
              -89.4310263865642,
              43.0776674145871
            ],
            [
              -89.43094965706781,
              43.077701942860465
            ],
            [
              -89.43095598497177,
              43.07770853442709
            ],
            [
              -89.4309571207564,
              43.07770983737313
            ],
            [
              -89.43095812633044,
              43.077711243252196
            ],
            [
              -89.43095899242125,
              43.07771273910038
            ],
            [
              -89.43095971104245,
              43.077714311124126
            ],
            [
              -89.43096027556744,
              43.07771594482747
            ],
            [
              -89.43096068079066,
              43.07771762514567
            ],
            [
              -89.43096092297542,
              43.07771933658414
            ],
            [
              -89.43096099988848,
              43.07772106336133
            ],
            [
              -89.43096091082063,
              43.07772278955425
            ],
            [
              -89.43096065659317,
              43.077724499245306
            ],
            [
              -89.43096023955039,
              43.077726176669046
            ],
            [
              -89.43095966353793,
              43.077727806357586
            ],
            [
              -89.43095893386733,
              43.07772937328321
            ],
            [
              -89.43095805726705,
              43.07773086299695
            ],
            [
              -89.4309570418204,
              43.07773226176184
            ],
            [
              -89.43095589689105,
              43.07773355667954
            ],
            [
              -89.43095463303663,
              43.07773473580935
            ],
            [
              -89.43095326191144,
              43.07773578827825
            ],
            [
              -89.4309517961589,
              43.07773670438119
            ],
            [
              -89.43095024929505,
              43.07773747567058
            ],
            [
              -89.43087524929506,
              43.07777047567058
            ],
            [
              -89.43087410931084,
              43.07777093151857
            ],
            [
              -89.43077710931082,
              43.077805931518576
            ],
            [
              -89.43077669209978,
              43.07780607629937
            ],
            [
              -89.43070169209979,
              43.07783107629936
            ],
            [
              -89.43070026004949,
              43.07783148862425
            ],
            [
              -89.43062226004949,
              43.07785048862425
            ],
            [
              -89.43062178444507,
              43.0778505976696
            ],
            [
              -89.43052878444507,
              43.0778705976696
            ],
            [
              -89.4305279915176,
              43.07787074967105
            ],
            [
              -89.43043899151759,
              43.077885749671054
            ],
            [
              -89.43043762964344,
              43.07788592607772
            ],
            [
              -89.43033862964343,
              43.07789492607772
            ],
            [
              -89.43033822048567,
              43.077894958574966
            ],
            [
              -89.43023522048567,
              43.07790195857496
            ],
            [
              -89.43023414515658,
              43.0779019994147
            ],
            [
              -89.43012869983869,
              43.07790284978017
            ],
            [
              -89.43012898670113,
              43.077910308203805
            ],
            [
              -89.43012897019483,
              43.07791203542156
            ],
            [
              -89.43012878821,
              43.077913753104646
            ],
            [
              -89.43012844242244,
              43.077915445435764
            ],
            [
              -89.43012793601638,
              43.077917096831094
            ],
            [
              -89.430127273655,
              43.07791869208376
            ],
            [
              -89.43012646143771,
              43.077920216503884
            ],
            [
              -89.43012550684378,
              43.07792165605384
            ],
            [
              -89.4301244186636,
              43.077922997477536
            ],
            [
              -89.43012320691767,
              43.07792422842247
            ],
            [
              -89.43012188276434,
              43.077925337553495
            ],
            [
              -89.4301204583971,
              43.07792631465717
            ],
            [
              -89.43011894693221,
              43.077927150735846
            ],
            [
              -89.43011736228802,
              43.07792783809049
            ],
            [
              -89.43011571905669,
              43.07792837039159
            ],
            [
              -89.43011403236994,
              43.07792874273746
            ],
            [
              -89.43011231775961,
              43.07792895169935
            ],
            [
              -89.4301105910147,
              43.07792899535304
            ],
            [
              -89.4300665910147,
              43.07792799535304
            ],
            [
              -89.43006483434705,
              43.077927869245855
            ],
            [
              -89.4300630984121,
              43.077927572069086
            ],
            [
              -89.43006139982863,
              43.07792710666773
            ],
            [
              -89.4300597548579,
              43.077926477497265
            ],
            [
              -89.43005817924785,
              43.07792569058099
            ],
            [
              -89.43005668808249,
              43.077924753452386
            ],
            [
              -89.4300552956373,
              43.07792367508296
            ],
            [
              -89.43005401524276,
              43.077922465796384
            ],
            [
              -89.43005285915659,
              43.07792113716965
            ],
            [
              -89.43005183844649,
              43.077919701922255
            ],
            [
              -89.43005096288412,
              43.077918173794394
            ],
            [
              -89.43005024085161,
              43.077916567415464
            ],
            [
              -89.43004967926127,
              43.07791489816398
            ],
            [
              -89.43004928348944,
              43.07791318202038
            ],
            [
              -89.43004905732498,
              43.077911435414
            ],
            [
              -89.43004837532385,
              43.07790291039985
            ],
            [
              -89.42987990270412,
              43.07790199973704
            ],
            [
              -89.42987974827636,
              43.07790199823978
            ],
            [
              -89.42959374827636,
              43.077897998239784
            ],
            [
              -89.42959193406843,
              43.077897881049374
            ],
            [
              -89.42959014093479,
              43.07789758145659
            ],
            [
              -89.42958838716702,
              43.07789710251753
            ],
            [
              -89.42958669065506,
              43.07789644911781
            ],
            [
              -89.42958506870482,
              43.07789562792266
            ],
            [
              -89.42958353786163,
              43.077894647308995
            ],
            [
              -89.42958211374142,
              43.077893517279946
            ],
            [
              -89.42958081087147,
              43.07789224936278
            ],
            [
              -89.42957964254218,
              43.077890856491386
            ],
            [
              -89.42957862067156,
              43.07788935287426
            ],
            [
              -89.42957775568357,
              43.077887753849616
            ],
            [
              -89.42957705640184,
              43.07788607572891
            ],
            [
              -89.42957652995968,
              43.07788433563044
            ],
            [
              -89.42954268255055,
              43.07774795048191
            ],
            [
              -89.42953087798925,
              43.07771155308456
            ],
            [
              -89.42953042317606,
              43.07770988011084
            ],
            [
              -89.42953013142024,
              43.07770817114196
            ],
            [
              -89.42953000542838,
              43.07770644203173
            ],
            [
              -89.42953004636927,
              43.07770470882085
            ],
            [
              -89.42953025386312,
              43.07770298758803
            ],
            [
              -89.42953062598504,
              43.07770129430088
            ],
            [
              -89.42953115928292,
              43.077699644667746
            ],
            [
              -89.42953184880942,
              43.07769805399201
            ],
            [
              -89.42953268816794,
              43.077696537030114
            ],
            [
              -89.42953366957187,
              43.07769510785467
            ],
            [
              -89.42953478391689,
              43.07769377972392
            ],
            [
              -89.4295360208654,
              43.07769256495872
            ],
            [
              -89.42953736894242,
              43.077691474828235
            ],
            [
              -89.42953881564205,
              43.07769051944545
            ],
            [
              -89.42954034754351,
              43.07768970767329
            ],
            [
              -89.42960634754351,
              43.07765870767329
            ],
            [
              -89.42960699850333,
              43.07765841750789
            ],
            [
              -89.42965199850333,
              43.07763941750789
            ],
            [
              -89.42965386142144,
              43.07763874905769
            ],
            [
              -89.42970086142144,
              43.07762474905769
            ],
            [
              -89.42970181905572,
              43.07762449229584
            ],
            [
              -89.42976881905572,
              43.077608492295845
            ],
            [
              -89.42977059858377,
              43.07760816090809
            ],
            [
              -89.42982259858377,
              43.07760116090809
            ],
            [
              -89.42982382857552,
              43.07760103815809
            ],
            [
              -89.42986982857553,
              43.077598038158094
            ],
            [
              -89.42987032123783,
              43.07759801280228
            ],
            [
              -89.42990555006875,
              43.07759668341243
            ],
            [
              -89.42990545562228,
              43.077593
            ],
            [
              -89.429886,
              43.077593
            ],
            [
              -89.4298842510279,
              43.07759291482896
            ],
            [
              -89.42988251860713,
              43.07759266012185
            ],
            [
              -89.42988081913232,
              43.07759223828908
            ],
            [
              -89.42987916868641,
              43.077591653322635
            ],
            [
              -89.42987758288828,
              43.077590910758325
            ],
            [
              -89.42987607674505,
              43.07759001762336
            ],
            [
              -89.42987466451004,
              43.07758898236988
            ],
            [
              -89.42987335954787,
              43.07758781479497
            ],
            [
              -89.42987217420796,
              43.077586525947886
            ],
            [
              -89.42987111970774,
              43.07758512802559
            ],
            [
              -89.4298702060264,
              43.07758363425724
            ],
            [
              -89.42986944181052,
              43.07758205877903
            ],
            [
              -89.42986883429224,
              43.07758041650043
            ],
            [
              -89.42986838922074,
              43.077578722963054
            ],
            [
              -89.42986811080796,
              43.07757699419361
            ],
            [
              -89.42986800168863,
              43.077575246552215
            ],
            [
              -89.42986723948816,
              43.077519605918006
            ],
            [
              -89.4294835961117,
              43.07751099546815
            ],
            [
              -89.4294818743507,
              43.07751087404864
            ],
            [
              -89.4294801721352,
              43.07751058827595
            ],
            [
              -89.42947850511719,
              43.077510140777775
            ],
            [
              -89.42947688862505,
              43.0775095356689
            ],
            [
              -89.4294753375225,
              43.07750877851335
            ],
            [
              -89.42947386607207,
              43.07750787627321
            ],
            [
              -89.42947248780385,
              43.07750683724465
            ],
            [
              -89.4294712153911,
              43.07750567098162
            ],
            [
              -89.42947006053377,
              43.07750438820799
            ],
            [
              -89.42946903385085,
              43.077503000718956
            ],
            [
              -89.42946814478277,
              43.07750152127258
            ],
            [
              -89.42946740150457,
              43.077499963472484
            ],
            [
              -89.42946681085073,
              43.07749834164275
            ],
            [
              -89.42946637825239,
              43.07749667069622
            ],
            [
              -89.42946610768729,
              43.077494965997374
            ],
            [
              -89.4294660016433,
              43.077493243221035
            ],
            [
              -89.42946524159979,
              43.077436999999996
            ],
            [
              -89.429429,
              43.077436999999996
            ],
            [
              -89.42942722152085,
              43.07743691192373
            ],
            [
              -89.42942546044634,
              43.077436648556876
            ],
            [
              -89.4294237340108,
              43.077436212476805
            ],
            [
              -89.42942205910956,
              43.0774356079511
            ],
            [
              -89.4294204521336,
              43.07743484089581
            ],
            [
              -89.42941892880923,
              43.077433918817526
            ],
            [
              -89.42941750404405,
              43.077432850739946
            ],
            [
              -89.4294161917812,
              43.07743164711553
            ],
            [
              -89.4294150048628,
              43.07743031972327
            ],
            [
              -89.42941395490433,
              43.077428881553345
            ],
            [
              -89.42941305218096,
              43.077427346680054
            ],
            [
              -89.42941230552695,
              43.07742573012405
            ],
            [
              -89.42941172224926,
              43.07742404770536
            ],
            [
              -89.42941130805599,
              43.077422315888555
            ],
            [
              -89.42941106700052,
              43.07742055162163
            ],
            [
              -89.4294110014419,
              43.07741877217015
            ],
            [
              -89.42941400144191,
              43.07718177217015
            ],
            [
              -89.42941410887173,
              43.077180023253014
            ],
            [
              -89.42941438583942,
              43.07717829306771
            ],
            [
              -89.42941482972046,
              43.077176598009615
            ],
            [
              -89.42941543630855,
              43.077174954141256
            ],
            [
              -89.42941619985564,
              43.07717337704007
            ],
            [
              -89.42941711312628,
              43.077171881650806
            ],
            [
              -89.42941816746622,
              43.0771704821439
            ],
            [
              -89.42941935288447,
              43.07716919178121
            ],
            [
              -89.42942065814789,
              43.07716802279031
            ],
            [
              -89.4294220708877,
              43.07716698624868
            ],
            [
              -89.42942357771663,
              43.07716609197867
            ],
            [
              -89.42942516435586,
              43.07716534845445
            ],
            [
              -89.42942681577026,
              43.077164762721736
            ],
            [
              -89.42942851631086,
              43.07716434033098
            ],
            [
              -89.4294302498632,
              43.077164085284785
            ],
            [
              -89.429432,
              43.077164
            ],
            [
              -89.429495,
              43.077164
            ],
            [
              -89.42949676430852,
              43.07716408667492
            ],
            [
              -89.4294985116258,
              43.07716434586495
            ],
            [
              -89.42950022512419,
              43.07716477507396
            ],
            [
              -89.42950188830179,
              43.077165370168416
            ],
            [
              -89.42950348514127,
              43.07716612541724
            ],
            [
              -89.4295050002642,
              43.07716703354698
            ],
            [
              -89.42950641907912,
              43.07716808581184
            ],
            [
              -89.42950772792206,
              43.07716927207794
            ],
            [
              -89.42950891418816,
              43.077170580920885
            ],
            [
              -89.42950996645303,
              43.0771719997358
            ],
            [
              -89.42951087458276,
              43.077173514858735
            ],
            [
              -89.4295116298316,
              43.07717511169822
            ],
            [
              -89.42951222492604,
              43.07717677487581
            ],
            [
              -89.42951265413505,
              43.0771784883742
            ],
            [
              -89.42951291332508,
              43.07718023569147
            ],
            [
              -89.429513,
              43.077182
            ],
            [
              -89.429513,
              43.07719122399128
            ],
            [
              -89.4300385508132,
              43.07719780512847
            ],
            [
              -89.43003903354698,
              43.077196999735804
            ],
            [
              -89.43004008581184,
              43.077195580920886
            ],
            [
              -89.43004127207794,
              43.07719427207794
            ],
            [
              -89.43004258092088,
              43.07719308581184
            ],
            [
              -89.4300439997358,
              43.07719203354698
            ],
            [
              -89.43004551485873,
              43.077191125417244
            ],
            [
              -89.43004711169822,
              43.07719037016842
            ],
            [
              -89.43004877487581,
              43.07718977507396
            ],
            [
              -89.4300504883742,
              43.07718934586495
            ],
            [
              -89.43005223569148,
              43.07718908667492
            ],
            [
              -89.430054,
              43.077189000000004
            ],
            [
              -89.430116,
              43.077189000000004
            ],
            [
              -89.43011776588266,
              43.07718908683003
            ],
            [
              -89.43011951472847,
              43.0771893464824
            ],
            [
              -89.43012122966495,
              43.07718977645204
            ],
            [
              -89.43012289414676,
              43.07719037259069
            ],
            [
              -89.43012449211537,
              43.077191129146954
            ],
            [
              -89.4301260081539,
              43.07719203882172
            ],
            [
              -89.43012742763595,
              43.07719309283866
            ],
            [
              -89.43012873686668,
              43.07719428102885
            ],
            [
              -89.4301299232149,
              43.07719559192889
            ],
            [
              -89.43013097523502,
              43.077197012891496
            ],
            [
              -89.43013188277733,
              43.07719853020754
            ],
            [
              -89.43013217492933,
              43.07719914952956
            ],
            [
              -89.43080115742838,
              43.077205000688444
            ],
            [
              -89.43080292807481,
              43.077205103561035
            ],
            [
              -89.43080468000124,
              43.07720538019322
            ],
            [
              -89.43080639619791,
              43.077205827899135
            ],
            [
              -89.43080806000197,
              43.07720644233192
            ],
            [
              -89.43080965525925,
              43.077207217525945
            ],
            [
              -89.43081116648115,
              43.077208145954714
            ],
            [
              -89.43081257899492,
              43.07720921860396
            ],
            [
              -89.43081387908626,
              43.07721042505915
            ],
            [
              -89.43081505413232,
              43.07721175360659
            ],
            [
              -89.43081609272441,
              43.0772131913472
            ],
            [
              -89.43081698477866,
              43.0772147243217
            ],
            [
              -89.43081772163394,
              43.07721633764618
            ],
            [
              -89.43081829613601,
              43.0772180156566
            ],
            [
              -89.43081870270693,
              43.077219742060855
            ],
            [
              -89.43081893739922,
              43.07722150009701
            ],
            [
              -89.43081899793424,
              43.077223272695974
            ],
            [
              -89.43081727238572,
              43.07733715889768
            ],
            [
              -89.43102815719924,
              43.07733900068644
            ],
            [
              -89.4310299195188,
              43.077339102641325
            ],
            [
              -89.43103166337684,
              43.0773393767293
            ],
            [
              -89.43103337200127,
              43.07733982031425
            ],
            [
              -89.4310350289589,
              43.07734042912987
            ],
            [
              -89.43103661831346,
              43.0773411973207
            ],
            [
              -89.43103812477885,
              43.077342117498425
            ],
            [
              -89.43103953386623,
              43.07734318081298
            ],
            [
              -89.43104083202326,
              43.07734437703762
            ],
            [
              -89.43104200676453,
              43.0773456946673
            ],
            [
              -89.43104304679164,
              43.07734712102934
            ],
            [
              -89.43104394210182,
              43.077348642405276
            ],
            [
              -89.43104468408416,
              43.07735024416283
            ],
            [
              -89.43104526560242,
              43.07735191089663
            ],
            [
              -89.43104568106368,
              43.07735362657638
            ],
            [
              -89.43104592647214,
              43.077355374701014
            ],
            [
              -89.43104599946747,
              43.077357138457444
            ],
            [
              -89.43104513664933,
              43.07746930481556
            ],
            [
              -89.43132230504092,
              43.07747400258491
            ],
            [
              -89.43132234608984,
              43.07747400332748
            ],
            [
              -89.43136870769335,
              43.077474894896774
            ],
            [
              -89.43140901539647,
              43.0774480230947
            ],
            [
              -89.4314105034047,
              43.077447131544865
            ],
            [
              -89.43141207032191,
              43.07744638736741
            ],
            [
              -89.43141370159594,
              43.07744579747361
            ],
            [
              -89.43141538207692,
              43.07744536734188
            ],
            [
              -89.43141709615801,
              43.07744510096691
            ],
            [
              -89.43141882792033,
              43.07744500082256
            ],
            [
              -89.43142056128077,
              43.07744506783889
            ],
            [
              -89.4314222801414,
              43.077445301393496
            ],
            [
              -89.43142396853895,
              43.07744569931733
            ],
            [
              -89.43142561079303,
              43.077446257914836
            ],
            [
              -89.43142719165182,
              43.077446971998235
            ],
            [
              -89.43142869643368,
              43.07744783493575
            ],
            [
              -89.43143011116354,
              43.07744883871316
            ],
            [
              -89.43149511116353,
              43.07749983871316
            ],
            [
              -89.43149641590283,
              43.077500967526824
            ],
            [
              -89.4314976065781,
              43.0775022160689
            ],
            [
              -89.43149867225073,
              43.077503572869105
            ],
            [
              -89.43149960313042,
              43.07750502546262
            ],
            [
              -89.43150039066526,
              43.077506560504574
            ],
            [
              -89.43150102762023,
              43.07750816389264
            ],
            [
              -89.43150150814367,
              43.07750982089661
            ],
            [
              -89.43150182782104,
              43.0775115162937
            ],
            [
              -89.43150198371548,
              43.07751323450842
            ],
            [
              -89.43150197439482,
              43.07751495975567
            ],
            [
              -89.43150179994466,
              43.0775166761857
            ],
            [
              -89.43150146196768,
              43.077518368029814
            ],
            [
              -89.43150096356885,
              43.077520019745144
            ],
            [
              -89.43150030932692,
              43.077521616157505
            ],
            [
              -89.43149950525238,
              43.07752314260077
            ],
            [
              -89.43149855873217,
              43.07752458505161
            ],
            [
              -89.43149747846194,
              43.07752593025834
            ],
            [
              -89.43149627436603,
              43.07752716586263
            ],
            [
              -89.43149495750639,
              43.07752828051308
            ],
            [
              -89.43149353998092,
              43.077529263969474
            ],
            [
              -89.43147826926298,
              43.077538808168185
            ],
            [
              -89.43144895176779,
              43.0775612849145
            ],
            [
              -89.4314474798868,
              43.077562301364196
            ],
            [
              -89.43144591438889,
              43.07756316670803
            ],
            [
              -89.43144427073386,
              43.07756387240045
            ],
            [
              -89.43144256515333,
              43.077564411472515
            ],
            [
              -89.43144081449044,
              43.077564778600724
            ],
            [
              -89.43143903603357,
              43.07756497015956
            ],
            [
              -89.43143724734553,
              43.07756498425732
            ],
            [
              -89.4314354660902,
              43.07756482075479
            ],
            [
              -89.43143370985804,
              43.0775644812666
            ],
            [
              -89.4314319959924,
              43.07756396914532
            ],
            [
              -89.43143034141825,
              43.07756328944829
            ],
            [
              -89.43142876247505,
              43.077562448887754
            ],
            [
              -89.43142727475536,
              43.07756145576451
            ],
            [
              -89.43140088533475,
              43.07754187651696
            ],
            [
              -89.43135862508136,
              43.07754099609502
            ],
            [
              -89.43135857300155,
              43.07754099493463
            ],
            [
              -89.43108227310312,
              43.07753443866586
            ]
          ]
        ]
      },
      "properties": {
        "building": "university",
        "name": "Health Sciences Learning Center",
        "@id": "way/107463323",
        "addr:street": "Highland Avenue",
        "addr:housenumber": "750",
        "person_counts": [
          526,
          526,
          526,
          526,
          526,
          526,
          526,
          526,
          526,
          526,
          526,
          526,
          526,
          526,
          526,
          526,
          526,
          526,
          526,
          526,
          526,
          652,
          652,
          652,
          652,
          652,
          652,
          652,
          652,
          652,
          652,
          652,
          589,
          589,
          589,
          589,
          589,
          589,
          589,
          589,
          589,
          589,
          589,
          589,
          589,
          526,
          526,
          526,
          526,
          526,
          526,
          526,
          526,
          526,
          526,
          526,
          526,
          526,
          526,
          526,
          595,
          595,
          595,
          595,
          595,
          595,
          595,
          595,
          595,
          595,
          595,
          526,
          526,
          526,
          526,
          526,
          526,
          526,
          526,
          526,
          526,
          526,
          526,
          526,
          526,
          526,
          526,
          526,
          526,
          526,
          526,
          526,
          526,
          526,
          526,
          526,
          526,
          526,
          526,
          526,
          526,
          526,
          526,
          526,
          526,
          526,
          526,
          526,
          526,
          526,
          526,
          526,
          526,
          526,
          526,
          526,
          526,
          526,
          526,
          526,
          526,
          526,
          526,
          526,
          526,
          526,
          526,
          526,
          526,
          526,
          526,
          526,
          526,
          0,
          0,
          0,
          0,
          0,
          0,
          0,
          0,
          0,
          0,
          0,
          0,
          0,
          0,
          0,
          0,
          0,
          0,
          0,
          0,
          0,
          0,
          0,
          0,
          0,
          0,
          0,
          0,
          0,
          0,
          0,
          0,
          0,
          0,
          0,
          0,
          0,
          0,
          0,
          0,
          0,
          0,
          0,
          0,
          0,
          0,
          0,
          0,
          0,
          0,
          0,
          0
        ],
        "instructor_counts": [
          3,
          3,
          3,
          3,
          3,
          3,
          3,
          3,
          3,
          3,
          3,
          3,
          3,
          3,
          3,
          3,
          3,
          3,
          3,
          3,
          3,
          5,
          5,
          5,
          5,
          5,
          5,
          5,
          5,
          5,
          5,
          5,
          4,
          4,
          4,
          4,
          4,
          4,
          4,
          4,
          4,
          4,
          4,
          4,
          4,
          3,
          3,
          3,
          3,
          3,
          3,
          3,
          3,
          3,
          3,
          3,
          3,
          3,
          3,
          3,
          4,
          4,
          4,
          4,
          4,
          4,
          4,
          4,
          4,
          4,
          4,
          3,
          3,
          3,
          3,
          3,
          3,
          3,
          3,
          3,
          3,
          3,
          3,
          3,
          3,
          3,
          3,
          3,
          3,
          3,
          3,
          3,
          3,
          3,
          3,
          3,
          3,
          3,
          3,
          3,
          3,
          3,
          3,
          3,
          3,
          3,
          3,
          3,
          3,
          3,
          3,
          3,
          3,
          3,
          3,
          3,
          3,
          3,
          3,
          3,
          3,
          3,
          3,
          3,
          3,
          3,
          3,
          3,
          3,
          3,
          3,
          3,
          3,
          0,
          0,
          0,
          0,
          0,
          0,
          0,
          0,
          0,
          0,
          0,
          0,
          0,
          0,
          0,
          0,
          0,
          0,
          0,
          0,
          0,
          0,
          0,
          0,
          0,
          0,
          0,
          0,
          0,
          0,
          0,
          0,
          0,
          0,
          0,
          0,
          0,
          0,
          0,
          0,
          0,
          0,
          0,
          0,
          0,
          0,
          0,
          0,
          0,
          0,
          0,
          0
        ]
      }
    },
    {
      "type": "Feature",
      "geometry": {
        "type": "Polygon",
        "coordinates": [
          [
            [
              -89.40724128217647,
              43.07193606770325
            ],
            [
              -89.40604728217647,
              43.07153606770325
            ],
            [
              -89.40604567310308,
              43.07153544130717
            ],
            [
              -89.40604413145272,
              43.0715346636161
            ],
            [
              -89.40604267141187,
              43.07153374178643
            ],
            [
              -89.40604130641599,
              43.07153268430097
            ],
            [
              -89.40604004902596,
              43.07153150089083
            ],
            [
              -89.40603891081244,
              43.0715302024459
            ],
            [
              -89.40603790224942,
              43.071528800914635
            ],
            [
              -89.40603703261783,
              43.07152730919411
            ],
            [
              -89.40603630992013,
              43.07152574101133
            ],
            [
              -89.40603574080664,
              43.071524110796894
            ],
            [
              -89.40603533051447,
              43.07152243355226
            ],
            [
              -89.40603508281914,
              43.07152072471164
            ],
            [
              -89.406035,
              43.071519
            ],
            [
              -89.406035,
              43.071471
            ],
            [
              -89.40603508893957,
              43.07146921284746
            ],
            [
              -89.40603535487935,
              43.07146744335587
            ],
            [
              -89.4060357951913,
              43.07146570901166
            ],
            [
              -89.40603640552416,
              43.07146402695391
            ],
            [
              -89.40603717984654,
              43.07146241380503
            ],
            [
              -89.4060381105064,
              43.07146088550642
            ],
            [
              -89.40603918830685,
              43.07145945716099
            ],
            [
              -89.40604040259686,
              43.07145814288391
            ],
            [
              -89.4060417413766,
              43.071456955663095
            ],
            [
              -89.40604319141602,
              43.07145590723086
            ],
            [
              -89.40604473838557,
              43.07145500794801
            ],
            [
              -89.40604636699784,
              43.071454266701394
            ],
            [
              -89.40604806115859,
              43.071453690816156
            ],
            [
              -89.40604980412583,
              43.07145328598328
            ],
            [
              -89.40605157867526,
              43.07145305620342
            ],
            [
              -89.40605336727046,
              43.07145300374727
            ],
            [
              -89.40608430868244,
              43.071453635204655
            ],
            [
              -89.4060890025849,
              43.071176694959064
            ],
            [
              -89.40608911776322,
              43.071174944371755
            ],
            [
              -89.40608940281295,
              43.07117321331179
            ],
            [
              -89.40608985502628,
              43.071171518223274
            ],
            [
              -89.40609047010744,
              43.07116987520863
            ],
            [
              -89.4060912422135,
              43.07116829987559
            ],
            [
              -89.40609216400989,
              43.071166807188945
            ],
            [
              -89.40609322674001,
              43.07116541132841
            ],
            [
              -89.40609442030855,
              43.071164125553885
            ],
            [
              -89.40609573337723,
              43.071162962079526
            ],
            [
              -89.40609715347264,
              43.0711619319577
            ],
            [
              -89.40609866710466,
              43.071161044973984
            ],
            [
              -89.40610025989459,
              43.07116030955426
            ],
            [
              -89.40610191671183,
              43.07115973268459
            ],
            [
              -89.40610362181751,
              43.07115931984494
            ],
            [
              -89.40610535901406,
              43.07115907495704
            ],
            [
              -89.40610711179909,
              43.071159000347194
            ],
            [
              -89.40659011179908,
              43.071162000347194
            ],
            [
              -89.4065918970243,
              43.07116210024305
            ],
            [
              -89.406593663531,
              43.07116237676134
            ],
            [
              -89.40659539388851,
              43.071162827173595
            ],
            [
              -89.40659707102284,
              43.07116344703543
            ],
            [
              -89.40659867838521,
              43.071164230230494
            ],
            [
              -89.40660020011525,
              43.071165169030756
            ],
            [
              -89.40660162119761,
              43.07116625417278
            ],
            [
              -89.40660292761002,
              43.071167474949135
            ],
            [
              -89.4066041064617,
              43.071168819314046
            ],
            [
              -89.40660514612054,
              43.07117027400225
            ],
            [
              -89.40660603632794,
              43.07117182465988
            ],
            [
              -89.40660676829992,
              43.07117345598611
            ],
            [
              -89.4066073348139,
              43.07117515188417
            ],
            [
              -89.40660773027989,
              43.07117689562008
            ],
            [
              -89.40660795079573,
              43.071178669987866
            ],
            [
              -89.40660799418552,
              43.071180457479294
            ],
            [
              -89.40660546344347,
              43.07128
            ],
            [
              -89.406657,
              43.07128
            ],
            [
              -89.40665726467726,
              43.07128000194605
            ],
            [
              -89.40670745461627,
              43.071280740033394
            ],
            [
              -89.40671000571722,
              43.071179546362615
            ],
            [
              -89.40671013545948,
              43.07117779586933
            ],
            [
              -89.4067104350836,
              43.071176066336115
            ],
            [
              -89.4067109017403,
              43.071174374209846
            ],
            [
              -89.40671153099193,
              43.07117273558171
            ],
            [
              -89.40671231685467,
              43.071171166034155
            ],
            [
              -89.4067132518554,
              43.0711696804927
            ],
            [
              -89.40671432710278,
              43.07116829308402
            ],
            [
              -89.4067155323718,
              43.0711670170016
            ],
            [
              -89.40671685620106,
              43.071165864380276
            ],
            [
              -89.40671828600162,
              43.07116484618083
            ],
            [
              -89.4067198081769,
              43.07116397208577
            ],
            [
              -89.40672140825188,
              43.07116325040727
            ],
            [
              -89.4067230710107,
              43.07116268800807
            ],
            [
              -89.40672478064148,
              43.07116229023629
            ],
            [
              -89.40672652088656,
              43.07116206087451
            ],
            [
              -89.4067282751972,
              43.07116200210383
            ],
            [
              -89.4070552751972,
              43.071167002103834
            ],
            [
              -89.40705534388627,
              43.07116700328524
            ],
            [
              -89.40721234388627,
              43.07117000328524
            ],
            [
              -89.40721410385895,
              43.07117012337343
            ],
            [
              -89.40721584362467,
              43.071170415161376
            ],
            [
              -89.4072175464735,
              43.07117087584654
            ],
            [
              -89.4072191960501,
              43.07117150100418
            ],
            [
              -89.40722077651073,
              43.07117228462983
            ],
            [
              -89.40722227267555,
              43.07117321919701
            ],
            [
              -89.40722367017435,
              43.07117429572946
            ],
            [
              -89.40722495558452,
              43.07117550388742
            ],
            [
              -89.40722611656012,
              43.07117683206687
            ],
            [
              -89.4072271419503,
              43.071178267511044
            ],
            [
              -89.40722802190648,
              43.071179796432915
            ],
            [
              -89.40722874797694,
              43.07118140414765
            ],
            [
              -89.40722931318801,
              43.07118307521361
            ],
            [
              -89.40722971211098,
              43.0711847935807
            ],
            [
              -89.40722994091432,
              43.0711865427445
            ],
            [
              -89.40722999740044,
              43.07118830590482
            ],
            [
              -89.40722430854896,
              43.071523000000006
            ],
            [
              -89.407241,
              43.071523000000006
            ],
            [
              -89.40724273232635,
              43.07152308355378
            ],
            [
              -89.40724444857021,
              43.0715233334394
            ],
            [
              -89.4072461327984,
              43.071523747337004
            ],
            [
              -89.40724776937496,
              43.07152432140406
            ],
            [
              -89.40724934310632,
              43.071525050311074
            ],
            [
              -89.40725083938234,
              43.071525927291056
            ],
            [
              -89.40725224431198,
              43.07152694420233
            ],
            [
              -89.4072535448522,
              43.07152809160416
            ],
            [
              -89.40725472892912,
              43.07152935884434
            ],
            [
              -89.40725578555005,
              43.071530734158124
            ],
            [
              -89.4072567049056,
              43.07153220477744
            ],
            [
              -89.40725747846069,
              43.07153375704944
            ],
            [
              -89.40725809903384,
              43.07153537656318
            ],
            [
              -89.40725856086378,
              43.07153704828353
            ],
            [
              -89.40725885966302,
              43.07153875669064
            ],
            [
              -89.40725899265756,
              43.071540485924075
            ],
            [
              -89.40725999265756,
              43.07157548592407
            ],
            [
              -89.40725999808784,
              43.071575737637204
            ],
            [
              -89.40726499808784,
              43.071918737637205
            ],
            [
              -89.40726493366554,
              43.07192054390424
            ],
            [
              -89.40726468842591,
              43.071922334604764
            ],
            [
              -89.40726426484159,
              43.07192409168392
            ],
            [
              -89.40726366718339,
              43.07192579742584
            ],
            [
              -89.40726290147724,
              43.07192743463228
            ],
            [
              -89.40726197544342,
              43.071928986796
            ],
            [
              -89.40726089841874,
              43.0719304382672
            ],
            [
              -89.40725968126235,
              43.07193177441135
            ],
            [
              -89.40725833624631,
              43.07193298175666
            ],
            [
              -89.40725687693185,
              43.07193404813002
            ],
            [
              -89.4072553180326,
              43.071934962779636
            ],
            [
              -89.40725367526623,
              43.0719357164835
            ],
            [
              -89.40725196519607,
              43.07193630164235
            ],
            [
              -89.407250205064,
              43.071936712356276
            ],
            [
              -89.40724841261667,
              43.07193694448423
            ],
            [
              -89.40724660592653,
              43.07193699568577
            ],
            [
              -89.40724480320966,
              43.07193686544464
            ],
            [
              -89.40724302264209,
              43.071936555074025
            ],
            [
              -89.40724128217647,
              43.07193606770325
            ]
          ]
        ]
      },
      "properties": {
        "building": "university",
        "name": "Computer Sciences and Statistics",
        "@id": "way/153660099",
        "addr:street": "West Dayton Street",
        "addr:housenumber": "1210",
        "person_counts": [
          0,
          0,
          0,
          0,
          0,
          0,
          0,
          0,
          0,
          0,
          0,
          0,
          0,
          0,
          0,
          0,
          0,
          0,
          0,
          0,
          0,
          0,
          0,
          0,
          0,
          0,
          0,
          0,
          0,
          0,
          0,
          0,
          0,
          0,
          0,
          0,
          0,
          0,
          0,
          0,
          0,
          0,
          0,
          0,
          0,
          0,
          0,
          0,
          0,
          0,
          0,
          0,
          0,
          0,
          0,
          0,
          0,
          0,
          0,
          0,
          0,
          0,
          0,
          0,
          0,
          0,
          0,
          0,
          0,
          0,
          0,
          0,
          0,
          0,
          0,
          0,
          0,
          89,
          89,
          89,
          89,
          89,
          89,
          89,
          89,
          89,
          89,
          89,
          89,
          89,
          89,
          89,
          89,
          89,
          89,
          89,
          89,
          89,
          89,
          89,
          89,
          89,
          0,
          0,
          0,
          0,
          0,
          0,
          0,
          0,
          0,
          0,
          0,
          0,
          0,
          0,
          0,
          0,
          0,
          0,
          0,
          0,
          0,
          0,
          0,
          0,
          0,
          0,
          0,
          0,
          0,
          0,
          0,
          0,
          0,
          0,
          0,
          0,
          0,
          0,
          0,
          0,
          0,
          0,
          0,
          0,
          0,
          0,
          0,
          0,
          0,
          0,
          0,
          0,
          0,
          0,
          0,
          0,
          0,
          0,
          0,
          0,
          0,
          0,
          0,
          0,
          0,
          0,
          0,
          0,
          0,
          0,
          0,
          0,
          0,
          0,
          0,
          0,
          0,
          0,
          0,
          0,
          0,
          0,
          0
        ],
        "instructor_counts": [
          0,
          0,
          0,
          0,
          0,
          0,
          0,
          0,
          0,
          0,
          0,
          0,
          0,
          0,
          0,
          0,
          0,
          0,
          0,
          0,
          0,
          0,
          0,
          0,
          0,
          0,
          0,
          0,
          0,
          0,
          0,
          0,
          0,
          0,
          0,
          0,
          0,
          0,
          0,
          0,
          0,
          0,
          0,
          0,
          0,
          0,
          0,
          0,
          0,
          0,
          0,
          0,
          0,
          0,
          0,
          0,
          0,
          0,
          0,
          0,
          0,
          0,
          0,
          0,
          0,
          0,
          0,
          0,
          0,
          0,
          0,
          0,
          0,
          0,
          0,
          0,
          0,
          1,
          1,
          1,
          1,
          1,
          1,
          1,
          1,
          1,
          1,
          1,
          1,
          1,
          1,
          1,
          1,
          1,
          1,
          1,
          1,
          1,
          1,
          1,
          1,
          1,
          0,
          0,
          0,
          0,
          0,
          0,
          0,
          0,
          0,
          0,
          0,
          0,
          0,
          0,
          0,
          0,
          0,
          0,
          0,
          0,
          0,
          0,
          0,
          0,
          0,
          0,
          0,
          0,
          0,
          0,
          0,
          0,
          0,
          0,
          0,
          0,
          0,
          0,
          0,
          0,
          0,
          0,
          0,
          0,
          0,
          0,
          0,
          0,
          0,
          0,
          0,
          0,
          0,
          0,
          0,
          0,
          0,
          0,
          0,
          0,
          0,
          0,
          0,
          0,
          0,
          0,
          0,
          0,
          0,
          0,
          0,
          0,
          0,
          0,
          0,
          0,
          0,
          0,
          0,
          0,
          0,
          0,
          0
        ]
      }
    },
    {
      "type": "Feature",
      "geometry": {
        "type": "Polygon",
        "coordinates": [
          [
            [
              -89.40538422116444,
              43.075041999999996
            ],
            [
              -89.40538377476368,
              43.075042586884216
            ],
            [
              -89.40538257303086,
              43.075043880950865
            ],
            [
              -89.40538125027213,
              43.07504505102762
            ],
            [
              -89.40537981922014,
              43.07504608585152
            ],
            [
              -89.40537829364997,
              43.075046975461504
            ],
            [
              -89.4053766882465,
              43.07504771129435
            ],
            [
              -89.40537501846309,
              43.07504828626705
            ],
            [
              -89.40537330037277,
              43.075048694845
            ],
            [
              -89.40537155051362,
              43.07504893309532
            ],
            [
              -89.40536978572948,
              43.075048998724625
            ],
            [
              -89.40528578572948,
              43.07504799872462
            ],
            [
              -89.40528406800875,
              43.075047896016585
            ],
            [
              -89.40528236794496,
              43.07504762975258
            ],
            [
              -89.40528070107538,
              43.07504720236605
            ],
            [
              -89.40527908263394,
              43.075046617762986
            ],
            [
              -89.40527752741197,
              43.075045881286215
            ],
            [
              -89.405276049623,
              43.075044999666574
            ],
            [
              -89.40527466277291,
              43.0750439809614
            ],
            [
              -89.40527337953644,
              43.075042834480875
            ],
            [
              -89.4052722116414,
              43.07504157070296
            ],
            [
              -89.40527116976146,
              43.07504020117763
            ],
            [
              -89.40527110090298,
              43.075040090046194
            ],
            [
              -89.40513011612661,
              43.0750409996254
            ],
            [
              -89.40513,
              43.075041
            ],
            [
              -89.405077,
              43.075041
            ],
            [
              -89.40507555042379,
              43.075040941536415
            ],
            [
              -89.40507411026394,
              43.07504076652542
            ],
            [
              -89.40490811026393,
              43.075013766525416
            ],
            [
              -89.40490640378937,
              43.07501340329991
            ],
            [
              -89.40490474049633,
              43.075012876569964
            ],
            [
              -89.40490313601148,
              43.075012191284216
            ],
            [
              -89.40490160540901,
              43.075011353880946
            ],
            [
              -89.40490016306894,
              43.075010372227574
            ],
            [
              -89.40489882254214,
              43.07500925554676
            ],
            [
              -89.40489759642284,
              43.07500801432975
            ],
            [
              -89.40489649623049,
              43.075006660237804
            ],
            [
              -89.40489553230142,
              43.07500520599266
            ],
            [
              -89.40489471369177,
              43.07500366525698
            ],
            [
              -89.40489404809242,
              43.07500205250602
            ],
            [
              -89.40489354175664,
              43.07500038289161
            ],
            [
              -89.4048931994415,
              43.074998672099824
            ],
            [
              -89.40489302436308,
              43.07499693620359
            ],
            [
              -89.4048930181662,
              43.074995191511704
            ],
            [
              -89.40489318090911,
              43.07499345441558
            ],
            [
              -89.40489481782092,
              43.07498199603293
            ],
            [
              -89.40473813830404,
              43.07494758087894
            ],
            [
              -89.4047364421028,
              43.074947120449146
            ],
            [
              -89.40473479889191,
              43.07494649678885
            ],
            [
              -89.40473322433812,
              43.07494571584419
            ],
            [
              -89.4047317334536,
              43.07494478506087
            ],
            [
              -89.40473034045282,
              43.07494371331322
            ],
            [
              -89.40472905861697,
              43.074942510819525
            ],
            [
              -89.40472790016739,
              43.07494118904466
            ],
            [
              -89.40472687614901,
              43.07493976059074
            ],
            [
              -89.4047259963251,
              43.07493823907699
            ],
            [
              -89.40472526908407,
              43.07493663900989
            ],
            [
              -89.40472470135964,
              43.07493497564487
            ],
            [
              -89.40472429856463,
              43.07493326484085
            ],
            [
              -89.40472406453937,
              43.07493152290905
            ],
            [
              -89.40472400151512,
              43.074929766457466
            ],
            [
              -89.40472411009277,
              43.07492801223253
            ],
            [
              -89.40472588380462,
              43.07491204882598
            ],
            [
              -89.40458612244615,
              43.07491299958352
            ],
            [
              -89.40458580075021,
              43.074912998897176
            ],
            [
              -89.40431480075021,
              43.074909998897176
            ],
            [
              -89.40431299791473,
              43.07490988831056
            ],
            [
              -89.40431121523879,
              43.07490959760162
            ],
            [
              -89.40430947067266,
              43.07490912969758
            ],
            [
              -89.40430778178285,
              43.074908489309905
            ],
            [
              -89.40430616557525,
              43.07490768288683
            ],
            [
              -89.40430463832391,
              43.074906718548455
            ],
            [
              -89.40430321540713,
              43.07490560600496
            ],
            [
              -89.40430191115267,
              43.07490435645886
            ],
            [
              -89.40430073869341,
              43.07490298249217
            ],
            [
              -89.40429970983517,
              43.07490149793975
            ],
            [
              -89.4042988349378,
              43.07489991774995
            ],
            [
              -89.4042981228109,
              43.07489825783416
            ],
            [
              -89.4042651228109,
              43.07480925783416
            ],
            [
              -89.40426501054958,
              43.07480894630764
            ],
            [
              -89.40425808158523,
              43.074789149266635
            ],
            [
              -89.40423515744884,
              43.07472835047011
            ],
            [
              -89.4042346170834,
              43.07472667270911
            ],
            [
              -89.40423424340493,
              43.07472495014092
            ],
            [
              -89.40423403999668,
              43.07472319928345
            ],
            [
              -89.40423400880917,
              43.074721436925905
            ],
            [
              -89.40423415014145,
              43.07471967996774
            ],
            [
              -89.40423446263827,
              43.074717945256666
            ],
            [
              -89.40423494330305,
              43.074716249427034
            ],
            [
              -89.40423558752666,
              43.07471460874037
            ],
            [
              -89.40423638913154,
              43.074713038929424
            ],
            [
              -89.404237340431,
              43.074711555047315
            ],
            [
              -89.4042384323029,
              43.07471017132317
            ],
            [
              -89.40423965427718,
              43.074708901025694
            ],
            [
              -89.40424099463613,
              43.07470775633593
            ],
            [
              -89.40424244052691,
              43.07470674823046
            ],
            [
              -89.40424397808468,
              43.07470588637612
            ],
            [
              -89.4042455925656,
              43.07470517903735
            ],
            [
              -89.40424726848822,
              43.07470463299691
            ],
            [
              -89.40424898978189,
              43.07470425349085
            ],
            [
              -89.40425073994093,
              43.0747040441583
            ],
            [
              -89.40430773994093,
              43.0747000441583
            ],
            [
              -89.4043095139227,
              43.074700007338066
            ],
            [
              -89.40431128291058,
              43.074700145355806
            ],
            [
              -89.40431302971501,
              43.074700456870374
            ],
            [
              -89.40431473736196,
              43.07470093885473
            ],
            [
              -89.40431638925791,
              43.07470158662535
            ],
            [
              -89.40431796935111,
              43.07470239388772
            ],
            [
              -89.40431946228749,
              43.07470335279752
            ],
            [
              -89.40432176837096,
              43.074705
            ],
            [
              -89.4043949460247,
              43.074705
            ],
            [
              -89.40439650306199,
              43.07469877185081
            ],
            [
              -89.40441047085822,
              43.07463890986692
            ],
            [
              -89.40441094262009,
              43.074637251453176
            ],
            [
              -89.4044115708937,
              43.07463564578582
            ],
            [
              -89.40441234991427,
              43.07463410759781
            ],
            [
              -89.40441327253382,
              43.07463265100295
            ],
            [
              -89.40441433028674,
              43.07463128936639
            ],
            [
              -89.40441551346754,
              43.07463003518195
            ],
            [
              -89.4044168112198,
              43.07462889995753
            ],
            [
              -89.40441821163587,
              43.074627894109504
            ],
            [
              -89.40441970186608,
              43.07462702686714
            ],
            [
              -89.40442126823667,
              43.0746263061879
            ],
            [
              -89.40442289637525,
              43.07462573868445
            ],
            [
              -89.40442457134267,
              43.074625329563986
            ],
            [
              -89.40442627777009,
              43.07462508258043
            ],
            [
              -89.404428,
              43.074625000000005
            ],
            [
              -89.40454776613576,
              43.074625000000005
            ],
            [
              -89.40456226348097,
              43.07458837512789
            ],
            [
              -89.40456300789235,
              43.07458673849331
            ],
            [
              -89.40456391186554,
              43.07458518428819
            ],
            [
              -89.40456496638109,
              43.074583728019675
            ],
            [
              -89.40456616091757,
              43.074582384217734
            ],
            [
              -89.40456748355642,
              43.07458116629018
            ],
            [
              -89.40456892110099,
              43.07458008638895
            ],
            [
              -89.40457045920812,
              43.074579155288774
            ],
            [
              -89.40457208253127,
              43.074578382279746
            ],
            [
              -89.40457377487373,
              43.074577775074594
            ],
            [
              -89.40457551935005,
              43.07457733973172
            ],
            [
              -89.40457729855467,
              43.07457708059477
            ],
            [
              -89.40457909473552,
              43.074577000249306
            ],
            [
              -89.40476909473553,
              43.0745780002493
            ],
            [
              -89.40477089479832,
              43.07457810000728
            ],
            [
              -89.40477267585361,
              43.07457837932747
            ],
            [
              -89.40477442003488,
              43.074578835407905
            ],
            [
              -89.40477610984556,
              43.07457946367344
            ],
            [
              -89.40477772833445,
              43.074580257821694
            ],
            [
              -89.4047792592658,
              43.07458120988623
            ],
            [
              -89.40478068728223,
              43.07458231031651
            ],
            [
              -89.40478199805871,
              43.07458354807365
            ],
            [
              -89.4047831784463,
              43.074584910741194
            ],
            [
              -89.40478421660403,
              43.07458638464968
            ],
            [
              -89.40478510211774,
              43.074587955013705
            ],
            [
              -89.40478582610446,
              43.07458960608031
            ],
            [
              -89.40480044332882,
              43.07462807246022
            ],
            [
              -89.40530110526136,
              43.07463100030778
            ],
            [
              -89.40530143889386,
              43.07463100535157
            ],
            [
              -89.40534221947965,
              43.074632
            ],
            [
              -89.405454,
              43.074632
            ],
            [
              -89.40545578296556,
              43.074632088522286
            ],
            [
              -89.4054575483942,
              43.07463235321846
            ],
            [
              -89.40545927892151,
              43.07463279148502
            ],
            [
              -89.40546095752636,
              43.07463339901126
            ],
            [
              -89.4054625676983,
              43.074634169821664
            ],
            [
              -89.40546409359999,
              43.074635096334696
            ],
            [
              -89.40546552022295,
              43.07463616943734
            ],
            [
              -89.40546683353519,
              43.074637378574764
            ],
            [
              -89.40546802061921,
              43.07463871185413
            ],
            [
              -89.4054690697991,
              43.07464015616155
            ],
            [
              -89.4054699707553,
              43.07464169729109
            ],
            [
              -89.4054707146262,
              43.0746433200845
            ],
            [
              -89.40547129409522,
              43.07464500858028
            ],
            [
              -89.40547170346281,
              43.07464674617072
            ],
            [
              -89.4054719387025,
              43.074648515765205
            ],
            [
              -89.40547199750053,
              43.07465029995834
            ],
            [
              -89.40547099750052,
              43.07471029995835
            ],
            [
              -89.40547099513446,
              43.0747104184915
            ],
            [
              -89.4054693515553,
              43.074781092395874
            ],
            [
              -89.40548127760668,
              43.07478330092391
            ],
            [
              -89.40548303982119,
              43.074783719947845
            ],
            [
              -89.40548475100002,
              43.07478431395797
            ],
            [
              -89.40548639381495,
              43.07478507693904
            ],
            [
              -89.40548795163005,
              43.07478600116473
            ],
            [
              -89.40548940867012,
              43.07478707727591
            ],
            [
              -89.40549075018046,
              43.07478829437534
            ],
            [
              -89.4054919625763,
              43.07478964013807
            ],
            [
              -89.40549303358033,
              43.07479110093628
            ],
            [
              -89.40549395234703,
              43.074792661977206
            ],
            [
              -89.40549470957254,
              43.07479430745299
            ],
            [
              -89.40549529758881,
              43.074796020700745
            ],
            [
              -89.40549571044133,
              43.0747977843713
            ],
            [
              -89.40549594394933,
              43.07479958060487
            ],
            [
              -89.4054959957482,
              43.07480139121192
            ],
            [
              -89.40549399574819,
              43.07489339121192
            ],
            [
              -89.40549387422847,
              43.0748951241366
            ],
            [
              -89.40549358622494,
              43.0748968372767
            ],
            [
              -89.40549313442008,
              43.07489851467569
            ],
            [
              -89.40549252302215,
              43.074900140709985
            ],
            [
              -89.40549175772576,
              43.07490170023441
            ],
            [
              -89.40549084565905,
              43.074903178723275
            ],
            [
              -89.40548979531715,
              43.074904562405656
            ],
            [
              -89.40548861648317,
              43.07490583839368
            ],
            [
              -89.40548732013697,
              43.07490699480257
            ],
            [
              -89.40548591835295,
              43.07490802086132
            ],
            [
              -89.40548442418758,
              43.07490890701303
            ],
            [
              -89.40548285155779,
              43.07490964500393
            ],
            [
              -89.40548121511135,
              43.074910227960224
            ],
            [
              -89.40547953009042,
              43.07491065045217
            ],
            [
              -89.40546812812788,
              43.074912930844675
            ],
            [
              -89.40546697658714,
              43.07493193126699
            ],
            [
              -89.40546298337374,
              43.07502477347844
            ],
            [
              -89.40546282770384,
              43.07502648454741
            ],
            [
              -89.40546250960429,
              43.07502817297946
            ],
            [
              -89.40546203197333,
              43.07502982339116
            ],
            [
              -89.40546139916268,
              43.075031420745475
            ],
            [
              -89.40546061693794,
              43.075032950488776
            ],
            [
              -89.40545969242602,
              43.07503439868346
            ],
            [
              -89.40545863405022,
              43.075035752134895
            ],
            [
              -89.40545745145349,
              43.075036998511685
            ],
            [
              -89.40545615541056,
              43.07503812645798
            ],
            [
              -89.4054547577298,
              43.07503912569698
            ],
            [
              -89.40545327114556,
              43.07503998712454
            ],
            [
              -89.40545170920225,
              43.07504070289212
            ],
            [
              -89.40545008613086,
              43.0750412664783
            ],
            [
              -89.40544841671932,
              43.075041672748206
            ],
            [
              -89.40544671617778,
              43.075041918000274
            ],
            [
              -89.405445,
              43.075041999999996
            ],
            [
              -89.40538422116444,
              43.075041999999996
            ]
          ]
        ]
      },
      "properties": {
        "building": "university",
        "name": "Van Vleck Hall",
        "@id": "way/38855396",
        "addr:street": "Lincoln Drive",
        "addr:housenumber": "480",
        "person_counts": [
          0,
          0,
          0,
          0,
          0,
          0,
          0,
          0,
          0,
          0,
          0,
          0,
          0,
          0,
          0,
          0,
          0,
          0,
          0,
          0,
          0,
          0,
          0,
          0,
          0,
          0,
          0,
          0,
          0,
          0,
          0,
          0,
          0,
          0,
          0,
          0,
          0,
          0,
          0,
          0,
          0,
          0,
          0,
          0,
          0,
          0,
          0,
          0,
          0,
          31,
          31,
          31,
          31,
          31,
          31,
          31,
          31,
          31,
          31,
          31,
          31,
          31,
          31,
          31,
          31,
          31,
          31,
          31,
          31,
          31,
          31,
          31,
          31,
          31,
          0,
          0,
          0,
          0,
          0,
          0,
          0,
          0,
          0,
          0,
          0,
          0,
          0,
          0,
          0,
          0,
          0,
          0,
          0,
          0,
          0,
          0,
          0,
          0,
          0,
          0,
          0,
          0,
          0,
          0,
          0,
          0,
          0,
          0,
          0,
          0,
          0,
          0,
          0,
          0,
          0,
          0,
          0,
          0,
          0,
          0,
          0,
          0,
          0,
          0,
          0,
          0,
          0,
          0,
          0,
          0,
          0,
          0,
          0,
          0,
          0,
          0,
          0,
          0,
          0,
          0,
          0,
          0,
          0,
          0,
          0,
          0,
          0,
          0,
          0,
          0,
          0,
          0,
          0,
          0,
          0,
          0,
          0,
          0,
          0,
          0,
          0,
          0,
          0,
          0,
          0,
          0,
          0,
          0,
          0,
          0,
          0,
          0,
          0,
          0,
          0,
          0,
          0,
          0,
          0,
          0,
          0,
          0,
          0,
          0,
          0
        ],
        "instructor_counts": [
          0,
          0,
          0,
          0,
          0,
          0,
          0,
          0,
          0,
          0,
          0,
          0,
          0,
          0,
          0,
          0,
          0,
          0,
          0,
          0,
          0,
          0,
          0,
          0,
          0,
          0,
          0,
          0,
          0,
          0,
          0,
          0,
          0,
          0,
          0,
          0,
          0,
          0,
          0,
          0,
          0,
          0,
          0,
          0,
          0,
          0,
          0,
          0,
          0,
          2,
          2,
          2,
          2,
          2,
          2,
          2,
          2,
          2,
          2,
          2,
          2,
          2,
          2,
          2,
          2,
          2,
          2,
          2,
          2,
          2,
          2,
          2,
          2,
          2,
          0,
          0,
          0,
          0,
          0,
          0,
          0,
          0,
          0,
          0,
          0,
          0,
          0,
          0,
          0,
          0,
          0,
          0,
          0,
          0,
          0,
          0,
          0,
          0,
          0,
          0,
          0,
          0,
          0,
          0,
          0,
          0,
          0,
          0,
          0,
          0,
          0,
          0,
          0,
          0,
          0,
          0,
          0,
          0,
          0,
          0,
          0,
          0,
          0,
          0,
          0,
          0,
          0,
          0,
          0,
          0,
          0,
          0,
          0,
          0,
          0,
          0,
          0,
          0,
          0,
          0,
          0,
          0,
          0,
          0,
          0,
          0,
          0,
          0,
          0,
          0,
          0,
          0,
          0,
          0,
          0,
          0,
          0,
          0,
          0,
          0,
          0,
          0,
          0,
          0,
          0,
          0,
          0,
          0,
          0,
          0,
          0,
          0,
          0,
          0,
          0,
          0,
          0,
          0,
          0,
          0,
          0,
          0,
          0,
          0,
          0
        ]
      }
    },
    {
      "type": "Feature",
      "geometry": {
        "type": "Polygon",
        "coordinates": [
          [
            [
              -89.39588627042771,
              43.0687350727041
            ],
            [
              -89.39576104120474,
              43.06916142563115
            ],
            [
              -89.39584181636496,
              43.06917422169614
            ],
            [
              -89.39584350529451,
              43.06917457294284
            ],
            [
              -89.39584515284407,
              43.06917508425261
            ],
            [
              -89.39584674388135,
              43.069175750929205
            ],
            [
              -89.39584826379304,
              43.069176566849364
            ],
            [
              -89.39584969861916,
              43.06917752451908
            ],
            [
              -89.3958510351812,
              43.06917861514238
            ],
            [
              -89.39585226120316,
              43.069179828702175
            ],
            [
              -89.39585336542436,
              43.069181154052245
            ],
            [
              -89.39585433770281,
              43.06918257901957
            ],
            [
              -89.39585516910837,
              43.069184090516195
            ],
            [
              -89.39585585200481,
              43.06918567465941
            ],
            [
              -89.39585638011988,
              43.06918731689926
            ],
            [
              -89.395856748603,
              43.06918900215219
            ],
            [
              -89.39585695406973,
              43.069190714939594
            ],
            [
              -89.39585699463291,
              43.06919243952995
            ],
            [
              -89.39585686991997,
              43.069194160083335
            ],
            [
              -89.39585658107639,
              43.0691958607969
            ],
            [
              -89.39585613075512,
              43.06919752605004
            ],
            [
              -89.39576613075512,
              43.06947652605004
            ],
            [
              -89.39576552741194,
              43.06947813054376
            ],
            [
              -89.39576477417826,
              43.0694796703691
            ],
            [
              -89.39576387788527,
              43.06948113156106
            ],
            [
              -89.39576284666168,
              43.06948250086781
            ],
            [
              -89.39576168985984,
              43.0694837658708
            ],
            [
              -89.39576041797103,
              43.06948491509747
            ],
            [
              -89.39575904253027,
              43.06948593812523
            ],
            [
              -89.39575757601175,
              43.06948682567605
            ],
            [
              -89.39575603171558,
              43.06948756970054
            ],
            [
              -89.39575442364733,
              43.06948816345098
            ],
            [
              -89.39575276639091,
              43.06948860154253
            ],
            [
              -89.3957510749763,
              43.06948888000205
            ],
            [
              -89.39574936474331,
              43.06948899630413
            ],
            [
              -89.39574765120238,
              43.069488949394
            ],
            [
              -89.39574594989398,
              43.0694887396971
            ],
            [
              -89.39525583395096,
              43.06940447075038
            ],
            [
              -89.39524329632518,
              43.06944798368691
            ],
            [
              -89.39524273314102,
              43.06944963339971
            ],
            [
              -89.3952420130202,
              43.069451220899225
            ],
            [
              -89.39524114271659,
              43.06945273129664
            ],
            [
              -89.39524013039258,
              43.06945415042624
            ],
            [
              -89.39523898554256,
              43.06945546497831
            ],
            [
              -89.39523771890383,
              43.069456662623935
            ],
            [
              -89.39523634235594,
              43.06945773213065
            ],
            [
              -89.39523486880924,
              43.06945866346777
            ],
            [
              -89.39523331208382,
              43.06945944790048
            ],
            [
              -89.39523168677988,
              43.06946007807174
            ],
            [
              -89.39523000814081,
              43.069460548071326
            ],
            [
              -89.39522829191023,
              43.06946085349119
            ],
            [
              -89.39522655418429,
              43.06946099146686
            ],
            [
              -89.39522481126077,
              43.069460960704305
            ],
            [
              -89.3952230794862,
              43.06946076149203
            ],
            [
              -89.3949250794862,
              43.069411761492034
            ],
            [
              -89.39492331064409,
              43.06941137843322
            ],
            [
              -89.39492158920986,
              43.069410819684
            ],
            [
              -89.39491993258667,
              43.06941009089316
            ],
            [
              -89.39491835752247,
              43.06940919942852
            ],
            [
              -89.39491687994062,
              43.069408154302515
            ],
            [
              -89.39491551477903,
              43.06940696608103
            ],
            [
              -89.39491427583901,
              43.06940564677662
            ],
            [
              -89.3949131756459,
              43.06940420972702
            ],
            [
              -89.39491222532226,
              43.06940266946033
            ],
            [
              -89.39491143447557,
              43.069401041548176
            ],
            [
              -89.39491081110104,
              43.069399342448214
            ],
            [
              -89.39491036150079,
              43.06939758933781
            ],
            [
              -89.39491009022014,
              43.06939579994035
            ],
            [
              -89.39491000000162,
              43.069393992346065
            ],
            [
              -89.39491009175734,
              43.06939218482916
            ],
            [
              -89.39491036455968,
              43.069390395663056
            ],
            [
              -89.39491081565068,
              43.06938864293564
            ],
            [
              -89.39498065130618,
              43.06916462466407
            ],
            [
              -89.39461772096377,
              43.06915899783706
            ],
            [
              -89.39461598242693,
              43.06915888657036
            ],
            [
              -89.3946142627886,
              43.0691586077611
            ],
            [
              -89.39461257815653,
              43.0691581640209
            ],
            [
              -89.39461094431056,
              43.06915755950623
            ],
            [
              -89.39460937655487,
              43.06915679987956
            ],
            [
              -89.39460788957452,
              43.06915589225626
            ],
            [
              -89.39460649729797,
              43.069154845138
            ],
            [
              -89.39460521276663,
              43.06915366833308
            ],
            [
              -89.39460404801262,
              43.06915237286456
            ],
            [
              -89.39460301394612,
              43.06915097086703
            ],
            [
              -89.39460212025318,
              43.06914947547292
            ],
            [
              -89.39460137530499,
              43.069147900689515
            ],
            [
              -89.39460078607941,
              43.06914626126772
            ],
            [
              -89.3946003580957,
              43.06914457256391
            ],
            [
              -89.39460009536276,
              43.069142850396084
            ],
            [
              -89.3946000003416,
              43.06914111089571
            ],
            [
              -89.39460007392228,
              43.06913937035657
            ],
            [
              -89.39460307392228,
              43.069106370356565
            ],
            [
              -89.39460331141478,
              43.0691046662404
            ],
            [
              -89.39460371052934,
              43.06910299258507
            ],
            [
              -89.3946042676192,
              43.0691013646829
            ],
            [
              -89.39460497759421,
              43.06909979740817
            ],
            [
              -89.39460583396725,
              43.0690983050812
            ],
            [
              -89.39460682891358,
              43.06909690133749
            ],
            [
              -89.39460795334229,
              43.06909559900317
            ],
            [
              -89.39460919697937,
              43.06909440997778
            ],
            [
              -89.39461054846163,
              43.06909334512554
            ],
            [
              -89.39512654846163,
              43.068725345125536
            ],
            [
              -89.3951265788281,
              43.068725323516226
            ],
            [
              -89.3952955788281,
              43.06860532351623
            ],
            [
              -89.3952971164311,
              43.06860434489849
            ],
            [
              -89.3952987451158,
              43.06860352678978
            ],
            [
              -89.39530044818355,
              43.06860287757804
            ],
            [
              -89.39530220817312,
              43.068602403919506
            ],
            [
              -89.39530400703963,
              43.06860211067053
            ],
            [
              -89.39530582633961,
              43.06860200083774
            ],
            [
              -89.39530764742011,
              43.06860207554723
            ],
            [
              -89.39530945160989,
              43.06860233403303
            ],
            [
              -89.39587245160989,
              43.06871233403303
            ],
            [
              -89.39587416104045,
              43.0687127557644
            ],
            [
              -89.39587582109053,
              43.06871334248746
            ],
            [
              -89.39587741587687,
              43.06871408858848
            ],
            [
              -89.39587893014067,
              43.06871498692882
            ],
            [
              -89.39588034939355,
              43.06871602891321
            ],
            [
              -89.39588166005619,
              43.06871720457202
            ],
            [
              -89.39588284958826,
              43.068718502656615
            ],
            [
              -89.39588390660842,
              43.06871991074703
            ],
            [
              -89.39588482100314,
              43.06872141537073
            ],
            [
              -89.39588558402357,
              43.06872300213159
            ],
            [
              -89.39588618836918,
              43.06872465584758
            ],
            [
              -89.39588662825763,
              43.06872636069607
            ],
            [
              -89.39588689948009,
              43.06872810036517
            ],
            [
              -89.39588699944154,
              43.06872985820985
            ],
            [
              -89.39588692718554,
              43.06873161741117
            ],
            [
              -89.39588668340343,
              43.0687333611372
            ],
            [
              -89.39588627042771,
              43.0687350727041
            ]
          ]
        ]
      },
      "properties": {
        "building": "university",
        "name": "Art Lofts",
        "@id": "way/102234779",
        "addr:street": "North Frances Street",
        "addr:housenumber": "111",
        "person_counts": [
          0,
          0,
          0,
          0,
          0,
          0,
          0,
          0,
          0,
          0,
          0,
          0,
          0,
          0,
          0,
          0,
          0,
          0,
          0,
          0,
          0,
          0,
          0,
          0,
          0,
          0,
          0,
          0,
          0,
          0,
          0,
          0,
          0,
          0,
          0,
          0,
          10,
          10,
          10,
          10,
          10,
          10,
          10,
          10,
          10,
          10,
          10,
          10,
          10,
          10,
          10,
          10,
          10,
          10,
          10,
          10,
          10,
          10,
          10,
          10,
          10,
          10,
          10,
          10,
          10,
          10,
          10,
          10,
          10,
          10,
          10,
          10,
          20,
          20,
          20,
          20,
          20,
          20,
          20,
          20,
          20,
          20,
          20,
          20,
          20,
          20,
          20,
          20,
          20,
          20,
          20,
          20,
          20,
          20,
          20,
          20,
          20,
          10,
          10,
          10,
          10,
          10,
          10,
          10,
          10,
          10,
          10,
          10,
          10,
          10,
          10,
          10,
          10,
          10,
          10,
          10,
          10,
          10,
          10,
          10,
          10,
          10,
          10,
          10,
          10,
          10,
          10,
          10,
          10,
          10,
          10,
          10,
          10,
          0,
          0,
          0,
          0,
          0,
          0,
          0,
          0,
          0,
          0,
          0,
          0,
          0,
          0,
          0,
          0,
          0,
          0,
          0,
          0,
          0,
          0,
          0,
          0,
          0,
          0,
          0,
          0,
          0,
          0,
          0,
          0,
          0,
          0,
          0,
          0,
          0,
          0,
          0,
          0,
          0,
          0,
          0,
          0,
          0,
          0,
          0,
          0,
          0,
          0,
          0,
          0
        ],
        "instructor_counts": [
          0,
          0,
          0,
          0,
          0,
          0,
          0,
          0,
          0,
          0,
          0,
          0,
          0,
          0,
          0,
          0,
          0,
          0,
          0,
          0,
          0,
          0,
          0,
          0,
          0,
          0,
          0,
          0,
          0,
          0,
          0,
          0,
          0,
          0,
          0,
          0,
          1,
          1,
          1,
          1,
          1,
          1,
          1,
          1,
          1,
          1,
          1,
          1,
          1,
          1,
          1,
          1,
          1,
          1,
          1,
          1,
          1,
          1,
          1,
          1,
          1,
          1,
          1,
          1,
          1,
          1,
          1,
          1,
          1,
          1,
          1,
          1,
          2,
          2,
          2,
          2,
          2,
          2,
          2,
          2,
          2,
          2,
          2,
          2,
          2,
          2,
          2,
          2,
          2,
          2,
          2,
          2,
          2,
          2,
          2,
          2,
          2,
          1,
          1,
          1,
          1,
          1,
          1,
          1,
          1,
          1,
          1,
          1,
          1,
          1,
          1,
          1,
          1,
          1,
          1,
          1,
          1,
          1,
          1,
          1,
          1,
          1,
          1,
          1,
          1,
          1,
          1,
          1,
          1,
          1,
          1,
          1,
          1,
          0,
          0,
          0,
          0,
          0,
          0,
          0,
          0,
          0,
          0,
          0,
          0,
          0,
          0,
          0,
          0,
          0,
          0,
          0,
          0,
          0,
          0,
          0,
          0,
          0,
          0,
          0,
          0,
          0,
          0,
          0,
          0,
          0,
          0,
          0,
          0,
          0,
          0,
          0,
          0,
          0,
          0,
          0,
          0,
          0,
          0,
          0,
          0,
          0,
          0,
          0,
          0
        ]
      }
    },
    {
      "type": "Feature",
      "geometry": {
        "type": "Polygon",
        "coordinates": [
          [
            [
              -89.405535,
              43.07257053194379
            ],
            [
              -89.405535,
              43.072647
            ],
            [
              -89.40553491446988,
              43.07264875264626
            ],
            [
              -89.40553465869235,
              43.072650488636505
            ],
            [
              -89.40553423509814,
              43.07265219147303
            ],
            [
              -89.40553364771282,
              43.07265384497319
            ],
            [
              -89.40553290211852,
              43.0726554334232
            ],
            [
              -89.40553200540087,
              43.07265694172746
            ],
            [
              -89.4055309660817,
              43.07265835555204
            ],
            [
              -89.405529794038,
              43.07265966146088
            ],
            [
              -89.40552850040814,
              43.072660847043466
            ],
            [
              -89.40552709748592,
              43.072661901032795
            ],
            [
              -89.40552559860377,
              43.07266281341245
            ],
            [
              -89.40552401800613,
              43.07266357551176
            ],
            [
              -89.40552237071394,
              43.07266418008824
            ],
            [
              -89.40552067238198,
              43.07266462139639
            ],
            [
              -89.40551893915011,
              43.0726648952423
            ],
            [
              -89.40551718748983,
              43.07266499902352
            ],
            [
              -89.40543718330619,
              43.07266583240043
            ],
            [
              -89.40543687458276,
              43.07266648514126
            ],
            [
              -89.40543596645303,
              43.072668000264194
            ],
            [
              -89.40543491418816,
              43.07266941907911
            ],
            [
              -89.40543372792206,
              43.07267072792206
            ],
            [
              -89.40543241907912,
              43.072671914188156
            ],
            [
              -89.4054310002642,
              43.07267296645302
            ],
            [
              -89.40542948514127,
              43.072673874582755
            ],
            [
              -89.40542788830179,
              43.07267462983158
            ],
            [
              -89.40542622512419,
              43.07267522492604
            ],
            [
              -89.4054245116258,
              43.07267565413505
            ],
            [
              -89.40542276430853,
              43.07267591332508
            ],
            [
              -89.405421,
              43.072675999999994
            ],
            [
              -89.4053984277303,
              43.072675999999994
            ],
            [
              -89.40539741907911,
              43.07267691418816
            ],
            [
              -89.40539600026419,
              43.07267796645302
            ],
            [
              -89.40539448514126,
              43.072678874582756
            ],
            [
              -89.40539288830178,
              43.07267962983158
            ],
            [
              -89.40539122512418,
              43.07268022492604
            ],
            [
              -89.40538951162578,
              43.07268065413505
            ],
            [
              -89.40538776430851,
              43.07268091332508
            ],
            [
              -89.405386,
              43.072680999999996
            ],
            [
              -89.40535873002757,
              43.072680999999996
            ],
            [
              -89.40535865413506,
              43.0726815116258
            ],
            [
              -89.40535822492605,
              43.072683225124194
            ],
            [
              -89.4053576298316,
              43.07268488830179
            ],
            [
              -89.40535687458276,
              43.07268648514127
            ],
            [
              -89.40535596645303,
              43.0726880002642
            ],
            [
              -89.40535491418817,
              43.07268941907912
            ],
            [
              -89.40535372792206,
              43.072690727922065
            ],
            [
              -89.40535241907912,
              43.07269191418816
            ],
            [
              -89.4053510002642,
              43.072692966453026
            ],
            [
              -89.40534948514127,
              43.07269387458276
            ],
            [
              -89.40534788830179,
              43.07269462983159
            ],
            [
              -89.40534622512419,
              43.07269522492604
            ],
            [
              -89.4053445116258,
              43.07269565413505
            ],
            [
              -89.40534276430853,
              43.072695913325084
            ],
            [
              -89.405341,
              43.072696
            ],
            [
              -89.405237,
              43.072696
            ],
            [
              -89.40523523569148,
              43.072695913325084
            ],
            [
              -89.40523348837421,
              43.07269565413505
            ],
            [
              -89.40523177487582,
              43.07269522492604
            ],
            [
              -89.40523011169822,
              43.07269462983159
            ],
            [
              -89.40522851485873,
              43.07269387458276
            ],
            [
              -89.4052269997358,
              43.072692966453026
            ],
            [
              -89.40522558092088,
              43.07269191418816
            ],
            [
              -89.40522427207794,
              43.072690727922065
            ],
            [
              -89.40522308581184,
              43.07268941907912
            ],
            [
              -89.40522203354698,
              43.0726880002642
            ],
            [
              -89.40522112541724,
              43.07268648514127
            ],
            [
              -89.40522037016841,
              43.07268488830179
            ],
            [
              -89.40521977507396,
              43.072683225124194
            ],
            [
              -89.40521934586495,
              43.0726815116258
            ],
            [
              -89.40521908667492,
              43.07267976430853
            ],
            [
              -89.405219,
              43.072678
            ],
            [
              -89.405219,
              43.072677
            ],
            [
              -89.405204,
              43.072677
            ],
            [
              -89.40520223569148,
              43.07267691332508
            ],
            [
              -89.4052004883742,
              43.07267665413505
            ],
            [
              -89.40519877487581,
              43.07267622492604
            ],
            [
              -89.40519711169821,
              43.072675629831586
            ],
            [
              -89.40519551485873,
              43.07267487458276
            ],
            [
              -89.4051939997358,
              43.072673966453024
            ],
            [
              -89.40519258092088,
              43.07267291418816
            ],
            [
              -89.40519127207794,
              43.072671727922064
            ],
            [
              -89.40519008581184,
              43.07267041907912
            ],
            [
              -89.40518977500157,
              43.072669999999995
            ],
            [
              -89.405188,
              43.072669999999995
            ],
            [
              -89.40518623569147,
              43.07266991332508
            ],
            [
              -89.4051844883742,
              43.07266965413505
            ],
            [
              -89.40518277487581,
              43.07266922492604
            ],
            [
              -89.40518111169821,
              43.07266862983158
            ],
            [
              -89.40517951485873,
              43.072667874582756
            ],
            [
              -89.4051779997358,
              43.07266696645302
            ],
            [
              -89.40517658092088,
              43.07266591418816
            ],
            [
              -89.40517527207794,
              43.07266472792206
            ],
            [
              -89.40517408581184,
              43.07266341907911
            ],
            [
              -89.40517303354697,
              43.072662000264195
            ],
            [
              -89.40517212541724,
              43.07266048514126
            ],
            [
              -89.4051713701684,
              43.07265888830178
            ],
            [
              -89.40517077507396,
              43.07265722512419
            ],
            [
              -89.40517034586495,
              43.0726555116258
            ],
            [
              -89.40517008667491,
              43.07265376430853
            ],
            [
              -89.40517,
              43.072652
            ],
            [
              -89.40517,
              43.072590050069444
            ],
            [
              -89.40484599999999,
              43.07259095006944
            ],
            [
              -89.40484599999999,
              43.0727224350824
            ],
            [
              -89.404846897375,
              43.07272296530785
            ],
            [
              -89.4048483073712,
              43.07272399488105
            ],
            [
              -89.40484961099048,
              43.07272515621088
            ],
            [
              -89.40485079596877,
              43.07272643837184
            ],
            [
              -89.40485185115806,
              43.07272782930168
            ],
            [
              -89.4048527666314,
              43.07272931591488
            ],
            [
              -89.40485353377625,
              43.07273088422576
            ],
            [
              -89.40485414537551,
              43.072732519480056
            ],
            [
              -89.40485459567539,
              43.072734206293696
            ],
            [
              -89.4048548804396,
              43.07273592879756
            ],
            [
              -89.40485499698916,
              43.072737670786786
            ],
            [
              -89.40485754892644,
              43.07287717669189
            ],
            [
              -89.4048613079002,
              43.072875923700636
            ],
            [
              -89.40486323712608,
              43.07287539770527
            ],
            [
              -89.40486521279075,
              43.072875088945224
            ],
            [
              -89.40486721051191,
              43.072875001231026
            ],
            [
              -89.40503821051192,
              43.07287700123103
            ],
            [
              -89.40503975048473,
              43.07287708531878
            ],
            [
              -89.40504127760668,
              43.07287730092391
            ],
            [
              -89.40506827760667,
              43.07288230092391
            ],
            [
              -89.40507002804343,
              43.07288271651715
            ],
            [
              -89.40507172825022,
              43.07288330477167
            ],
            [
              -89.40507336124207,
              43.072884059810825
            ],
            [
              -89.40507491070548,
              43.072884974091814
            ],
            [
              -89.40507636116135,
              43.072886038480995
            ],
            [
              -89.40507769811967,
              43.072887242345175
            ],
            [
              -89.40507890822433,
              43.0728885736578
            ],
            [
              -89.40507997938639,
              43.0728900191191
            ],
            [
              -89.40508090090499,
              43.072891564288994
            ],
            [
              -89.40508166357422,
              43.07289319373129
            ],
            [
              -89.40508225977504,
              43.07289489116792
            ],
            [
              -89.40508268355143,
              43.07289663964158
            ],
            [
              -89.40508293066986,
              43.072898421685075
            ],
            [
              -89.40508299866165,
              43.07290021949587
            ],
            [
              -89.40507999866166,
              43.073146219495875
            ],
            [
              -89.4050798912492,
              43.07314797565227
            ],
            [
              -89.40507961289676,
              43.073149712932505
            ],
            [
              -89.4050791662638,
              43.073151414737936
            ],
            [
              -89.40507855561766,
              43.07315306480884
            ],
            [
              -89.40507778679266,
              43.0731546473798
            ],
            [
              -89.40507686713448,
              43.07315614733031
            ],
            [
              -89.40507580542987,
              43.073157550329256
            ],
            [
              -89.4050746118228,
              43.07315884297184
            ],
            [
              -89.40507329771744,
              43.07316001290766
            ],
            [
              -89.40507187566925,
              43.07316104895866
            ],
            [
              -89.40507035926507,
              43.07316194122603
            ],
            [
              -89.4050687629932,
              43.073162681184705
            ],
            [
              -89.40506710210505,
              43.073163261764805
            ],
            [
              -89.40506539246938,
              43.07316367741925
            ],
            [
              -89.40506365042074,
              43.073163924176725
            ],
            [
              -89.40506189260334,
              43.07316399967961
            ],
            [
              -89.40422389260334,
              43.073158999679606
            ],
            [
              -89.4042221180382,
              43.07315890134687
            ],
            [
              -89.40422036182075,
              43.07315862848977
            ],
            [
              -89.40421864107273,
              43.07315818376846
            ],
            [
              -89.40421697257014,
              43.07315757151863
            ],
            [
              -89.40421537257959,
              43.07315679770923
            ],
            [
              -89.40421385669974,
              43.073155869884324
            ],
            [
              -89.40421243970927,
              43.07315479708949
            ],
            [
              -89.40421113542274,
              43.07315358978364
            ],
            [
              -89.40420995655595,
              43.07315225973708
            ],
            [
              -89.40420891460192,
              43.073150819916755
            ],
            [
              -89.40420801971894,
              43.073149284359786
            ],
            [
              -89.40420728063138,
              43.07314766803669
            ],
            [
              -89.40420670454483,
              43.07314598670536
            ],
            [
              -89.40420629707565,
              43.073144256757494
            ],
            [
              -89.40420606219637,
              43.07314249505875
            ],
            [
              -89.40420600219686,
              43.07314071878432
            ],
            [
              -89.40421000219686,
              43.07288471878432
            ],
            [
              -89.4042101144378,
              43.07288297350924
            ],
            [
              -89.40421039551973,
              43.07288124736437
            ],
            [
              -89.4042108427892,
              43.07287955664465
            ],
            [
              -89.40421145202397,
              43.07287791731059
            ],
            [
              -89.40421221747282,
              43.07287634483763
            ],
            [
              -89.40421313190986,
              43.07287485407002
            ],
            [
              -89.40421418670272,
              43.07287345908071
            ],
            [
              -89.4042153718941,
              43.07287217303851
            ],
            [
              -89.40421667629569,
              43.07287100808374
            ],
            [
              -89.40421808759388,
              43.072869975213656
            ],
            [
              -89.40421959246588,
              43.072869084178635
            ],
            [
              -89.40422117670559,
              43.0728683433901
            ],
            [
              -89.4042228253577,
              43.07286775984115
            ],
            [
              -89.40422452285881,
              43.072867339040535
            ],
            [
              -89.40422625318438,
              43.07286708496064
            ],
            [
              -89.404228,
              43.072867
            ],
            [
              -89.404267,
              43.072867
            ],
            [
              -89.404267,
              43.072492999999994
            ],
            [
              -89.404224,
              43.072492999999994
            ],
            [
              -89.40422223569148,
              43.07249291332508
            ],
            [
              -89.40422048837421,
              43.07249265413505
            ],
            [
              -89.40421877487582,
              43.07249222492604
            ],
            [
              -89.40421711169822,
              43.07249162983158
            ],
            [
              -89.40421551485873,
              43.072490874582755
            ],
            [
              -89.4042139997358,
              43.07248996645302
            ],
            [
              -89.40421258092088,
              43.072488914188156
            ],
            [
              -89.40421127207794,
              43.07248772792206
            ],
            [
              -89.40421008581184,
              43.07248641907911
            ],
            [
              -89.40420903354698,
              43.072485000264194
            ],
            [
              -89.40420812541724,
              43.07248348514126
            ],
            [
              -89.40420737016841,
              43.07248188830178
            ],
            [
              -89.40420677507396,
              43.07248022512419
            ],
            [
              -89.40420634586495,
              43.072478511625796
            ],
            [
              -89.40420608667492,
              43.072476764308526
            ],
            [
              -89.404206,
              43.072475
            ],
            [
              -89.404206,
              43.072321
            ],
            [
              -89.40420608667492,
              43.072319235691474
            ],
            [
              -89.40420634586495,
              43.0723174883742
            ],
            [
              -89.40420677507396,
              43.07231577487581
            ],
            [
              -89.40420737016841,
              43.07231411169822
            ],
            [
              -89.40420812541724,
              43.07231251485874
            ],
            [
              -89.40420903354698,
              43.072310999735805
            ],
            [
              -89.40421008581184,
              43.07230958092089
            ],
            [
              -89.40421127207794,
              43.07230827207794
            ],
            [
              -89.40421258092088,
              43.07230708581184
            ],
            [
              -89.4042139997358,
              43.07230603354698
            ],
            [
              -89.40421551485873,
              43.072305125417245
            ],
            [
              -89.40421711169822,
              43.07230437016842
            ],
            [
              -89.40421877487582,
              43.07230377507396
            ],
            [
              -89.40422048837421,
              43.07230334586495
            ],
            [
              -89.40422223569148,
              43.07230308667492
            ],
            [
              -89.404224,
              43.072303000000005
            ],
            [
              -89.40422501888456,
              43.072303000000005
            ],
            [
              -89.40422500805927,
              43.07230246141934
            ],
            [
              -89.40422515181763,
              43.072300667107754
            ],
            [
              -89.40422547406996,
              43.072298896126675
            ],
            [
              -89.40422597159352,
              43.07229716618712
            ],
            [
              -89.40422663941273,
              43.07229549458967
            ],
            [
              -89.40422747084895,
              43.07229389805143
            ],
            [
              -89.40422845758725,
              43.07229239253887
            ],
            [
              -89.40422958975958,
              43.07229099310814
            ],
            [
              -89.40423085604344,
              43.07228971375451
            ],
            [
              -89.40423224377514,
              43.072288567272366
            ],
            [
              -89.4042337390764,
              43.07228756512733
            ],
            [
              -89.40425373907641,
              43.072275565127335
            ],
            [
              -89.40425509167397,
              43.07227483032531
            ],
            [
              -89.40425650210615,
              43.07227421377423
            ],
            [
              -89.40428750210614,
              43.07226221377423
            ],
            [
              -89.40428896742222,
              43.072261717836916
            ],
            [
              -89.40429046990955,
              43.07226134954784
            ],
            [
              -89.40433046990957,
              43.072253349547836
            ],
            [
              -89.40433158947788,
              43.072253162136256
            ],
            [
              -89.40436858947787,
              43.072248162136255
            ],
            [
              -89.40437040033305,
              43.072248009991675
            ],
            [
              -89.40440040033305,
              43.07224700999168
            ],
            [
              -89.404401,
              43.072247000000004
            ],
            [
              -89.404436,
              43.072247000000004
            ],
            [
              -89.40443776430853,
              43.07224708667492
            ],
            [
              -89.4044395116258,
              43.07224734586495
            ],
            [
              -89.40444122512419,
              43.07224777507396
            ],
            [
              -89.40444288830179,
              43.07224837016842
            ],
            [
              -89.40444448514127,
              43.072249125417244
            ],
            [
              -89.4044460002642,
              43.07225003354698
            ],
            [
              -89.40444741907912,
              43.07225108581184
            ],
            [
              -89.40444872792206,
              43.07225227207794
            ],
            [
              -89.40444991418816,
              43.072253580920886
            ],
            [
              -89.40445096645303,
              43.072254999735804
            ],
            [
              -89.40445187458276,
              43.072256514858736
            ],
            [
              -89.4044526298316,
              43.07225811169822
            ],
            [
              -89.40445322492604,
              43.07225977487581
            ],
            [
              -89.40445365413505,
              43.0722614883742
            ],
            [
              -89.40445391332509,
              43.07226323569147
            ],
            [
              -89.404454,
              43.072265
            ],
            [
              -89.404455,
              43.072265
            ],
            [
              -89.40445676430852,
              43.07226508667492
            ],
            [
              -89.40445851162579,
              43.07226534586495
            ],
            [
              -89.40446022512418,
              43.07226577507396
            ],
            [
              -89.40446188830178,
              43.072266370168414
            ],
            [
              -89.40446348514126,
              43.07226712541724
            ],
            [
              -89.4044650002642,
              43.072268033546976
            ],
            [
              -89.40446641907911,
              43.07226908581184
            ],
            [
              -89.40446772792205,
              43.07227027207794
            ],
            [
              -89.40446891418816,
              43.072271580920884
            ],
            [
              -89.40446996645302,
              43.0722729997358
            ],
            [
              -89.40447087458276,
              43.072274514858734
            ],
            [
              -89.40447162983159,
              43.072276111698216
            ],
            [
              -89.40447222492604,
              43.07227777487581
            ],
            [
              -89.40447265413505,
              43.0722794883742
            ],
            [
              -89.40447291332508,
              43.07228123569147
            ],
            [
              -89.404473,
              43.072283
            ],
            [
              -89.404473,
              43.072303000000005
            ],
            [
              -89.40447476430852,
              43.07230308667492
            ],
            [
              -89.40447651162579,
              43.07230334586495
            ],
            [
              -89.40447822512418,
              43.07230377507396
            ],
            [
              -89.40447988830178,
              43.07230437016842
            ],
            [
              -89.40448148514126,
              43.072305125417245
            ],
            [
              -89.4044830002642,
              43.07230603354698
            ],
            [
              -89.40448441907911,
              43.07230708581184
            ],
            [
              -89.40448572792205,
              43.07230827207794
            ],
            [
              -89.40448691418815,
              43.07230958092089
            ],
            [
              -89.40448796645302,
              43.072310999735805
            ],
            [
              -89.40448887458275,
              43.07231251485874
            ],
            [
              -89.40448962983159,
              43.07231411169822
            ],
            [
              -89.40449022492604,
              43.07231577487581
            ],
            [
              -89.40449065413505,
              43.0723174883742
            ],
            [
              -89.40449091332508,
              43.072319235691474
            ],
            [
              -89.404491,
              43.072321
            ],
            [
              -89.404491,
              43.07235493142882
            ],
            [
              -89.40472174578886,
              43.07235405406841
            ],
            [
              -89.40473148267697,
              43.07231285954183
            ],
            [
              -89.4047319572271,
              43.0723112082911
            ],
            [
              -89.40473258704672,
              43.072309609806176
            ],
            [
              -89.4047333663978,
              43.072308078650174
            ],
            [
              -89.40473428818002,
              43.072306628772814
            ],
            [
              -89.40473534399541,
              43.07230527338332
            ],
            [
              -89.40473652422487,
              43.07230402483006
            ],
            [
              -89.40473781811583,
              43.07230289448808
            ],
            [
              -89.4047392138802,
              43.072301892655446
            ],
            [
              -89.40474069880177,
              43.072301028459435
            ],
            [
              -89.40474225935203,
              43.07230030977336
            ],
            [
              -89.4047438813135,
              43.07229974314488
            ],
            [
              -89.40474554990915,
              43.0722993337363
            ],
            [
              -89.4047472499371,
              43.072299085277564
            ],
            [
              -89.40474896590915,
              43.07229900003228
            ],
            [
              -89.405259,
              43.072298034058626
            ],
            [
              -89.405259,
              43.072291
            ],
            [
              -89.40525908667492,
              43.07228923569147
            ],
            [
              -89.40525934586495,
              43.0722874883742
            ],
            [
              -89.40525977507396,
              43.07228577487581
            ],
            [
              -89.4052603701684,
              43.07228411169822
            ],
            [
              -89.40526112541724,
              43.072282514858735
            ],
            [
              -89.40526203354698,
              43.0722809997358
            ],
            [
              -89.40526308581184,
              43.072279580920885
            ],
            [
              -89.40526427207794,
              43.07227827207794
            ],
            [
              -89.40526558092088,
              43.07227708581184
            ],
            [
              -89.4052669997358,
              43.07227603354698
            ],
            [
              -89.40526851485873,
              43.07227512541724
            ],
            [
              -89.40527011169821,
              43.072274370168415
            ],
            [
              -89.40527177487581,
              43.07227377507396
            ],
            [
              -89.4052734883742,
              43.07227334586495
            ],
            [
              -89.40527523569148,
              43.07227308667492
            ],
            [
              -89.405277,
              43.072273
            ],
            [
              -89.40535177500159,
              43.072273
            ],
            [
              -89.40535208581184,
              43.07227258092089
            ],
            [
              -89.40535327207795,
              43.07227127207794
            ],
            [
              -89.40535458092089,
              43.072270085811844
            ],
            [
              -89.4053559997358,
              43.07226903354698
            ],
            [
              -89.40535751485874,
              43.072268125417246
            ],
            [
              -89.40535911169822,
              43.07226737016842
            ],
            [
              -89.40536077487582,
              43.07226677507396
            ],
            [
              -89.40536248837421,
              43.07226634586495
            ],
            [
              -89.40536423569148,
              43.07226608667492
            ],
            [
              -89.405366,
              43.072266000000006
            ],
            [
              -89.405455,
              43.072266000000006
            ],
            [
              -89.40545676430852,
              43.07226608667492
            ],
            [
              -89.4054585116258,
              43.07226634586495
            ],
            [
              -89.40546022512419,
              43.07226677507396
            ],
            [
              -89.40546188830179,
              43.07226737016842
            ],
            [
              -89.40546348514127,
              43.072268125417246
            ],
            [
              -89.4054650002642,
              43.07226903354698
            ],
            [
              -89.40546641907912,
              43.072270085811844
            ],
            [
              -89.40546772792206,
              43.07227127207794
            ],
            [
              -89.40546891418816,
              43.07227258092089
            ],
            [
              -89.40546996645303,
              43.072273999735806
            ],
            [
              -89.40547087458276,
              43.07227551485874
            ],
            [
              -89.4054716298316,
              43.07227711169822
            ],
            [
              -89.40547222492604,
              43.07227877487581
            ],
            [
              -89.40547265413505,
              43.072280488374204
            ],
            [
              -89.40547291332508,
              43.072282235691475
            ],
            [
              -89.405473,
              43.072284
            ],
            [
              -89.405473,
              43.072295000000004
            ],
            [
              -89.40553,
              43.072295000000004
            ],
            [
              -89.40553175964357,
              43.07229508621607
            ],
            [
              -89.40553350243052,
              43.07229534403839
            ],
            [
              -89.40553521166571,
              43.07229577099711
            ],
            [
              -89.40553687097541,
              43.07229636300217
            ],
            [
              -89.40553846446416,
              43.07229711438241
            ],
            [
              -89.40553997686705,
              43.072298017939936
            ],
            [
              -89.4055413936959,
              43.07229906501906
            ],
            [
              -89.40554270137811,
              43.072300245589226
            ],
            [
              -89.40554388738666,
              43.07230154834109
            ],
            [
              -89.4055449403601,
              43.07230296079485
            ],
            [
              -89.40554585021141,
              43.07230446941981
            ],
            [
              -89.4055466082246,
              43.07230605976402
            ],
            [
              -89.40554720713826,
              43.07230771659265
            ],
            [
              -89.40554764121502,
              43.072309424034025
            ],
            [
              -89.40554790629665,
              43.07231116573159
            ],
            [
              -89.40554799984375,
              43.07231292500065
            ],
            [
              -89.40554899984375,
              43.07255292500065
            ],
            [
              -89.40554892008018,
              43.072554694321724
            ],
            [
              -89.40554866682041,
              43.07255644723894
            ],
            [
              -89.40554824251642,
              43.07255816678114
            ],
            [
              -89.40554765127617,
              43.07255983630031
            ],
            [
              -89.40554689882384,
              43.07256143963271
            ],
            [
              -89.40554599244444,
              43.072562961255414
            ],
            [
              -89.40554494091323,
              43.07256438643659
            ],
            [
              -89.40554375441077,
              43.07256570137811
            ],
            [
              -89.40554244442438,
              43.07256689334914
            ],
            [
              -89.40554102363693,
              43.072567950809436
            ],
            [
              -89.40553950580397,
              43.072568863521006
            ],
            [
              -89.40553790562068,
              43.07256962264729
            ],
            [
              -89.40553623857949,
              43.072570220838685
            ],
            [
              -89.405535,
              43.07257053194379
            ]
          ]
        ]
      },
      "properties": {
        "building": "university",
        "name": "Chemistry Building",
        "@id": "way/153060482",
        "addr:street": "University Avenue",
        "addr:housenumber": "1101",
        "person_counts": [
          0,
          0,
          0,
          0,
          0,
          0,
          0,
          0,
          0,
          0,
          0,
          0,
          0,
          0,
          0,
          0,
          0,
          0,
          0,
          0,
          0,
          237,
          237,
          237,
          237,
          237,
          237,
          237,
          237,
          237,
          237,
          237,
          237,
          237,
          237,
          237,
          237,
          237,
          237,
          237,
          237,
          237,
          237,
          237,
          237,
          237,
          0,
          0,
          0,
          36,
          36,
          36,
          36,
          36,
          36,
          36,
          36,
          36,
          36,
          36,
          36,
          36,
          36,
          36,
          36,
          36,
          36,
          36,
          36,
          36,
          36,
          36,
          36,
          36,
          0,
          0,
          0,
          0,
          0,
          0,
          0,
          0,
          0,
          0,
          0,
          0,
          0,
          0,
          0,
          0,
          0,
          0,
          0,
          0,
          0,
          0,
          0,
          0,
          0,
          0,
          0,
          0,
          0,
          0,
          0,
          0,
          0,
          0,
          0,
          0,
          0,
          0,
          0,
          0,
          0,
          0,
          0,
          0,
          0,
          0,
          0,
          0,
          0,
          0,
          0,
          0,
          0,
          0,
          0,
          0,
          0,
          0,
          0,
          0,
          0,
          0,
          0,
          0,
          0,
          0,
          0,
          0,
          0,
          0,
          0,
          0,
          0,
          0,
          0,
          0,
          0,
          0,
          0,
          0,
          0,
          0,
          0,
          0,
          0,
          0,
          0,
          0,
          0,
          0,
          0,
          0,
          0,
          0,
          0,
          0,
          0,
          0,
          0,
          0,
          0,
          0,
          0,
          0,
          0,
          0,
          0,
          0,
          0,
          0,
          0
        ],
        "instructor_counts": [
          0,
          0,
          0,
          0,
          0,
          0,
          0,
          0,
          0,
          0,
          0,
          0,
          0,
          0,
          0,
          0,
          0,
          0,
          0,
          0,
          0,
          1,
          1,
          1,
          1,
          1,
          1,
          1,
          1,
          1,
          1,
          1,
          1,
          1,
          1,
          1,
          1,
          1,
          1,
          1,
          1,
          1,
          1,
          1,
          1,
          1,
          0,
          0,
          0,
          1,
          1,
          1,
          1,
          1,
          1,
          1,
          1,
          1,
          1,
          1,
          1,
          1,
          1,
          1,
          1,
          1,
          1,
          1,
          1,
          1,
          1,
          1,
          1,
          1,
          0,
          0,
          0,
          0,
          0,
          0,
          0,
          0,
          0,
          0,
          0,
          0,
          0,
          0,
          0,
          0,
          0,
          0,
          0,
          0,
          0,
          0,
          0,
          0,
          0,
          0,
          0,
          0,
          0,
          0,
          0,
          0,
          0,
          0,
          0,
          0,
          0,
          0,
          0,
          0,
          0,
          0,
          0,
          0,
          0,
          0,
          0,
          0,
          0,
          0,
          0,
          0,
          0,
          0,
          0,
          0,
          0,
          0,
          0,
          0,
          0,
          0,
          0,
          0,
          0,
          0,
          0,
          0,
          0,
          0,
          0,
          0,
          0,
          0,
          0,
          0,
          0,
          0,
          0,
          0,
          0,
          0,
          0,
          0,
          0,
          0,
          0,
          0,
          0,
          0,
          0,
          0,
          0,
          0,
          0,
          0,
          0,
          0,
          0,
          0,
          0,
          0,
          0,
          0,
          0,
          0,
          0,
          0,
          0,
          0,
          0
        ]
      }
    },
    {
      "type": "Feature",
      "geometry": {
        "type": "Polygon",
        "coordinates": [
          [
            [
              -89.400347,
              43.072934999999994
            ],
            [
              -89.40032869233036,
              43.072934999999994
            ],
            [
              -89.40032799732522,
              43.07297531029871
            ],
            [
              -89.40032788247166,
              43.07297705358409
            ],
            [
              -89.40032759915665,
              43.072978777523716
            ],
            [
              -89.40032715004915,
              43.072980465877265
            ],
            [
              -89.40032653937998,
              43.07298210273963
            ],
            [
              -89.40032577290191,
              43.07298367269079
            ],
            [
              -89.40032485783556,
              43.07298516094104
            ],
            [
              -89.40032380280127,
              43.07298655347036
            ],
            [
              -89.40032261773798,
              43.07298783716045
            ],
            [
              -89.40032131380956,
              43.07298899991834
            ],
            [
              -89.40031990329962,
              43.07299003079029
            ],
            [
              -89.40031839949586,
              43.07299092006499
            ],
            [
              -89.40031681656482,
              43.07299165936505
            ],
            [
              -89.40031516941848,
              43.07299224172591
            ],
            [
              -89.40031347357375,
              43.07299266166146
            ],
            [
              -89.40031174500628,
              43.072992915215686
            ],
            [
              -89.40031,
              43.072993
            ],
            [
              -89.400171,
              43.072993
            ],
            [
              -89.400171,
              43.072998
            ],
            [
              -89.40017091217268,
              43.07299977597005
            ],
            [
              -89.40017064954782,
              43.07300153460913
            ],
            [
              -89.40017021468825,
              43.07300325875542
            ],
            [
              -89.40016961183758,
              43.07300493158366
            ],
            [
              -89.4001688468788,
              43.07300653676943
            ],
            [
              -89.40016792727683,
              43.07300805864835
            ],
            [
              -89.40016686200568,
              43.073009482369045
            ],
            [
              -89.40016566146087,
              43.073010794038005
            ],
            [
              -89.40016433735808,
              43.07301198085519
            ],
            [
              -89.40016290261865,
              43.073013031238936
            ],
            [
              -89.40016137124361,
              43.073013934938984
            ],
            [
              -89.40015975817704,
              43.073014683136485
            ],
            [
              -89.40015807916019,
              43.07301526853009
            ],
            [
              -89.4001563505779,
              43.07301568540719
            ],
            [
              -89.4001545892987,
              43.07301592969965
            ],
            [
              -89.40015281251017,
              43.07301599902352
            ],
            [
              -89.40005681251017,
              43.07301499902352
            ],
            [
              -89.4000550608499,
              43.073014895242295
            ],
            [
              -89.40005332761802,
              43.07301462139639
            ],
            [
              -89.40005162928607,
              43.07301418008824
            ],
            [
              -89.40004998199387,
              43.07301357551176
            ],
            [
              -89.40004840139623,
              43.07301281341245
            ],
            [
              -89.40004690251409,
              43.07301190103279
            ],
            [
              -89.40004549959187,
              43.07301084704346
            ],
            [
              -89.400044205962,
              43.07300966146088
            ],
            [
              -89.40004303391831,
              43.07300835555204
            ],
            [
              -89.40004199459914,
              43.073006941727456
            ],
            [
              -89.40004109788148,
              43.0730054334232
            ],
            [
              -89.40004035228719,
              43.07300384497319
            ],
            [
              -89.40003976490186,
              43.07300219147303
            ],
            [
              -89.40003934130766,
              43.0730004886365
            ],
            [
              -89.40003908553012,
              43.07299875264626
            ],
            [
              -89.400039,
              43.072997
            ],
            [
              -89.400039,
              43.07299
            ],
            [
              -89.399897,
              43.07299
            ],
            [
              -89.399896899723,
              43.072989999720676
            ],
            [
              -89.399555844637,
              43.07298809969234
            ],
            [
              -89.39955499933119,
              43.073086155166656
            ],
            [
              -89.39955489813246,
              43.073087912290276
            ],
            [
              -89.39955462581187,
              43.07308965113072
            ],
            [
              -89.39955418497304,
              43.07309135506315
            ],
            [
              -89.39955357983078,
              43.073093007796466
            ],
            [
              -89.39955281617077,
              43.0730945935291
            ],
            [
              -89.39955190129426,
              43.07309609710004
            ],
            [
              -89.3995508439483,
              43.07309750413384
            ],
            [
              -89.39954965424204,
              43.07309880117801
            ],
            [
              -89.3995483435501,
              43.07309997583168
            ],
            [
              -89.39954692440385,
              43.07310101686412
            ],
            [
              -89.3995454103716,
              43.07310191432215
            ],
            [
              -89.3995438159288,
              43.073102659625285
            ],
            [
              -89.39954215631974,
              43.073103245647765
            ],
            [
              -89.39954044741172,
              43.07310366678671
            ],
            [
              -89.39953870554343,
              43.073103919015644
            ],
            [
              -89.39953694736865,
              43.073103999923056
            ],
            [
              -89.39919494736866,
              43.07310299992305
            ],
            [
              -89.39919317774617,
              43.07310290752331
            ],
            [
              -89.39919142578438,
              43.07310264156973
            ],
            [
              -89.39918970846271,
              43.073102204639866
            ],
            [
              -89.39918804242487,
              43.07310160096829
            ],
            [
              -89.39918644381757,
              43.073100836405594
            ],
            [
              -89.39918492813398,
              43.073099918361656
            ],
            [
              -89.3991835100636,
              43.07309885573387
            ],
            [
              -89.39918220334988,
              43.07309765882086
            ],
            [
              -89.39918102065711,
              43.07309633922273
            ],
            [
              -89.39917997344753,
              43.07309490972858
            ],
            [
              -89.39917907187035,
              43.0730933841926
            ],
            [
              -89.39917832466337,
              43.07309177739979
            ],
            [
              -89.39917773906826,
              43.07309010492264
            ],
            [
              -89.39917732076043,
              43.07308838297026
            ],
            [
              -89.39917707379396,
              43.07308662823125
            ],
            [
              -89.3991770005624,
              43.073084857711954
            ],
            [
              -89.3991790005624,
              43.072831857711954
            ],
            [
              -89.39917910024185,
              43.07283010298705
            ],
            [
              -89.39917937057646,
              43.07282836634814
            ],
            [
              -89.39917980898889,
              43.07282666435224
            ],
            [
              -89.39918041129933,
              43.072825013226065
            ],
            [
              -89.39918117176539,
              43.07282342871136
            ],
            [
              -89.39918208313684,
              43.072821925914766
            ],
            [
              -89.3991831367247,
              43.072820519163876
            ],
            [
              -89.39918432248417,
              43.07281922187054
            ],
            [
              -89.39918562911026,
              43.072818046403086
            ],
            [
              -89.3991870441457,
              43.072817003968346
            ],
            [
              -89.39918855409964,
              43.07281610450482
            ],
            [
              -89.39919014457624,
              43.07281535658794
            ],
            [
              -89.39919180041203,
              43.07281476734829
            ],
            [
              -89.39919350582035,
              43.07281434240365
            ],
            [
              -89.39919524454196,
              43.072814085805426
            ],
            [
              -89.399197,
              43.072814
            ],
            [
              -89.399277,
              43.072814
            ],
            [
              -89.399277,
              43.07279
            ],
            [
              -89.39927700114897,
              43.07278979662315
            ],
            [
              -89.399279,
              43.072612898307526
            ],
            [
              -89.399279,
              43.072576
            ],
            [
              -89.39927908667492,
              43.07257423569147
            ],
            [
              -89.39927934586495,
              43.0725724883742
            ],
            [
              -89.39927977507396,
              43.07257077487581
            ],
            [
              -89.39928037016841,
              43.072569111698215
            ],
            [
              -89.39928112541725,
              43.07256751485873
            ],
            [
              -89.39928203354698,
              43.0725659997358
            ],
            [
              -89.39928308581185,
              43.07256458092088
            ],
            [
              -89.39928427207795,
              43.072563272077936
            ],
            [
              -89.39928558092089,
              43.07256208581184
            ],
            [
              -89.3992869997358,
              43.072561033546975
            ],
            [
              -89.39928851485874,
              43.07256012541724
            ],
            [
              -89.39929011169822,
              43.07255937016841
            ],
            [
              -89.39929177487582,
              43.07255877507396
            ],
            [
              -89.39929348837421,
              43.07255834586495
            ],
            [
              -89.39929523569148,
              43.07255808667492
            ],
            [
              -89.399297,
              43.072558
            ],
            [
              -89.39951926665194,
              43.072558
            ],
            [
              -89.39952000200458,
              43.0725087313732
            ],
            [
              -89.399520114972,
              43.07250696879996
            ],
            [
              -89.39952040013397,
              43.07250522578283
            ],
            [
              -89.39952085474494,
              43.07250351910333
            ],
            [
              -89.39952147442798,
              43.07250186519312
            ],
            [
              -89.3995222532169,
              43.07250027997582
            ],
            [
              -89.39952318361361,
              43.07249877871368
            ],
            [
              -89.39952425666038,
              43.07249737586063
            ],
            [
              -89.39952546202609,
              43.07249608492315
            ],
            [
              -89.39952678810562,
              43.0724949183302
            ],
            [
              -89.39952822213169,
              43.07249388731356
            ],
            [
              -89.39952975029769,
              43.072493001799735
            ],
            [
              -89.39953135789065,
              43.07249227031431
            ],
            [
              -89.3995330294329,
              43.07249169989992
            ],
            [
              -89.39953474883106,
              43.07249129604845
            ],
            [
              -89.39953649953101,
              43.072491062648105
            ],
            [
              -89.39953826467728,
              43.07249100194605
            ],
            [
              -89.39965652924178,
              43.07249274113082
            ],
            [
              -89.39965700778042,
              43.07247647081707
            ],
            [
              -89.39965714669418,
              43.07247470664631
            ],
            [
              -89.3996574581676,
              43.072472964641776
            ],
            [
              -89.39965793919016,
              43.072471261640665
            ],
            [
              -89.3996585851126,
              43.07246961410319
            ],
            [
              -89.39965938969179,
              43.072468037953506
            ],
            [
              -89.39966034515112,
              43.072466548425744
            ],
            [
              -89.3996614422557,
              43.07246515991682
            ],
            [
              -89.39966267040157,
              43.07246388584725
            ],
            [
              -89.39966401771814,
              43.07246273853145
            ],
            [
              -89.39966547118307,
              43.07246172905871
            ],
            [
              -89.399667016748,
              43.072460867186
            ],
            [
              -89.39966863947438,
              43.0724601612437
            ],
            [
              -89.39967032367792,
              43.07245961805501
            ],
            [
              -89.39967205308007,
              43.07245924287008
            ],
            [
              -89.39967381096542,
              43.07245903931525
            ],
            [
              -89.3996755803433,
              43.07245900935794
            ],
            [
              -89.3996883884653,
              43.07245942252317
            ],
            [
              -89.39969400401571,
              43.07219361980315
            ],
            [
              -89.39969412679545,
              43.072191867264834
            ],
            [
              -89.39969441983762,
              43.07219013504322
            ],
            [
              -89.39969488035067,
              43.07218843963968
            ],
            [
              -89.39969550394768,
              43.07218679720485
            ],
            [
              -89.39969628468819,
              43.07218522338476
            ],
            [
              -89.39969721513478,
              43.07218373317183
            ],
            [
              -89.39969828642388,
              43.07218234076202
            ],
            [
              -89.39969948835027,
              43.0721810594196
            ],
            [
              -89.39970080946422,
              43.07217990135081
            ],
            [
              -89.39970223718066,
              43.07217887758755
            ],
            [
              -89.39970375789895,
              43.07217799788232
            ],
            [
              -89.39970535713256,
              43.072177270615306
            ],
            [
              -89.39970701964697,
              43.07217670271456
            ],
            [
              -89.39970872960485,
              43.07217629958996
            ],
            [
              -89.39971047071695,
              43.072176065081734
            ],
            [
              -89.39971222639718,
              43.07217600142383
            ],
            [
              -89.39985300000001,
              43.07217777216096
            ],
            [
              -89.39985300000001,
              43.072173
            ],
            [
              -89.3998530879643,
              43.07217122264885
            ],
            [
              -89.39985335099746,
              43.072169462669194
            ],
            [
              -89.39985378652864,
              43.07216773726274
            ],
            [
              -89.39985439030103,
              43.07216606329329
            ],
            [
              -89.39985515641348,
              43.0721644571219
            ],
            [
              -89.39985607737816,
              43.072162934446986
            ],
            [
              -89.39985714419373,
              43.07216151015089
            ],
            [
              -89.39985834643333,
              43.07216019815441
            ],
            [
              -89.39985967234651,
              43.072159011280746
            ],
            [
              -89.39986110897404,
              43.07215796113019
            ],
            [
              -89.39986264227457,
              43.072157057966706
            ],
            [
              -89.39986425726194,
              43.07215631061764
            ],
            [
              -89.39986593815156,
              43.07215572638746
            ],
            [
              -89.39986766851473,
              43.0721553109863
            ],
            [
              -89.39986943143921,
              43.07215506847421
            ],
            [
              -89.39987120969451,
              43.07215500122148
            ],
            [
              -89.4003862096945,
              43.07216100122148
            ],
            [
              -89.40038797032933,
              43.072161108163804
            ],
            [
              -89.40038971204369,
              43.072161386915894
            ],
            [
              -89.40039141811245,
              43.07216183480098
            ],
            [
              -89.40039307215275,
              43.07216244751815
            ],
            [
              -89.40039465828137,
              43.07216321918368
            ],
            [
              -89.40039616126718,
              43.0721641423875
            ],
            [
              -89.4003975666775,
              43.07216520826437
            ],
            [
              -89.40039886101658,
              43.07216640657901
            ],
            [
              -89.40040003185533,
              43.07216772582437
            ],
            [
              -89.4004010679505,
              43.07216915333215
            ],
            [
              -89.4004019593528,
              43.072170675394425
            ],
            [
              -89.40040269750239,
              43.07217227739531
            ],
            [
              -89.40040327531104,
              43.07217394395129
            ],
            [
              -89.40040368723022,
              43.072175659058935
            ],
            [
              -89.4004039293044,
              43.072177406248606
            ],
            [
              -89.40040399920903,
              43.07217916874258
            ],
            [
              -89.40040099920904,
              43.07249916874258
            ],
            [
              -89.40040089712728,
              43.07250092167508
            ],
            [
              -89.40040062473597,
              43.07250265632086
            ],
            [
              -89.40040018462717,
              43.07250435617299
            ],
            [
              -89.40039958098899,
              43.07250600505563
            ],
            [
              -89.40039881956565,
              43.07250758727797
            ],
            [
              -89.40039790760288,
              43.07250908778353
            ],
            [
              -89.40039685377896,
              43.07251049229346
            ],
            [
              -89.40039566812207,
              43.0725117874424
            ],
            [
              -89.40039436191499,
              43.07251296090569
            ],
            [
              -89.40039294758762,
              43.072514001516616
            ],
            [
              -89.40039143859872,
              43.072514899372685
            ],
            [
              -89.40038984930789,
              43.07251564592988
            ],
            [
              -89.40038819483884,
              43.07251623408395
            ],
            [
              -89.40038649093556,
              43.072516658237994
            ],
            [
              -89.40038475381245,
              43.07251691435575
            ],
            [
              -89.400383,
              43.072517
            ],
            [
              -89.40036787127698,
              43.072517
            ],
            [
              -89.40036499953642,
              43.072917129183274
            ],
            [
              -89.4003649010488,
              43.07291888479486
            ],
            [
              -89.40036463173479,
              43.0729206224202
            ],
            [
              -89.40036419416441,
              43.07292232547746
            ],
            [
              -89.4003635925133,
              43.072923977714666
            ],
            [
              -89.40036283252293,
              43.07292556336484
            ],
            [
              -89.40036192144574,
              43.07292706729642
            ],
            [
              -89.40036086797593,
              43.07292847515765
            ],
            [
              -89.40035968216662,
              43.072929773513586
            ],
            [
              -89.40035837533375,
              43.07293094997426
            ],
            [
              -89.40035695994818,
              43.072931993312906
            ],
            [
              -89.40035544951668,
              43.07293289357316
            ],
            [
              -89.400353858453,
              43.07293364216399
            ],
            [
              -89.40035220194038,
              43.07293423194174
            ],
            [
              -89.40035049578661,
              43.07293465727827
            ],
            [
              -89.4003487562732,
              43.07293491411467
            ],
            [
              -89.400347,
              43.072934999999994
            ]
          ]
        ]
      },
      "properties": {
        "building": "university",
        "name": "Vilas Communication Hall",
        "@id": "way/153060489",
        "addr:street": "University Avenue",
        "addr:housenumber": "821",
        "person_counts": [
          0,
          0,
          0,
          0,
          0,
          0,
          0,
          0,
          0,
          0,
          0,
          0,
          0,
          0,
          0,
          0,
          0,
          0,
          0,
          0,
          0,
          0,
          0,
          0,
          0,
          0,
          0,
          0,
          0,
          0,
          0,
          0,
          0,
          0,
          0,
          0,
          0,
          0,
          0,
          0,
          0,
          0,
          0,
          0,
          0,
          0,
          0,
          0,
          0,
          0,
          0,
          0,
          0,
          0,
          0,
          0,
          0,
          0,
          0,
          0,
          0,
          0,
          0,
          0,
          0,
          0,
          0,
          0,
          0,
          0,
          0,
          0,
          0,
          0,
          0,
          0,
          0,
          0,
          0,
          0,
          0,
          0,
          0,
          0,
          0,
          0,
          0,
          0,
          0,
          0,
          0,
          0,
          0,
          0,
          0,
          0,
          0,
          0,
          0,
          0,
          0,
          0,
          0,
          0,
          0,
          0,
          0,
          0,
          0,
          0,
          0,
          0,
          0,
          0,
          0,
          0,
          0,
          0,
          0,
          0,
          0,
          0,
          0,
          0,
          0,
          0,
          0,
          0,
          0,
          0,
          0,
          0,
          0,
          30,
          30,
          30,
          30,
          30,
          30,
          30,
          30,
          30,
          30,
          30,
          30,
          30,
          30,
          30,
          30,
          30,
          30,
          30,
          30,
          30,
          30,
          30,
          30,
          30,
          0,
          0,
          0,
          0,
          0,
          0,
          0,
          0,
          0,
          0,
          0,
          0,
          0,
          0,
          0,
          0,
          0,
          0,
          0,
          0,
          0,
          0,
          0,
          0,
          0,
          0,
          0
        ],
        "instructor_counts": [
          0,
          0,
          0,
          0,
          0,
          0,
          0,
          0,
          0,
          0,
          0,
          0,
          0,
          0,
          0,
          0,
          0,
          0,
          0,
          0,
          0,
          0,
          0,
          0,
          0,
          0,
          0,
          0,
          0,
          0,
          0,
          0,
          0,
          0,
          0,
          0,
          0,
          0,
          0,
          0,
          0,
          0,
          0,
          0,
          0,
          0,
          0,
          0,
          0,
          0,
          0,
          0,
          0,
          0,
          0,
          0,
          0,
          0,
          0,
          0,
          0,
          0,
          0,
          0,
          0,
          0,
          0,
          0,
          0,
          0,
          0,
          0,
          0,
          0,
          0,
          0,
          0,
          0,
          0,
          0,
          0,
          0,
          0,
          0,
          0,
          0,
          0,
          0,
          0,
          0,
          0,
          0,
          0,
          0,
          0,
          0,
          0,
          0,
          0,
          0,
          0,
          0,
          0,
          0,
          0,
          0,
          0,
          0,
          0,
          0,
          0,
          0,
          0,
          0,
          0,
          0,
          0,
          0,
          0,
          0,
          0,
          0,
          0,
          0,
          0,
          0,
          0,
          0,
          0,
          0,
          0,
          0,
          0,
          2,
          2,
          2,
          2,
          2,
          2,
          2,
          2,
          2,
          2,
          2,
          2,
          2,
          2,
          2,
          2,
          2,
          2,
          2,
          2,
          2,
          2,
          2,
          2,
          2,
          0,
          0,
          0,
          0,
          0,
          0,
          0,
          0,
          0,
          0,
          0,
          0,
          0,
          0,
          0,
          0,
          0,
          0,
          0,
          0,
          0,
          0,
          0,
          0,
          0,
          0,
          0
        ]
      }
    }
  ],
  "metadata": {
    "total_buildings": 9,
    "total_meetings": 570,
    "max_persons": 652,
    "total_chunks": 185,
    "chunk_duration_minutes": 5,
    "start_time": 1765540800000,
    "end_time": 1765596300000,
    "total_persons": [
      526,
      526,
      526,
      526,
      526,
      526,
      526,
      526,
      526,
      526,
      526,
      526,
      526,
      526,
      526,
      526,
      526,
      526,
      526,
      526,
      526,
      1062,
      1062,
      1062,
      1081,
      1081,
      1081,
      1081,
      1081,
      1081,
      1081,
      1081,
      1018,
      1018,
      1018,
      1018,
      1028,
      1028,
      1028,
      1028,
      1028,
      1028,
      1028,
      1028,
      1028,
      965,
      555,
      654,
      654,
      721,
      721,
      721,
      721,
      721,
      721,
      721,
      721,
      721,
      721,
      721,
      790,
      790,
      790,
      790,
      790,
      790,
      790,
      790,
      790,
      790,
      790,
      622,
      632,
      632,
      565,
      565,
      565,
      703,
      703,
      703,
      703,
      703,
      703,
      703,
      703,
      703,
      703,
      703,
      802,
      802,
      802,
      802,
      802,
      802,
      802,
      802,
      802,
      792,
      792,
      792,
      792,
      792,
      654,
      654,
      654,
      654,
      654,
      654,
      654,
      654,
      654,
      654,
      555,
      555,
      555,
      555,
      555,
      555,
      555,
      555,
      555,
      555,
      555,
      555,
      555,
      555,
      555,
      555,
      555,
      555,
      555,
      555,
      555,
      30,
      30,
      30,
      30,
      30,
      30,
      30,
      30,
      30,
      30,
      30,
      30,
      30,
      30,
      30,
      30,
      30,
      30,
      30,
      30,
      30,
      30,
      30,
      30,
      30,
      0,
      0,
      0,
      0,
      0,
      0,
      0,
      0,
      0,
      0,
      0,
      0,
      0,
      0,
      0,
      0,
      0,
      0,
      0,
      0,
      0,
      0,
      0,
      0,
      0,
      0,
      0
    ],
    "total_instructors": [
      3,
      3,
      3,
      3,
      3,
      3,
      3,
      3,
      3,
      3,
      3,
      3,
      3,
      3,
      3,
      3,
      3,
      3,
      3,
      3,
      3,
      7,
      7,
      7,
      12,
      12,
      12,
      12,
      12,
      12,
      12,
      12,
      11,
      11,
      11,
      11,
      12,
      12,
      12,
      12,
      12,
      12,
      12,
      12,
      12,
      11,
      9,
      31,
      31,
      34,
      34,
      34,
      34,
      34,
      34,
      34,
      34,
      34,
      34,
      34,
      35,
      35,
      35,
      35,
      35,
      35,
      35,
      35,
      35,
      35,
      35,
      12,
      13,
      13,
      10,
      10,
      10,
      12,
      12,
      12,
      12,
      12,
      12,
      12,
      12,
      12,
      12,
      12,
      34,
      34,
      34,
      34,
      34,
      34,
      34,
      34,
      34,
      33,
      33,
      33,
      33,
      33,
      31,
      31,
      31,
      31,
      31,
      31,
      31,
      31,
      31,
      31,
      9,
      9,
      9,
      9,
      9,
      9,
      9,
      9,
      9,
      9,
      9,
      9,
      9,
      9,
      9,
      9,
      9,
      9,
      9,
      9,
      9,
      2,
      2,
      2,
      2,
      2,
      2,
      2,
      2,
      2,
      2,
      2,
      2,
      2,
      2,
      2,
      2,
      2,
      2,
      2,
      2,
      2,
      2,
      2,
      2,
      2,
      0,
      0,
      0,
      0,
      0,
      0,
      0,
      0,
      0,
      0,
      0,
      0,
      0,
      0,
      0,
      0,
      0,
      0,
      0,
      0,
      0,
      0,
      0,
      0,
      0,
      0,
      0
    ]
  }
}