{
  "type": "FeatureCollection",
  "features": [
    {
      "type": "Feature",
      "geometry": {
        "type": "Polygon",
        "coordinates": [
          [
            [
              -89.40386953486994,
              43.07143975724022
            ],
            [
              -89.40387016374888,
              43.07144014408507
            ],
            [
              -89.40387155581796,
              43.07144119916411
            ],
            [
              -89.40387283906803,
              43.07144238420308
            ],
            [
              -89.40387400141498,
              43.07144368804267
            ],
            [
              -89.40387503191317,
              43.07144509840488
            ],
            [
              -89.40387592085864,
              43.07144660200857
            ],
            [
              -89.40387665988031,
              43.0714481846946
            ],
            [
              -89.40387724201898,
              43.0714498315591
            ],
            [
              -89.40387766179273,
              43.071451527093856
            ],
            [
              -89.40387791524866,
              43.07145325533232
            ],
            [
              -89.40387799999999,
              43.071455
            ],
            [
              -89.40387799999999,
              43.071492
            ],
            [
              -89.40387791233776,
              43.07149377430426
            ],
            [
              -89.40387765020493,
              43.071495531326356
            ],
            [
              -89.40387721615473,
              43.07149725395246
            ],
            [
              -89.4038766144149,
              43.071498925403766
            ],
            [
              -89.40387585084656,
              43.07150052939992
            ],
            [
              -89.40387493288705,
              43.07150205031761
            ],
            [
              -89.40387386947752,
              43.071503473342716
            ],
            [
              -89.40387267097584,
              43.07150478461462
            ],
            [
              -89.40387134905572,
              43.071505971361205
            ],
            [
              -89.403869916593,
              43.071507022023276
            ],
            [
              -89.40386838754019,
              43.07150792636712
            ],
            [
              -89.40386677679065,
              43.0715086755842
            ],
            [
              -89.4038651000335,
              43.071509262376956
            ],
            [
              -89.40386337360077,
              43.07150968102989
            ],
            [
              -89.40386161430833,
              43.0715099274652
            ],
            [
              -89.40385983929211,
              43.07150999928257
            ],
            [
              -89.4037654047933,
              43.0715091561174
            ],
            [
              -89.40376499000833,
              43.07152159966694
            ],
            [
              -89.40376484822066,
              43.071523332599185
            ],
            [
              -89.403764539896,
              43.07152504376657
            ],
            [
              -89.40376406791123,
              43.071526717202644
            ],
            [
              -89.40376343667032,
              43.07152833729302
            ],
            [
              -89.4037626520632,
              43.07152988892106
            ],
            [
              -89.40376172141083,
              43.07153135760895
            ],
            [
              -89.40376065339689,
              43.07153272965273
            ],
            [
              -89.40375945798674,
              43.07153399225024
            ],
            [
              -89.40375814633441,
              43.071535133620515
            ],
            [
              -89.40375673067861,
              43.07153614311374
            ],
            [
              -89.40375522422842,
              43.07153701131058
            ],
            [
              -89.40375364104015,
              43.071537730110144
            ],
            [
              -89.4037519958861,
              43.0715382928055
            ],
            [
              -89.40375030411676,
              43.07153869414627
            ],
            [
              -89.40374858151759,
              43.07153893038767
            ],
            [
              -89.40374684416169,
              43.071538999325384
            ],
            [
              -89.40351584416169,
              43.07153699932539
            ],
            [
              -89.40351406013075,
              43.07153689516436
            ],
            [
              -89.40351229522078,
              43.071536614613564
            ],
            [
              -89.40351056682823,
              43.071536160438356
            ],
            [
              -89.40350889198957,
              43.071535537115466
            ],
            [
              -89.40350728721344,
              43.071534750788885
            ],
            [
              -89.40350576831784,
              43.07153380920931
            ],
            [
              -89.40350435027429,
              43.07153272165774
            ],
            [
              -89.40350304706021,
              43.07153149885399
            ],
            [
              -89.40350187152119,
              43.071530152851054
            ],
            [
              -89.4035008352443,
              43.071528696916246
            ],
            [
              -89.40349994844398,
              43.0715271454005
            ],
            [
              -89.40349921986126,
              43.07152551359685
            ],
            [
              -89.40349865667767,
              43.07152381758972
            ],
            [
              -89.40349826444442,
              43.071522074096386
            ],
            [
              -89.4034980470277,
              43.071520300302176
            ],
            [
              -89.40349800657054,
              43.071518513691096
            ],
            [
              -89.40349851275123,
              43.071499785005976
            ],
            [
              -89.40334578948809,
              43.071497998768976
            ],
            [
              -89.4033440219212,
              43.071497890981085
            ],
            [
              -89.40334227349962,
              43.07149761003109
            ],
            [
              -89.40334056114585,
              43.07149715863822
            ],
            [
              -89.40333890143334,
              43.071496541171406
            ],
            [
              -89.40333731042598,
              43.071495763606926
            ],
            [
              -89.40333580352272,
              43.071494833470645
            ],
            [
              -89.4033343953085,
              43.07149375976509
            ],
            [
              -89.40333309941303,
              43.07149255288238
            ],
            [
              -89.40333192837896,
              43.07149122450362
            ],
            [
              -89.40333089354041,
              43.07148978748584
            ],
            [
              -89.40333000491333,
              43.07148825573755
            ],
            [
              -89.40332927109849,
              43.071486644084146
            ],
            [
              -89.40332869919828,
              43.071484968124395
            ],
            [
              -89.403328294748,
              43.071483244079474
            ],
            [
              -89.4033280616622,
              43.07148148863595
            ],
            [
              -89.40332800219686,
              43.071479718784325
            ],
            [
              -89.40332891050623,
              43.07142158698402
            ],
            [
              -89.40332870235274,
              43.071420979096224
            ],
            [
              -89.40332829404569,
              43.07141924024412
            ],
            [
              -89.40332806008334,
              43.07141746948639
            ],
            [
              -89.40332800276944,
              43.071415684259115
            ],
            [
              -89.40332868144066,
              43.071377
            ],
            [
              -89.403309,
              43.071377
            ],
            [
              -89.40330721546137,
              43.07137691132105
            ],
            [
              -89.4033054485062,
              43.071376646157994
            ],
            [
              -89.40330371654467,
              43.07137620712352
            ],
            [
              -89.40330203664216,
              43.07137559854354
            ],
            [
              -89.40330042535112,
              43.07137482641452
            ],
            [
              -89.40329889854794,
              43.07137389834442
            ],
            [
              -89.40329747127656,
              43.07137282347771
            ],
            [
              -89.40329615760018,
              43.07137161240529
            ],
            [
              -89.40329497046275,
              43.07137027706011
            ],
            [
              -89.40329392156137,
              43.071368830599624
            ],
            [
              -89.40329302123112,
              43.07136728727611
            ],
            [
              -89.40329227834313,
              43.07136566229627
            ],
            [
              -89.40329170021724,
              43.071363971671396
            ],
            [
              -89.40329129254984,
              43.071362232059556
            ],
            [
              -89.40329105935777,
              43.07136046060155
            ],
            [
              -89.40329100293874,
              43.071358674751906
            ],
            [
              -89.40329400293875,
              43.071192674751906
            ],
            [
              -89.40329411913297,
              43.07119093249083
            ],
            [
              -89.40329440359358,
              43.07118920968587
            ],
            [
              -89.4032948536437,
              43.071187522549344
            ],
            [
              -89.40329546504816,
              43.071185886957906
            ],
            [
              -89.4032962320534,
              43.07118431830316
            ],
            [
              -89.40329714744158,
              43.07118283134679
            ],
            [
              -89.4032982025985,
              43.071181440081666
            ],
            [
              -89.40329938759471,
              43.07118015760019
            ],
            [
              -89.4033006912789,
              43.07117899597104
            ],
            [
              -89.40330210138286,
              43.071177966125624
            ],
            [
              -89.40330360463693,
              43.071177077755216
            ],
            [
              -89.40330518689485,
              43.07117633921976
            ],
            [
              -89.40330683326694,
              43.07117575746917
            ],
            [
              -89.40330852826011,
              43.07117533797797
            ],
            [
              -89.40331025592381,
              43.07117508469374
            ],
            [
              -89.403312,
              43.071175000000004
            ],
            [
              -89.40334083674625,
              43.071175000000004
            ],
            [
              -89.40334102037352,
              43.07117114382731
            ],
            [
              -89.40334118317374,
              43.07116943861328
            ],
            [
              -89.40334150732944,
              43.071167756596076
            ],
            [
              -89.40334198990497,
              43.071166113008644
            ],
            [
              -89.40334209853809,
              43.071165841645914
            ],
            [
              -89.40334300241823,
              43.071110704957675
            ],
            [
              -89.40334311590199,
              43.071108960628045
            ],
            [
              -89.40334339804629,
              43.07110723553122
            ],
            [
              -89.40334384619028,
              43.07110554593619
            ],
            [
              -89.40334445610765,
              43.071103907777086
            ],
            [
              -89.40334522204641,
              43.071102336503
            ],
            [
              -89.40334613678317,
              43.071100846932225
            ],
            [
              -89.40334719169128,
              43.07109945311254
            ],
            [
              -89.40334837682215,
              43.07109816818871
            ],
            [
              -89.40334968099911,
              43.07109700427855
            ],
            [
              -89.4033510919228,
              43.0710959723586
            ],
            [
              -89.40335259628714,
              43.07109508216064
            ],
            [
              -89.40335417990481,
              43.07109434207992
            ],
            [
              -89.40335582784114,
              43.071093759095945
            ],
            [
              -89.40335752455482,
              43.07109333870671
            ],
            [
              -89.40335925404457,
              43.07109308487679
            ],
            [
              -89.403361,
              43.071093000000005
            ],
            [
              -89.40341,
              43.071093000000005
            ],
            [
              -89.40341178918233,
              43.07109308914222
            ],
            [
              -89.40341356064337,
              43.07109335568594
            ],
            [
              -89.40341529683735,
              43.071093796991136
            ],
            [
              -89.40341698056778,
              43.07109440868681
            ],
            [
              -89.40341859515786,
              43.071095184714316
            ],
            [
              -89.40342012461555,
              43.071096117387334
            ],
            [
              -89.40342155379206,
              43.07109719746802
            ],
            [
              -89.40342286853182,
              43.07109841425852
            ],
            [
              -89.40342405581276,
              43.071099755706896
            ],
            [
              -89.40342510387522,
              43.07110120852652
            ],
            [
              -89.40342600233848,
              43.07110275832766
            ],
            [
              -89.40342674230352,
              43.071104389760016
            ],
            [
              -89.40342731644122,
              43.07110608666475
            ],
            [
              -89.40342771906492,
              43.07110783223455
            ],
            [
              -89.40342794618678,
              43.07110960918009
            ],
            [
              -89.4034279955572,
              43.07111139990127
            ],
            [
              -89.40342739459288,
              43.071138443295446
            ],
            [
              -89.40343228152398,
              43.07113856248889
            ],
            [
              -89.4034330021298,
              43.07109172310969
            ],
            [
              -89.40343311522425,
              43.07108996658018
            ],
            [
              -89.40343339933834,
              43.071088229494855
            ],
            [
              -89.4034338517553,
              43.07108652846424
            ],
            [
              -89.40343446814897,
              43.07108487975411
            ],
            [
              -89.40343524262522,
              43.07108329912993
            ],
            [
              -89.40343616777827,
              43.071081801706114
            ],
            [
              -89.40343723476151,
              43.07108040180147
            ],
            [
              -89.40343843337214,
              43.071079112802316
            ],
            [
              -89.40343975214867,
              43.07107794703446
            ],
            [
              -89.40344117848058,
              43.07107691564532
            ],
            [
              -89.40344269872882,
              43.07107602849735
            ],
            [
              -89.40344429835635,
              43.07107529407374
            ],
            [
              -89.40344596206702,
              43.07107471939725
            ],
            [
              -89.40344767395193,
              43.07107430996314
            ],
            [
              -89.40344941764153,
              43.07107406968652
            ],
            [
              -89.40345117646211,
              43.07107400086499
            ],
            [
              -89.40375717646211,
              43.07107700086499
            ],
            [
              -89.40375895487635,
              43.07107710646881
            ],
            [
              -89.4037607141406,
              43.07107738735796
            ],
            [
              -89.40376243702106,
              43.071077840780845
            ],
            [
              -89.40376410664038,
              43.07107846229573
            ],
            [
              -89.40376570664293,
              43.07107924581424
            ],
            [
              -89.40376722135505,
              43.07108018366102
            ],
            [
              -89.40376863593862,
              43.071081266648896
            ],
            [
              -89.40376993653632,
              43.07108248416891
            ],
            [
              -89.40377111040752,
              43.07108382429422
            ],
            [
              -89.40377214605292,
              43.07108527389693
            ],
            [
              -89.40377303332733,
              43.0710868187767
            ],
            [
              -89.40377376353901,
              43.07108844379987
            ],
            [
              -89.40377432953477,
              43.07109013304769
            ],
            [
              -89.40377472577012,
              43.07109186997226
            ],
            [
              -89.40377494836353,
              43.071093637558626
            ],
            [
              -89.40377499513447,
              43.071095418491495
            ],
            [
              -89.40377340668374,
              43.071163721873106
            ],
            [
              -89.40378071942469,
              43.071164014382745
            ],
            [
              -89.40378243430405,
              43.07116416536617
            ],
            [
              -89.40378412691699,
              43.07116447948185
            ],
            [
              -89.40378578178128,
              43.07116495385659
            ],
            [
              -89.40378738375999,
              43.07116558415131
            ],
            [
              -89.40378891819992,
              43.07116636460074
            ],
            [
              -89.40379037106565,
              43.071167288066164
            ],
            [
              -89.4037917290679,
              43.071168346100706
            ],
            [
              -89.40379297978514,
              43.07116952902659
            ],
            [
              -89.4037941117771,
              43.07117082602367
            ],
            [
              -89.40379511468954,
              43.07117222522839
            ],
            [
              -89.40379597934889,
              43.07117371384232
            ],
            [
              -89.40379669784615,
              43.07117527824921
            ],
            [
              -89.40379726360929,
              43.07117690413951
            ],
            [
              -89.40379767146331,
              43.07117857664133
            ],
            [
              -89.40379791767758,
              43.07118028045639
            ],
            [
              -89.403798,
              43.071182
            ],
            [
              -89.403798,
              43.07118215584122
            ],
            [
              -89.40389515651583,
              43.07118300068049
            ],
            [
              -89.40389693052072,
              43.071183103824715
            ],
            [
              -89.40389868571059,
              43.07118338138662
            ],
            [
              -89.4039004049792,
              43.07118383066105
            ],
            [
              -89.40390207157041,
              43.07118444726935
            ],
            [
              -89.40390366924149,
              43.071185225201994
            ],
            [
              -89.40390518242138,
              43.07118615687719
            ],
            [
              -89.40390659636252,
              43.071187233214744
            ],
            [
              -89.40390789728451,
              43.07118844372458
            ],
            [
              -89.40390907250844,
              43.07118977660896
            ],
            [
              -89.40391011058048,
              43.07119121887749
            ],
            [
              -89.4039110013835,
              43.07119275647368
            ],
            [
              -89.40391173623566,
              43.071194374411995
            ],
            [
              -89.40391230797499,
              43.07119605692386
            ],
            [
              -89.40391271102932,
              43.07119778761138
            ],
            [
              -89.40391294147041,
              43.071199549607115
            ],
            [
              -89.40391299705239,
              43.07120132573851
            ],
            [
              -89.40390899705238,
              43.0714223257385
            ],
            [
              -89.40390887934105,
              43.071424080664336
            ],
            [
              -89.40390859091396,
              43.07142581572354
            ],
            [
              -89.40390813452511,
              43.07142751434941
            ],
            [
              -89.40390751453218,
              43.071429160323106
            ],
            [
              -89.40390673685499,
              43.071430737928516
            ],
            [
              -89.40390580891899,
              43.07143223210234
            ],
            [
              -89.40390473958429,
              43.07143362857788
            ],
            [
              -89.40390353906113,
              43.071434914021296
            ],
            [
              -89.40390221881236,
              43.071436076158896
            ],
            [
              -89.40390079144399,
              43.071437103894354
            ],
            [
              -89.40389927058483,
              43.071437987414626
            ],
            [
              -89.4038976707564,
              43.07143871828368
            ],
            [
              -89.40389600723414,
              43.07143928952302
            ],
            [
              -89.40389429590176,
              43.07143969567833
            ],
            [
              -89.40389255309942,
              43.071439932871556
            ],
            [
              -89.40389079546776,
              43.071439998837924
            ],
            [
              -89.40386953486994,
              43.07143975724022
            ]
          ]
        ]
      },
      "properties": {
        "building": "university",
        "name": "Teacher Education",
        "@id": "way/153640719",
        "addr:street": "North Mills Street",
        "addr:housenumber": "225",
        "person_counts": [
          0,
          0,
          0,
          0,
          0,
          0,
          0,
          0,
          0,
          0,
          0,
          0,
          0,
          0,
          0,
          0,
          0,
          0,
          0,
          0,
          0,
          0,
          0,
          0,
          0,
          0,
          0,
          0,
          0,
          0,
          0,
          0,
          0,
          0,
          0,
          0,
          0,
          0,
          0,
          0,
          0,
          0,
          0,
          0,
          0,
          0,
          0,
          0,
          0,
          0,
          0,
          0,
          0,
          0,
          0,
          0,
          0,
          0,
          0,
          0,
          0,
          0,
          0,
          0,
          0,
          0,
          0,
          0,
          0,
          0,
          0,
          0,
          0,
          0,
          0,
          0,
          0,
          0,
          0,
          0,
          0,
          0,
          0,
          0,
          0,
          0,
          0,
          0,
          0,
          0,
          0,
          0,
          0,
          0,
          0,
          0,
          0,
          0,
          0,
          0,
          0,
          0,
          0,
          0,
          0,
          0,
          0,
          0,
          0,
          0,
          0,
          0,
          0,
          0,
          0,
          0,
          0,
          0,
          0,
          0,
          0,
          0,
          0,
          0,
          0,
          0,
          0,
          0,
          92,
          92,
          92,
          92,
          92,
          92,
          92,
          92,
          92,
          92,
          92,
          92,
          92,
          92,
          92,
          92,
          92,
          92,
          92,
          92,
          92,
          92,
          92,
          92,
          92,
          92,
          92,
          92,
          92,
          92,
          92,
          92,
          62,
          0,
          0,
          0,
          0,
          0,
          0,
          0,
          0,
          0,
          0,
          0,
          0,
          0,
          0,
          0,
          0,
          0,
          0,
          0,
          0,
          0,
          0,
          0,
          0
        ],
        "instructor_counts": [
          0,
          0,
          0,
          0,
          0,
          0,
          0,
          0,
          0,
          0,
          0,
          0,
          0,
          0,
          0,
          0,
          0,
          0,
          0,
          0,
          0,
          0,
          0,
          0,
          0,
          0,
          0,
          0,
          0,
          0,
          0,
          0,
          0,
          0,
          0,
          0,
          0,
          0,
          0,
          0,
          0,
          0,
          0,
          0,
          0,
          0,
          0,
          0,
          0,
          0,
          0,
          0,
          0,
          0,
          0,
          0,
          0,
          0,
          0,
          0,
          0,
          0,
          0,
          0,
          0,
          0,
          0,
          0,
          0,
          0,
          0,
          0,
          0,
          0,
          0,
          0,
          0,
          0,
          0,
          0,
          0,
          0,
          0,
          0,
          0,
          0,
          0,
          0,
          0,
          0,
          0,
          0,
          0,
          0,
          0,
          0,
          0,
          0,
          0,
          0,
          0,
          0,
          0,
          0,
          0,
          0,
          0,
          0,
          0,
          0,
          0,
          0,
          0,
          0,
          0,
          0,
          0,
          0,
          0,
          0,
          0,
          0,
          0,
          0,
          0,
          0,
          0,
          0,
          3,
          3,
          3,
          3,
          3,
          3,
          3,
          3,
          3,
          3,
          3,
          3,
          3,
          3,
          3,
          3,
          3,
          3,
          3,
          3,
          3,
          3,
          3,
          3,
          3,
          3,
          3,
          3,
          3,
          3,
          3,
          3,
          2,
          0,
          0,
          0,
          0,
          0,
          0,
          0,
          0,
          0,
          0,
          0,
          0,
          0,
          0,
          0,
          0,
          0,
          0,
          0,
          0,
          0,
          0,
          0,
          0
        ]
      }
    },
    {
      "type": "Feature",
      "geometry": {
        "type": "Polygon",
        "coordinates": [
          [
            [
              -89.4003969960124,
              43.07356937886342
            ],
            [
              -89.40039499601241,
              43.07366437886342
            ],
            [
              -89.40039479069056,
              43.07366673702933
            ],
            [
              -89.40039295566243,
              43.073678664712155
            ],
            [
              -89.40039150168211,
              43.07372373810197
            ],
            [
              -89.40039215999869,
              43.073724141520046
            ],
            [
              -89.40039359206301,
              43.07372522959424
            ],
            [
              -89.40039490839584,
              43.073726455147806
            ],
            [
              -89.40039609585533,
              43.07372780594522
            ],
            [
              -89.40039714258624,
              43.073729268500536
            ],
            [
              -89.40039803813835,
              43.07373082821208
            ],
            [
              -89.40039877357076,
              43.073732469508165
            ],
            [
              -89.40039934154113,
              43.07373417600262
            ],
            [
              -89.40039973637904,
              43.07373593065834
            ],
            [
              -89.40039995414254,
              43.0737377159574
            ],
            [
              -89.40039999265755,
              43.07373951407593
            ],
            [
              -89.40038799244331,
              43.074159521520095
            ],
            [
              -89.40038599244332,
              43.07422852152009
            ],
            [
              -89.4003859766179,
              43.07422891717438
            ],
            [
              -89.40038097990542,
              43.07432685273886
            ],
            [
              -89.40036498273084,
              43.07469178828409
            ],
            [
              -89.40036496893872,
              43.07469205699639
            ],
            [
              -89.400364,
              43.074708528954694
            ],
            [
              -89.400364,
              43.074727
            ],
            [
              -89.40036396013284,
              43.07472819734219
            ],
            [
              -89.40036296794437,
              43.07474308016919
            ],
            [
              -89.40035997422638,
              43.074798962904985
            ],
            [
              -89.40035980011874,
              43.07480067502766
            ],
            [
              -89.40035946330056,
              43.07480236269796
            ],
            [
              -89.4003589668507,
              43.074804010488926
            ],
            [
              -89.4003583153072,
              43.074805603338135
            ],
            [
              -89.40035751462581,
              43.07480712668538
            ],
            [
              -89.40035657212553,
              43.074808566605775
            ],
            [
              -89.40035549642174,
              43.07480990993704
            ],
            [
              -89.40035429734742,
              43.0748111443998
            ],
            [
              -89.40035298586331,
              43.074812258709876
            ],
            [
              -89.40035157395764,
              43.074813242681365
            ],
            [
              -89.4003500745366,
              43.07481408731981
            ],
            [
              -89.4003485013064,
              43.07481478490438
            ],
            [
              -89.40034686864787,
              43.07481532905848
            ],
            [
              -89.40034519148514,
              43.074815714808004
            ],
            [
              -89.40034348514911,
              43.07481593862682
            ],
            [
              -89.40034176523736,
              43.074815998469006
            ],
            [
              -89.39988176523737,
              43.07480999846901
            ],
            [
              -89.39988172730403,
              43.074809997934246
            ],
            [
              -89.39981572730403,
              43.07480899793424
            ],
            [
              -89.39981560009873,
              43.0748089955572
            ],
            [
              -89.39972560009873,
              43.0748069955572
            ],
            [
              -89.39972383178828,
              43.07480686893556
            ],
            [
              -89.39972208451051,
              43.0748065689767
            ],
            [
              -89.39972037521487,
              43.07480609859036
            ],
            [
              -89.39971872048233,
              43.074805462339526
            ],
            [
              -89.39971713636459,
              43.07480466639612
            ],
            [
              -89.39971563822836,
              43.074803718481185
            ],
            [
              -89.39971424060626,
              43.07480262778995
            ],
            [
              -89.3997129570559,
              43.07480140490263
            ],
            [
              -89.39971180002834,
              43.07480006168183
            ],
            [
              -89.3997107807473,
              43.074798611157426
            ],
            [
              -89.39970990910027,
              43.0747970674002
            ],
            [
              -89.39970919354268,
              43.074795445385334
            ],
            [
              -89.39970864101575,
              43.07479376084714
            ],
            [
              -89.39970825687926,
              43.07479203012647
            ],
            [
              -89.39970804485954,
              43.074790270012116
            ],
            [
              -89.39970800701325,
              43.074788497578034
            ],
            [
              -89.39972400701325,
              43.07421549757803
            ],
            [
              -89.39972401006604,
              43.0742153981063
            ],
            [
              -89.39974200752306,
              43.07367747411289
            ],
            [
              -89.39974500562236,
              43.073557550140556
            ],
            [
              -89.39974513576934,
              43.073555793359276
            ],
            [
              -89.39974543701699,
              43.07355405771284
            ],
            [
              -89.39974590647999,
              43.07355235982499
            ],
            [
              -89.39974653966193,
              43.07355071595779
            ],
            [
              -89.39974733049827,
              43.07354914185596
            ],
            [
              -89.39974827141452,
              43.07354765259598
            ],
            [
              -89.39974935339873,
              43.073546262441724
            ],
            [
              -89.39975056608786,
              43.07354498470787
            ],
            [
              -89.39975189786695,
              43.07354383163235
            ],
            [
              -89.39975333598044,
              43.07354281425912
            ],
            [
              -89.3997548666543,
              43.07354194233242
            ],
            [
              -89.39975647522803,
              43.07354122420342
            ],
            [
              -89.39975814629496,
              43.07354066675023
            ],
            [
              -89.39975986384985,
              43.07354027531206
            ],
            [
              -89.39976161144229,
              43.07354005363804
            ],
            [
              -89.3997633723341,
              43.07354000385132
            ],
            [
              -89.3999083390119,
              43.073543003161895
            ],
            [
              -89.40037930568839,
              43.07355100259589
            ],
            [
              -89.40038107281441,
              43.073551119747194
            ],
            [
              -89.4003828198747,
              43.073551409987
            ],
            [
              -89.40038452995695,
              43.07355187050567
            ],
            [
              -89.40038618650686,
              43.073552496845174
            ],
            [
              -89.4003877734883,
              43.07355328294229
            ],
            [
              -89.40038927553863,
              43.07355422118726
            ],
            [
              -89.40039067811733,
              43.07355530249747
            ],
            [
              -89.40039196764685,
              43.07355651640537
            ],
            [
              -89.40039313164401,
              43.073557851159805
            ],
            [
              -89.4003941588408,
              43.0735592938398
            ],
            [
              -89.4003950392935,
              43.07356083047958
            ],
            [
              -89.40039576447899,
              43.07356244620381
            ],
            [
              -89.40039632737712,
              43.073564125371604
            ],
            [
              -89.40039672253883,
              43.073565851727885
            ],
            [
              -89.40039694613877,
              43.073567608560786
            ],
            [
              -89.4003969960124,
              43.07356937886342
            ]
          ],
          [
            [
              -89.40017900000001,
              43.074353863128145
            ],
            [
              -89.40017900000001,
              43.07427880350851
            ],
            [
              -89.40017707369375,
              43.074277305270314
            ],
            [
              -89.40016984487566,
              43.07427188365674
            ],
            [
              -89.39992580944936,
              43.074267135885805
            ],
            [
              -89.39992010811028,
              43.074272318921324
            ],
            [
              -89.3999188,
              43.074273399999996
            ],
            [
              -89.39991752788838,
              43.074274354083705
            ],
            [
              -89.39991344633401,
              43.07435108730586
            ],
            [
              -89.40017900000001,
              43.074353863128145
            ]
          ]
        ]
      },
      "properties": {
        "building": "university",
        "name": "Mosse Humanities Building",
        "@id": "relation/2075103",
        "addr:street": "North Park Street",
        "addr:housenumber": "455",
        "person_counts": [
          0,
          0,
          0,
          0,
          0,
          0,
          0,
          0,
          0,
          0,
          0,
          0,
          0,
          0,
          0,
          0,
          0,
          0,
          0,
          0,
          0,
          703,
          703,
          703,
          703,
          703,
          703,
          703,
          703,
          703,
          703,
          703,
          703,
          703,
          703,
          703,
          703,
          703,
          703,
          703,
          703,
          703,
          703,
          703,
          703,
          703,
          0,
          0,
          0,
          662,
          662,
          662,
          662,
          662,
          662,
          662,
          662,
          662,
          662,
          662,
          662,
          662,
          662,
          662,
          662,
          662,
          662,
          662,
          662,
          662,
          662,
          662,
          662,
          662,
          0,
          0,
          0,
          223,
          223,
          223,
          223,
          223,
          223,
          223,
          223,
          223,
          223,
          223,
          223,
          223,
          223,
          223,
          223,
          223,
          223,
          223,
          223,
          223,
          223,
          223,
          223,
          223,
          0,
          0,
          0,
          175,
          175,
          175,
          175,
          175,
          175,
          175,
          175,
          175,
          175,
          175,
          175,
          175,
          175,
          175,
          175,
          175,
          175,
          175,
          175,
          175,
          175,
          175,
          175,
          175,
          0,
          0,
          0,
          328,
          328,
          328,
          328,
          328,
          328,
          328,
          328,
          328,
          328,
          328,
          328,
          328,
          328,
          328,
          328,
          328,
          328,
          328,
          328,
          328,
          328,
          328,
          328,
          328,
          0,
          0,
          0,
          239,
          239,
          239,
          239,
          239,
          239,
          239,
          239,
          239,
          239,
          239,
          239,
          239,
          239,
          239,
          239,
          239,
          239,
          239,
          239,
          239,
          239,
          239,
          239
        ],
        "instructor_counts": [
          0,
          0,
          0,
          0,
          0,
          0,
          0,
          0,
          0,
          0,
          0,
          0,
          0,
          0,
          0,
          0,
          0,
          0,
          0,
          0,
          0,
          23,
          23,
          23,
          23,
          23,
          23,
          23,
          23,
          23,
          23,
          23,
          23,
          23,
          23,
          23,
          23,
          23,
          23,
          23,
          23,
          23,
          23,
          23,
          23,
          23,
          0,
          0,
          0,
          12,
          12,
          12,
          12,
          12,
          12,
          12,
          12,
          12,
          12,
          12,
          12,
          12,
          12,
          12,
          12,
          12,
          12,
          12,
          12,
          12,
          12,
          12,
          12,
          12,
          0,
          0,
          0,
          7,
          7,
          7,
          7,
          7,
          7,
          7,
          7,
          7,
          7,
          7,
          7,
          7,
          7,
          7,
          7,
          7,
          7,
          7,
          7,
          7,
          7,
          7,
          7,
          7,
          0,
          0,
          0,
          1,
          1,
          1,
          1,
          1,
          1,
          1,
          1,
          1,
          1,
          1,
          1,
          1,
          1,
          1,
          1,
          1,
          1,
          1,
          1,
          1,
          1,
          1,
          1,
          1,
          0,
          0,
          0,
          9,
          9,
          9,
          9,
          9,
          9,
          9,
          9,
          9,
          9,
          9,
          9,
          9,
          9,
          9,
          9,
          9,
          9,
          9,
          9,
          9,
          9,
          9,
          9,
          9,
          0,
          0,
          0,
          4,
          4,
          4,
          4,
          4,
          4,
          4,
          4,
          4,
          4,
          4,
          4,
          4,
          4,
          4,
          4,
          4,
          4,
          4,
          4,
          4,
          4,
          4,
          4
        ]
      }
    },
    {
      "type": "Feature",
      "geometry": {
        "type": "Polygon",
        "coordinates": [
          [
            [
              -89.40131166705707,
              43.07573679716069
            ],
            [
              -89.40111920172359,
              43.07573423095624
            ],
            [
              -89.40111781284531,
              43.07576524923801
            ],
            [
              -89.40117423997867,
              43.07576600159979
            ],
            [
              -89.40117614808666,
              43.07576612863397
            ],
            [
              -89.40117803194903,
              43.075766457383686
            ],
            [
              -89.40117987030247,
              43.07576698413831
            ],
            [
              -89.40118164239733,
              43.07576770295232
            ],
            [
              -89.40118332823185,
              43.075768605712405
            ],
            [
              -89.40118490877788,
              43.07576968222904
            ],
            [
              -89.40120590877788,
              43.07578568222904
            ],
            [
              -89.40120731247018,
              43.07578686976474
            ],
            [
              -89.40120858769504,
              43.07578819430038
            ],
            [
              -89.40120972114684,
              43.075789642015856
            ],
            [
              -89.40121070099926,
              43.07579119780581
            ],
            [
              -89.40121151702854,
              43.075792845437235
            ],
            [
              -89.40121216072032,
              43.07579456771886
            ],
            [
              -89.40121262535834,
              43.07579634668053
            ],
            [
              -89.40121290609464,
              43.075798163760666
            ],
            [
              -89.401213,
              43.0758
            ],
            [
              -89.401213,
              43.075825
            ],
            [
              -89.40121299451555,
              43.075825444309025
            ],
            [
              -89.40121099451555,
              43.07590644430903
            ],
            [
              -89.40121098670114,
              43.075906691796206
            ],
            [
              -89.40120998670113,
              43.075932691796204
            ],
            [
              -89.40120983013647,
              43.07593446702929
            ],
            [
              -89.40120949879434,
              43.07593621807967
            ],
            [
              -89.40120899592273,
              43.07593792778291
            ],
            [
              -89.40120832645094,
              43.07593957937988
            ],
            [
              -89.4012074969414,
              43.075941156681026
            ],
            [
              -89.40120651552522,
              43.07594264422508
            ],
            [
              -89.40120539182263,
              43.075944027430594
            ],
            [
              -89.40120413684855,
              43.07594529273889
            ],
            [
              -89.40118113684855,
              43.07596629273889
            ],
            [
              -89.40117982774193,
              43.075967379151734
            ],
            [
              -89.40117842191907,
              43.07596833712623
            ],
            [
              -89.40117693193716,
              43.07596915810548
            ],
            [
              -89.40117537110511,
              43.0759698347563
            ],
            [
              -89.40117375336467,
              43.075970361034656
            ],
            [
              -89.40117209316594,
              43.07597073223969
            ],
            [
              -89.40117040533822,
              43.07597094505571
            ],
            [
              -89.40116870495767,
              43.075970997581784
            ],
            [
              -89.40112571190588,
              43.07597029277766
            ],
            [
              -89.4011252813106,
              43.07599742027992
            ],
            [
              -89.40130851357588,
              43.07600168149539
            ],
            [
              -89.40130869256895,
              43.076001055019695
            ],
            [
              -89.40130929288027,
              43.075999301332196
            ],
            [
              -89.40131007035892,
              43.075997618679395
            ],
            [
              -89.40131101676027,
              43.07599602490463
            ],
            [
              -89.40131212204842,
              43.07599453690879
            ],
            [
              -89.40131337450254,
              43.075993170471016
            ],
            [
              -89.40131476084123,
              43.07599194008142
            ],
            [
              -89.40131626636335,
              43.07599085878744
            ],
            [
              -89.40133026636336,
              43.07598185878744
            ],
            [
              -89.40133168195364,
              43.07598103722754
            ],
            [
              -89.40133316631814,
              43.07598034764905
            ],
            [
              -89.40133470718403,
              43.075979795753454
            ],
            [
              -89.40133629181135,
              43.075979386103874
            ],
            [
              -89.40135529181134,
              43.07597538610387
            ],
            [
              -89.40135710595263,
              43.0759750999278
            ],
            [
              -89.40135893981191,
              43.07597500010063
            ],
            [
              -89.4013607742978,
              43.07597508766159
            ],
            [
              -89.40136259031233,
              43.07597536169913
            ],
            [
              -89.40136436894987,
              43.075975819360394
            ],
            [
              -89.40138036894987,
              43.075980819360396
            ],
            [
              -89.40138218103296,
              43.075981494462575
            ],
            [
              -89.401383910237,
              43.07598236006149
            ],
            [
              -89.40138553660458,
              43.07598340616692
            ],
            [
              -89.40138704136517,
              43.07598462070536
            ],
            [
              -89.40139704136517,
              43.07599362070536
            ],
            [
              -89.4013983262988,
              43.07599490000991
            ],
            [
              -89.40139947600858,
              43.075996302094794
            ],
            [
              -89.40140047882821,
              43.07599781273286
            ],
            [
              -89.40140132458194,
              43.075999416595444
            ],
            [
              -89.4014020046878,
              43.07600109740793
            ],
            [
              -89.40140251224464,
              43.07600283811487
            ],
            [
              -89.40140284210221,
              43.076004621053045
            ],
            [
              -89.40140484210221,
              43.07601962105305
            ],
            [
              -89.40140498375827,
              43.07602123551416
            ],
            [
              -89.40140497962648,
              43.07602285617269
            ],
            [
              -89.40140398072597,
              43.07604383308347
            ],
            [
              -89.40139898176623,
              43.076154809989475
            ],
            [
              -89.40139882097353,
              43.07615653237092
            ],
            [
              -89.40139849558696,
              43.076158231363486
            ],
            [
              -89.40139800861179,
              43.07615989127533
            ],
            [
              -89.4013973645457,
              43.076161496775576
            ],
            [
              -89.40139656933727,
              43.076163033035876
            ],
            [
              -89.40139563033101,
              43.07616448586738
            ],
            [
              -89.40139455619953,
              43.076165841851804
            ],
            [
              -89.40139335686351,
              43.07616708846531
            ],
            [
              -89.40139204339994,
              43.07616821419423
            ],
            [
              -89.40139062793993,
              43.07616920864138
            ],
            [
              -89.40138912355663,
              43.07617006262207
            ],
            [
              -89.40138754414446,
              43.07617076824897
            ],
            [
              -89.40138590429079,
              43.076171319004935
            ],
            [
              -89.40138421914129,
              43.076171709803205
            ],
            [
              -89.4013825042599,
              43.076171937034374
            ],
            [
              -89.40138077548524,
              43.076171998599754
            ],
            [
              -89.40089977548523,
              43.076165998599755
            ],
            [
              -89.40089800672774,
              43.07616588929473
            ],
            [
              -89.40089625729054,
              43.07616560659326
            ],
            [
              -89.40089454413048,
              43.07616515323549
            ],
            [
              -89.40089288385279,
              43.07616453361573
            ],
            [
              -89.40089129255014,
              43.076163753739785
            ],
            [
              -89.40088978564661,
              43.07616282116679
            ],
            [
              -89.40088837774825,
              43.07616174493595
            ],
            [
              -89.40088708250144,
              43.0761605354789
            ],
            [
              -89.40088591246071,
              43.07615920451859
            ],
            [
              -89.40088487896695,
              43.0761577649557
            ],
            [
              -89.40088399203758,
              43.07615623074355
            ],
            [
              -89.40088326026937,
              43.07615461675287
            ],
            [
              -89.40088269075515,
              43.076152938627665
            ],
            [
              -89.40088228901512,
              43.07615121263358
            ],
            [
              -89.4008820589432,
              43.07614945550024
            ],
            [
              -89.40088200276944,
              43.07614768425911
            ],
            [
              -89.40088300276945,
              43.07609068425911
            ],
            [
              -89.4008831038459,
              43.07608906928292
            ],
            [
              -89.40088334954784,
              43.076087469909574
            ],
            [
              -89.400885,
              43.07607921764875
            ],
            [
              -89.400885,
              43.076072
            ],
            [
              -89.40088500297446,
              43.07607167278136
            ],
            [
              -89.40088600297446,
              43.07601667278136
            ],
            [
              -89.40088611934529,
              43.076014930655376
            ],
            [
              -89.40088640395679,
              43.07601320800004
            ],
            [
              -89.40088685413106,
              43.07601152102398
            ],
            [
              -89.40088746563234,
              43.07600988560009
            ],
            [
              -89.40088823270698,
              43.07600831711623
            ],
            [
              -89.40088914813748,
              43.0760068303304
            ],
            [
              -89.4008902033105,
              43.07600543923191
            ],
            [
              -89.40089138829781,
              43.076004156909725
            ],
            [
              -89.40089269194975,
              43.07600299542933
            ],
            [
              -89.40089410200017,
              43.0760019657192
            ],
            [
              -89.40089560518173,
              43.076001077467964
            ],
            [
              -89.4008971873509,
              43.076000339033264
            ],
            [
              -89.40089883362091,
              43.0759997573631
            ],
            [
              -89.40090052850185,
              43.075999337930455
            ],
            [
              -89.40090225604641,
              43.07599908468181
            ],
            [
              -89.400904,
              43.075999
            ],
            [
              -89.40094744992882,
              43.075999
            ],
            [
              -89.40094855583249,
              43.07595531680507
            ],
            [
              -89.40091332123782,
              43.07595398719772
            ],
            [
              -89.40091157416913,
              43.075953835788305
            ],
            [
              -89.40090985012466,
              43.07595351509448
            ],
            [
              -89.40090816546783,
              43.075953028160036
            ],
            [
              -89.40090653618813,
              43.075952379606605
            ],
            [
              -89.40090497774956,
              43.07595157558978
            ],
            [
              -89.40090350494367,
              43.07595062374072
            ],
            [
              -89.40090213174926,
              43.07594953309368
            ],
            [
              -89.40090087119972,
              43.07594831400029
            ],
            [
              -89.40089973525926,
              43.07594697803131
            ],
            [
              -89.4008987347094,
              43.075945537866794
            ],
            [
              -89.40089787904665,
              43.07594400717574
            ],
            [
              -89.40089717639235,
              43.07594240048636
            ],
            [
              -89.40089663341557,
              43.07594073304819
            ],
            [
              -89.40089625526986,
              43.07593902068735
            ],
            [
              -89.4008960455443,
              43.07593727965632
            ],
            [
              -89.40089600622944,
              43.075935526479725
            ],
            [
              -89.40089700622944,
              43.07589752647973
            ],
            [
              -89.40089703106128,
              43.07589694300361
            ],
            [
              -89.400898,
              43.07588047104531
            ],
            [
              -89.400898,
              43.075856
            ],
            [
              -89.4008980224579,
              43.07585510112288
            ],
            [
              -89.4008990224579,
              43.075835101122884
            ],
            [
              -89.40089902487908,
              43.075835053941006
            ],
            [
              -89.40090102487908,
              43.075797053941
            ],
            [
              -89.40090119856723,
              43.07579533373081
            ],
            [
              -89.40090153649507,
              43.075793638120174
            ],
            [
              -89.4009020355448,
              43.07579198275313
            ],
            [
              -89.4009026911121,
              43.07579038290245
            ],
            [
              -89.40090349714853,
              43.075788853328675
            ],
            [
              -89.40090444621747,
              43.075787408143974
            ],
            [
              -89.4009055295626,
              43.075786060681914
            ],
            [
              -89.40090673718876,
              43.07578482337446
            ],
            [
              -89.40090805795414,
              43.07578370763727
            ],
            [
              -89.40090947967309,
              43.075782723764355
            ],
            [
              -89.40091098922854,
              43.075781880833134
            ],
            [
              -89.400912572693,
              43.07578118662067
            ],
            [
              -89.40091421545712,
              43.07578064753189
            ],
            [
              -89.40091590236443,
              43.07578026854056
            ],
            [
              -89.40091761785115,
              43.075780053143326
            ],
            [
              -89.40091934608986,
              43.07578000332748
            ],
            [
              -89.4009534528952,
              43.07578065922758
            ],
            [
              -89.40095455901357,
              43.075736414492276
            ],
            [
              -89.4009104196567,
              43.075734990642054
            ],
            [
              -89.400908660719,
              43.07573484734614
            ],
            [
              -89.40090692426725,
              43.075734532495616
            ],
            [
              -89.40090522699278,
              43.07573404911692
            ],
            [
              -89.40090358521039,
              43.075733401856446
            ],
            [
              -89.4009020147014,
              43.07573259693589
            ],
            [
              -89.4009005305621,
              43.075731642092414
            ],
            [
              -89.40089914705851,
              43.075730546504275
            ],
            [
              -89.40089787748933,
              43.07572932070265
            ],
            [
              -89.40089673405807,
              43.07572797647033
            ],
            [
              -89.40089572775578,
              43.075726526728545
            ],
            [
              -89.40089486825538,
              43.07572498541268
            ],
            [
              -89.40089416381865,
              43.07572336733837
            ],
            [
              -89.4008936212169,
              43.07572168805909
            ],
            [
              -89.40089324566577,
              43.07571996371664
            ],
            [
              -89.4008930407752,
              43.07571821088595
            ],
            [
              -89.40089300851466,
              43.07571644641583
            ],
            [
              -89.40089700851466,
              43.075586446415834
            ],
            [
              -89.40089714587941,
              43.07558471299801
            ],
            [
              -89.40089744986093,
              43.075583000922755
            ],
            [
              -89.40089791762243,
              43.07558132616737
            ],
            [
              -89.40089854479871,
              43.075579704360855
            ],
            [
              -89.40089932553687,
              43.075578150638115
            ],
            [
              -89.40090025255098,
              43.07557667949867
            ],
            [
              -89.40090131719005,
              43.07557530467137
            ],
            [
              -89.4009025095187,
              43.07557403898626
            ],
            [
              -89.40090381841003,
              43.07557289425487
            ],
            [
              -89.40090523164926,
              43.075571881159966
            ],
            [
              -89.40090673604792,
              43.07557100915587
            ],
            [
              -89.40090831756675,
              43.07557028638023
            ],
            [
              -89.40090996144683,
              43.07556971957807
            ],
            [
              -89.4009116523473,
              43.07556931403886
            ],
            [
              -89.40091337448845,
              43.075569073547136
            ],
            [
              -89.40091511179908,
              43.075569000347194
            ],
            [
              -89.40139811179908,
              43.075572000347194
            ],
            [
              -89.4013998857976,
              43.0755720990568
            ],
            [
              -89.40140164142231,
              43.075572372179835
            ],
            [
              -89.40140336156772,
              43.07557281705521
            ],
            [
              -89.401405029474,
              43.075573429348374
            ],
            [
              -89.40140662889034,
              43.07557420309361
            ],
            [
              -89.40140814423322,
              43.075575130752114
            ],
            [
              -89.40140956073823,
              43.07557620328548
            ],
            [
              -89.40141086460405,
              43.075577410243746
            ],
            [
              -89.40141204312677,
              43.0755787398672
            ],
            [
              -89.40141308482373,
              43.07558017920098
            ],
            [
              -89.40141397954541,
              43.075581714221315
            ],
            [
              -89.40141471857433,
              43.07558332997209
            ],
            [
              -89.40141529470993,
              43.07558501071065
            ],
            [
              -89.40141570233878,
              43.07558674006111
            ],
            [
              -89.40141593748925,
              43.07558850117399
            ],
            [
              -89.4014159978702,
              43.07559027689031
            ],
            [
              -89.40141399787021,
              43.07572027689031
            ],
            [
              -89.40141387587444,
              43.075722110240086
            ],
            [
              -89.40141356761347,
              43.07572392160133
            ],
            [
              -89.40141307629936,
              43.075725692099795
            ],
            [
              -89.40141007629936,
              43.0757346920998
            ],
            [
              -89.40140942641202,
              43.07573636023019
            ],
            [
              -89.40140861403437,
              43.075737955553066
            ],
            [
              -89.40140764720248,
              43.075739462287494
            ],
            [
              -89.40140346808772,
              43.07574531304814
            ],
            [
              -89.40140109968945,
              43.0757500498447
            ],
            [
              -89.40140020309651,
              43.07575163669324
            ],
            [
              -89.40139915062645,
              43.075753124736906
            ],
            [
              -89.40139795307022,
              43.07575449871881
            ],
            [
              -89.40139662270636,
              43.075755744551536
            ],
            [
              -89.40139517317506,
              43.07575684946158
            ],
            [
              -89.40139361933835,
              43.075757802120314
            ],
            [
              -89.40138261933835,
              43.07576380212031
            ],
            [
              -89.40138100003257,
              43.0757645831102
            ],
            [
              -89.40137931089724,
              43.07576519867351
            ],
            [
              -89.40137756878248,
              43.07576564266962
            ],
            [
              -89.40137579106695,
              43.07576591066942
            ],
            [
              -89.40136579106695,
              43.07576691066942
            ],
            [
              -89.401364,
              43.075767
            ],
            [
              -89.401349,
              43.075767
            ],
            [
              -89.40134718109678,
              43.07576690786395
            ],
            [
              -89.40134538081429,
              43.07576663239901
            ],
            [
              -89.40134361758264,
              43.075766176425226
            ],
            [
              -89.40134190945263,
              43.07576554461054
            ],
            [
              -89.40132790945263,
              43.07575954461054
            ],
            [
              -89.40132636853433,
              43.07575879549937
            ],
            [
              -89.40132490582127,
              43.07575790327333
            ],
            [
              -89.40132353456637,
              43.07575687601642
            ],
            [
              -89.40132226719383,
              43.07575572303609
            ],
            [
              -89.40132111518669,
              43.07575445477889
            ],
            [
              -89.40132008898267,
              43.07575308273586
            ],
            [
              -89.40131919787969,
              43.075751619338355
            ],
            [
              -89.40131319787969,
              43.075740619338355
            ],
            [
              -89.40131251105831,
              43.07573921905824
            ],
            [
              -89.40131194803163,
              43.07573776457931
            ],
            [
              -89.40131166705707,
              43.07573679716069
            ]
          ]
        ]
      },
      "properties": {
        "building": "university",
        "name": "Science Hall",
        "@id": "way/37723611",
        "addr:street": "North Park Street",
        "addr:housenumber": "550",
        "person_counts": [
          0,
          0,
          0,
          0,
          0,
          0,
          0,
          0,
          0,
          0,
          0,
          0,
          0,
          0,
          0,
          0,
          0,
          0,
          0,
          0,
          0,
          168,
          168,
          168,
          168,
          168,
          168,
          168,
          168,
          168,
          168,
          168,
          168,
          168,
          168,
          168,
          168,
          168,
          168,
          168,
          168,
          168,
          168,
          168,
          168,
          168,
          0,
          0,
          0,
          0,
          0,
          0,
          0,
          0,
          0,
          0,
          0,
          0,
          0,
          0,
          0,
          0,
          0,
          0,
          0,
          0,
          0,
          0,
          0,
          0,
          0,
          0,
          0,
          0,
          0,
          0,
          0,
          98,
          98,
          98,
          98,
          98,
          98,
          98,
          98,
          98,
          98,
          98,
          98,
          98,
          98,
          98,
          98,
          98,
          98,
          98,
          98,
          98,
          98,
          98,
          98,
          98,
          0,
          0,
          0,
          0,
          0,
          0,
          0,
          0,
          0,
          0,
          0,
          0,
          0,
          0,
          0,
          0,
          0,
          0,
          0,
          0,
          0,
          0,
          0,
          0,
          0,
          0,
          0,
          0,
          0,
          0,
          0,
          80,
          80,
          80,
          80,
          80,
          80,
          80,
          80,
          80,
          80,
          80,
          80,
          80,
          80,
          80,
          80,
          80,
          80,
          80,
          80,
          80,
          80,
          80,
          80,
          80,
          0,
          0,
          0,
          43,
          43,
          43,
          43,
          43,
          43,
          43,
          43,
          43,
          43,
          43,
          43,
          43,
          43,
          43,
          43,
          43,
          43,
          43,
          43,
          43,
          43,
          43,
          43
        ],
        "instructor_counts": [
          0,
          0,
          0,
          0,
          0,
          0,
          0,
          0,
          0,
          0,
          0,
          0,
          0,
          0,
          0,
          0,
          0,
          0,
          0,
          0,
          0,
          1,
          1,
          1,
          1,
          1,
          1,
          1,
          1,
          1,
          1,
          1,
          1,
          1,
          1,
          1,
          1,
          1,
          1,
          1,
          1,
          1,
          1,
          1,
          1,
          1,
          0,
          0,
          0,
          0,
          0,
          0,
          0,
          0,
          0,
          0,
          0,
          0,
          0,
          0,
          0,
          0,
          0,
          0,
          0,
          0,
          0,
          0,
          0,
          0,
          0,
          0,
          0,
          0,
          0,
          0,
          0,
          2,
          2,
          2,
          2,
          2,
          2,
          2,
          2,
          2,
          2,
          2,
          2,
          2,
          2,
          2,
          2,
          2,
          2,
          2,
          2,
          2,
          2,
          2,
          2,
          2,
          0,
          0,
          0,
          0,
          0,
          0,
          0,
          0,
          0,
          0,
          0,
          0,
          0,
          0,
          0,
          0,
          0,
          0,
          0,
          0,
          0,
          0,
          0,
          0,
          0,
          0,
          0,
          0,
          0,
          0,
          0,
          1,
          1,
          1,
          1,
          1,
          1,
          1,
          1,
          1,
          1,
          1,
          1,
          1,
          1,
          1,
          1,
          1,
          1,
          1,
          1,
          1,
          1,
          1,
          1,
          1,
          0,
          0,
          0,
          1,
          1,
          1,
          1,
          1,
          1,
          1,
          1,
          1,
          1,
          1,
          1,
          1,
          1,
          1,
          1,
          1,
          1,
          1,
          1,
          1,
          1,
          1,
          1
        ]
      }
    },
    {
      "type": "Feature",
      "geometry": {
        "type": "Polygon",
        "coordinates": [
          [
            [
              -89.40687399848224,
              43.07528123374652
            ],
            [
              -89.4068722269791,
              43.07541763948761
            ],
            [
              -89.40688264244754,
              43.07541801146863
            ],
            [
              -89.40688437434673,
              43.07541815728503
            ],
            [
              -89.40688608410925,
              43.07541846945376
            ],
            [
              -89.40688775579454,
              43.07541894506438
            ],
            [
              -89.40688937381707,
              43.07541957968265
            ],
            [
              -89.40689092309154,
              43.07542036739186
            ],
            [
              -89.40689238917369,
              43.075421300847985
            ],
            [
              -89.40689375839483,
              43.07542237134817
            ],
            [
              -89.40689501798938,
              43.07542356891186
            ],
            [
              -89.40689615621378,
              43.07542488237385
            ],
            [
              -89.40689716245608,
              43.0754262994884
            ],
            [
              -89.40689802733482,
              43.07542780704336
            ],
            [
              -89.4068987427865,
              43.075429390983416
            ],
            [
              -89.40689930214077,
              43.075431036541076
            ],
            [
              -89.40689970018263,
              43.07543272837436
            ],
            [
              -89.40689993320105,
              43.07543445070988
            ],
            [
              -89.40689999902351,
              43.07543618748983
            ],
            [
              -89.40689918734093,
              43.07551410901743
            ],
            [
              -89.40738010821448,
              43.07551700032529
            ],
            [
              -89.40738188145781,
              43.07551709860015
            ],
            [
              -89.40738363638567,
              43.07551737114016
            ],
            [
              -89.40738535591433,
              43.075517815292216
            ],
            [
              -89.40738702330465,
              43.075518426732614
            ],
            [
              -89.40738862232504,
              43.07551919950916
            ],
            [
              -89.40739013740952,
              43.07552012609909
            ],
            [
              -89.40739155380913,
              43.07552119748231
            ],
            [
              -89.40739285773562,
              43.07552240322919
            ],
            [
              -89.40739403649563,
              43.07552373160214
            ],
            [
              -89.40739507861427,
              43.075525169669795
            ],
            [
              -89.40739597394679,
              43.075526703432985
            ],
            [
              -89.40739671377737,
              43.07552831796095
            ],
            [
              -89.407397290904,
              43.075529997536705
            ],
            [
              -89.40739769970848,
              43.075531725810045
            ],
            [
              -89.40739793621123,
              43.07553348595671
            ],
            [
              -89.40739799810994,
              43.07553526084217
            ],
            [
              -89.40739499810994,
              43.07574226084217
            ],
            [
              -89.40739488683126,
              43.075744015258735
            ],
            [
              -89.4073946049453,
              43.07574575045346
            ],
            [
              -89.40739415514074,
              43.07574744987579
            ],
            [
              -89.40739354170789,
              43.075749097316404
            ],
            [
              -89.40739277049775,
              43.07575067706175
            ],
            [
              -89.40739184886625,
              43.07575217404398
            ],
            [
              -89.40739078560405,
              43.07575357398466
            ],
            [
              -89.40738959085269,
              43.075754863530946
            ],
            [
              -89.40738827600791,
              43.07575603038295
            ],
            [
              -89.40738685361086,
              43.07575706341106
            ],
            [
              -89.4073853372286,
              43.07575795276211
            ],
            [
              -89.40738374132462,
              43.07575868995333
            ],
            [
              -89.40738208112087,
              43.07575926795328
            ],
            [
              -89.40738037245264,
              43.07575968124891
            ],
            [
              -89.40737863161745,
              43.07575992589815
            ],
            [
              -89.40737687521964,
              43.07575999956749
            ],
            [
              -89.40681771233231,
              43.07575612322165
            ],
            [
              -89.40681599769644,
              43.075863287963145
            ],
            [
              -89.40681587971378,
              43.075865077458865
            ],
            [
              -89.40681558424653,
              43.0758668463325
            ],
            [
              -89.40681511422771,
              43.075868577025176
            ],
            [
              -89.40681447432297,
              43.07587025235702
            ],
            [
              -89.4068136708844,
              43.07587185569769
            ],
            [
              -89.40681271188741,
              43.07587337113149
            ],
            [
              -89.40681160685156,
              43.07587478361533
            ],
            [
              -89.40681036674609,
              43.075876079128065
            ],
            [
              -89.40680900388101,
              43.075877244809675
            ],
            [
              -89.40680753178492,
              43.07587826908891
            ],
            [
              -89.40680596507072,
              43.075879141798175
            ],
            [
              -89.40680431929054,
              43.07587985427444
            ],
            [
              -89.40680261078136,
              43.07588039944525
            ],
            [
              -89.40680085650284,
              43.07588077189892
            ],
            [
              -89.40679907386901,
              43.07588096793826
            ],
            [
              -89.4067972805753,
              43.07588098561725
            ],
            [
              -89.406791,
              43.07588073439424
            ],
            [
              -89.406791,
              43.075881
            ],
            [
              -89.40679091187776,
              43.07588277894217
            ],
            [
              -89.40679064837386,
              43.075884540466085
            ],
            [
              -89.40679021206837,
              43.07588626732401
            ],
            [
              -89.40678960723332,
              43.07588794260767
            ],
            [
              -89.40678883979088,
              43.075889549913754
            ],
            [
              -89.40678791725531,
              43.07589107350456
            ],
            [
              -89.40678684865954,
              43.07589249846204
            ],
            [
              -89.40678564446654,
              43.07589381083394
            ],
            [
              -89.40678431646701,
              43.07589499777035
            ],
            [
              -89.40678287766387,
              43.075896047649536
            ],
            [
              -89.40678134214497,
              43.07589695019177
            ],
            [
              -89.40677972494511,
              43.07589769655992
            ],
            [
              -89.4067780418989,
              43.075898279446044
            ],
            [
              -89.40677630948565,
              43.075898693142875
            ],
            [
              -89.40677454466801,
              43.075898933599774
            ],
            [
              -89.40677276472599,
              43.07589899846233
            ],
            [
              -89.40661976472599,
              43.075896998462326
            ],
            [
              -89.4066180163159,
              43.07589689036046
            ],
            [
              -89.4066162866934,
              43.07589661281789
            ],
            [
              -89.40661459223986,
              43.075896168463245
            ],
            [
              -89.40661294900356,
              43.075895561505035
            ],
            [
              -89.40661137254766,
              43.075894797691795
            ],
            [
              -89.4066098778029,
              43.07589388425765
            ],
            [
              -89.40660847892609,
              43.075892829853785
            ],
            [
              -89.40660718916607,
              43.07589164446653
            ],
            [
              -89.40660602073824,
              43.07589033932276
            ],
            [
              -89.40660498470886,
              43.07588892678357
            ],
            [
              -89.40660409089023,
              43.0758874202272
            ],
            [
              -89.40660334774775,
              43.07588583392234
            ],
            [
              -89.40660276231976,
              43.07588418289299
            ],
            [
              -89.4066023401509,
              43.07588248277614
            ],
            [
              -89.40660208523956,
              43.0758807496737
            ],
            [
              -89.406602,
              43.075879
            ],
            [
              -89.406588,
              43.075879
            ],
            [
              -89.40658623569148,
              43.075878913325084
            ],
            [
              -89.40658448837421,
              43.07587865413505
            ],
            [
              -89.40658277487582,
              43.07587822492604
            ],
            [
              -89.40658111169822,
              43.07587762983159
            ],
            [
              -89.40657951485873,
              43.07587687458276
            ],
            [
              -89.4065779997358,
              43.075875966453026
            ],
            [
              -89.40657658092088,
              43.07587491418816
            ],
            [
              -89.40657527207794,
              43.075873727922065
            ],
            [
              -89.40657408581184,
              43.07587241907912
            ],
            [
              -89.40657303354698,
              43.0758710002642
            ],
            [
              -89.40657212541724,
              43.07586948514127
            ],
            [
              -89.40657137016841,
              43.07586788830179
            ],
            [
              -89.40657077507396,
              43.075866225124194
            ],
            [
              -89.40657034586495,
              43.0758645116258
            ],
            [
              -89.40657008667492,
              43.07586276430853
            ],
            [
              -89.40657,
              43.075860999999996
            ],
            [
              -89.406563,
              43.075860999999996
            ],
            [
              -89.40656122143061,
              43.07586091191477
            ],
            [
              -89.40655946026851,
              43.075860648521214
            ],
            [
              -89.40655773375065,
              43.07586021239721
            ],
            [
              -89.40655605877485,
              43.07585960781122
            ],
            [
              -89.40655445173456,
              43.075858840680475
            ],
            [
              -89.40655292835825,
              43.07585791851307
            ],
            [
              -89.40655150355559,
              43.075856850334496
            ],
            [
              -89.40655019127146,
              43.07585564659927
            ],
            [
              -89.40654900434954,
              43.075854319088656
            ],
            [
              -89.4065479544065,
              43.07585288079532
            ],
            [
              -89.4065470517184,
              43.075851345796195
            ],
            [
              -89.40654630512009,
              43.0758497291147
            ],
            [
              -89.40654572191869,
              43.0758480465737
            ],
            [
              -89.40654530782214,
              43.07584631464063
            ],
            [
              -89.40654506688331,
              43.07584455026635
            ],
            [
              -89.40654500146033,
              43.07584277071924
            ],
            [
              -89.40654676775618,
              43.07570411649406
            ],
            [
              -89.40640811464735,
              43.07570499963489
            ],
            [
              -89.40640630598818,
              43.07570492010949
            ],
            [
              -89.40640451446558,
              43.07570465930491
            ],
            [
              -89.40640275820252,
              43.07570421985944
            ],
            [
              -89.40640105496529,
              43.0757036062185
            ],
            [
              -89.40639942198376,
              43.07570282458965
            ],
            [
              -89.40639787577716,
              43.07570188287983
            ],
            [
              -89.40639643198682,
              43.07570079061533
            ],
            [
              -89.40639510521808,
              43.075699558845464
            ],
            [
              -89.4063939088925,
              43.07569820003078
            ],
            [
              -89.40639285511205,
              43.075696727916984
            ],
            [
              -89.40639195453673,
              43.07569515739593
            ],
            [
              -89.40639121627673,
              43.07569350435496
            ],
            [
              -89.40639064780028,
              43.07569178551616
            ],
            [
              -89.40639025485805,
              43.07569001826727
            ],
            [
              -89.40639004142504,
              43.07568822048568
            ],
            [
              -89.40638304142504,
              43.07558522048568
            ],
            [
              -89.4063830350536,
              43.075582877190854
            ],
            [
              -89.40638400254258,
              43.075567397367
            ],
            [
              -89.406385,
              43.07534695927702
            ],
            [
              -89.406385,
              43.0753
            ],
            [
              -89.40638508160838,
              43.07529828791299
            ],
            [
              -89.40638532569355,
              43.0752965913505
            ],
            [
              -89.40638573004222,
              43.07529492569628
            ],
            [
              -89.40638629098792,
              43.0752933060538
            ],
            [
              -89.40638700344425,
              43.07529174710934
            ],
            [
              -89.40638786095091,
              43.07529026299878
            ],
            [
              -89.40638885573239,
              43.07528886717943
            ],
            [
              -89.4063899787684,
              43.07528757230802
            ],
            [
              -89.40639121987572,
              43.07528639012594
            ],
            [
              -89.40639256780047,
              43.075285331352724
            ],
            [
              -89.4063940103202,
              43.07528440558891
            ],
            [
              -89.40639553435476,
              43.07528362122895
            ],
            [
              -89.40639712608477,
              43.07528298538511
            ],
            [
              -89.4063987710771,
              43.075282503822955
            ],
            [
              -89.40640045441559,
              43.07528218090911
            ],
            [
              -89.40640745441559,
              43.075281180909116
            ],
            [
              -89.40641,
              43.075281000000004
            ],
            [
              -89.406513,
              43.075281000000004
            ],
            [
              -89.40651313332968,
              43.07528100049381
            ],
            [
              -89.40664806666588,
              43.075282
            ],
            [
              -89.406672,
              43.075282
            ],
            [
              -89.40667227269597,
              43.075282002065755
            ],
            [
              -89.40672,
              43.075282725206726
            ],
            [
              -89.40672,
              43.07528
            ],
            [
              -89.40672008667492,
              43.07527823569147
            ],
            [
              -89.40672034586495,
              43.0752764883742
            ],
            [
              -89.40672077507396,
              43.07527477487581
            ],
            [
              -89.40672137016841,
              43.075273111698216
            ],
            [
              -89.40672212541725,
              43.075271514858734
            ],
            [
              -89.40672303354698,
              43.0752699997358
            ],
            [
              -89.40672408581185,
              43.075268580920884
            ],
            [
              -89.40672527207795,
              43.07526727207794
            ],
            [
              -89.40672658092089,
              43.07526608581184
            ],
            [
              -89.4067279997358,
              43.07526503354698
            ],
            [
              -89.40672951485874,
              43.07526412541724
            ],
            [
              -89.40673111169822,
              43.075263370168415
            ],
            [
              -89.40673277487582,
              43.07526277507396
            ],
            [
              -89.40673448837421,
              43.07526234586495
            ],
            [
              -89.40673623569148,
              43.07526208667492
            ],
            [
              -89.406738,
              43.075262
            ],
            [
              -89.406747,
              43.075262
            ],
            [
              -89.40674716513067,
              43.07526200075746
            ],
            [
              -89.40685616513068,
              43.07526300075746
            ],
            [
              -89.40685793283382,
              43.07526310407439
            ],
            [
              -89.40685968183233,
              43.075263380575755
            ],
            [
              -89.40686139520061,
              43.07526382758577
            ],
            [
              -89.40686305635785,
              43.07526444077858
            ],
            [
              -89.40686464922852,
              43.07526521422013
            ],
            [
              -89.40686615839792,
              43.075266140425576
            ],
            [
              -89.40686756926134,
              43.075267210431754
            ],
            [
              -89.40686886816542,
              43.075268413883876
            ],
            [
              -89.40687004254025,
              43.075269739135756
            ],
            [
              -89.40687108102105,
              43.075271173362516
            ],
            [
              -89.40687197355813,
              43.075272702684714
            ],
            [
              -89.40687271151411,
              43.07527431230261
            ],
            [
              -89.40687328774757,
              43.07527598663943
            ],
            [
              -89.40687369668211,
              43.075277709492106
            ],
            [
              -89.40687393436036,
              43.07527946418805
            ],
            [
              -89.40687399848224,
              43.07528123374652
            ]
          ]
        ]
      },
      "properties": {
        "building": "university",
        "name": "Van Hise Hall",
        "@id": "way/37727228",
        "addr:street": "Linden Drive",
        "addr:housenumber": "1220",
        "person_counts": [
          0,
          0,
          0,
          0,
          0,
          0,
          0,
          0,
          0,
          0,
          0,
          0,
          0,
          0,
          0,
          0,
          0,
          0,
          0,
          0,
          0,
          84,
          84,
          84,
          84,
          84,
          84,
          84,
          84,
          84,
          84,
          84,
          84,
          84,
          84,
          84,
          84,
          84,
          84,
          84,
          84,
          84,
          84,
          84,
          84,
          84,
          0,
          0,
          0,
          12,
          12,
          12,
          12,
          12,
          12,
          12,
          12,
          12,
          12,
          12,
          12,
          12,
          12,
          12,
          12,
          12,
          12,
          12,
          12,
          12,
          12,
          12,
          12,
          12,
          0,
          0,
          0,
          96,
          96,
          96,
          96,
          96,
          96,
          96,
          96,
          96,
          96,
          96,
          96,
          96,
          96,
          96,
          96,
          96,
          96,
          96,
          96,
          96,
          96,
          96,
          96,
          96,
          0,
          0,
          0,
          16,
          16,
          16,
          16,
          16,
          16,
          16,
          16,
          16,
          16,
          16,
          16,
          16,
          16,
          16,
          16,
          16,
          16,
          16,
          16,
          16,
          16,
          16,
          16,
          16,
          0,
          0,
          0,
          82,
          82,
          82,
          82,
          82,
          82,
          82,
          82,
          82,
          82,
          82,
          82,
          82,
          82,
          82,
          82,
          82,
          82,
          82,
          82,
          82,
          82,
          82,
          82,
          82,
          0,
          0,
          0,
          0,
          0,
          0,
          0,
          0,
          0,
          0,
          0,
          0,
          0,
          0,
          0,
          0,
          0,
          0,
          0,
          0,
          0,
          0,
          0,
          0,
          0,
          0,
          0
        ],
        "instructor_counts": [
          0,
          0,
          0,
          0,
          0,
          0,
          0,
          0,
          0,
          0,
          0,
          0,
          0,
          0,
          0,
          0,
          0,
          0,
          0,
          0,
          0,
          9,
          9,
          9,
          9,
          9,
          9,
          9,
          9,
          9,
          9,
          9,
          9,
          9,
          9,
          9,
          9,
          9,
          9,
          9,
          9,
          9,
          9,
          9,
          9,
          9,
          0,
          0,
          0,
          4,
          4,
          4,
          4,
          4,
          4,
          4,
          4,
          4,
          4,
          4,
          4,
          4,
          4,
          4,
          4,
          4,
          4,
          4,
          4,
          4,
          4,
          4,
          4,
          4,
          0,
          0,
          0,
          8,
          8,
          8,
          8,
          8,
          8,
          8,
          8,
          8,
          8,
          8,
          8,
          8,
          8,
          8,
          8,
          8,
          8,
          8,
          8,
          8,
          8,
          8,
          8,
          8,
          0,
          0,
          0,
          1,
          1,
          1,
          1,
          1,
          1,
          1,
          1,
          1,
          1,
          1,
          1,
          1,
          1,
          1,
          1,
          1,
          1,
          1,
          1,
          1,
          1,
          1,
          1,
          1,
          0,
          0,
          0,
          3,
          3,
          3,
          3,
          3,
          3,
          3,
          3,
          3,
          3,
          3,
          3,
          3,
          3,
          3,
          3,
          3,
          3,
          3,
          3,
          3,
          3,
          3,
          3,
          3,
          0,
          0,
          0,
          0,
          0,
          0,
          0,
          0,
          0,
          0,
          0,
          0,
          0,
          0,
          0,
          0,
          0,
          0,
          0,
          0,
          0,
          0,
          0,
          0,
          0,
          0,
          0
        ]
      }
    },
    {
      "type": "Feature",
      "geometry": {
        "type": "Polygon",
        "coordinates": [
          [
            [
              -89.410578,
              43.075959
            ],
            [
              -89.410371,
              43.075959
            ],
            [
              -89.41036923569148,
              43.07595891332508
            ],
            [
              -89.4103674883742,
              43.07595865413505
            ],
            [
              -89.41036577487581,
              43.07595822492604
            ],
            [
              -89.41036411169821,
              43.075957629831585
            ],
            [
              -89.41036251485873,
              43.07595687458276
            ],
            [
              -89.4103609997358,
              43.07595596645302
            ],
            [
              -89.41035958092088,
              43.07595491418816
            ],
            [
              -89.41035827207794,
              43.07595372792206
            ],
            [
              -89.41035708581184,
              43.075952419079115
            ],
            [
              -89.41035603354698,
              43.0759510002642
            ],
            [
              -89.41035512541724,
              43.075949485141265
            ],
            [
              -89.4103543701684,
              43.07594788830178
            ],
            [
              -89.41035377507396,
              43.07594622512419
            ],
            [
              -89.41035334586495,
              43.0759445116258
            ],
            [
              -89.41035312163645,
              43.075942999999995
            ],
            [
              -89.41021694786411,
              43.075942999999995
            ],
            [
              -89.41021664666418,
              43.07594384752305
            ],
            [
              -89.41021590050353,
              43.07594543646772
            ],
            [
              -89.4102150031163,
              43.07594694517478
            ],
            [
              -89.41021396303735,
              43.075948359295225
            ],
            [
              -89.41021279015868,
              43.075949665379625
            ],
            [
              -89.4102114956353,
              43.07595085100607
            ],
            [
              -89.41021009177918,
              43.0759519048983
            ],
            [
              -89.4102085919421,
              43.07595281703294
            ],
            [
              -89.41020701038875,
              43.07595357873487
            ],
            [
              -89.41020536216094,
              43.07595418275968
            ],
            [
              -89.41020366293468,
              43.07595462336261
            ],
            [
              -89.41020192887095,
              43.075954896353174
            ],
            [
              -89.41020017646211,
              43.075954999135014
            ],
            [
              -89.40999617646212,
              43.07595699913501
            ],
            [
              -89.40999441495524,
              43.07595693007621
            ],
            [
              -89.40999266865144,
              43.07595668903945
            ],
            [
              -89.4099909543006,
              43.07595627833665
            ],
            [
              -89.40998928834604,
              43.075955701907105
            ],
            [
              -89.40998768676691,
              43.075954965279685
            ],
            [
              -89.40998616492493,
              43.07595407551983
            ],
            [
              -89.40998473741696,
              43.075953041161746
            ],
            [
              -89.4099834179351,
              43.07595187212658
            ],
            [
              -89.40998221913526,
              43.07595057962723
            ],
            [
              -89.40998115251584,
              43.075949176060824
            ],
            [
              -89.40998022830743,
              43.07594767488981
            ],
            [
              -89.40997945537464,
              43.07594609051279
            ],
            [
              -89.40997884113115,
              43.07594443812647
            ],
            [
              -89.40997839146851,
              43.07594273357986
            ],
            [
              -89.40997811069971,
              43.075940993222275
            ],
            [
              -89.40997800151777,
              43.075939233746524
            ],
            [
              -89.40997700151776,
              43.07586223374653
            ],
            [
              -89.40997706652318,
              43.07586045390513
            ],
            [
              -89.40997730710293,
              43.07585868920049
            ],
            [
              -89.40997772090167,
              43.075856956909604
            ],
            [
              -89.40997830386816,
              43.07585527399215
            ],
            [
              -89.409979050295,
              43.07585365692441
            ],
            [
              -89.40997995287442,
              43.075852121537984
            ],
            [
              -89.4099810027699,
              43.07585068286478
            ],
            [
              -89.40998218970262,
              43.07584935498987
            ],
            [
              -89.40998350205216,
              43.075848150913544
            ],
            [
              -89.4099849269702,
              43.075847082424104
            ],
            [
              -89.40998645050634,
              43.07584615998238
            ],
            [
              -89.40998805774468,
              43.07584539261938
            ],
            [
              -89.40998973294988,
              43.07584478784781
            ],
            [
              -89.40999145972114,
              43.07584435158858
            ],
            [
              -89.40999322115283,
              43.07584408811281
            ],
            [
              -89.409995,
              43.075844000000004
            ],
            [
              -89.410135,
              43.075844000000004
            ],
            [
              -89.410135,
              43.075789
            ],
            [
              -89.41013509252068,
              43.075787177313885
            ],
            [
              -89.41013536913162,
              43.07578537336512
            ],
            [
              -89.41013582698925,
              43.07578360669844
            ],
            [
              -89.41013646138673,
              43.07578189547531
            ],
            [
              -89.4101372658024,
              43.07578025728724
            ],
            [
              -89.41013823196685,
              43.07577870897492
            ],
            [
              -89.4101393499478,
              43.075777266455134
            ],
            [
              -89.41014060825233,
              43.07577594455708
            ],
            [
              -89.41014199394498,
              43.075774756869976
            ],
            [
              -89.41016568694275,
              43.07575644864443
            ],
            [
              -89.41011503466933,
              43.07575687429378
            ],
            [
              -89.41011487438084,
              43.07575713670532
            ],
            [
              -89.41011379157285,
              43.075758566871585
            ],
            [
              -89.41011257179204,
              43.07575988215994
            ],
            [
              -89.41011122715283,
              43.07576106950743
            ],
            [
              -89.41010977100967,
              43.07576211712175
            ],
            [
              -89.41010821782444,
              43.07576301459839
            ],
            [
              -89.4101065830228,
              43.07576375302393
            ],
            [
              -89.41010488284101,
              43.07576432506461
            ],
            [
              -89.41010313416463,
              43.07576472503913
            ],
            [
              -89.41010135436089,
              43.075764948975085
            ],
            [
              -89.41009956110614,
              43.07576499464843
            ],
            [
              -89.41005856110614,
              43.07576399464843
            ],
            [
              -89.41005682666591,
              43.07576386831327
            ],
            [
              -89.41005511251176,
              43.07576357519375
            ],
            [
              -89.41005343464374,
              43.07576311802587
            ],
            [
              -89.41005180872324,
              43.075762501076895
            ],
            [
              -89.41005024992673,
              43.07576173010546
            ],
            [
              -89.41004877280415,
              43.075760812307884
            ],
            [
              -89.41004739114308,
              43.075759756250974
            ],
            [
              -89.41004611784007,
              43.07575857179205
            ],
            [
              -89.41004496478023,
              43.075757269986944
            ],
            [
              -89.41004411010964,
              43.075756093413375
            ],
            [
              -89.4098991124978,
              43.07575699964845
            ],
            [
              -89.40989734068067,
              43.07575692335514
            ],
            [
              -89.40989558497103,
              43.07575667307492
            ],
            [
              -89.40989386241199,
              43.07575625123733
            ],
            [
              -89.40989218972493,
              43.075755661937265
            ],
            [
              -89.40989058314706,
              43.07575491089522
            ],
            [
              -89.40988905827389,
              43.07575400540176
            ],
            [
              -89.40988762990777,
              43.07575295424677
            ],
            [
              -89.40988631191425,
              43.07575176763409
            ],
            [
              -89.40988511708746,
              43.07575045708249
            ],
            [
              -89.40988405702588,
              43.07574903531386
            ],
            [
              -89.40988314201984,
              43.075747516129695
            ],
            [
              -89.40988238095154,
              43.075745914277135
            ],
            [
              -89.4098817812089,
              43.07574424530579
            ],
            [
              -89.40988134861375,
              43.075742525416835
            ],
            [
              -89.40988108736546,
              43.07574077130569
            ],
            [
              -89.409881,
              43.075739
            ],
            [
              -89.409881,
              43.07568222499842
            ],
            [
              -89.40988058092088,
              43.07568191418816
            ],
            [
              -89.40987927207794,
              43.07568072792206
            ],
            [
              -89.40987808581184,
              43.075679419079115
            ],
            [
              -89.40987703354698,
              43.0756780002642
            ],
            [
              -89.40987612541724,
              43.075676485141265
            ],
            [
              -89.40987537016841,
              43.07567488830178
            ],
            [
              -89.40987477507396,
              43.07567322512419
            ],
            [
              -89.40987434586495,
              43.0756715116258
            ],
            [
              -89.40987408667492,
              43.07566976430853
            ],
            [
              -89.409874,
              43.075668
            ],
            [
              -89.409874,
              43.075654
            ],
            [
              -89.40987408667492,
              43.07565223569147
            ],
            [
              -89.40987434586495,
              43.0756504883742
            ],
            [
              -89.40987477507396,
              43.07564877487581
            ],
            [
              -89.40987537016841,
              43.07564711169822
            ],
            [
              -89.40987612541724,
              43.075645514858735
            ],
            [
              -89.40987703354698,
              43.0756439997358
            ],
            [
              -89.40987808581184,
              43.075642580920885
            ],
            [
              -89.40987927207794,
              43.07564127207794
            ],
            [
              -89.40988058092088,
              43.07564008581184
            ],
            [
              -89.409881,
              43.075639775001584
            ],
            [
              -89.409881,
              43.07555
            ],
            [
              -89.40988108622543,
              43.075548240261234
            ],
            [
              -89.40988134407561,
              43.07554649738182
            ],
            [
              -89.4098817710802,
              43.0755447880596
            ],
            [
              -89.40988236314823,
              43.07554312867092
            ],
            [
              -89.40988311460733,
              43.075541535113715
            ],
            [
              -89.40988401825807,
              43.07554002265522
            ],
            [
              -89.40988506544294,
              43.0755386057857
            ],
            [
              -89.40988624612925,
              43.07553729807963
            ],
            [
              -89.40988754900535,
              43.07553611206561
            ],
            [
              -89.40988896158888,
              43.075535059106386
            ],
            [
              -89.40989047034643,
              43.07553414928992
            ],
            [
              -89.40989206082321,
              43.07553339133282
            ],
            [
              -89.40989371778149,
              43.075532792496766
            ],
            [
              -89.4098954253466,
              43.07553235851896
            ],
            [
              -89.40989716715906,
              43.07553209355719
            ],
            [
              -89.40989892653123,
              43.075532000149934
            ],
            [
              -89.41012839592719,
              43.075531063540154
            ],
            [
              -89.41012903354698,
              43.0755299997358
            ],
            [
              -89.41013008581184,
              43.07552858092088
            ],
            [
              -89.41013127207795,
              43.075527272077935
            ],
            [
              -89.41013258092089,
              43.07552608581184
            ],
            [
              -89.4101339997358,
              43.075525033546974
            ],
            [
              -89.41013551485874,
              43.07552412541724
            ],
            [
              -89.41013711169822,
              43.07552337016841
            ],
            [
              -89.41013877487582,
              43.075522775073956
            ],
            [
              -89.41014048837421,
              43.07552234586495
            ],
            [
              -89.41014223569148,
              43.075522086674916
            ],
            [
              -89.410144,
              43.075522
            ],
            [
              -89.41018,
              43.075522
            ],
            [
              -89.41018,
              43.075504
            ],
            [
              -89.41018008667491,
              43.075502235691474
            ],
            [
              -89.41018034586494,
              43.0755004883742
            ],
            [
              -89.41018077507395,
              43.07549877487581
            ],
            [
              -89.4101813701684,
              43.07549711169822
            ],
            [
              -89.41018212541724,
              43.07549551485874
            ],
            [
              -89.41018303354697,
              43.075493999735805
            ],
            [
              -89.41018408581184,
              43.07549258092089
            ],
            [
              -89.41018527207794,
              43.07549127207794
            ],
            [
              -89.41018658092088,
              43.07549008581184
            ],
            [
              -89.4101879997358,
              43.07548903354698
            ],
            [
              -89.41018951485873,
              43.075488125417245
            ],
            [
              -89.41019111169821,
              43.07548737016842
            ],
            [
              -89.41019277487581,
              43.07548677507396
            ],
            [
              -89.4101944883742,
              43.07548634586495
            ],
            [
              -89.41019623569147,
              43.07548608667492
            ],
            [
              -89.410198,
              43.075486000000005
            ],
            [
              -89.41027989156976,
              43.075486000000005
            ],
            [
              -89.41036278314827,
              43.07548500130628
            ],
            [
              -89.41036456187584,
              43.0754850678907
            ],
            [
              -89.41036632533027,
              43.07548530982819
            ],
            [
              -89.41036805626722,
              43.07548572475291
            ],
            [
              -89.41036973776035,
              43.07548630860744
            ],
            [
              -89.4103713533668,
              43.075487055682416
            ],
            [
              -89.41037288728803,
              43.07548795867241
            ],
            [
              -89.41037432452423,
              43.07548900874734
            ],
            [
              -89.41037565102108,
              43.07549019563881
            ],
            [
              -89.41037685380715,
              43.07549150774053
            ],
            [
              -89.41037792112071,
              43.07549293222185
            ],
            [
              -89.4103788425248,
              43.07549445515314
            ],
            [
              -89.4103796090093,
              43.075496061642106
            ],
            [
              -89.41038021307894,
              43.075497735979326
            ],
            [
              -89.4103806488267,
              43.07549946179193
            ],
            [
              -89.41038091199152,
              43.07550122220368
            ],
            [
              -89.410381,
              43.075503
            ],
            [
              -89.410381,
              43.075521
            ],
            [
              -89.410418,
              43.075521
            ],
            [
              -89.41041976430853,
              43.07552108667492
            ],
            [
              -89.4104215116258,
              43.07552134586495
            ],
            [
              -89.41042322512419,
              43.07552177507396
            ],
            [
              -89.41042488830179,
              43.075522370168414
            ],
            [
              -89.41042648514127,
              43.07552312541724
            ],
            [
              -89.4104280002642,
              43.07552403354698
            ],
            [
              -89.41042941907912,
              43.07552508581184
            ],
            [
              -89.41043072792206,
              43.07552627207794
            ],
            [
              -89.41043191418817,
              43.075527580920884
            ],
            [
              -89.41043296645303,
              43.0755289997358
            ],
            [
              -89.41043387458276,
              43.075530514858734
            ],
            [
              -89.41043407331462,
              43.07553093504192
            ],
            [
              -89.41066592741996,
              43.07553000014633
            ],
            [
              -89.41066769068503,
              43.07553007957634
            ],
            [
              -89.41066943769336,
              43.075530331319676
            ],
            [
              -89.41067115164665,
              43.07553075295571
            ],
            [
              -89.41067281606443,
              43.0755313404302
            ],
            [
              -89.41067441494253,
              43.07553208809433
            ],
            [
              -89.410675932907,
              43.07553298875892
            ],
            [
              -89.41067735536188,
              43.07553403376369
            ],
            [
              -89.4106786686296,
              43.0755352130604
            ],
            [
              -89.41067986008247,
              43.07553651530957
            ],
            [
              -89.4106809182641,
              43.07553792798945
            ],
            [
              -89.41068183299959,
              43.07553943751647
            ],
            [
              -89.41068259549333,
              43.075541029375806
            ],
            [
              -89.41068319841355,
              43.07554268826098
            ],
            [
              -89.41068363596293,
              43.075544398221034
            ],
            [
              -89.4106839039342,
              43.07554614281389
            ],
            [
              -89.4106839997507,
              43.075547905264465
            ],
            [
              -89.4106849997507,
              43.07573790526447
            ],
            [
              -89.41068492181238,
              43.0757396759001
            ],
            [
              -89.41068467011961,
              43.07574143028766
            ],
            [
              -89.41068424711256,
              43.075743151418095
            ],
            [
              -89.41068365689237,
              43.07574482260482
            ],
            [
              -89.4106829051813,
              43.07574642764545
            ],
            [
              -89.4106819992673,
              43.07574795097888
            ],
            [
              -89.41068094793332,
              43.075749377836196
            ],
            [
              -89.41067976137218,
              43.07575069438381
            ],
            [
              -89.41067845108778,
              43.07575188785761
            ],
            [
              -89.41067702978349,
              43.075752946686706
            ],
            [
              -89.41067551123905,
              43.0757538606056
            ],
            [
              -89.41067391017697,
              43.07575462075372
            ],
            [
              -89.41067224211977,
              43.075755219761334
            ],
            [
              -89.41067052323949,
              43.07575565182097
            ],
            [
              -89.41066877020091,
              43.07575591274375
            ],
            [
              -89.410667,
              43.075756
            ],
            [
              -89.41040321608612,
              43.075756
            ],
            [
              -89.41042676551943,
              43.075773574203964
            ],
            [
              -89.41042819564923,
              43.07577476118813
            ],
            [
              -89.41042949575976,
              43.075776089312846
            ],
            [
              -89.41043065199038,
              43.07577754441882
            ],
            [
              -89.41043165201438,
              43.07577911099299
            ],
            [
              -89.4104324851704,
              43.07578077233393
            ],
            [
              -89.41043314257604,
              43.07578251072987
            ],
            [
              -89.41043361722264,
              43.07578430764758
            ],
            [
              -89.41043390404992,
              43.075786143929896
            ],
            [
              -89.410434,
              43.075788
            ],
            [
              -89.410434,
              43.075841000000004
            ],
            [
              -89.410576,
              43.075841000000004
            ],
            [
              -89.41057773700501,
              43.07584108400677
            ],
            [
              -89.41057945779666,
              43.075841335242934
            ],
            [
              -89.41058114631294,
              43.07584175136344
            ],
            [
              -89.4105827867931,
              43.07584232848419
            ],
            [
              -89.41058436392476,
              43.07584306121828
            ],
            [
              -89.41058586298684,
              43.075843942726316
            ],
            [
              -89.41058726998695,
              43.075844964780224
            ],
            [
              -89.41058857179205,
              43.07584611784006
            ],
            [
              -89.41058975625099,
              43.07584739114307
            ],
            [
              -89.41059081230789,
              43.07584877280414
            ],
            [
              -89.41059173010547,
              43.07585024992673
            ],
            [
              -89.41059250107689,
              43.075851808723236
            ],
            [
              -89.41059311802587,
              43.07585343464374
            ],
            [
              -89.41059357519374,
              43.075855112511746
            ],
            [
              -89.41059386831327,
              43.0758568266659
            ],
            [
              -89.41059399464844,
              43.07585856110614
            ],
            [
              -89.41059599464843,
              43.07594056110614
            ],
            [
              -89.41059594897509,
              43.07594235436089
            ],
            [
              -89.41059572503913,
              43.07594413416464
            ],
            [
              -89.4105953250646,
              43.075945882841005
            ],
            [
              -89.41059475302393,
              43.0759475830228
            ],
            [
              -89.41059401459839,
              43.07594921782444
            ],
            [
              -89.41059311712175,
              43.07595077100967
            ],
            [
              -89.41059206950743,
              43.07595222715283
            ],
            [
              -89.41059088215994,
              43.07595357179205
            ],
            [
              -89.4105895668716,
              43.075954791572855
            ],
            [
              -89.41058813670533,
              43.07595587438084
            ],
            [
              -89.41058660586503,
              43.07595680946195
            ],
            [
              -89.41058498955447,
              43.0759575875293
            ],
            [
              -89.41058330382621,
              43.07595820085543
            ],
            [
              -89.41058156542232,
              43.075958643349
            ],
            [
              -89.41057979160796,
              43.07595891061531
            ],
            [
              -89.410578,
              43.075959
            ]
          ]
        ]
      },
      "properties": {
        "building": "university",
        "name": "Agricultural Hall",
        "@id": "way/38953076",
        "addr:street": "Linden Drive",
        "addr:housenumber": "1450",
        "person_counts": [
          0,
          0,
          0,
          0,
          0,
          0,
          0,
          0,
          0,
          0,
          0,
          0,
          0,
          0,
          0,
          0,
          0,
          0,
          0,
          0,
          0,
          201,
          201,
          201,
          201,
          201,
          201,
          201,
          201,
          201,
          201,
          201,
          201,
          201,
          201,
          201,
          201,
          201,
          201,
          201,
          201,
          201,
          201,
          201,
          201,
          201,
          0,
          0,
          0,
          0,
          0,
          0,
          0,
          0,
          0,
          0,
          0,
          0,
          0,
          0,
          0,
          0,
          0,
          0,
          0,
          0,
          0,
          0,
          0,
          0,
          0,
          0,
          0,
          0,
          0,
          0,
          0,
          245,
          245,
          245,
          245,
          245,
          245,
          245,
          245,
          245,
          245,
          245,
          245,
          245,
          245,
          245,
          245,
          245,
          245,
          245,
          245,
          245,
          245,
          245,
          245,
          245,
          0,
          0,
          0,
          0,
          0,
          0,
          0,
          0,
          0,
          0,
          0,
          0,
          0,
          0,
          0,
          0,
          0,
          0,
          0,
          0,
          0,
          0,
          0,
          0,
          0,
          0,
          0,
          0,
          0,
          0,
          0,
          0,
          0,
          0,
          0,
          0,
          0,
          0,
          0,
          0,
          0,
          0,
          0,
          0,
          0,
          0,
          0,
          0,
          0,
          0,
          0,
          0,
          0,
          0,
          0,
          0,
          0,
          0,
          0,
          0,
          0,
          0,
          0,
          0,
          0,
          0,
          0,
          0,
          0,
          0,
          0,
          0,
          0,
          0,
          0,
          0,
          0,
          0,
          0,
          0,
          0,
          0,
          0
        ],
        "instructor_counts": [
          0,
          0,
          0,
          0,
          0,
          0,
          0,
          0,
          0,
          0,
          0,
          0,
          0,
          0,
          0,
          0,
          0,
          0,
          0,
          0,
          0,
          1,
          1,
          1,
          1,
          1,
          1,
          1,
          1,
          1,
          1,
          1,
          1,
          1,
          1,
          1,
          1,
          1,
          1,
          1,
          1,
          1,
          1,
          1,
          1,
          1,
          0,
          0,
          0,
          0,
          0,
          0,
          0,
          0,
          0,
          0,
          0,
          0,
          0,
          0,
          0,
          0,
          0,
          0,
          0,
          0,
          0,
          0,
          0,
          0,
          0,
          0,
          0,
          0,
          0,
          0,
          0,
          4,
          4,
          4,
          4,
          4,
          4,
          4,
          4,
          4,
          4,
          4,
          4,
          4,
          4,
          4,
          4,
          4,
          4,
          4,
          4,
          4,
          4,
          4,
          4,
          4,
          0,
          0,
          0,
          0,
          0,
          0,
          0,
          0,
          0,
          0,
          0,
          0,
          0,
          0,
          0,
          0,
          0,
          0,
          0,
          0,
          0,
          0,
          0,
          0,
          0,
          0,
          0,
          0,
          0,
          0,
          0,
          0,
          0,
          0,
          0,
          0,
          0,
          0,
          0,
          0,
          0,
          0,
          0,
          0,
          0,
          0,
          0,
          0,
          0,
          0,
          0,
          0,
          0,
          0,
          0,
          0,
          0,
          0,
          0,
          0,
          0,
          0,
          0,
          0,
          0,
          0,
          0,
          0,
          0,
          0,
          0,
          0,
          0,
          0,
          0,
          0,
          0,
          0,
          0,
          0,
          0,
          0,
          0
        ]
      }
    },
    {
      "type": "Feature",
      "geometry": {
        "type": "Polygon",
        "coordinates": [
          [
            [
              -89.42117070733657,
              43.075359
            ],
            [
              -89.42116999758179,
              43.07540229504232
            ],
            [
              -89.42116988409802,
              43.07540403937195
            ],
            [
              -89.42116960195372,
              43.075405764468776
            ],
            [
              -89.42116915380973,
              43.07540745406381
            ],
            [
              -89.42116854389236,
              43.07540909222291
            ],
            [
              -89.4211677779536,
              43.075410663496996
            ],
            [
              -89.42116686321684,
              43.075412153067774
            ],
            [
              -89.42116580830873,
              43.07541354688746
            ],
            [
              -89.42116462317786,
              43.07541483181129
            ],
            [
              -89.4211633190009,
              43.07541599572145
            ],
            [
              -89.42116190807721,
              43.0754170276414
            ],
            [
              -89.42116040371288,
              43.07541791783936
            ],
            [
              -89.4211588200952,
              43.07541865792008
            ],
            [
              -89.42115717215887,
              43.075419240904054
            ],
            [
              -89.42115547544519,
              43.07541966129329
            ],
            [
              -89.42115374595544,
              43.075419915123206
            ],
            [
              -89.421152,
              43.075419999999994
            ],
            [
              -89.421118,
              43.075419999999994
            ],
            [
              -89.42111790270413,
              43.075419999737036
            ],
            [
              -89.42074790270412,
              43.07541799973704
            ],
            [
              -89.42074787755385,
              43.07541799958352
            ],
            [
              -89.42045393877605,
              43.075416
            ],
            [
              -89.420375,
              43.075416
            ],
            [
              -89.42037489024595,
              43.07541599966539
            ],
            [
              -89.42021089024594,
              43.07541499966539
            ],
            [
              -89.42020911527645,
              43.07541490105632
            ],
            [
              -89.42020735869022,
              43.07541462784341
            ],
            [
              -89.42020563762071,
              43.07541418269154
            ],
            [
              -89.42020396885493,
              43.07541356994264
            ],
            [
              -89.42020236866973,
              43.075412795573364
            ],
            [
              -89.42020085267305,
              43.07541186713677
            ],
            [
              -89.42019943565165,
              43.075410793688675
            ],
            [
              -89.42019813142691,
              43.07540958569931
            ],
            [
              -89.42019695272005,
              43.075408254951185
            ],
            [
              -89.42019591102795,
              43.0754068144242
            ],
            [
              -89.42019501651107,
              43.075405278169
            ],
            [
              -89.42019427789442,
              43.075403661169965
            ],
            [
              -89.42019370238232,
              43.075401979199015
            ],
            [
              -89.42019329558822,
              43.075400248661815
            ],
            [
              -89.4201930614799,
              43.07539848643772
            ],
            [
              -89.42019300234085,
              43.07539670971517
            ],
            [
              -89.42019371164272,
              43.07535273299983
            ],
            [
              -89.42014382138547,
              43.07535199931957
            ],
            [
              -89.4197728510939,
              43.07535009201731
            ],
            [
              -89.41977199938532,
              43.07545314875525
            ],
            [
              -89.41977189867549,
              43.07545490720093
            ],
            [
              -89.41977162658732,
              43.075456647385316
            ],
            [
              -89.41977118572599,
              43.07545835264628
            ],
            [
              -89.41977058031273,
              43.075460006656094
            ],
            [
              -89.41976981614432,
              43.07546159357775
            ],
            [
              -89.41976890053763,
              43.07546309821659
            ],
            [
              -89.41976784225949,
              43.07546450616583
            ],
            [
              -89.41976665144284,
              43.07546580394447
            ],
            [
              -89.41976533948967,
              43.075466979126375
            ],
            [
              -89.41976391896179,
              43.07546802045928
            ],
            [
              -89.41976240346067,
              43.075468917972515
            ],
            [
              -89.41976080749708,
              43.075469663072454
            ],
            [
              -89.41975914635226,
              43.075470248624825
            ],
            [
              -89.41975743593154,
              43.07547066902302
            ],
            [
              -89.41975569261206,
              43.075470920241756
            ],
            [
              -89.41975393308596,
              43.07547099987563
            ],
            [
              -89.41948493308595,
              43.07546999987562
            ],
            [
              -89.41948316402326,
              43.07546990612156
            ],
            [
              -89.41948141274445,
              43.075469638922804
            ],
            [
              -89.419479696213,
              43.07546920086752
            ],
            [
              -89.41947803105582,
              43.075468596198874
            ],
            [
              -89.41947643340215,
              43.075467830773874
            ],
            [
              -89.41947491872745,
              43.075466912006696
            ],
            [
              -89.41947350170331,
              43.07546584879682
            ],
            [
              -89.41947219605554,
              43.07546465144285
            ],
            [
              -89.41947101443105,
              43.075463331542764
            ],
            [
              -89.4194699682755,
              43.07546190188155
            ],
            [
              -89.41946906772225,
              43.075460376307404
            ],
            [
              -89.41946832149439,
              43.075458769597525
            ],
            [
              -89.41946773682012,
              43.07545709731506
            ],
            [
              -89.41946731936281,
              43.075455375658294
            ],
            [
              -89.41946707316609,
              43.075453621303765
            ],
            [
              -89.41946700061467,
              43.07545185124474
            ],
            [
              -89.41946785062497,
              43.075348999999996
            ],
            [
              -89.419453,
              43.075348999999996
            ],
            [
              -89.41945289772893,
              43.075348999709455
            ],
            [
              -89.41927689772892,
              43.07534799970946
            ],
            [
              -89.4192751159789,
              43.07534790113026
            ],
            [
              -89.41927335274549,
              43.07534762661439
            ],
            [
              -89.4192716253582,
              43.07534717885985
            ],
            [
              -89.4192699507942,
              43.075346562267285
            ],
            [
              -89.4192683455115,
              43.075345782896726
            ],
            [
              -89.41926682528724,
              43.07534484840801
            ],
            [
              -89.41926540506252,
              43.07534376798551
            ],
            [
              -89.41926409879568,
              43.075342552247896
            ],
            [
              -89.41926291932502,
              43.07534121314374
            ],
            [
              -89.41926187824268,
              43.07533976383406
            ],
            [
              -89.41926098578064,
              43.07533821856304
            ],
            [
              -89.41926025071025,
              43.075336592517985
            ],
            [
              -89.41925968025598,
              43.07533490168005
            ],
            [
              -89.41925928002438,
              43.075333162667214
            ],
            [
              -89.419259053949,
              43.07533139257091
            ],
            [
              -89.4192590042518,
              43.07532960878808
            ],
            [
              -89.41926000159039,
              43.07528373121355
            ],
            [
              -89.41926200059486,
              43.075037853663375
            ],
            [
              -89.41926210098005,
              43.075036096034445
            ],
            [
              -89.41926237258465,
              43.07503435661857
            ],
            [
              -89.41926281281053,
              43.07503265205476
            ],
            [
              -89.41926341744656,
              43.0750309986486
            ],
            [
              -89.41926418070886,
              43.07502941221635
            ],
            [
              -89.4192650952962,
              43.07502790793358
            ],
            [
              -89.41926615245974,
              43.07502650019005
            ],
            [
              -89.41926734208684,
              43.07502520245201
            ],
            [
              -89.41926865279768,
              43.07502402713345
            ],
            [
              -89.4192700720542,
              43.07502298547729
            ],
            [
              -89.41927158628,
              43.07502208744785
            ],
            [
              -89.41927318099022,
              43.07502134163556
            ],
            [
              -89.41927484093009,
              43.075020755174755
            ],
            [
              -89.41927655022086,
              43.075020333675425
            ],
            [
              -89.41927829251172,
              43.075020081169576
            ],
            [
              -89.41928005113616,
              43.075020000072634
            ],
            [
              -89.41961416116622,
              43.07502094924885
            ],
            [
              -89.41961600072388,
              43.07481583857151
            ],
            [
              -89.41961610263708,
              43.07481408052083
            ],
            [
              -89.41961637585281,
              43.07481234084222
            ],
            [
              -89.41961681775602,
              43.07481063618682
            ],
            [
              -89.41961742411709,
              43.074808982870536
            ],
            [
              -89.41961818913232,
              43.074807396717894
            ],
            [
              -89.41961910547943,
              43.07480589291057
            ],
            [
              -89.41962016438771,
              43.07480448584208
            ],
            [
              -89.41962135572196,
              43.07480318898002
            ],
            [
              -89.41962266807946,
              43.07480201473716
            ],
            [
              -89.41962408889911,
              43.07480097435262
            ],
            [
              -89.41962560458173,
              43.074800077784325
            ],
            [
              -89.41962720062011,
              43.074799333613676
            ],
            [
              -89.41962886173798,
              43.07479874896341
            ],
            [
              -89.41963057203613,
              43.07479832942945
            ],
            [
              -89.41963231514463,
              43.0747980790273
            ],
            [
              -89.41963407437953,
              43.07479800015368
            ],
            [
              -89.4198604571022,
              43.07479893561948
            ],
            [
              -89.41986109076174,
              43.074797580015556
            ],
            [
              -89.41986200116233,
              43.07479604837357
            ],
            [
              -89.41986305853099,
              43.0747946142439
            ],
            [
              -89.41986425250697,
              43.07479329167905
            ],
            [
              -89.41986557139091,
              43.07479209363835
            ],
            [
              -89.4198670022596,
              43.07479103186095
            ],
            [
              -89.41986853109243,
              43.07479011675082
            ],
            [
              -89.41987014290896,
              43.07478935727479
            ],
            [
              -89.4198718219156,
              43.074788760874675
            ],
            [
              -89.41987355166039,
              43.07478833339439
            ],
            [
              -89.41987531519418,
              43.074788079022646
            ],
            [
              -89.41987709523676,
              43.07478800025195
            ],
            [
              -89.42044409523676,
              43.07479100025195
            ],
            [
              -89.4204458531414,
              43.07479109564671
            ],
            [
              -89.42044759331921,
              43.07479136231146
            ],
            [
              -89.42044929912394,
              43.07479179769535
            ],
            [
              -89.42045095423815,
              43.07479239763355
            ],
            [
              -89.42045254282931,
              43.07479315638717
            ],
            [
              -89.4204540497012,
              43.0747940666981
            ],
            [
              -89.42045546043937,
              43.07479511985845
            ],
            [
              -89.42045676154892,
              43.074796305793875
            ],
            [
              -89.42045794058367,
              43.074797613159916
            ],
            [
              -89.42045898626516,
              43.07479902945054
            ],
            [
              -89.42045988859059,
              43.07480054111774
            ],
            [
              -89.42046013562398,
              43.074801065443246
            ],
            [
              -89.42069007317012,
              43.07480200014872
            ],
            [
              -89.42069184250991,
              43.07480209454951
            ],
            [
              -89.42069359399626,
              43.07480236244941
            ],
            [
              -89.42069531065772,
              43.07480280125254
            ],
            [
              -89.42069697586032,
              43.074803406707
            ],
            [
              -89.42069857346866,
              43.07480417294611
            ],
            [
              -89.42070008800235,
              43.074805092545205
            ],
            [
              -89.42070150478594,
              43.07480615659362
            ],
            [
              -89.42070281009119,
              43.074807354781
            ],
            [
              -89.42070399127002,
              43.07480867549723
            ],
            [
              -89.42070503687712,
              43.074810105944906
            ],
            [
              -89.42070593678085,
              43.07481163226338
            ],
            [
              -89.42070668226135,
              43.07481323966302
            ],
            [
              -89.42070726609512,
              43.07481491256855
            ],
            [
              -89.420707682625,
              43.074816634769945
            ],
            [
              -89.42070792781486,
              43.07481838957954
            ],
            [
              -89.42070799928892,
              43.074820159993685
            ],
            [
              -89.42070615987686,
              43.07502709385102
            ],
            [
              -89.421267093263,
              43.07503000024162
            ],
            [
              -89.4212688627577,
              43.075030096644625
            ],
            [
              -89.42127061419744,
              43.07503036657785
            ],
            [
              -89.42127233060616,
              43.07503080742492
            ],
            [
              -89.4212739953474,
              43.075031414912885
            ],
            [
              -89.4212755922855,
              43.07503218315361
            ],
            [
              -89.42127710594194,
              43.07503310470082
            ],
            [
              -89.42127852164543,
              43.07503417062234
            ],
            [
              -89.42127982567413,
              43.07503537058659
            ],
            [
              -89.4212810053886,
              43.0750366929628
            ],
            [
              -89.42128204935432,
              43.07503812493369
            ],
            [
              -89.42128294745254,
              43.075039652619736
            ],
            [
              -89.42128369097836,
              43.07504126121366
            ],
            [
              -89.42128427272506,
              43.075042935124
            ],
            [
              -89.42128468705401,
              43.0750446581262
            ],
            [
              -89.42128492994927,
              43.07504641351988
            ],
            [
              -89.42128499905655,
              43.07504818429069
            ],
            [
              -89.42128199905655,
              43.075341184290686
            ],
            [
              -89.42128189556516,
              43.075342936168184
            ],
            [
              -89.42128162196731,
              43.07534466964142
            ],
            [
              -89.42128118086366,
              43.075346368232836
            ],
            [
              -89.42128057644715,
              43.075348015796465
            ],
            [
              -89.42127981446303,
              43.07534959667137
            ],
            [
              -89.4212789021544,
              43.075351095830534
            ],
            [
              -89.42127784819318,
              43.07535249902367
            ],
            [
              -89.42127666259782,
              43.075353792912736
            ],
            [
              -89.42127535663802,
              43.07535496519863
            ],
            [
              -89.42127394272758,
              43.0753560047382
            ],
            [
              -89.42127243430645,
              43.07535690165007
            ],
            [
              -89.42127084571291,
              43.075357647408644
            ],
            [
              -89.4212691920474,
              43.07535823492512
            ],
            [
              -89.42126748902882,
              43.07535865861483
            ],
            [
              -89.42126575284526,
              43.07535891445041
            ],
            [
              -89.421264,
              43.075359
            ],
            [
              -89.42117070733657,
              43.075359
            ]
          ]
        ]
      },
      "properties": {
        "building": "university",
        "name": "Veterinary Medicine South",
        "@id": "way/38019751",
        "addr:street": "Linden Drive",
        "addr:housenumber": "2015",
        "person_counts": [
          0,
          0,
          0,
          0,
          0,
          0,
          0,
          0,
          0,
          0,
          0,
          0,
          0,
          0,
          0,
          0,
          0,
          0,
          0,
          0,
          0,
          0,
          0,
          0,
          19,
          19,
          19,
          19,
          19,
          19,
          19,
          19,
          19,
          19,
          118,
          118,
          118,
          118,
          118,
          118,
          118,
          118,
          118,
          118,
          118,
          19,
          19,
          118,
          118,
          118,
          118,
          118,
          118,
          118,
          118,
          118,
          118,
          118,
          118,
          118,
          118,
          118,
          118,
          118,
          118,
          118,
          118,
          118,
          118,
          118,
          118,
          19,
          19,
          19,
          19,
          19,
          19,
          19,
          19,
          19,
          19,
          19,
          19,
          19,
          19,
          19,
          19,
          19,
          46,
          46,
          46,
          46,
          46,
          46,
          46,
          46,
          46,
          46,
          46,
          19,
          19,
          19,
          19,
          19,
          19,
          19,
          19,
          19,
          19,
          19,
          19,
          19,
          19,
          19,
          19,
          19,
          19,
          19,
          19,
          19,
          19,
          19,
          19,
          19,
          19,
          19,
          19,
          19,
          19,
          19,
          19,
          19,
          19,
          0,
          0,
          0,
          0,
          0,
          0,
          0,
          0,
          0,
          0,
          0,
          0,
          0,
          0,
          0,
          0,
          0,
          0,
          0,
          0,
          0,
          0,
          0,
          0,
          0,
          0,
          0,
          0,
          0,
          0,
          0,
          0,
          0,
          0,
          0,
          0,
          0,
          0,
          0,
          0,
          0,
          0,
          0,
          0,
          0,
          0,
          0,
          0,
          0,
          0,
          0,
          0
        ],
        "instructor_counts": [
          0,
          0,
          0,
          0,
          0,
          0,
          0,
          0,
          0,
          0,
          0,
          0,
          0,
          0,
          0,
          0,
          0,
          0,
          0,
          0,
          0,
          0,
          0,
          0,
          5,
          5,
          5,
          5,
          5,
          5,
          5,
          5,
          5,
          5,
          14,
          14,
          14,
          14,
          14,
          14,
          14,
          14,
          14,
          14,
          14,
          5,
          5,
          27,
          27,
          27,
          27,
          27,
          27,
          27,
          27,
          27,
          27,
          27,
          27,
          27,
          27,
          27,
          27,
          27,
          27,
          27,
          27,
          27,
          27,
          27,
          27,
          5,
          5,
          5,
          5,
          5,
          5,
          5,
          5,
          5,
          5,
          5,
          5,
          5,
          5,
          5,
          5,
          5,
          8,
          8,
          8,
          8,
          8,
          8,
          8,
          8,
          8,
          8,
          8,
          5,
          5,
          5,
          5,
          5,
          5,
          5,
          5,
          5,
          5,
          5,
          5,
          5,
          5,
          5,
          5,
          5,
          5,
          5,
          5,
          5,
          5,
          5,
          5,
          5,
          5,
          5,
          5,
          5,
          5,
          5,
          5,
          5,
          5,
          0,
          0,
          0,
          0,
          0,
          0,
          0,
          0,
          0,
          0,
          0,
          0,
          0,
          0,
          0,
          0,
          0,
          0,
          0,
          0,
          0,
          0,
          0,
          0,
          0,
          0,
          0,
          0,
          0,
          0,
          0,
          0,
          0,
          0,
          0,
          0,
          0,
          0,
          0,
          0,
          0,
          0,
          0,
          0,
          0,
          0,
          0,
          0,
          0,
          0,
          0,
          0
        ]
      }
    },
    {
      "type": "Feature",
      "geometry": {
        "type": "Polygon",
        "coordinates": [
          [
            [
              -89.40558330596785,
              43.076422358489225
            ],
            [
              -89.40567919404343,
              43.076434134217806
            ],
            [
              -89.4056808885653,
              43.07643442504453
            ],
            [
              -89.4056825476102,
              43.07643487621476
            ],
            [
              -89.40568415604199,
              43.07643548361229
            ],
            [
              -89.40568569918628,
              43.07643624169558
            ],
            [
              -89.40568716296433,
              43.07643714354834
            ],
            [
              -89.4056885340215,
              43.076438180942574
            ],
            [
              -89.40568979984906,
              43.07643934441373
            ],
            [
              -89.40569094889837,
              43.076440623346976
            ],
            [
              -89.40569197068618,
              43.07644200607408
            ],
            [
              -89.40569285589028,
              43.07644347997986
            ],
            [
              -89.40569359643462,
              43.07644503161727
            ],
            [
              -89.4056941855629,
              43.076446646830085
            ],
            [
              -89.40569461790024,
              43.076448310882064
            ],
            [
              -89.40569488950227,
              43.07645000859137
            ],
            [
              -89.40569499789106,
              43.076451724469116
            ],
            [
              -89.40569494207773,
              43.07645344286064
            ],
            [
              -89.40569472257147,
              43.07645514808836
            ],
            [
              -89.40566772257147,
              43.07660714808836
            ],
            [
              -89.40566731766917,
              43.07660890900545
            ],
            [
              -89.40566673826596,
              43.076610620457124
            ],
            [
              -89.40566599020019,
              43.07661226519799
            ],
            [
              -89.40566508100972,
              43.076613826654864
            ],
            [
              -89.40566401985596,
              43.07661528909379
            ],
            [
              -89.40566281743162,
              43.07661663777855
            ],
            [
              -89.40566148585286,
              43.07661785911917
            ],
            [
              -89.4056600385373,
              43.07661894080884
            ],
            [
              -89.40565849006876,
              43.076619871947976
            ],
            [
              -89.40565685605034,
              43.076620643153966
            ],
            [
              -89.40565515294715,
              43.07662124665578
            ],
            [
              -89.40565339792047,
              43.07662167637227
            ],
            [
              -89.40565160865476,
              43.07662192797339
            ],
            [
              -89.40564980317951,
              43.076621998923905
            ],
            [
              -89.4056479996875,
              43.07662188850888
            ],
            [
              -89.4053510275293,
              43.076588680759556
            ],
            [
              -89.40532356233729,
              43.07671094516272
            ],
            [
              -89.4053230993787,
              43.07671262238809
            ],
            [
              -89.40532247664567,
              43.076714247078556
            ],
            [
              -89.4053216999569,
              43.07671580405322
            ],
            [
              -89.4053207765697,
              43.07671727876392
            ],
            [
              -89.40531971511207,
              43.07671865743113
            ],
            [
              -89.40531852550215,
              43.07671992717276
            ],
            [
              -89.40531721885552,
              43.0767210761245
            ],
            [
              -89.40531580738127,
              43.07672209355069
            ],
            [
              -89.40531430426809,
              43.076722969944626
            ],
            [
              -89.40531272356087,
              43.07672369711739
            ],
            [
              -89.40531108002953,
              43.076724268274376
            ],
            [
              -89.40530998120374,
              43.07672453456889
            ],
            [
              -89.4053010953863,
              43.07676321400948
            ],
            [
              -89.40535386337888,
              43.07676873624126
            ],
            [
              -89.40535437349287,
              43.076768258663385
            ],
            [
              -89.4053558106778,
              43.07676716161353
            ],
            [
              -89.40535735066855,
              43.07676621427653
            ],
            [
              -89.40535897792729,
              43.076765426210606
            ],
            [
              -89.40536067603568,
              43.076764805367006
            ],
            [
              -89.40536242786057,
              43.076764358009754
            ],
            [
              -89.40536421572678,
              43.07676408865251
            ],
            [
              -89.40536602159553,
              43.07676400001296
            ],
            [
              -89.40536782724638,
              43.076764092985435
            ],
            [
              -89.40541682724638,
              43.07676909298544
            ],
            [
              -89.40541857108079,
              43.076769357795435
            ],
            [
              -89.40542028062531,
              43.076769792007774
            ],
            [
              -89.40542193946467,
              43.0767703914531
            ],
            [
              -89.40542353167056,
              43.076771150375485
            ],
            [
              -89.40542504195444,
              43.07677206148766
            ],
            [
              -89.40542645581439,
              43.07677311604103
            ],
            [
              -89.40542775967438,
              43.07677430390967
            ],
            [
              -89.40542894101462,
              43.07677561368754
            ],
            [
              -89.40542998849173,
              43.07677703279799
            ],
            [
              -89.40543089204773,
              43.076778547614595
            ],
            [
              -89.40543164300658,
              43.076780143591904
            ],
            [
              -89.4054322341575,
              43.07678180540518
            ],
            [
              -89.40543265982419,
              43.07678351709752
            ],
            [
              -89.40543291591935,
              43.07678526223306
            ],
            [
              -89.40543299998393,
              43.07678702405482
            ],
            [
              -89.40543291121074,
              43.07678878564561
            ],
            [
              -89.40543265045217,
              43.076790530090435
            ],
            [
              -89.40543048873315,
              43.07680133868555
            ],
            [
              -89.40544604383865,
              43.076803116411895
            ],
            [
              -89.40544778105387,
              43.076803401601445
            ],
            [
              -89.40544948210109,
              43.076803855129995
            ],
            [
              -89.40545113070881,
              43.07680447265926
            ],
            [
              -89.40545271110712,
              43.07680524828223
            ],
            [
              -89.40545420817858,
              43.0768061745796
            ],
            [
              -89.40545560760285,
              43.076807242690805
            ],
            [
              -89.40545689599358,
              43.07680844239873
            ],
            [
              -89.40545806102658,
              43.07680976222747
            ],
            [
              -89.40545909155763,
              43.07681118955208
            ],
            [
              -89.4054599777291,
              43.07681271071938
            ],
            [
              -89.40546071106421,
              43.0768143111785
            ],
            [
              -89.40546128454821,
              43.07681597562012
            ],
            [
              -89.40546169269538,
              43.07681768812287
            ],
            [
              -89.40546193160156,
              43.07681943230567
            ],
            [
              -89.40546199898147,
              43.076821191484385
            ],
            [
              -89.40546189419057,
              43.07682294883144
            ],
            [
              -89.40546161823126,
              43.07682468753678
            ],
            [
              -89.40544361823126,
              43.076910687536774
            ],
            [
              -89.40544358917455,
              43.0769108237336
            ],
            [
              -89.40541358917454,
              43.0770488237336
            ],
            [
              -89.40541312957609,
              43.07705052970369
            ],
            [
              -89.40541250494343,
              43.077052182398084
            ],
            [
              -89.40541172129457,
              43.07705376589395
            ],
            [
              -89.40541078617954,
              43.077055264935176
            ],
            [
              -89.40540970860768,
              43.077056665079304
            ],
            [
              -89.4054084989608,
              43.077057952836704
            ],
            [
              -89.40540716889319,
              43.07705911580053
            ],
            [
              -89.40540573121935,
              43.07706014276626
            ],
            [
              -89.40540419979047,
              43.077061023839626
            ],
            [
              -89.40540258936103,
              43.07706175053196
            ],
            [
              -89.40540091544668,
              43.07706231584199
            ],
            [
              -89.40539919417465,
              43.07706271432325
            ],
            [
              -89.40539744212847,
              43.07706294213659
            ],
            [
              -89.40539567618818,
              43.07706299708715
            ],
            [
              -89.40539391336763,
              43.07706287864551
            ],
            [
              -89.40501691336763,
              43.07701887864552
            ],
            [
              -89.40501517438138,
              43.07701858876466
            ],
            [
              -89.40501347209394,
              43.0770181301563
            ],
            [
              -89.40501182283525,
              43.07701750721982
            ],
            [
              -89.40501024242647,
              43.07701672593101
            ],
            [
              -89.40500874602834,
              43.07701579378469
            ],
            [
              -89.40500734799568,
              43.07701471972287
            ],
            [
              -89.4050060617397,
              43.07701351404893
            ],
            [
              -89.40500489959933,
              43.077012188328794
            ],
            [
              -89.40500387272289,
              43.07701075527998
            ],
            [
              -89.40500299096112,
              43.07700922864961
            ],
            [
              -89.40500226277268,
              43.07700762308251
            ],
            [
              -89.40500169514303,
              43.07700595398075
            ],
            [
              -89.40500129351737,
              43.07700423735588
            ],
            [
              -89.40500106174848,
              43.07700248967533
            ],
            [
              -89.40500100205969,
              43.07700072770446
            ],
            [
              -89.4050011150236,
              43.07699896834569
            ],
            [
              -89.40500139955654,
              43.07699722847641
            ],
            [
              -89.40500323532751,
              43.076988661545194
            ],
            [
              -89.40495198458439,
              43.076982886813575
            ],
            [
              -89.40495023924603,
              43.07698260274779
            ],
            [
              -89.40494853020245,
              43.07698214879922
            ],
            [
              -89.40494687394744,
              43.0769815293489
            ],
            [
              -89.40494528646543,
              43.076980750375085
            ],
            [
              -89.40494378307709,
              43.0769798193956
            ],
            [
              -89.40494237829148,
              43.076978745395266
            ],
            [
              -89.4049410856661,
              43.076977538739165
            ],
            [
              -89.40493991767597,
              43.07697621107265
            ],
            [
              -89.40493888559328,
              43.076974775208924
            ],
            [
              -89.40493799937857,
              43.0769732450054
            ],
            [
              -89.40493726758466,
              43.07697163522996
            ],
            [
              -89.404936697274,
              43.07696996141842
            ],
            [
              -89.40493629395063,
              43.07696823972461
            ],
            [
              -89.40493606150699,
              43.07696648676446
            ],
            [
              -89.40493600218639,
              43.07696471945566
            ],
            [
              -89.40493611656132,
              43.07696295485437
            ],
            [
              -89.40493640352794,
              43.076961209990635
            ],
            [
              -89.40497840352793,
              43.07676620999064
            ],
            [
              -89.40497885938761,
              43.076764504601265
            ],
            [
              -89.40497948010196,
              43.076762852065436
            ],
            [
              -89.40498025970105,
              43.07676126827687
            ],
            [
              -89.40498119068688,
              43.0767597684681
            ],
            [
              -89.40498226410544,
              43.07675836706397
            ],
            [
              -89.40498346963282,
              43.07675707754286
            ],
            [
              -89.40498479567454,
              43.076755912307114
            ],
            [
              -89.40498622947699,
              43.076754882563705
            ],
            [
              -89.4049877572502,
              43.07675399821649
            ],
            [
              -89.40498936430036,
              43.07675326777091
            ],
            [
              -89.40499103517122,
              43.07675269825225
            ],
            [
              -89.40499275379273,
              43.07675229513801
            ],
            [
              -89.40499450363554,
              43.07675206230524
            ],
            [
              -89.40499626787006,
              43.07675200199329
            ],
            [
              -89.40499802952826,
              43.076752114782224
            ],
            [
              -89.40512289205755,
              43.07676628357987
            ],
            [
              -89.4051380994091,
              43.07669685871411
            ],
            [
              -89.40510917275363,
              43.076693907014565
            ],
            [
              -89.40510741068593,
              43.07669363850403
            ],
            [
              -89.40510568381322,
              43.076693197039226
            ],
            [
              -89.40510400906837,
              43.07669258694893
            ],
            [
              -89.40510240287307,
              43.07669181421539
            ],
            [
              -89.40510088097685,
              43.076690886415626
            ],
            [
              -89.40509945830266,
              43.07668981264719
            ],
            [
              -89.40509814880053,
              43.0766886034389
            ],
            [
              -89.40509696531079,
              43.07668727064765
            ],
            [
              -89.40509591943812,
              43.076685827342125
            ],
            [
              -89.40509502143783,
              43.07668428767463
            ],
            [
              -89.40509428011526,
              43.076682666742386
            ],
            [
              -89.40509370273944,
              43.076680980439434
            ],
            [
              -89.40509329497183,
              43.0766792453008
            ],
            [
              -89.40509306081078,
              43.076677478340386
            ],
            [
              -89.40509300255239,
              43.07667569688412
            ],
            [
              -89.40509312076787,
              43.07667391840005
            ],
            [
              -89.4050934142981,
              43.07667216032709
            ],
            [
              -89.40513917205449,
              43.07646258980282
            ],
            [
              -89.40467592693064,
              43.07640888022325
            ],
            [
              -89.40467418105838,
              43.0764085902156
            ],
            [
              -89.40467247210462,
              43.07640813015974
            ],
            [
              -89.40467081659015,
              43.07640750450311
            ],
            [
              -89.40466923051919,
              43.07640671929408
            ],
            [
              -89.40466772922458,
              43.0764057821234
            ],
            [
              -89.40466632721967,
              43.076404702050915
            ],
            [
              -89.40466503805791,
              43.076403489517894
            ],
            [
              -89.4046638742019,
              43.07640215624615
            ],
            [
              -89.40466284690288,
              43.07640071512468
            ],
            [
              -89.40466196609195,
              43.07639918008511
            ],
            [
              -89.40466124028409,
              43.07639756596699
            ],
            [
              -89.40466067649584,
              43.07639588837432
            ],
            [
              -89.40466028017745,
              43.07639416352473
            ],
            [
              -89.40466005516022,
              43.07639240809271
            ],
            [
              -89.40466000361943,
              43.07639063904836
            ],
            [
              -89.40466012605333,
              43.07638887349341
            ],
            [
              -89.40466042127834,
              43.076387128495824
            ],
            [
              -89.40469742127833,
              43.07621912849582
            ],
            [
              -89.4046978860603,
              43.07621742209103
            ],
            [
              -89.40469851605728,
              43.0762157695344
            ],
            [
              -89.40469930518738,
              43.076214186779424
            ],
            [
              -89.40470024583246,
              43.07621268910575
            ],
            [
              -89.4047013289117,
              43.07621129097165
            ],
            [
              -89.40470254396925,
              43.07621000587448
            ],
            [
              -89.40470387927516,
              43.076208846220325
            ],
            [
              -89.40470532193861,
              43.0762078232043
            ],
            [
              -89.40470685803237,
              43.07620694670242
            ],
            [
              -89.40470847272726,
              43.07620622517628
            ],
            [
              -89.40471015043533,
              43.07620566559137
            ],
            [
              -89.40471187496024,
              43.07620527334982
            ],
            [
              -89.40471362965374,
              43.076205052238265
            ],
            [
              -89.40471539757633,
              43.076205004391284
            ],
            [
              -89.40471716166078,
              43.07620513027077
            ],
            [
              -89.40484111580477,
              43.07622012472367
            ],
            [
              -89.40524706267217,
              43.07626711857286
            ],
            [
              -89.4053179462206,
              43.07627526610716
            ],
            [
              -89.40535242863292,
              43.07612009525176
            ],
            [
              -89.40535289371407,
              43.07611839866253
            ],
            [
              -89.40535352218747,
              43.076116755574986
            ],
            [
              -89.40535430805018,
              43.07611518168322
            ],
            [
              -89.405355243796,
              43.076113692020414
            ],
            [
              -89.40535632048703,
              43.07611230081522
            ],
            [
              -89.40535752783917,
              43.07611102135584
            ],
            [
              -89.4053588543203,
              43.076109865863174
            ],
            [
              -89.4053602872604,
              43.076108845373994
            ],
            [
              -89.40536181297261,
              43.07610796963561
            ],
            [
              -89.40536341688397,
              43.07610724701271
            ],
            [
              -89.40536508367455,
              43.076106684407485
            ],
            [
              -89.40536679742387,
              43.076106287193724
            ],
            [
              -89.40536854176288,
              43.07610605916545
            ],
            [
              -89.40537030003038,
              43.07610600250068
            ],
            [
              -89.40537205543211,
              43.076106117740665
            ],
            [
              -89.4057200554321,
              43.07614611774066
            ],
            [
              -89.40572180048427,
              43.076146405787334
            ],
            [
              -89.40572350884327,
              43.07614686370385
            ],
            [
              -89.40572516401508,
              43.07614748706907
            ],
            [
              -89.40572675001927,
              43.076148269864504
            ],
            [
              -89.40572825154315,
              43.076149204532356
            ],
            [
              -89.40572965408973,
              43.07615028204852
            ],
            [
              -89.40573094411756,
              43.07615149200974
            ],
            [
              -89.40573210917162,
              43.076152822733974
            ],
            [
              -89.40573313800347,
              43.07615426137327
            ],
            [
              -89.40573402067986,
              43.07615579403773
            ],
            [
              -89.40573474867865,
              43.0761574059297
            ],
            [
              -89.40573531497114,
              43.076159081486566
            ],
            [
              -89.40573571408981,
              43.076160804531035
            ],
            [
              -89.40573594218125,
              43.07616255842734
            ],
            [
              -89.40573599704325,
              43.07616432624185
            ],
            [
              -89.40573587814615,
              43.07616609090653
            ],
            [
              -89.40573558663785,
              43.076167835383785
            ],
            [
              -89.40569458663785,
              43.07635583538379
            ],
            [
              -89.40569412758587,
              43.076357535865085
            ],
            [
              -89.40569350453379,
              43.076359183339356
            ],
            [
              -89.40569272344747,
              43.076360762031705
            ],
            [
              -89.40569179180596,
              43.07636225682583
            ],
            [
              -89.40569071852994,
              43.07636365340878
            ],
            [
              -89.40568951389622,
              43.076364938407984
            ],
            [
              -89.40568818943942,
              43.076366099519326
            ],
            [
              -89.40568675784148,
              43.076367125624934
            ],
            [
              -89.40568523281024,
              43.07636800689962
            ],
            [
              -89.40568362894818,
              43.07636873490502
            ],
            [
              -89.4056819616126,
              43.07636930267032
            ],
            [
              -89.40568024676858,
              43.07636970475907
            ],
            [
              -89.4056785008361,
              43.076369937321175
            ],
            [
              -89.40567674053281,
              43.07636999812981
            ],
            [
              -89.40567498271398,
              43.07636988660273
            ],
            [
              -89.40555849701457,
              43.076356749117835
            ],
            [
              -89.40555502259483,
              43.07637461756221
            ],
            [
              -89.40555521112583,
              43.07637477546198
            ],
            [
              -89.40555643135473,
              43.07637601673208
            ],
            [
              -89.4055575259876,
              43.07637737005719
            ],
            [
              -89.40555848478859,
              43.076378822782445
            ],
            [
              -89.405559298792,
              43.07638036132346
            ],
            [
              -89.4055599603861,
              43.076381971293415
            ],
            [
              -89.40556046338436,
              43.07638363763754
            ],
            [
              -89.40556080308328,
              43.07638534477393
            ],
            [
              -89.40556097630633,
              43.07638707673922
            ],
            [
              -89.40556098143372,
              43.07638881733789
            ],
            [
              -89.40556076851041,
              43.076393501650664
            ],
            [
              -89.40556749481863,
              43.07639406217635
            ],
            [
              -89.40556923273921,
              43.07639429267391
            ],
            [
              -89.4055709399937,
              43.076394691144976
            ],
            [
              -89.40557260038689,
              43.0763952538096
            ],
            [
              -89.40557419816815,
              43.0763959753303
            ],
            [
              -89.40557571818074,
              43.07639684886265
            ],
            [
              -89.4055771460057,
              43.07639786612024
            ],
            [
              -89.40557846809848,
              43.076399017453255
            ],
            [
              -89.40557967191762,
              43.07640029194003
            ],
            [
              -89.40558074604355,
              43.07640167749066
            ],
            [
              -89.40558168028703,
              43.07640316096166
            ],
            [
              -89.40558246578568,
              43.076404728280686
            ],
            [
              -89.40558309508822,
              43.07640636457998
            ],
            [
              -89.40558356222499,
              43.07640805433745
            ],
            [
              -89.40558386276471,
              43.07640978152387
            ],
            [
              -89.40558399385644,
              43.076411529754985
            ],
            [
              -89.40558395425658,
              43.07641328244689
            ],
            [
              -89.40558330596785,
              43.076422358489225
            ]
          ]
        ]
      },
      "properties": {
        "building": "university",
        "name": "William H. Sewell Social Sciences Building",
        "@id": "way/37749296",
        "addr:street": "Observatory Drive",
        "addr:housenumber": "1180",
        "person_counts": [
          0,
          0,
          0,
          0,
          0,
          0,
          0,
          0,
          0,
          0,
          0,
          0,
          0,
          0,
          0,
          0,
          0,
          0,
          0,
          0,
          0,
          697,
          697,
          697,
          697,
          697,
          697,
          697,
          697,
          697,
          697,
          697,
          697,
          697,
          697,
          697,
          697,
          697,
          697,
          697,
          697,
          697,
          697,
          697,
          697,
          697,
          0,
          0,
          0,
          169,
          169,
          169,
          169,
          169,
          169,
          169,
          169,
          169,
          169,
          169,
          169,
          169,
          169,
          169,
          169,
          169,
          169,
          169,
          169,
          169,
          169,
          169,
          169,
          169,
          0,
          0,
          0,
          451,
          451,
          451,
          451,
          451,
          451,
          451,
          451,
          451,
          451,
          451,
          451,
          451,
          451,
          451,
          451,
          451,
          451,
          451,
          451,
          451,
          451,
          451,
          451,
          451,
          0,
          0,
          0,
          491,
          491,
          491,
          491,
          491,
          491,
          491,
          491,
          491,
          491,
          491,
          491,
          491,
          491,
          491,
          491,
          491,
          491,
          491,
          491,
          491,
          491,
          491,
          491,
          491,
          0,
          0,
          0,
          318,
          318,
          318,
          318,
          318,
          318,
          318,
          318,
          318,
          318,
          318,
          318,
          318,
          318,
          318,
          318,
          318,
          318,
          318,
          318,
          318,
          318,
          318,
          318,
          318,
          0,
          0,
          0,
          62,
          62,
          62,
          62,
          62,
          62,
          62,
          62,
          62,
          62,
          62,
          62,
          62,
          62,
          62,
          62,
          62,
          62,
          62,
          62,
          62,
          62,
          62,
          62
        ],
        "instructor_counts": [
          0,
          0,
          0,
          0,
          0,
          0,
          0,
          0,
          0,
          0,
          0,
          0,
          0,
          0,
          0,
          0,
          0,
          0,
          0,
          0,
          0,
          20,
          20,
          20,
          20,
          20,
          20,
          20,
          20,
          20,
          20,
          20,
          20,
          20,
          20,
          20,
          20,
          20,
          20,
          20,
          20,
          20,
          20,
          20,
          20,
          20,
          0,
          0,
          0,
          9,
          9,
          9,
          9,
          9,
          9,
          9,
          9,
          9,
          9,
          9,
          9,
          9,
          9,
          9,
          9,
          9,
          9,
          9,
          9,
          9,
          9,
          9,
          9,
          9,
          0,
          0,
          0,
          12,
          12,
          12,
          12,
          12,
          12,
          12,
          12,
          12,
          12,
          12,
          12,
          12,
          12,
          12,
          12,
          12,
          12,
          12,
          12,
          12,
          12,
          12,
          12,
          12,
          0,
          0,
          0,
          11,
          11,
          11,
          11,
          11,
          11,
          11,
          11,
          11,
          11,
          11,
          11,
          11,
          11,
          11,
          11,
          11,
          11,
          11,
          11,
          11,
          11,
          11,
          11,
          11,
          0,
          0,
          0,
          9,
          9,
          9,
          9,
          9,
          9,
          9,
          9,
          9,
          9,
          9,
          9,
          9,
          9,
          9,
          9,
          9,
          9,
          9,
          9,
          9,
          9,
          9,
          9,
          9,
          0,
          0,
          0,
          4,
          4,
          4,
          4,
          4,
          4,
          4,
          4,
          4,
          4,
          4,
          4,
          4,
          4,
          4,
          4,
          4,
          4,
          4,
          4,
          4,
          4,
          4,
          4
        ]
      }
    },
    {
      "type": "Feature",
      "geometry": {
        "type": "Polygon",
        "coordinates": [
          [
            [
              -89.41151495927612,
              43.07662699995393
            ],
            [
              -89.41107295927613,
              43.07662599995393
            ],
            [
              -89.41107119770065,
              43.07662590954263
            ],
            [
              -89.41106945343238,
              43.076625647148724
            ],
            [
              -89.41106774322125,
              43.076625215291955
            ],
            [
              -89.41106608349016,
              43.076624618119375
            ],
            [
              -89.41106449017725,
              43.07662386136554
            ],
            [
              -89.41106297858288,
              43.07662295229744
            ],
            [
              -89.41106156322263,
              43.07662189964472
            ],
            [
              -89.411060257688,
              43.076620713515844
            ],
            [
              -89.41105907451586,
              43.07661940530102
            ],
            [
              -89.411058025068,
              43.076617987562834
            ],
            [
              -89.41105711942211,
              43.07661647391562
            ],
            [
              -89.41105636627499,
              43.07661487889469
            ],
            [
              -89.41105577285897,
              43.07661321781678
            ],
            [
              -89.41105534487255,
              43.07661150663298
            ],
            [
              -89.41105508642562,
              43.07660976177552
            ],
            [
              -89.411055,
              43.076608
            ],
            [
              -89.411055,
              43.076426
            ],
            [
              -89.41105508667492,
              43.07642423569147
            ],
            [
              -89.41105534586495,
              43.0764224883742
            ],
            [
              -89.41105577507396,
              43.07642077487581
            ],
            [
              -89.41105637016841,
              43.076419111698215
            ],
            [
              -89.41105712541724,
              43.07641751485873
            ],
            [
              -89.41105803354698,
              43.0764159997358
            ],
            [
              -89.41105908581184,
              43.07641458092088
            ],
            [
              -89.41106027207795,
              43.076413272077936
            ],
            [
              -89.41106158092089,
              43.07641208581184
            ],
            [
              -89.4110629997358,
              43.076411033546975
            ],
            [
              -89.41106451485874,
              43.07641012541724
            ],
            [
              -89.41106611169822,
              43.07640937016841
            ],
            [
              -89.41106777487582,
              43.07640877507396
            ],
            [
              -89.41106948837421,
              43.07640834586495
            ],
            [
              -89.41107123569148,
              43.07640808667492
            ],
            [
              -89.411073,
              43.076408
            ],
            [
              -89.411515,
              43.076408
            ],
            [
              -89.41151676430852,
              43.07640808667492
            ],
            [
              -89.41151851162579,
              43.07640834586495
            ],
            [
              -89.41152022512418,
              43.07640877507396
            ],
            [
              -89.41152188830178,
              43.07640937016841
            ],
            [
              -89.41152348514126,
              43.07641012541724
            ],
            [
              -89.41152500026419,
              43.076411033546975
            ],
            [
              -89.41152641907911,
              43.07641208581184
            ],
            [
              -89.41152772792205,
              43.076413272077936
            ],
            [
              -89.41152891418815,
              43.07641458092088
            ],
            [
              -89.41152996645302,
              43.0764159997358
            ],
            [
              -89.41153087458275,
              43.07641751485873
            ],
            [
              -89.41153162983159,
              43.076419111698215
            ],
            [
              -89.41153222492603,
              43.07642077487581
            ],
            [
              -89.41153265413504,
              43.0764224883742
            ],
            [
              -89.41153291332508,
              43.07642423569147
            ],
            [
              -89.41153299999999,
              43.076426
            ],
            [
              -89.41153299999999,
              43.076609
            ],
            [
              -89.41153291307542,
              43.0766107668415
            ],
            [
              -89.41153265314124,
              43.07661251661833
            ],
            [
              -89.41153222270795,
              43.07661423243066
            ],
            [
              -89.41153162593282,
              43.076615897706674
            ],
            [
              -89.41153086857969,
              43.076617496362665
            ],
            [
              -89.41152995796325,
              43.07661901295835
            ],
            [
              -89.41152890287854,
              43.07662043284602
            ],
            [
              -89.41152771351584,
              43.076621742311985
            ],
            [
              -89.41152640136237,
              43.076622928709064
            ],
            [
              -89.41152497909127,
              43.076623980578674
            ],
            [
              -89.41152346043924,
              43.07662488776157
            ],
            [
              -89.41152186007389,
              43.07662564149591
            ],
            [
              -89.41152019345196,
              43.07662623450192
            ],
            [
              -89.4115184766702,
              43.07662666105218
            ],
            [
              -89.41151672630976,
              43.07662691702694
            ],
            [
              -89.41151495927612,
              43.07662699995393
            ]
          ]
        ]
      },
      "properties": {
        "building": "university",
        "name": "Soils Building",
        "@id": "way/38953059",
        "addr:street": "Observatory Drive",
        "addr:housenumber": "1525",
        "person_counts": [
          0,
          0,
          0,
          0,
          0,
          0,
          0,
          0,
          0,
          0,
          0,
          0,
          0,
          0,
          0,
          0,
          0,
          0,
          0,
          0,
          0,
          0,
          0,
          0,
          0,
          0,
          0,
          0,
          0,
          0,
          0,
          0,
          0,
          0,
          0,
          0,
          0,
          0,
          0,
          0,
          0,
          0,
          0,
          0,
          0,
          0,
          0,
          0,
          0,
          0,
          0,
          0,
          0,
          0,
          0,
          0,
          0,
          0,
          0,
          0,
          0,
          0,
          0,
          0,
          0,
          0,
          0,
          0,
          0,
          0,
          0,
          0,
          0,
          0,
          0,
          0,
          0,
          0,
          0,
          0,
          0,
          0,
          0,
          0,
          0,
          0,
          0,
          0,
          0,
          0,
          0,
          0,
          0,
          0,
          0,
          0,
          0,
          0,
          0,
          0,
          0,
          0,
          0,
          0,
          0,
          0,
          0,
          0,
          0,
          0,
          0,
          0,
          0,
          0,
          0,
          0,
          0,
          0,
          0,
          0,
          0,
          0,
          0,
          0,
          0,
          0,
          0,
          0,
          0,
          0,
          0,
          0,
          0,
          64,
          64,
          64,
          64,
          64,
          64,
          64,
          64,
          64,
          64,
          64,
          64,
          64,
          64,
          64,
          64,
          64,
          64,
          64,
          64,
          64,
          64,
          64,
          64,
          64,
          0,
          0,
          0,
          0,
          0,
          0,
          0,
          0,
          0,
          0,
          0,
          0,
          0,
          0,
          0,
          0,
          0,
          0,
          0,
          0,
          0,
          0,
          0,
          0,
          0,
          0,
          0
        ],
        "instructor_counts": [
          0,
          0,
          0,
          0,
          0,
          0,
          0,
          0,
          0,
          0,
          0,
          0,
          0,
          0,
          0,
          0,
          0,
          0,
          0,
          0,
          0,
          0,
          0,
          0,
          0,
          0,
          0,
          0,
          0,
          0,
          0,
          0,
          0,
          0,
          0,
          0,
          0,
          0,
          0,
          0,
          0,
          0,
          0,
          0,
          0,
          0,
          0,
          0,
          0,
          0,
          0,
          0,
          0,
          0,
          0,
          0,
          0,
          0,
          0,
          0,
          0,
          0,
          0,
          0,
          0,
          0,
          0,
          0,
          0,
          0,
          0,
          0,
          0,
          0,
          0,
          0,
          0,
          0,
          0,
          0,
          0,
          0,
          0,
          0,
          0,
          0,
          0,
          0,
          0,
          0,
          0,
          0,
          0,
          0,
          0,
          0,
          0,
          0,
          0,
          0,
          0,
          0,
          0,
          0,
          0,
          0,
          0,
          0,
          0,
          0,
          0,
          0,
          0,
          0,
          0,
          0,
          0,
          0,
          0,
          0,
          0,
          0,
          0,
          0,
          0,
          0,
          0,
          0,
          0,
          0,
          0,
          0,
          0,
          2,
          2,
          2,
          2,
          2,
          2,
          2,
          2,
          2,
          2,
          2,
          2,
          2,
          2,
          2,
          2,
          2,
          2,
          2,
          2,
          2,
          2,
          2,
          2,
          2,
          0,
          0,
          0,
          0,
          0,
          0,
          0,
          0,
          0,
          0,
          0,
          0,
          0,
          0,
          0,
          0,
          0,
          0,
          0,
          0,
          0,
          0,
          0,
          0,
          0,
          0,
          0
        ]
      }
    },
    {
      "type": "Feature",
      "geometry": {
        "type": "Polygon",
        "coordinates": [
          [
            [
              -89.40188448660119,
              43.07650807458382
            ],
            [
              -89.40188480161028,
              43.076508090388046
            ],
            [
              -89.40188658512679,
              43.076508360644404
            ],
            [
              -89.40188833263745,
              43.07650880805486
            ],
            [
              -89.40189002659181,
              43.076509428126016
            ],
            [
              -89.4018916499773,
              43.076510214630424
            ],
            [
              -89.40189318649006,
              43.07651115966914
            ],
            [
              -89.40189462069871,
              43.07651225375101
            ],
            [
              -89.40189593819935,
              43.076513485888064
            ],
            [
              -89.40189712576014,
              43.076514843705795
            ],
            [
              -89.40189817145428,
              43.07651631356749
            ],
            [
              -89.40189906477976,
              43.076517880711144
            ],
            [
              -89.40189979676477,
              43.07651952939776
            ],
            [
              -89.40190036005792,
              43.07652124306939
            ],
            [
              -89.401900749002,
              43.07652300451542
            ],
            [
              -89.40190095969079,
              43.076524796045454
            ],
            [
              -89.40190099000833,
              43.07652659966694
            ],
            [
              -89.40189999000833,
              43.07655659966694
            ],
            [
              -89.40189984948026,
              43.076558322940954
            ],
            [
              -89.401899544262,
              43.07656002478211
            ],
            [
              -89.40189907716969,
              43.076561689488166
            ],
            [
              -89.401898452513,
              43.076563301699544
            ],
            [
              -89.40189767605538,
              43.07656484654098
            ],
            [
              -89.40189675496094,
              43.076566309758846
            ],
            [
              -89.40189569772824,
              43.07656767785259
            ],
            [
              -89.40189451411193,
              43.07656893819935
            ],
            [
              -89.40189321503281,
              43.076570079170395
            ],
            [
              -89.40189181247696,
              43.076571090238424
            ],
            [
              -89.40189031938522,
              43.07657196207472
            ],
            [
              -89.40188874953375,
              43.076572686635195
            ],
            [
              -89.40188711740697,
              43.07657325723459
            ],
            [
              -89.40188543806389,
              43.076573668608226
            ],
            [
              -89.40188372699912,
              43.07657391696051
            ],
            [
              -89.40188242415526,
              43.07657397960529
            ],
            [
              -89.40187655670209,
              43.07675419423872
            ],
            [
              -89.40187684476345,
              43.076754226218156
            ],
            [
              -89.40187854036267,
              43.07675458204642
            ],
            [
              -89.40188019389808,
              43.07675509924183
            ],
            [
              -89.40188179005067,
              43.076755773012884
            ],
            [
              -89.40188331403297,
              43.07675659711748
            ],
            [
              -89.40188475172621,
              43.07675756392077
            ],
            [
              -89.40188608981101,
              43.07675866446589
            ],
            [
              -89.40188731589078,
              43.076759888556936
            ],
            [
              -89.4018884186066,
              43.07676122485341
            ],
            [
              -89.40188938774247,
              43.07676266097532
            ],
            [
              -89.4018902143199,
              43.07676418361783
            ],
            [
              -89.40189089068116,
              43.07676577867455
            ],
            [
              -89.40189141056013,
              43.076767431368204
            ],
            [
              -89.40189176914043,
              43.07676912638757
            ],
            [
              -89.40189196310006,
              43.07677084802926
            ],
            [
              -89.40189199064207,
              43.076772580343295
            ],
            [
              -89.40189099064206,
              43.076803580343295
            ],
            [
              -89.40189085181035,
              43.076805304965696
            ],
            [
              -89.40189054803693,
              43.07680700829138
            ],
            [
              -89.40189008212849,
              43.07680867458247
            ],
            [
              -89.40188945838979,
              43.07681028844328
            ],
            [
              -89.40188868258386,
              43.07681183496255
            ],
            [
              -89.40188776187877,
              43.07681329985122
            ],
            [
              -89.40188670478135,
              43.07681466957445
            ],
            [
              -89.40188552105867,
              43.0768159314767
            ],
            [
              -89.40188422164772,
              43.076817073898624
            ],
            [
              -89.4018828185544,
              43.07681808628482
            ],
            [
              -89.40188132474258,
              43.07681895928134
            ],
            [
              -89.40187975401433,
              43.076819684822155
            ],
            [
              -89.4018781208824,
              43.07682025620362
            ],
            [
              -89.4018764404361,
              43.07682066814646
            ],
            [
              -89.4018747282019,
              43.07682091684453
            ],
            [
              -89.40187439231886,
              43.07682093300613
            ],
            [
              -89.401870989308,
              43.076919620320965
            ],
            [
              -89.40187084696962,
              43.07692134215188
            ],
            [
              -89.40187054020988,
              43.07692304240491
            ],
            [
              -89.4018700718549,
              43.076924705415884
            ],
            [
              -89.40186944621955,
              43.07692631586375
            ],
            [
              -89.40186866906774,
              43.07692785891169
            ],
            [
              -89.40186774755922,
              43.07692932034385
            ],
            [
              -89.40186669018371,
              43.07693068669628
            ],
            [
              -89.40186550668267,
              43.07693194538098
            ],
            [
              -89.40186420795949,
              43.07693308480189
            ],
            [
              -89.4018628059791,
              43.07693409446169
            ],
            [
              -89.40186131365776,
              43.076934965058555
            ],
            [
              -89.40185974474397,
              43.0769356885718
            ],
            [
              -89.4018581136919,
              43.07693625833581
            ],
            [
              -89.40185643552817,
              43.07693666910145
            ],
            [
              -89.40185472571345,
              43.07693691708439
            ],
            [
              -89.401853,
              43.076936999999994
            ],
            [
              -89.40181744628693,
              43.076936999999994
            ],
            [
              -89.40181699121737,
              43.076951562225545
            ],
            [
              -89.4018168520826,
              43.07695330285622
            ],
            [
              -89.40181654494245,
              43.07695502181478
            ],
            [
              -89.40181607268742,
              43.07695670292418
            ],
            [
              -89.40181543976186,
              43.07695833036354
            ],
            [
              -89.40181465212224,
              43.076959888817086
            ],
            [
              -89.401813717181,
              43.07696136361825
            ],
            [
              -89.40181264373683,
              43.076962740887744
            ],
            [
              -89.40181144189191,
              43.07696400766412
            ],
            [
              -89.40181012295672,
              43.07696515202578
            ],
            [
              -89.40180869934375,
              43.07696616320318
            ],
            [
              -89.40180718445058,
              43.07696703168016
            ],
            [
              -89.40180559253379,
              43.07696774928352
            ],
            [
              -89.40180393857487,
              43.0769683092599
            ],
            [
              -89.4018022381392,
              43.076968706339386
            ],
            [
              -89.4018005072295,
              43.076968936785086
            ],
            [
              -89.4017987621353,
              43.07696899842828
            ],
            [
              -89.4008907621353,
              43.07695699842828
            ],
            [
              -89.40088901390173,
              43.07695689009262
            ],
            [
              -89.40088728447516,
              43.076956612350074
            ],
            [
              -89.40088559023204,
              43.076956167830694
            ],
            [
              -89.4008839472157,
              43.076955560743755
            ],
            [
              -89.40088237098439,
              43.07695479683797
            ],
            [
              -89.40088087646392,
              43.07695388334698
            ],
            [
              -89.40087947780637,
              43.07695282892093
            ],
            [
              -89.40087818825609,
              43.07695164354451
            ],
            [
              -89.4008770200242,
              43.076950338442416
            ],
            [
              -89.40087598417307,
              43.07694892597307
            ],
            [
              -89.40087509051149,
              43.07694741951158
            ],
            [
              -89.40087434750183,
              43.076945833323116
            ],
            [
              -89.40087376217988,
              43.076944182427766
            ],
            [
              -89.40087334008824,
              43.0769424824584
            ],
            [
              -89.40087308522381,
              43.07694074951254
            ],
            [
              -89.400873,
              43.076939
            ],
            [
              -89.400873,
              43.076918
            ],
            [
              -89.40082,
              43.076918
            ],
            [
              -89.40081939018077,
              43.07691798966705
            ],
            [
              -89.40076039018078,
              43.07691598966705
            ],
            [
              -89.4007586568905,
              43.07691584684392
            ],
            [
              -89.40075694547426,
              43.07691553741204
            ],
            [
              -89.40075527190893,
              43.0769150642601
            ],
            [
              -89.40075365181806,
              43.0769144318052
            ],
            [
              -89.40075210032596,
              43.07691364595161
            ],
            [
              -89.40075063191652,
              43.07691271403564
            ],
            [
              -89.40074926029807,
              43.076911644757175
            ],
            [
              -89.40074799827529,
              43.07691044809843
            ],
            [
              -89.40074685762978,
              43.076909135230785
            ],
            [
              -89.40074584901001,
              43.076907718410475
            ],
            [
              -89.4007449818319,
              43.0769062108642
            ],
            [
              -89.400744264191,
              43.07690462666561
            ],
            [
              -89.40074370278681,
              43.07690298060396
            ],
            [
              -89.4007433028603,
              43.076901288046
            ],
            [
              -89.40074306814499,
              43.07689956479258
            ],
            [
              -89.40074300083205,
              43.07689782693108
            ],
            [
              -89.400744,
              43.07679391346382
            ],
            [
              -89.400744,
              43.07675
            ],
            [
              -89.40074400935794,
              43.07674941965671
            ],
            [
              -89.40074500935793,
              43.07671841965671
            ],
            [
              -89.40074502710927,
              43.07671801247853
            ],
            [
              -89.40075001148625,
              43.07662729681744
            ],
            [
              -89.40075100486553,
              43.076584581508506
            ],
            [
              -89.40075100720465,
              43.076584490769946
            ],
            [
              -89.40075400720465,
              43.076478490769944
            ],
            [
              -89.40075414463567,
              43.076476722728714
            ],
            [
              -89.4007544553771,
              43.076474976791474
            ],
            [
              -89.40075493641274,
              43.0764732699049
            ],
            [
              -89.40075558307353,
              43.07647161863663
            ],
            [
              -89.40075638908273,
              43.076470039014445
            ],
            [
              -89.40075734661696,
              43.07646854637072
            ],
            [
              -89.40075844638201,
              43.07646715519356
            ],
            [
              -89.40075967770323,
              43.076465878986234
            ],
            [
              -89.40076102862895,
              43.076464730136045
            ],
            [
              -89.40076248604663,
              43.076463719794134
            ],
            [
              -89.40076403581007,
              43.07646285776723
            ],
            [
              -89.40076566287671,
              43.07646215242248
            ],
            [
              -89.40076735145368,
              43.07646161060619
            ],
            [
              -89.40076908515107,
              43.076461237577426
            ],
            [
              -89.40077084714099,
              43.076461036956935
            ],
            [
              -89.40077262032096,
              43.07646101069201
            ],
            [
              -89.4008303102528,
              43.076463000000004
            ],
            [
              -89.40088647991355,
              43.076463000000004
            ],
            [
              -89.40088651645746,
              43.076461647875355
            ],
            [
              -89.40085265391014,
              43.076460996672516
            ],
            [
              -89.40085090038203,
              43.07646087712517
            ],
            [
              -89.40084916687256,
              43.07646058712978
            ],
            [
              -89.40084746990975,
              43.0764601294513
            ],
            [
              -89.40084582567314,
              43.07645950845341
            ],
            [
              -89.4008442498396,
              43.076458730056984
            ],
            [
              -89.40084275743375,
              43.076457801683574
            ],
            [
              -89.40084136268484,
              43.076456732184674
            ],
            [
              -89.40084007889101,
              43.076455531757354
            ],
            [
              -89.40083891829245,
              43.07645421184698
            ],
            [
              -89.40083789195484,
              43.076452785038136
            ],
            [
              -89.40083700966368,
              43.07645126493462
            ],
            [
              -89.40083627983111,
              43.07644966602974
            ],
            [
              -89.40083570941567,
              43.07644800356812
            ],
            [
              -89.40083530385596,
              43.07644629340038
            ],
            [
              -89.40083506701872,
              43.076444551831976
            ],
            [
              -89.40083500116208,
              43.07644279546775
            ],
            [
              -89.40083600116208,
              43.07635479546775
            ],
            [
              -89.40083610469091,
              43.07635306146629
            ],
            [
              -89.40083637488249,
              43.0763513455188
            ],
            [
              -89.40083680922044,
              43.07634966360625
            ],
            [
              -89.4008374036597,
              43.07634803139264
            ],
            [
              -89.40083815266411,
              43.07634646407912
            ],
            [
              -89.40083904925805,
              43.076344976262405
            ],
            [
              -89.40084008509136,
              43.07634358179884
            ],
            [
              -89.4008412505171,
              43.07634229367535
            ],
            [
              -89.40084253468143,
              43.076341123888504
            ],
            [
              -89.40084392562464,
              43.07634008333277
            ],
            [
              -89.40084541039262,
              43.07633918169905
            ],
            [
              -89.40084697515738,
              43.07633842738445
            ],
            [
              -89.40084860534596,
              43.07633782741406
            ],
            [
              -89.40085028577607,
              43.07633738737553
            ],
            [
              -89.40085200079753,
              43.07633711136703
            ],
            [
              -89.40085373443797,
              43.07633700195908
            ],
            [
              -89.40085547055165,
              43.07633706017063
            ],
            [
              -89.40085719296978,
              43.07633728545953
            ],
            [
              -89.4008588856511,
              43.07633767572763
            ],
            [
              -89.40086053283136,
              43.07633822734027
            ],
            [
              -89.40086211916999,
              43.07633893516017
            ],
            [
              -89.40086362989311,
              43.07633979259527
            ],
            [
              -89.40086505093103,
              43.07634079166009
            ],
            [
              -89.4008740435814,
              43.0763477859437
            ],
            [
              -89.40114203623193,
              43.07655578023963
            ],
            [
              -89.40114343464892,
              43.076556985411784
            ],
            [
              -89.40114470227144,
              43.07655832747852
            ],
            [
              -89.40114582576594,
              43.07655979232325
            ],
            [
              -89.4011467933149,
              43.07656136453794
            ],
            [
              -89.40114759474108,
              43.07656302758515
            ],
            [
              -89.40114822161466,
              43.076564763972065
            ],
            [
              -89.40114866734184,
              43.07656655543439
            ],
            [
              -89.40114892723423,
              43.076568383128546
            ],
            [
              -89.4011489985581,
              43.07657022782985
            ],
            [
              -89.40114823234654,
              43.0766307585426
            ],
            [
              -89.40128176317839,
              43.07662900155797
            ],
            [
              -89.40128257114084,
              43.076629009063446
            ],
            [
              -89.40138988906197,
              43.07663241598157
            ],
            [
              -89.40138900031887,
              43.07648310714096
            ],
            [
              -89.40138900000001,
              43.076483
            ],
            [
              -89.40138900000001,
              43.076408
            ],
            [
              -89.40138908855377,
              43.076406216718304
            ],
            [
              -89.40138935334375,
              43.076404450982864
            ],
            [
              -89.40138979176457,
              43.076402720167295
            ],
            [
              -89.40139039950252,
              43.076401041301615
            ],
            [
              -89.40139117057785,
              43.07639943090471
            ],
            [
              -89.40139209740371,
              43.076397904821754
            ],
            [
              -89.4013931708608,
              43.076396478068354
            ],
            [
              -89.40139438038703,
              43.07639516468277
            ],
            [
              -89.4013957140815,
              43.07639397758781
            ],
            [
              -89.40139715882158,
              43.076392928463676
            ],
            [
              -89.40139870039204,
              43.076392027633
            ],
            [
              -89.40140032362488,
              43.076391283959346
            ],
            [
              -89.40140201254863,
              43.07639070475994
            ],
            [
              -89.40140375054544,
              43.07639029573371
            ],
            [
              -89.40140552051463,
              43.076390060905176
            ],
            [
              -89.40140730504093,
              43.07639000258491
            ],
            [
              -89.401448,
              43.07639069232997
            ],
            [
              -89.401448,
              43.076377
            ],
            [
              -89.40144808667492,
              43.07637523569147
            ],
            [
              -89.40144834586495,
              43.0763734883742
            ],
            [
              -89.40144877507396,
              43.07637177487581
            ],
            [
              -89.40144937016841,
              43.07637011169822
            ],
            [
              -89.40145012541724,
              43.076368514858736
            ],
            [
              -89.40145103354698,
              43.076366999735804
            ],
            [
              -89.40145208581184,
              43.076365580920886
            ],
            [
              -89.40145327207794,
              43.07636427207794
            ],
            [
              -89.40145458092088,
              43.07636308581184
            ],
            [
              -89.4014559997358,
              43.07636203354698
            ],
            [
              -89.40145751485873,
              43.07636112541724
            ],
            [
              -89.40145911169822,
              43.076360370168416
            ],
            [
              -89.40146077487582,
              43.07635977507396
            ],
            [
              -89.40146248837421,
              43.07635934586495
            ],
            [
              -89.40146423569148,
              43.07635908667492
            ],
            [
              -89.401466,
              43.076359000000004
            ],
            [
              -89.401477,
              43.076359000000004
            ],
            [
              -89.401477320424,
              43.076359002852215
            ],
            [
              -89.401814320424,
              43.076365002852214
            ],
            [
              -89.40181614026199,
              43.076365127695205
            ],
            [
              -89.40181793812005,
              43.07636543608214
            ],
            [
              -89.40181969553463,
              43.076365924845966
            ],
            [
              -89.40182139445754,
              43.0763665889672
            ],
            [
              -89.4018230174413,
              43.076367421625484
            ],
            [
              -89.40182454781826,
              43.076368414269645
            ],
            [
              -89.40182596987187,
              43.07636955670548
            ],
            [
              -89.40182726899799,
              43.07637083720047
            ],
            [
              -89.40182843185494,
              43.07637224260426
            ],
            [
              -89.40182944650047,
              43.07637375848371
            ],
            [
              -89.40183030251444,
              43.07637536927115
            ],
            [
              -89.40183099110583,
              43.07637705842419
            ],
            [
              -89.40183150520294,
              43.076378808595685
            ],
            [
              -89.40183183952615,
              43.07638060181181
            ],
            [
              -89.40183199064207,
              43.07638241965671
            ],
            [
              -89.40183242871765,
              43.076396
            ],
            [
              -89.401869,
              43.076396
            ],
            [
              -89.4018707942877,
              43.076396089652945
            ],
            [
              -89.40187257070171,
              43.07639635771871
            ],
            [
              -89.4018743115464,
              43.07639680152696
            ],
            [
              -89.40187599948045,
              43.07639741665675
            ],
            [
              -89.40187761768959,
              43.07639819698048
            ],
            [
              -89.40187915005417,
              43.076399134725015
            ],
            [
              -89.4018805813096,
              43.07640022054907
            ],
            [
              -89.40188189719854,
              43.07640144363627
            ],
            [
              -89.40188308461282,
              43.07640279180292
            ],
            [
              -89.4018841317241,
              43.07640425161933
            ],
            [
              -89.40188502810166,
              43.076405808543626
            ],
            [
              -89.40188576481626,
              43.076407447066615
            ],
            [
              -89.40188633452918,
              43.07640915086625
            ],
            [
              -89.40188673156527,
              43.076410902970224
            ],
            [
              -89.40188695196946,
              43.07641268592507
            ],
            [
              -89.40188699354621,
              43.07641448196999
            ],
            [
              -89.40188448660119,
              43.07650807458382
            ]
          ]
        ]
      },
      "properties": {
        "building": "university",
        "name": "Helen C. White Hall",
        "@id": "way/37749300",
        "addr:street": "North Park Street",
        "addr:housenumber": "600",
        "person_counts": [
          0,
          0,
          0,
          0,
          0,
          0,
          0,
          0,
          0,
          0,
          0,
          0,
          0,
          0,
          0,
          0,
          0,
          0,
          0,
          0,
          0,
          59,
          59,
          59,
          59,
          59,
          59,
          59,
          59,
          59,
          59,
          59,
          59,
          59,
          59,
          59,
          59,
          59,
          59,
          59,
          59,
          59,
          59,
          59,
          59,
          59,
          0,
          0,
          0,
          74,
          74,
          74,
          74,
          74,
          74,
          74,
          74,
          74,
          74,
          74,
          74,
          74,
          74,
          74,
          74,
          74,
          74,
          74,
          74,
          74,
          74,
          74,
          74,
          74,
          0,
          0,
          0,
          18,
          18,
          18,
          18,
          18,
          18,
          18,
          18,
          18,
          18,
          18,
          18,
          18,
          18,
          18,
          18,
          18,
          18,
          18,
          18,
          18,
          18,
          18,
          18,
          18,
          0,
          0,
          0,
          0,
          0,
          0,
          0,
          0,
          0,
          0,
          0,
          0,
          0,
          0,
          0,
          0,
          0,
          0,
          0,
          0,
          0,
          0,
          0,
          0,
          0,
          0,
          0,
          0,
          0,
          0,
          0,
          18,
          18,
          18,
          18,
          18,
          18,
          18,
          18,
          18,
          18,
          18,
          18,
          18,
          18,
          18,
          18,
          18,
          18,
          18,
          18,
          18,
          18,
          18,
          18,
          18,
          0,
          0,
          0,
          12,
          12,
          12,
          12,
          12,
          12,
          12,
          12,
          12,
          12,
          12,
          12,
          12,
          12,
          12,
          12,
          12,
          12,
          12,
          12,
          12,
          12,
          12,
          12
        ],
        "instructor_counts": [
          0,
          0,
          0,
          0,
          0,
          0,
          0,
          0,
          0,
          0,
          0,
          0,
          0,
          0,
          0,
          0,
          0,
          0,
          0,
          0,
          0,
          4,
          4,
          4,
          4,
          4,
          4,
          4,
          4,
          4,
          4,
          4,
          4,
          4,
          4,
          4,
          4,
          4,
          4,
          4,
          4,
          4,
          4,
          4,
          4,
          4,
          0,
          0,
          0,
          9,
          9,
          9,
          9,
          9,
          9,
          9,
          9,
          9,
          9,
          9,
          9,
          9,
          9,
          9,
          9,
          9,
          9,
          9,
          9,
          9,
          9,
          9,
          9,
          9,
          0,
          0,
          0,
          3,
          3,
          3,
          3,
          3,
          3,
          3,
          3,
          3,
          3,
          3,
          3,
          3,
          3,
          3,
          3,
          3,
          3,
          3,
          3,
          3,
          3,
          3,
          3,
          3,
          0,
          0,
          0,
          0,
          0,
          0,
          0,
          0,
          0,
          0,
          0,
          0,
          0,
          0,
          0,
          0,
          0,
          0,
          0,
          0,
          0,
          0,
          0,
          0,
          0,
          0,
          0,
          0,
          0,
          0,
          0,
          2,
          2,
          2,
          2,
          2,
          2,
          2,
          2,
          2,
          2,
          2,
          2,
          2,
          2,
          2,
          2,
          2,
          2,
          2,
          2,
          2,
          2,
          2,
          2,
          2,
          0,
          0,
          0,
          2,
          2,
          2,
          2,
          2,
          2,
          2,
          2,
          2,
          2,
          2,
          2,
          2,
          2,
          2,
          2,
          2,
          2,
          2,
          2,
          2,
          2,
          2,
          2
        ]
      }
    },
    {
      "type": "Feature",
      "geometry": {
        "type": "Polygon",
        "coordinates": [
          [
            [
              -89.43108227310312,
              43.07753443866586
            ],
            [
              -89.43108299805395,
              43.07758373532274
            ],
            [
              -89.43108293382033,
              43.07758554210517
            ],
            [
              -89.4310826886661,
              43.07758733333048
            ],
            [
              -89.43108226506439,
              43.077589090928356
            ],
            [
              -89.43108166728864,
              43.07759079716775
            ],
            [
              -89.43108090136934,
              43.0775924348357
            ],
            [
              -89.43107997503326,
              43.077593987411035
            ],
            [
              -89.4310788976255,
              43.077595439231
            ],
            [
              -89.43107768001519,
              43.0775967756493
            ],
            [
              -89.4310763344859,
              43.077597983183814
            ],
            [
              -89.43107487461162,
              43.07759904965267
            ],
            [
              -89.43107331511993,
              43.077599964297065
            ],
            [
              -89.43107167174334,
              43.07760071788985
            ],
            [
              -89.43106996106062,
              43.077601302828604
            ],
            [
              -89.43106820032955,
              43.077601713212324
            ],
            [
              -89.4310664073128,
              43.07760194490097
            ],
            [
              -89.43106460009874,
              43.0776019955572
            ],
            [
              -89.43103773138046,
              43.07760139847457
            ],
            [
              -89.43103699805395,
              43.077651264677264
            ],
            [
              -89.4310368929,
              43.07765296064528
            ],
            [
              -89.43103662829131,
              43.07765463914077
            ],
            [
              -89.431036206586,
              43.07765628520562
            ],
            [
              -89.43103563154213,
              43.077657884170726
            ],
            [
              -89.43103490828427,
              43.07765942178671
            ],
            [
              -89.43103404325785,
              43.07766088435095
            ],
            [
              -89.43103304417161,
              43.0776622588296
            ],
            [
              -89.43103191992907,
              43.07766353297384
            ],
            [
              -89.43103068054901,
              43.07766469542898
            ],
            [
              -89.43102933707635,
              43.077665735835666
            ],
            [
              -89.43102790148359,
              43.07766664492218
            ],
            [
              -89.4310263865642,
              43.0776674145871
            ],
            [
              -89.43094965706781,
              43.077701942860465
            ],
            [
              -89.43095598497177,
              43.07770853442709
            ],
            [
              -89.4309571207564,
              43.07770983737313
            ],
            [
              -89.43095812633044,
              43.077711243252196
            ],
            [
              -89.43095899242125,
              43.07771273910038
            ],
            [
              -89.43095971104245,
              43.077714311124126
            ],
            [
              -89.43096027556744,
              43.07771594482747
            ],
            [
              -89.43096068079066,
              43.07771762514567
            ],
            [
              -89.43096092297542,
              43.07771933658414
            ],
            [
              -89.43096099988848,
              43.07772106336133
            ],
            [
              -89.43096091082063,
              43.07772278955425
            ],
            [
              -89.43096065659317,
              43.077724499245306
            ],
            [
              -89.43096023955039,
              43.077726176669046
            ],
            [
              -89.43095966353793,
              43.077727806357586
            ],
            [
              -89.43095893386733,
              43.07772937328321
            ],
            [
              -89.43095805726705,
              43.07773086299695
            ],
            [
              -89.4309570418204,
              43.07773226176184
            ],
            [
              -89.43095589689105,
              43.07773355667954
            ],
            [
              -89.43095463303663,
              43.07773473580935
            ],
            [
              -89.43095326191144,
              43.07773578827825
            ],
            [
              -89.4309517961589,
              43.07773670438119
            ],
            [
              -89.43095024929505,
              43.07773747567058
            ],
            [
              -89.43087524929506,
              43.07777047567058
            ],
            [
              -89.43087410931084,
              43.07777093151857
            ],
            [
              -89.43077710931082,
              43.077805931518576
            ],
            [
              -89.43077669209978,
              43.07780607629937
            ],
            [
              -89.43070169209979,
              43.07783107629936
            ],
            [
              -89.43070026004949,
              43.07783148862425
            ],
            [
              -89.43062226004949,
              43.07785048862425
            ],
            [
              -89.43062178444507,
              43.0778505976696
            ],
            [
              -89.43052878444507,
              43.0778705976696
            ],
            [
              -89.4305279915176,
              43.07787074967105
            ],
            [
              -89.43043899151759,
              43.077885749671054
            ],
            [
              -89.43043762964344,
              43.07788592607772
            ],
            [
              -89.43033862964343,
              43.07789492607772
            ],
            [
              -89.43033822048567,
              43.077894958574966
            ],
            [
              -89.43023522048567,
              43.07790195857496
            ],
            [
              -89.43023414515658,
              43.0779019994147
            ],
            [
              -89.43012869983869,
              43.07790284978017
            ],
            [
              -89.43012898670113,
              43.077910308203805
            ],
            [
              -89.43012897019483,
              43.07791203542156
            ],
            [
              -89.43012878821,
              43.077913753104646
            ],
            [
              -89.43012844242244,
              43.077915445435764
            ],
            [
              -89.43012793601638,
              43.077917096831094
            ],
            [
              -89.430127273655,
              43.07791869208376
            ],
            [
              -89.43012646143771,
              43.077920216503884
            ],
            [
              -89.43012550684378,
              43.07792165605384
            ],
            [
              -89.4301244186636,
              43.077922997477536
            ],
            [
              -89.43012320691767,
              43.07792422842247
            ],
            [
              -89.43012188276434,
              43.077925337553495
            ],
            [
              -89.4301204583971,
              43.07792631465717
            ],
            [
              -89.43011894693221,
              43.077927150735846
            ],
            [
              -89.43011736228802,
              43.07792783809049
            ],
            [
              -89.43011571905669,
              43.07792837039159
            ],
            [
              -89.43011403236994,
              43.07792874273746
            ],
            [
              -89.43011231775961,
              43.07792895169935
            ],
            [
              -89.4301105910147,
              43.07792899535304
            ],
            [
              -89.4300665910147,
              43.07792799535304
            ],
            [
              -89.43006483434705,
              43.077927869245855
            ],
            [
              -89.4300630984121,
              43.077927572069086
            ],
            [
              -89.43006139982863,
              43.07792710666773
            ],
            [
              -89.4300597548579,
              43.077926477497265
            ],
            [
              -89.43005817924785,
              43.07792569058099
            ],
            [
              -89.43005668808249,
              43.077924753452386
            ],
            [
              -89.4300552956373,
              43.07792367508296
            ],
            [
              -89.43005401524276,
              43.077922465796384
            ],
            [
              -89.43005285915659,
              43.07792113716965
            ],
            [
              -89.43005183844649,
              43.077919701922255
            ],
            [
              -89.43005096288412,
              43.077918173794394
            ],
            [
              -89.43005024085161,
              43.077916567415464
            ],
            [
              -89.43004967926127,
              43.07791489816398
            ],
            [
              -89.43004928348944,
              43.07791318202038
            ],
            [
              -89.43004905732498,
              43.077911435414
            ],
            [
              -89.43004837532385,
              43.07790291039985
            ],
            [
              -89.42987990270412,
              43.07790199973704
            ],
            [
              -89.42987974827636,
              43.07790199823978
            ],
            [
              -89.42959374827636,
              43.077897998239784
            ],
            [
              -89.42959193406843,
              43.077897881049374
            ],
            [
              -89.42959014093479,
              43.07789758145659
            ],
            [
              -89.42958838716702,
              43.07789710251753
            ],
            [
              -89.42958669065506,
              43.07789644911781
            ],
            [
              -89.42958506870482,
              43.07789562792266
            ],
            [
              -89.42958353786163,
              43.077894647308995
            ],
            [
              -89.42958211374142,
              43.077893517279946
            ],
            [
              -89.42958081087147,
              43.07789224936278
            ],
            [
              -89.42957964254218,
              43.077890856491386
            ],
            [
              -89.42957862067156,
              43.07788935287426
            ],
            [
              -89.42957775568357,
              43.077887753849616
            ],
            [
              -89.42957705640184,
              43.07788607572891
            ],
            [
              -89.42957652995968,
              43.07788433563044
            ],
            [
              -89.42954268255055,
              43.07774795048191
            ],
            [
              -89.42953087798925,
              43.07771155308456
            ],
            [
              -89.42953042317606,
              43.07770988011084
            ],
            [
              -89.42953013142024,
              43.07770817114196
            ],
            [
              -89.42953000542838,
              43.07770644203173
            ],
            [
              -89.42953004636927,
              43.07770470882085
            ],
            [
              -89.42953025386312,
              43.07770298758803
            ],
            [
              -89.42953062598504,
              43.07770129430088
            ],
            [
              -89.42953115928292,
              43.077699644667746
            ],
            [
              -89.42953184880942,
              43.07769805399201
            ],
            [
              -89.42953268816794,
              43.077696537030114
            ],
            [
              -89.42953366957187,
              43.07769510785467
            ],
            [
              -89.42953478391689,
              43.07769377972392
            ],
            [
              -89.4295360208654,
              43.07769256495872
            ],
            [
              -89.42953736894242,
              43.077691474828235
            ],
            [
              -89.42953881564205,
              43.07769051944545
            ],
            [
              -89.42954034754351,
              43.07768970767329
            ],
            [
              -89.42960634754351,
              43.07765870767329
            ],
            [
              -89.42960699850333,
              43.07765841750789
            ],
            [
              -89.42965199850333,
              43.07763941750789
            ],
            [
              -89.42965386142144,
              43.07763874905769
            ],
            [
              -89.42970086142144,
              43.07762474905769
            ],
            [
              -89.42970181905572,
              43.07762449229584
            ],
            [
              -89.42976881905572,
              43.077608492295845
            ],
            [
              -89.42977059858377,
              43.07760816090809
            ],
            [
              -89.42982259858377,
              43.07760116090809
            ],
            [
              -89.42982382857552,
              43.07760103815809
            ],
            [
              -89.42986982857553,
              43.077598038158094
            ],
            [
              -89.42987032123783,
              43.07759801280228
            ],
            [
              -89.42990555006875,
              43.07759668341243
            ],
            [
              -89.42990545562228,
              43.077593
            ],
            [
              -89.429886,
              43.077593
            ],
            [
              -89.4298842510279,
              43.07759291482896
            ],
            [
              -89.42988251860713,
              43.07759266012185
            ],
            [
              -89.42988081913232,
              43.07759223828908
            ],
            [
              -89.42987916868641,
              43.077591653322635
            ],
            [
              -89.42987758288828,
              43.077590910758325
            ],
            [
              -89.42987607674505,
              43.07759001762336
            ],
            [
              -89.42987466451004,
              43.07758898236988
            ],
            [
              -89.42987335954787,
              43.07758781479497
            ],
            [
              -89.42987217420796,
              43.077586525947886
            ],
            [
              -89.42987111970774,
              43.07758512802559
            ],
            [
              -89.4298702060264,
              43.07758363425724
            ],
            [
              -89.42986944181052,
              43.07758205877903
            ],
            [
              -89.42986883429224,
              43.07758041650043
            ],
            [
              -89.42986838922074,
              43.077578722963054
            ],
            [
              -89.42986811080796,
              43.07757699419361
            ],
            [
              -89.42986800168863,
              43.077575246552215
            ],
            [
              -89.42986723948816,
              43.077519605918006
            ],
            [
              -89.4294835961117,
              43.07751099546815
            ],
            [
              -89.4294818743507,
              43.07751087404864
            ],
            [
              -89.4294801721352,
              43.07751058827595
            ],
            [
              -89.42947850511719,
              43.077510140777775
            ],
            [
              -89.42947688862505,
              43.0775095356689
            ],
            [
              -89.4294753375225,
              43.07750877851335
            ],
            [
              -89.42947386607207,
              43.07750787627321
            ],
            [
              -89.42947248780385,
              43.07750683724465
            ],
            [
              -89.4294712153911,
              43.07750567098162
            ],
            [
              -89.42947006053377,
              43.07750438820799
            ],
            [
              -89.42946903385085,
              43.077503000718956
            ],
            [
              -89.42946814478277,
              43.07750152127258
            ],
            [
              -89.42946740150457,
              43.077499963472484
            ],
            [
              -89.42946681085073,
              43.07749834164275
            ],
            [
              -89.42946637825239,
              43.07749667069622
            ],
            [
              -89.42946610768729,
              43.077494965997374
            ],
            [
              -89.4294660016433,
              43.077493243221035
            ],
            [
              -89.42946524159979,
              43.077436999999996
            ],
            [
              -89.429429,
              43.077436999999996
            ],
            [
              -89.42942722152085,
              43.07743691192373
            ],
            [
              -89.42942546044634,
              43.077436648556876
            ],
            [
              -89.4294237340108,
              43.077436212476805
            ],
            [
              -89.42942205910956,
              43.0774356079511
            ],
            [
              -89.4294204521336,
              43.07743484089581
            ],
            [
              -89.42941892880923,
              43.077433918817526
            ],
            [
              -89.42941750404405,
              43.077432850739946
            ],
            [
              -89.4294161917812,
              43.07743164711553
            ],
            [
              -89.4294150048628,
              43.07743031972327
            ],
            [
              -89.42941395490433,
              43.077428881553345
            ],
            [
              -89.42941305218096,
              43.077427346680054
            ],
            [
              -89.42941230552695,
              43.07742573012405
            ],
            [
              -89.42941172224926,
              43.07742404770536
            ],
            [
              -89.42941130805599,
              43.077422315888555
            ],
            [
              -89.42941106700052,
              43.07742055162163
            ],
            [
              -89.4294110014419,
              43.07741877217015
            ],
            [
              -89.42941400144191,
              43.07718177217015
            ],
            [
              -89.42941410887173,
              43.077180023253014
            ],
            [
              -89.42941438583942,
              43.07717829306771
            ],
            [
              -89.42941482972046,
              43.077176598009615
            ],
            [
              -89.42941543630855,
              43.077174954141256
            ],
            [
              -89.42941619985564,
              43.07717337704007
            ],
            [
              -89.42941711312628,
              43.077171881650806
            ],
            [
              -89.42941816746622,
              43.0771704821439
            ],
            [
              -89.42941935288447,
              43.07716919178121
            ],
            [
              -89.42942065814789,
              43.07716802279031
            ],
            [
              -89.4294220708877,
              43.07716698624868
            ],
            [
              -89.42942357771663,
              43.07716609197867
            ],
            [
              -89.42942516435586,
              43.07716534845445
            ],
            [
              -89.42942681577026,
              43.077164762721736
            ],
            [
              -89.42942851631086,
              43.07716434033098
            ],
            [
              -89.4294302498632,
              43.077164085284785
            ],
            [
              -89.429432,
              43.077164
            ],
            [
              -89.429495,
              43.077164
            ],
            [
              -89.42949676430852,
              43.07716408667492
            ],
            [
              -89.4294985116258,
              43.07716434586495
            ],
            [
              -89.42950022512419,
              43.07716477507396
            ],
            [
              -89.42950188830179,
              43.077165370168416
            ],
            [
              -89.42950348514127,
              43.07716612541724
            ],
            [
              -89.4295050002642,
              43.07716703354698
            ],
            [
              -89.42950641907912,
              43.07716808581184
            ],
            [
              -89.42950772792206,
              43.07716927207794
            ],
            [
              -89.42950891418816,
              43.077170580920885
            ],
            [
              -89.42950996645303,
              43.0771719997358
            ],
            [
              -89.42951087458276,
              43.077173514858735
            ],
            [
              -89.4295116298316,
              43.07717511169822
            ],
            [
              -89.42951222492604,
              43.07717677487581
            ],
            [
              -89.42951265413505,
              43.0771784883742
            ],
            [
              -89.42951291332508,
              43.07718023569147
            ],
            [
              -89.429513,
              43.077182
            ],
            [
              -89.429513,
              43.07719122399128
            ],
            [
              -89.4300385508132,
              43.07719780512847
            ],
            [
              -89.43003903354698,
              43.077196999735804
            ],
            [
              -89.43004008581184,
              43.077195580920886
            ],
            [
              -89.43004127207794,
              43.07719427207794
            ],
            [
              -89.43004258092088,
              43.07719308581184
            ],
            [
              -89.4300439997358,
              43.07719203354698
            ],
            [
              -89.43004551485873,
              43.077191125417244
            ],
            [
              -89.43004711169822,
              43.07719037016842
            ],
            [
              -89.43004877487581,
              43.07718977507396
            ],
            [
              -89.4300504883742,
              43.07718934586495
            ],
            [
              -89.43005223569148,
              43.07718908667492
            ],
            [
              -89.430054,
              43.077189000000004
            ],
            [
              -89.430116,
              43.077189000000004
            ],
            [
              -89.43011776588266,
              43.07718908683003
            ],
            [
              -89.43011951472847,
              43.0771893464824
            ],
            [
              -89.43012122966495,
              43.07718977645204
            ],
            [
              -89.43012289414676,
              43.07719037259069
            ],
            [
              -89.43012449211537,
              43.077191129146954
            ],
            [
              -89.4301260081539,
              43.07719203882172
            ],
            [
              -89.43012742763595,
              43.07719309283866
            ],
            [
              -89.43012873686668,
              43.07719428102885
            ],
            [
              -89.4301299232149,
              43.07719559192889
            ],
            [
              -89.43013097523502,
              43.077197012891496
            ],
            [
              -89.43013188277733,
              43.07719853020754
            ],
            [
              -89.43013217492933,
              43.07719914952956
            ],
            [
              -89.43080115742838,
              43.077205000688444
            ],
            [
              -89.43080292807481,
              43.077205103561035
            ],
            [
              -89.43080468000124,
              43.07720538019322
            ],
            [
              -89.43080639619791,
              43.077205827899135
            ],
            [
              -89.43080806000197,
              43.07720644233192
            ],
            [
              -89.43080965525925,
              43.077207217525945
            ],
            [
              -89.43081116648115,
              43.077208145954714
            ],
            [
              -89.43081257899492,
              43.07720921860396
            ],
            [
              -89.43081387908626,
              43.07721042505915
            ],
            [
              -89.43081505413232,
              43.07721175360659
            ],
            [
              -89.43081609272441,
              43.0772131913472
            ],
            [
              -89.43081698477866,
              43.0772147243217
            ],
            [
              -89.43081772163394,
              43.07721633764618
            ],
            [
              -89.43081829613601,
              43.0772180156566
            ],
            [
              -89.43081870270693,
              43.077219742060855
            ],
            [
              -89.43081893739922,
              43.07722150009701
            ],
            [
              -89.43081899793424,
              43.077223272695974
            ],
            [
              -89.43081727238572,
              43.07733715889768
            ],
            [
              -89.43102815719924,
              43.07733900068644
            ],
            [
              -89.4310299195188,
              43.077339102641325
            ],
            [
              -89.43103166337684,
              43.0773393767293
            ],
            [
              -89.43103337200127,
              43.07733982031425
            ],
            [
              -89.4310350289589,
              43.07734042912987
            ],
            [
              -89.43103661831346,
              43.0773411973207
            ],
            [
              -89.43103812477885,
              43.077342117498425
            ],
            [
              -89.43103953386623,
              43.07734318081298
            ],
            [
              -89.43104083202326,
              43.07734437703762
            ],
            [
              -89.43104200676453,
              43.0773456946673
            ],
            [
              -89.43104304679164,
              43.07734712102934
            ],
            [
              -89.43104394210182,
              43.077348642405276
            ],
            [
              -89.43104468408416,
              43.07735024416283
            ],
            [
              -89.43104526560242,
              43.07735191089663
            ],
            [
              -89.43104568106368,
              43.07735362657638
            ],
            [
              -89.43104592647214,
              43.077355374701014
            ],
            [
              -89.43104599946747,
              43.077357138457444
            ],
            [
              -89.43104513664933,
              43.07746930481556
            ],
            [
              -89.43132230504092,
              43.07747400258491
            ],
            [
              -89.43132234608984,
              43.07747400332748
            ],
            [
              -89.43136870769335,
              43.077474894896774
            ],
            [
              -89.43140901539647,
              43.0774480230947
            ],
            [
              -89.4314105034047,
              43.077447131544865
            ],
            [
              -89.43141207032191,
              43.07744638736741
            ],
            [
              -89.43141370159594,
              43.07744579747361
            ],
            [
              -89.43141538207692,
              43.07744536734188
            ],
            [
              -89.43141709615801,
              43.07744510096691
            ],
            [
              -89.43141882792033,
              43.07744500082256
            ],
            [
              -89.43142056128077,
              43.07744506783889
            ],
            [
              -89.4314222801414,
              43.077445301393496
            ],
            [
              -89.43142396853895,
              43.07744569931733
            ],
            [
              -89.43142561079303,
              43.077446257914836
            ],
            [
              -89.43142719165182,
              43.077446971998235
            ],
            [
              -89.43142869643368,
              43.07744783493575
            ],
            [
              -89.43143011116354,
              43.07744883871316
            ],
            [
              -89.43149511116353,
              43.07749983871316
            ],
            [
              -89.43149641590283,
              43.077500967526824
            ],
            [
              -89.4314976065781,
              43.0775022160689
            ],
            [
              -89.43149867225073,
              43.077503572869105
            ],
            [
              -89.43149960313042,
              43.07750502546262
            ],
            [
              -89.43150039066526,
              43.077506560504574
            ],
            [
              -89.43150102762023,
              43.07750816389264
            ],
            [
              -89.43150150814367,
              43.07750982089661
            ],
            [
              -89.43150182782104,
              43.0775115162937
            ],
            [
              -89.43150198371548,
              43.07751323450842
            ],
            [
              -89.43150197439482,
              43.07751495975567
            ],
            [
              -89.43150179994466,
              43.0775166761857
            ],
            [
              -89.43150146196768,
              43.077518368029814
            ],
            [
              -89.43150096356885,
              43.077520019745144
            ],
            [
              -89.43150030932692,
              43.077521616157505
            ],
            [
              -89.43149950525238,
              43.07752314260077
            ],
            [
              -89.43149855873217,
              43.07752458505161
            ],
            [
              -89.43149747846194,
              43.07752593025834
            ],
            [
              -89.43149627436603,
              43.07752716586263
            ],
            [
              -89.43149495750639,
              43.07752828051308
            ],
            [
              -89.43149353998092,
              43.077529263969474
            ],
            [
              -89.43147826926298,
              43.077538808168185
            ],
            [
              -89.43144895176779,
              43.0775612849145
            ],
            [
              -89.4314474798868,
              43.077562301364196
            ],
            [
              -89.43144591438889,
              43.07756316670803
            ],
            [
              -89.43144427073386,
              43.07756387240045
            ],
            [
              -89.43144256515333,
              43.077564411472515
            ],
            [
              -89.43144081449044,
              43.077564778600724
            ],
            [
              -89.43143903603357,
              43.07756497015956
            ],
            [
              -89.43143724734553,
              43.07756498425732
            ],
            [
              -89.4314354660902,
              43.07756482075479
            ],
            [
              -89.43143370985804,
              43.0775644812666
            ],
            [
              -89.4314319959924,
              43.07756396914532
            ],
            [
              -89.43143034141825,
              43.07756328944829
            ],
            [
              -89.43142876247505,
              43.077562448887754
            ],
            [
              -89.43142727475536,
              43.07756145576451
            ],
            [
              -89.43140088533475,
              43.07754187651696
            ],
            [
              -89.43135862508136,
              43.07754099609502
            ],
            [
              -89.43135857300155,
              43.07754099493463
            ],
            [
              -89.43108227310312,
              43.07753443866586
            ]
          ]
        ]
      },
      "properties": {
        "building": "university",
        "name": "Health Sciences Learning Center",
        "@id": "way/107463323",
        "addr:street": "Highland Avenue",
        "addr:housenumber": "750",
        "person_counts": [
          525,
          525,
          525,
          525,
          525,
          525,
          525,
          525,
          525,
          525,
          525,
          525,
          525,
          525,
          525,
          525,
          525,
          525,
          525,
          525,
          525,
          525,
          525,
          525,
          525,
          525,
          525,
          525,
          525,
          525,
          525,
          525,
          525,
          525,
          525,
          525,
          525,
          525,
          525,
          525,
          525,
          525,
          525,
          525,
          525,
          525,
          525,
          525,
          525,
          525,
          525,
          525,
          525,
          525,
          525,
          525,
          525,
          525,
          525,
          525,
          525,
          525,
          525,
          525,
          525,
          525,
          525,
          525,
          525,
          525,
          525,
          525,
          525,
          525,
          525,
          525,
          525,
          525,
          525,
          525,
          525,
          525,
          525,
          525,
          525,
          525,
          525,
          525,
          525,
          525,
          525,
          525,
          525,
          525,
          525,
          525,
          525,
          525,
          525,
          525,
          525,
          525,
          525,
          525,
          525,
          525,
          525,
          525,
          525,
          525,
          525,
          525,
          525,
          525,
          525,
          525,
          525,
          525,
          525,
          525,
          525,
          525,
          525,
          525,
          525,
          525,
          525,
          525,
          525,
          525,
          525,
          525,
          552,
          27,
          27,
          27,
          27,
          27,
          27,
          27,
          27,
          27,
          27,
          27,
          27,
          27,
          27,
          27,
          27,
          27,
          27,
          0,
          0,
          0,
          0,
          0,
          0,
          0,
          0,
          0,
          0,
          0,
          0,
          0,
          0,
          0,
          0,
          0,
          0,
          0,
          0,
          0,
          0,
          0,
          0,
          0,
          0,
          0,
          0,
          0,
          0,
          0,
          0,
          0,
          0
        ],
        "instructor_counts": [
          3,
          3,
          3,
          3,
          3,
          3,
          3,
          3,
          3,
          3,
          3,
          3,
          3,
          3,
          3,
          3,
          3,
          3,
          3,
          3,
          3,
          3,
          3,
          3,
          3,
          3,
          3,
          3,
          3,
          3,
          3,
          3,
          3,
          3,
          3,
          3,
          3,
          3,
          3,
          3,
          3,
          3,
          3,
          3,
          3,
          3,
          3,
          3,
          3,
          3,
          3,
          3,
          3,
          3,
          3,
          3,
          3,
          3,
          3,
          3,
          3,
          3,
          3,
          3,
          3,
          3,
          3,
          3,
          3,
          3,
          3,
          3,
          3,
          3,
          3,
          3,
          3,
          3,
          3,
          3,
          3,
          3,
          3,
          3,
          3,
          3,
          3,
          3,
          3,
          3,
          3,
          3,
          3,
          3,
          3,
          3,
          3,
          3,
          3,
          3,
          3,
          3,
          3,
          3,
          3,
          3,
          3,
          3,
          3,
          3,
          3,
          3,
          3,
          3,
          3,
          3,
          3,
          3,
          3,
          3,
          3,
          3,
          3,
          3,
          3,
          3,
          3,
          3,
          3,
          3,
          3,
          3,
          4,
          1,
          1,
          1,
          1,
          1,
          1,
          1,
          1,
          1,
          1,
          1,
          1,
          1,
          1,
          1,
          1,
          1,
          1,
          0,
          0,
          0,
          0,
          0,
          0,
          0,
          0,
          0,
          0,
          0,
          0,
          0,
          0,
          0,
          0,
          0,
          0,
          0,
          0,
          0,
          0,
          0,
          0,
          0,
          0,
          0,
          0,
          0,
          0,
          0,
          0,
          0,
          0
        ]
      }
    },
    {
      "type": "Feature",
      "geometry": {
        "type": "Polygon",
        "coordinates": [
          [
            [
              -89.40724128217647,
              43.07193606770325
            ],
            [
              -89.40604728217647,
              43.07153606770325
            ],
            [
              -89.40604567310308,
              43.07153544130717
            ],
            [
              -89.40604413145272,
              43.0715346636161
            ],
            [
              -89.40604267141187,
              43.07153374178643
            ],
            [
              -89.40604130641599,
              43.07153268430097
            ],
            [
              -89.40604004902596,
              43.07153150089083
            ],
            [
              -89.40603891081244,
              43.0715302024459
            ],
            [
              -89.40603790224942,
              43.071528800914635
            ],
            [
              -89.40603703261783,
              43.07152730919411
            ],
            [
              -89.40603630992013,
              43.07152574101133
            ],
            [
              -89.40603574080664,
              43.071524110796894
            ],
            [
              -89.40603533051447,
              43.07152243355226
            ],
            [
              -89.40603508281914,
              43.07152072471164
            ],
            [
              -89.406035,
              43.071519
            ],
            [
              -89.406035,
              43.071471
            ],
            [
              -89.40603508893957,
              43.07146921284746
            ],
            [
              -89.40603535487935,
              43.07146744335587
            ],
            [
              -89.4060357951913,
              43.07146570901166
            ],
            [
              -89.40603640552416,
              43.07146402695391
            ],
            [
              -89.40603717984654,
              43.07146241380503
            ],
            [
              -89.4060381105064,
              43.07146088550642
            ],
            [
              -89.40603918830685,
              43.07145945716099
            ],
            [
              -89.40604040259686,
              43.07145814288391
            ],
            [
              -89.4060417413766,
              43.071456955663095
            ],
            [
              -89.40604319141602,
              43.07145590723086
            ],
            [
              -89.40604473838557,
              43.07145500794801
            ],
            [
              -89.40604636699784,
              43.071454266701394
            ],
            [
              -89.40604806115859,
              43.071453690816156
            ],
            [
              -89.40604980412583,
              43.07145328598328
            ],
            [
              -89.40605157867526,
              43.07145305620342
            ],
            [
              -89.40605336727046,
              43.07145300374727
            ],
            [
              -89.40608430868244,
              43.071453635204655
            ],
            [
              -89.4060890025849,
              43.071176694959064
            ],
            [
              -89.40608911776322,
              43.071174944371755
            ],
            [
              -89.40608940281295,
              43.07117321331179
            ],
            [
              -89.40608985502628,
              43.071171518223274
            ],
            [
              -89.40609047010744,
              43.07116987520863
            ],
            [
              -89.4060912422135,
              43.07116829987559
            ],
            [
              -89.40609216400989,
              43.071166807188945
            ],
            [
              -89.40609322674001,
              43.07116541132841
            ],
            [
              -89.40609442030855,
              43.071164125553885
            ],
            [
              -89.40609573337723,
              43.071162962079526
            ],
            [
              -89.40609715347264,
              43.0711619319577
            ],
            [
              -89.40609866710466,
              43.071161044973984
            ],
            [
              -89.40610025989459,
              43.07116030955426
            ],
            [
              -89.40610191671183,
              43.07115973268459
            ],
            [
              -89.40610362181751,
              43.07115931984494
            ],
            [
              -89.40610535901406,
              43.07115907495704
            ],
            [
              -89.40610711179909,
              43.071159000347194
            ],
            [
              -89.40659011179908,
              43.071162000347194
            ],
            [
              -89.4065918970243,
              43.07116210024305
            ],
            [
              -89.406593663531,
              43.07116237676134
            ],
            [
              -89.40659539388851,
              43.071162827173595
            ],
            [
              -89.40659707102284,
              43.07116344703543
            ],
            [
              -89.40659867838521,
              43.071164230230494
            ],
            [
              -89.40660020011525,
              43.071165169030756
            ],
            [
              -89.40660162119761,
              43.07116625417278
            ],
            [
              -89.40660292761002,
              43.071167474949135
            ],
            [
              -89.4066041064617,
              43.071168819314046
            ],
            [
              -89.40660514612054,
              43.07117027400225
            ],
            [
              -89.40660603632794,
              43.07117182465988
            ],
            [
              -89.40660676829992,
              43.07117345598611
            ],
            [
              -89.4066073348139,
              43.07117515188417
            ],
            [
              -89.40660773027989,
              43.07117689562008
            ],
            [
              -89.40660795079573,
              43.071178669987866
            ],
            [
              -89.40660799418552,
              43.071180457479294
            ],
            [
              -89.40660546344347,
              43.07128
            ],
            [
              -89.406657,
              43.07128
            ],
            [
              -89.40665726467726,
              43.07128000194605
            ],
            [
              -89.40670745461627,
              43.071280740033394
            ],
            [
              -89.40671000571722,
              43.071179546362615
            ],
            [
              -89.40671013545948,
              43.07117779586933
            ],
            [
              -89.4067104350836,
              43.071176066336115
            ],
            [
              -89.4067109017403,
              43.071174374209846
            ],
            [
              -89.40671153099193,
              43.07117273558171
            ],
            [
              -89.40671231685467,
              43.071171166034155
            ],
            [
              -89.4067132518554,
              43.0711696804927
            ],
            [
              -89.40671432710278,
              43.07116829308402
            ],
            [
              -89.4067155323718,
              43.0711670170016
            ],
            [
              -89.40671685620106,
              43.071165864380276
            ],
            [
              -89.40671828600162,
              43.07116484618083
            ],
            [
              -89.4067198081769,
              43.07116397208577
            ],
            [
              -89.40672140825188,
              43.07116325040727
            ],
            [
              -89.4067230710107,
              43.07116268800807
            ],
            [
              -89.40672478064148,
              43.07116229023629
            ],
            [
              -89.40672652088656,
              43.07116206087451
            ],
            [
              -89.4067282751972,
              43.07116200210383
            ],
            [
              -89.4070552751972,
              43.071167002103834
            ],
            [
              -89.40705534388627,
              43.07116700328524
            ],
            [
              -89.40721234388627,
              43.07117000328524
            ],
            [
              -89.40721410385895,
              43.07117012337343
            ],
            [
              -89.40721584362467,
              43.071170415161376
            ],
            [
              -89.4072175464735,
              43.07117087584654
            ],
            [
              -89.4072191960501,
              43.07117150100418
            ],
            [
              -89.40722077651073,
              43.07117228462983
            ],
            [
              -89.40722227267555,
              43.07117321919701
            ],
            [
              -89.40722367017435,
              43.07117429572946
            ],
            [
              -89.40722495558452,
              43.07117550388742
            ],
            [
              -89.40722611656012,
              43.07117683206687
            ],
            [
              -89.4072271419503,
              43.071178267511044
            ],
            [
              -89.40722802190648,
              43.071179796432915
            ],
            [
              -89.40722874797694,
              43.07118140414765
            ],
            [
              -89.40722931318801,
              43.07118307521361
            ],
            [
              -89.40722971211098,
              43.0711847935807
            ],
            [
              -89.40722994091432,
              43.0711865427445
            ],
            [
              -89.40722999740044,
              43.07118830590482
            ],
            [
              -89.40722430854896,
              43.071523000000006
            ],
            [
              -89.407241,
              43.071523000000006
            ],
            [
              -89.40724273232635,
              43.07152308355378
            ],
            [
              -89.40724444857021,
              43.0715233334394
            ],
            [
              -89.4072461327984,
              43.071523747337004
            ],
            [
              -89.40724776937496,
              43.07152432140406
            ],
            [
              -89.40724934310632,
              43.071525050311074
            ],
            [
              -89.40725083938234,
              43.071525927291056
            ],
            [
              -89.40725224431198,
              43.07152694420233
            ],
            [
              -89.4072535448522,
              43.07152809160416
            ],
            [
              -89.40725472892912,
              43.07152935884434
            ],
            [
              -89.40725578555005,
              43.071530734158124
            ],
            [
              -89.4072567049056,
              43.07153220477744
            ],
            [
              -89.40725747846069,
              43.07153375704944
            ],
            [
              -89.40725809903384,
              43.07153537656318
            ],
            [
              -89.40725856086378,
              43.07153704828353
            ],
            [
              -89.40725885966302,
              43.07153875669064
            ],
            [
              -89.40725899265756,
              43.071540485924075
            ],
            [
              -89.40725999265756,
              43.07157548592407
            ],
            [
              -89.40725999808784,
              43.071575737637204
            ],
            [
              -89.40726499808784,
              43.071918737637205
            ],
            [
              -89.40726493366554,
              43.07192054390424
            ],
            [
              -89.40726468842591,
              43.071922334604764
            ],
            [
              -89.40726426484159,
              43.07192409168392
            ],
            [
              -89.40726366718339,
              43.07192579742584
            ],
            [
              -89.40726290147724,
              43.07192743463228
            ],
            [
              -89.40726197544342,
              43.071928986796
            ],
            [
              -89.40726089841874,
              43.0719304382672
            ],
            [
              -89.40725968126235,
              43.07193177441135
            ],
            [
              -89.40725833624631,
              43.07193298175666
            ],
            [
              -89.40725687693185,
              43.07193404813002
            ],
            [
              -89.4072553180326,
              43.071934962779636
            ],
            [
              -89.40725367526623,
              43.0719357164835
            ],
            [
              -89.40725196519607,
              43.07193630164235
            ],
            [
              -89.407250205064,
              43.071936712356276
            ],
            [
              -89.40724841261667,
              43.07193694448423
            ],
            [
              -89.40724660592653,
              43.07193699568577
            ],
            [
              -89.40724480320966,
              43.07193686544464
            ],
            [
              -89.40724302264209,
              43.071936555074025
            ],
            [
              -89.40724128217647,
              43.07193606770325
            ]
          ]
        ]
      },
      "properties": {
        "building": "university",
        "name": "Computer Sciences and Statistics",
        "@id": "way/153660099",
        "addr:street": "West Dayton Street",
        "addr:housenumber": "1210",
        "person_counts": [
          0,
          0,
          0,
          0,
          0,
          0,
          0,
          0,
          0,
          0,
          0,
          0,
          0,
          0,
          0,
          0,
          0,
          0,
          0,
          0,
          0,
          60,
          60,
          60,
          60,
          60,
          60,
          60,
          60,
          60,
          60,
          60,
          60,
          60,
          60,
          60,
          60,
          60,
          60,
          60,
          60,
          60,
          60,
          60,
          60,
          60,
          0,
          0,
          0,
          41,
          41,
          41,
          41,
          41,
          41,
          41,
          41,
          41,
          41,
          41,
          41,
          41,
          41,
          41,
          41,
          41,
          41,
          41,
          41,
          41,
          41,
          41,
          41,
          41,
          0,
          0,
          0,
          82,
          82,
          82,
          82,
          82,
          82,
          82,
          82,
          82,
          82,
          82,
          82,
          82,
          82,
          82,
          82,
          82,
          82,
          82,
          82,
          82,
          82,
          82,
          82,
          82,
          0,
          0,
          0,
          0,
          0,
          0,
          0,
          0,
          0,
          0,
          0,
          0,
          0,
          0,
          0,
          0,
          0,
          0,
          0,
          0,
          0,
          0,
          0,
          0,
          0,
          0,
          0,
          0,
          0,
          0,
          0,
          0,
          0,
          0,
          0,
          0,
          0,
          0,
          0,
          0,
          0,
          0,
          0,
          0,
          0,
          0,
          0,
          0,
          0,
          0,
          0,
          0,
          0,
          0,
          0,
          0,
          0,
          0,
          0,
          37,
          37,
          37,
          37,
          37,
          37,
          37,
          37,
          37,
          37,
          37,
          37,
          37,
          37,
          37,
          37,
          37,
          37,
          37,
          37,
          37,
          37,
          37,
          37
        ],
        "instructor_counts": [
          0,
          0,
          0,
          0,
          0,
          0,
          0,
          0,
          0,
          0,
          0,
          0,
          0,
          0,
          0,
          0,
          0,
          0,
          0,
          0,
          0,
          4,
          4,
          4,
          4,
          4,
          4,
          4,
          4,
          4,
          4,
          4,
          4,
          4,
          4,
          4,
          4,
          4,
          4,
          4,
          4,
          4,
          4,
          4,
          4,
          4,
          0,
          0,
          0,
          3,
          3,
          3,
          3,
          3,
          3,
          3,
          3,
          3,
          3,
          3,
          3,
          3,
          3,
          3,
          3,
          3,
          3,
          3,
          3,
          3,
          3,
          3,
          3,
          3,
          0,
          0,
          0,
          2,
          2,
          2,
          2,
          2,
          2,
          2,
          2,
          2,
          2,
          2,
          2,
          2,
          2,
          2,
          2,
          2,
          2,
          2,
          2,
          2,
          2,
          2,
          2,
          2,
          0,
          0,
          0,
          0,
          0,
          0,
          0,
          0,
          0,
          0,
          0,
          0,
          0,
          0,
          0,
          0,
          0,
          0,
          0,
          0,
          0,
          0,
          0,
          0,
          0,
          0,
          0,
          0,
          0,
          0,
          0,
          0,
          0,
          0,
          0,
          0,
          0,
          0,
          0,
          0,
          0,
          0,
          0,
          0,
          0,
          0,
          0,
          0,
          0,
          0,
          0,
          0,
          0,
          0,
          0,
          0,
          0,
          0,
          0,
          2,
          2,
          2,
          2,
          2,
          2,
          2,
          2,
          2,
          2,
          2,
          2,
          2,
          2,
          2,
          2,
          2,
          2,
          2,
          2,
          2,
          2,
          2,
          2
        ]
      }
    },
    {
      "type": "Feature",
      "geometry": {
        "type": "Polygon",
        "coordinates": [
          [
            [
              -89.40597090019288,
              43.073747622197224
            ],
            [
              -89.40597010876034,
              43.073879000000005
            ],
            [
              -89.406024,
              43.073879000000005
            ],
            [
              -89.40602577964367,
              43.07387908819193
            ],
            [
              -89.40602754184843,
              43.073879351903514
            ],
            [
              -89.40602926934625,
              43.07387978855061
            ],
            [
              -89.4060309452092,
              43.07388039385448
            ],
            [
              -89.40603255301534,
              43.073881161883676
            ],
            [
              -89.40603407700958,
              43.07388208511221
            ],
            [
              -89.40603550225818,
              43.07388315449327
            ],
            [
              -89.40603681479496,
              43.07388435954787
            ],
            [
              -89.40603800175825,
              43.07388568846757
            ],
            [
              -89.40603905151686,
              43.07388712823014
            ],
            [
              -89.4060399537841,
              43.0738886647272
            ],
            [
              -89.40604069971859,
              43.07389028290246
            ],
            [
              -89.40604128201079,
              43.073891966899254
            ],
            [
              -89.4060416949548,
              43.07389370021591
            ],
            [
              -89.4060419345041,
              43.0738954658675
            ],
            [
              -89.40604199831137,
              43.073897246552214
            ],
            [
              -89.40604099831137,
              43.073970246552214
            ],
            [
              -89.40604088919204,
              43.07397199419361
            ],
            [
              -89.40604061077926,
              43.07397372296305
            ],
            [
              -89.40604016570776,
              43.07397541650043
            ],
            [
              -89.40603955818948,
              43.07397705877903
            ],
            [
              -89.40603879397361,
              43.07397863425724
            ],
            [
              -89.40603788029226,
              43.07398012802559
            ],
            [
              -89.40603682579204,
              43.073981525947886
            ],
            [
              -89.40603564045213,
              43.07398281479497
            ],
            [
              -89.40603433548996,
              43.07398398236988
            ],
            [
              -89.40603292325495,
              43.07398501762336
            ],
            [
              -89.40603141711172,
              43.073985910758324
            ],
            [
              -89.40602983131359,
              43.073986653322635
            ],
            [
              -89.40602818086768,
              43.07398723828908
            ],
            [
              -89.40602648139287,
              43.07398766012185
            ],
            [
              -89.4060247489721,
              43.07398791482896
            ],
            [
              -89.406023,
              43.073988
            ],
            [
              -89.4059687919145,
              43.073988
            ],
            [
              -89.40596799878325,
              43.07405620928817
            ],
            [
              -89.40596789302906,
              43.074057959467105
            ],
            [
              -89.40596761749485,
              43.07405969105342
            ],
            [
              -89.40596717479508,
              43.07406138761675
            ],
            [
              -89.40596656913033,
              43.07406303305909
            ],
            [
              -89.40596580624755,
              43.074064611767454
            ],
            [
              -89.4059648933854,
              43.074066108762096
            ],
            [
              -89.40596383920573,
              43.07406750983863
            ],
            [
              -89.40596265371117,
              43.07406880170276
            ],
            [
              -89.40596134815048,
              43.0740699720965
            ],
            [
              -89.40595993491159,
              43.07407100991445
            ],
            [
              -89.40595842740417,
              43.07407190530914
            ],
            [
              -89.4059568399324,
              43.074072649784526
            ],
            [
              -89.40595518755916,
              43.07407323627657
            ],
            [
              -89.40595348596318,
              43.074073659220275
            ],
            [
              -89.40595175129025,
              43.074073914602494
            ],
            [
              -89.4059508521978,
              43.0740739584446
            ],
            [
              -89.40594999938533,
              43.07417714875525
            ],
            [
              -89.40594989847767,
              43.0741789090566
            ],
            [
              -89.40594962583064,
              43.07418065104019
            ],
            [
              -89.40594918406032,
              43.074182357991326
            ],
            [
              -89.4059485774056,
              43.0741840135315
            ],
            [
              -89.40594781168743,
              43.07418560177546
            ],
            [
              -89.40594689425302,
              43.074187107483716
            ],
            [
              -89.40594583390536,
              43.07418851620869
            ],
            [
              -89.40594464081867,
              43.074189814433396
            ],
            [
              -89.40594332644088,
              43.074190989701115
            ],
            [
              -89.40594190338366,
              43.07419203073491
            ],
            [
              -89.40594038530155,
              43.07419292754589
            ],
            [
              -89.40593878676083,
              43.074193671528946
            ],
            [
              -89.40593712309982,
              43.074194255545436
            ],
            [
              -89.40593541028167,
              43.0741946739916
            ],
            [
              -89.4059336647412,
              43.07419492285236
            ],
            [
              -89.40593190322721,
              43.07419499973986
            ],
            [
              -89.40576382847237,
              43.074194096112144
            ],
            [
              -89.40576299918372,
              43.07428117142079
            ],
            [
              -89.40576289685903,
              43.07428292417164
            ],
            [
              -89.40576262425976,
              43.07428465861551
            ],
            [
              -89.40576218397949,
              43.07428635825052
            ],
            [
              -89.40576158020713,
              43.07428800690598
            ],
            [
              -89.4057608186871,
              43.07428958889622
            ],
            [
              -89.40575990666467,
              43.074291089169854
            ],
            [
              -89.40575885281702,
              43.07429249345295
            ],
            [
              -89.40575766717068,
              43.07429378838485
            ],
            [
              -89.40575636100613,
              43.0742949616453
            ],
            [
              -89.40575494675053,
              43.07429600207165
            ],
            [
              -89.4057534378594,
              43.07429689976505
            ],
            [
              -89.40575184868865,
              43.074297646184654
            ],
            [
              -89.405750194358,
              43.07429823422887
            ],
            [
              -89.40574849060712,
              43.074298658302915
            ],
            [
              -89.40574675364584,
              43.07429891437206
            ],
            [
              -89.405745,
              43.074298999999996
            ],
            [
              -89.405601,
              43.074298999999996
            ],
            [
              -89.40560050019279,
              43.07429899305957
            ],
            [
              -89.40556475004809,
              43.074298
            ],
            [
              -89.405502,
              43.074298
            ],
            [
              -89.40550022373948,
              43.074297912143884
            ],
            [
              -89.40549846481844,
              43.07429764943318
            ],
            [
              -89.4054967404071,
              43.07429721443239
            ],
            [
              -89.40549506733882,
              43.07429661138793
            ],
            [
              -89.40549346194571,
              43.07429584618658
            ],
            [
              -89.4054919398993,
              43.07429492629807
            ],
            [
              -89.4054905160575,
              43.07429386070217
            ],
            [
              -89.40548920431952,
              43.074292659800996
            ],
            [
              -89.40548801749031,
              43.0742913353175
            ],
            [
              -89.40548696715543,
              43.074289900181
            ],
            [
              -89.405486063568,
              43.074288368401014
            ],
            [
              -89.40548531554872,
              43.074286754930455
            ],
            [
              -89.40548473039954,
              43.07428507551967
            ],
            [
              -89.40548431383259,
              43.07428334656273
            ],
            [
              -89.40548406991428,
              43.074281584937346
            ],
            [
              -89.40548400102573,
              43.074279807840135
            ],
            [
              -89.40548680948214,
              43.07401674908995
            ],
            [
              -89.4050727500241,
              43.07401099826414
            ],
            [
              -89.40507102574482,
              43.074010891403425
            ],
            [
              -89.40506931965159,
              43.07401061973427
            ],
            [
              -89.40506764746024,
              43.07401018575917
            ],
            [
              -89.40506602457435,
              43.07400959347574
            ],
            [
              -89.4050644659433,
              43.07400884833986
            ],
            [
              -89.40506298592456,
              43.074007957215414
            ],
            [
              -89.40506159815146,
              43.07400692831109
            ],
            [
              -89.40506031540762,
              43.074005771104744
            ],
            [
              -89.40505914950919,
              43.074004496256094
            ],
            [
              -89.40505811119591,
              43.07400311550854
            ],
            [
              -89.40505721003235,
              43.07400164158096
            ],
            [
              -89.40505645431965,
              43.07400008805061
            ],
            [
              -89.40505585101911,
              43.07399846922797
            ],
            [
              -89.40505540568813,
              43.07399680002499
            ],
            [
              -89.4050551224289,
              43.07399509581771
            ],
            [
              -89.4050550038507,
              43.07399337230459
            ],
            [
              -89.40505505104584,
              43.07399164536195
            ],
            [
              -89.40505761534055,
              43.07395766845692
            ],
            [
              -89.40503667011437,
              43.073957307332336
            ],
            [
              -89.40503599887933,
              43.07399422525988
            ],
            [
              -89.4050349995778,
              43.07414012328478
            ],
            [
              -89.40503490070002,
              43.07414188810464
            ],
            [
              -89.4050346292039,
              43.074143634717316
            ],
            [
              -89.40503418770753,
              43.07414534628003
            ],
            [
              -89.40503358046828,
              43.074147006288
            ],
            [
              -89.40503281334185,
              43.07414859873361
            ],
            [
              -89.4050318937257,
              43.07415010826072
            ],
            [
              -89.40503083048779,
              43.07415152031282
            ],
            [
              -89.40502963388104,
              43.07415282127333
            ],
            [
              -89.40502831544445,
              43.074153998596955
            ],
            [
              -89.40502688789185,
              43.07415504093065
            ],
            [
              -89.40502536498927,
              43.07415593822307
            ],
            [
              -89.40502376142221,
              43.074156681821535
            ],
            [
              -89.40502209265406,
              43.074157264555446
            ],
            [
              -89.40502037477691,
              43.074157680805435
            ],
            [
              -89.40501862435643,
              43.07415792655757
            ],
            [
              -89.4050168582721,
              43.07415799944202
            ],
            [
              -89.40488992913492,
              43.074157
            ],
            [
              -89.404841,
              43.074157
            ],
            [
              -89.40483922724215,
              43.074156912490885
            ],
            [
              -89.40483747172125,
              43.0741566508144
            ],
            [
              -89.40483575050662,
              43.0741562175149
            ],
            [
              -89.40483408033406,
              43.07415561680545
            ],
            [
              -89.40483247744304,
              43.07415485452688
            ],
            [
              -89.40483095741884,
              43.07415393809103
            ],
            [
              -89.40482953504102,
              43.0741528764086
            ],
            [
              -89.40482822413969,
              43.074151679802576
            ],
            [
              -89.40482703746106,
              43.074150359907854
            ],
            [
              -89.40482598654349,
              43.07414892955808
            ],
            [
              -89.40482508160528,
              43.07414740266087
            ],
            [
              -89.40482433144538,
              43.07414579406261
            ],
            [
              -89.40482374335775,
              43.07414411940408
            ],
            [
              -89.40482332306051,
              43.07414239496838
            ],
            [
              -89.40482307464032,
              43.07414063752261
            ],
            [
              -89.40482300051262,
              43.07413886415482
            ],
            [
              -89.40482700051261,
              43.073608864154814
            ],
            [
              -89.40482710061606,
              43.073607099459366
            ],
            [
              -89.40482737331436,
              43.07360535308988
            ],
            [
              -89.40482781597801,
              43.07360364188574
            ],
            [
              -89.40482842433863,
              43.07360198234722
            ],
            [
              -89.40482919253012,
              43.07360039047644
            ],
            [
              -89.40483011314515,
              43.07359888162301
            ],
            [
              -89.40483117730672,
              43.073597470336054
            ],
            [
              -89.40483237475364,
              43.0735961702239
            ],
            [
              -89.40483369393954,
              43.0735949938229
            ],
            [
              -89.40483512214414,
              43.07359395247649
            ],
            [
              -89.40483664559599,
              43.07359305622586
            ],
            [
              -89.40483824960519,
              43.073592313713114
            ],
            [
              -89.40483991870511,
              43.07359173209792
            ],
            [
              -89.40484163680141,
              43.07359131698851
            ],
            [
              -89.40484338732736,
              43.07359107238758
            ],
            [
              -89.40484515340351,
              43.07359100065369
            ],
            [
              -89.40519707670363,
              43.073594
            ],
            [
              -89.405373,
              43.073594
            ],
            [
              -89.40537322220528,
              43.07359400137158
            ],
            [
              -89.40545414632972,
              43.07359500043485
            ],
            [
              -89.40596507044955,
              43.07359700013786
            ],
            [
              -89.40596683967262,
              43.07359709425777
            ],
            [
              -89.40596859107237,
              43.07359736185386
            ],
            [
              -89.40597030768075,
              43.07359780033357
            ],
            [
              -89.40597197286674,
              43.0735984054488
            ],
            [
              -89.4059735704975,
              43.073599171336994
            ],
            [
              -89.40597508509472,
              43.073600090578
            ],
            [
              -89.40597650198454,
              43.07360115426594
            ],
            [
              -89.4059778074397,
              43.07360235209549
            ],
            [
              -89.40597898881255,
              43.073603672461715
            ],
            [
              -89.4059800346576,
              43.073605102572515
            ],
            [
              -89.4059809348424,
              43.073606628572556
            ],
            [
              -89.4059816806457,
              43.073608235677476
            ],
            [
              -89.4059822648419,
              43.07360990831718
            ],
            [
              -89.40598268177116,
              43.07361163028663
            ],
            [
              -89.40598292739415,
              43.07361338490286
            ],
            [
              -89.40598299933119,
              43.07361515516664
            ],
            [
              -89.40598199933119,
              43.07373115516665
            ],
            [
              -89.40598189848164,
              43.073732909019384
            ],
            [
              -89.40598162714518,
              43.0737346446883
            ],
            [
              -89.40598118790635,
              43.073736345640775
            ],
            [
              -89.40598058494899,
              43.07373799567487
            ],
            [
              -89.40597982401641,
              43.07373957907364
            ],
            [
              -89.40597891235666,
              43.07374108075488
            ],
            [
              -89.40597785865347,
              43.07374248641475
            ],
            [
              -89.40597667294362,
              43.07374378266404
            ],
            [
              -89.40597536652125,
              43.07374495715568
            ],
            [
              -89.40597395183029,
              43.07374599870241
            ],
            [
              -89.405972442346,
              43.073746897383245
            ],
            [
              -89.40597090019288,
              43.073747622197224
            ]
          ]
        ]
      },
      "properties": {
        "building": "university",
        "name": "Chamberlin Hall",
        "@id": "way/39201159",
        "addr:street": "University Avenue",
        "addr:housenumber": "1150",
        "person_counts": [
          0,
          0,
          0,
          0,
          0,
          0,
          0,
          0,
          0,
          0,
          0,
          0,
          0,
          0,
          0,
          0,
          0,
          0,
          0,
          0,
          0,
          381,
          381,
          381,
          381,
          381,
          381,
          381,
          381,
          381,
          381,
          381,
          381,
          381,
          381,
          381,
          381,
          381,
          381,
          381,
          381,
          381,
          381,
          381,
          381,
          381,
          0,
          0,
          0,
          33,
          33,
          33,
          33,
          33,
          33,
          33,
          33,
          33,
          33,
          33,
          33,
          33,
          33,
          33,
          33,
          33,
          33,
          33,
          33,
          33,
          33,
          33,
          33,
          33,
          0,
          0,
          0,
          213,
          213,
          213,
          213,
          213,
          213,
          213,
          213,
          213,
          213,
          213,
          213,
          213,
          213,
          213,
          213,
          213,
          213,
          213,
          213,
          213,
          213,
          213,
          213,
          213,
          0,
          0,
          0,
          0,
          0,
          0,
          0,
          0,
          0,
          0,
          0,
          0,
          0,
          0,
          0,
          0,
          0,
          0,
          0,
          0,
          0,
          0,
          0,
          0,
          0,
          0,
          0,
          0,
          0,
          0,
          0,
          145,
          145,
          145,
          145,
          145,
          145,
          145,
          145,
          145,
          145,
          145,
          145,
          145,
          145,
          145,
          145,
          145,
          145,
          145,
          145,
          145,
          145,
          145,
          145,
          145,
          0,
          0,
          0,
          23,
          23,
          23,
          23,
          23,
          23,
          23,
          23,
          23,
          23,
          23,
          23,
          23,
          23,
          23,
          23,
          23,
          23,
          23,
          23,
          23,
          23,
          23,
          23
        ],
        "instructor_counts": [
          0,
          0,
          0,
          0,
          0,
          0,
          0,
          0,
          0,
          0,
          0,
          0,
          0,
          0,
          0,
          0,
          0,
          0,
          0,
          0,
          0,
          2,
          2,
          2,
          2,
          2,
          2,
          2,
          2,
          2,
          2,
          2,
          2,
          2,
          2,
          2,
          2,
          2,
          2,
          2,
          2,
          2,
          2,
          2,
          2,
          2,
          0,
          0,
          0,
          3,
          3,
          3,
          3,
          3,
          3,
          3,
          3,
          3,
          3,
          3,
          3,
          3,
          3,
          3,
          3,
          3,
          3,
          3,
          3,
          3,
          3,
          3,
          3,
          3,
          0,
          0,
          0,
          4,
          4,
          4,
          4,
          4,
          4,
          4,
          4,
          4,
          4,
          4,
          4,
          4,
          4,
          4,
          4,
          4,
          4,
          4,
          4,
          4,
          4,
          4,
          4,
          4,
          0,
          0,
          0,
          0,
          0,
          0,
          0,
          0,
          0,
          0,
          0,
          0,
          0,
          0,
          0,
          0,
          0,
          0,
          0,
          0,
          0,
          0,
          0,
          0,
          0,
          0,
          0,
          0,
          0,
          0,
          0,
          5,
          5,
          5,
          5,
          5,
          5,
          5,
          5,
          5,
          5,
          5,
          5,
          5,
          5,
          5,
          5,
          5,
          5,
          5,
          5,
          5,
          5,
          5,
          5,
          5,
          0,
          0,
          0,
          1,
          1,
          1,
          1,
          1,
          1,
          1,
          1,
          1,
          1,
          1,
          1,
          1,
          1,
          1,
          1,
          1,
          1,
          1,
          1,
          1,
          1,
          1,
          1
        ]
      }
    },
    {
      "type": "Feature",
      "geometry": {
        "type": "Polygon",
        "coordinates": [
          [
            [
              -89.40264599775666,
              43.07555028417511
            ],
            [
              -89.40264299775666,
              43.07574028417511
            ],
            [
              -89.40264288524959,
              43.07574202924791
            ],
            [
              -89.40264260394017,
              43.07574375516851
            ],
            [
              -89.40264215648341,
              43.07574544564754
            ],
            [
              -89.40264154710243,
              43.07574708473013
            ],
            [
              -89.40264078154864,
              43.075748656946494
            ],
            [
              -89.40263986704737,
              43.07575014745793
            ],
            [
              -89.40263881222977,
              43.07575154219688
            ],
            [
              -89.40263762705128,
              43.07575282799969
            ],
            [
              -89.40263632269772,
              43.07575399273085
            ],
            [
              -89.40263491147965,
              43.07575502539754
            ],
            [
              -89.40263340671628,
              43.07575591625337
            ],
            [
              -89.40263182260968,
              43.075756656890384
            ],
            [
              -89.40263017411075,
              43.07575724031838
            ],
            [
              -89.40262847677819,
              43.075757661030934
            ],
            [
              -89.40262674663151,
              43.07575791505731
            ],
            [
              -89.40262571710672,
              43.07575796512546
            ],
            [
              -89.40262299773285,
              43.0759292856783
            ],
            [
              -89.4026228840731,
              43.07593103959044
            ],
            [
              -89.40262259990051,
              43.07593277405642
            ],
            [
              -89.40262214792448,
              43.07593447253927
            ],
            [
              -89.40262153245429,
              43.07593611884506
            ],
            [
              -89.40262075935806,
              43.07593769727736
            ],
            [
              -89.40261983600674,
              43.075939192786855
            ],
            [
              -89.40261877120388,
              43.07594059111486
            ],
            [
              -89.40261757510167,
              43.075941878929214
            ],
            [
              -89.40261625910416,
              43.07594304395148
            ],
            [
              -89.40261483575853,
              43.075944075073934
            ],
            [
              -89.40261331863542,
              43.0759449624655
            ],
            [
              -89.40261172219961,
              43.075945697665475
            ],
            [
              -89.40261006167206,
              43.07594627366423
            ],
            [
              -89.4026083528848,
              43.07594668496999
            ],
            [
              -89.40260661213,
              43.07594692766122
            ],
            [
              -89.4026048560046,
              43.075946999424026
            ],
            [
              -89.40247992800123,
              43.075945999999995
            ],
            [
              -89.402419,
              43.075945999999995
            ],
            [
              -89.40241723569147,
              43.07594591332508
            ],
            [
              -89.4024154883742,
              43.07594565413505
            ],
            [
              -89.40241377487581,
              43.07594522492604
            ],
            [
              -89.40241211169821,
              43.07594462983158
            ],
            [
              -89.40241051485873,
              43.075943874582755
            ],
            [
              -89.4024089997358,
              43.07594296645302
            ],
            [
              -89.40240758092088,
              43.07594191418816
            ],
            [
              -89.40240627207794,
              43.07594072792206
            ],
            [
              -89.40240508581184,
              43.07593941907911
            ],
            [
              -89.40240403354697,
              43.075938000264195
            ],
            [
              -89.40240312541724,
              43.07593648514126
            ],
            [
              -89.4024023701684,
              43.07593488830178
            ],
            [
              -89.40240177507395,
              43.07593322512419
            ],
            [
              -89.40240171868328,
              43.075933
            ],
            [
              -89.402361,
              43.075933
            ],
            [
              -89.4023604931588,
              43.07593299286281
            ],
            [
              -89.40228974652898,
              43.075931
            ],
            [
              -89.402205,
              43.075931
            ],
            [
              -89.40220460878808,
              43.0759309957482
            ],
            [
              -89.40217640375914,
              43.0759303825954
            ],
            [
              -89.40217399022654,
              43.07600359308439
            ],
            [
              -89.40217384947498,
              43.076005322981494
            ],
            [
              -89.40217354276986,
              43.07600703128093
            ],
            [
              -89.40217307296273,
              43.07600870209997
            ],
            [
              -89.40217244442157,
              43.07601031990434
            ],
            [
              -89.40217166299017,
              43.0760118696527
            ],
            [
              -89.40217073593382,
              43.07601333693643
            ],
            [
              -89.40216967187172,
              43.0760147081136
            ],
            [
              -89.40216848069686,
              43.07601597043585
            ],
            [
              -89.40216717348407,
              43.07601711216687
            ],
            [
              -89.40216576238703,
              43.07601812269155
            ],
            [
              -89.40216426052524,
              43.076018992614635
            ],
            [
              -89.40216268186211,
              43.07601971384811
            ],
            [
              -89.4021610410751,
              43.0760202796864
            ],
            [
              -89.40215935341924,
              43.07602068486866
            ],
            [
              -89.40215763458531,
              43.076020925627766
            ],
            [
              -89.402155900554,
              43.07602099972529
            ],
            [
              -89.401974900554,
              43.07601999972529
            ],
            [
              -89.4019731250319,
              43.07601990208074
            ],
            [
              -89.40197136780817,
              43.07601962972441
            ],
            [
              -89.4019696460321,
              43.07601918531431
            ],
            [
              -89.40196797650701,
              43.076018573187575
            ],
            [
              -89.40196637552629,
              43.07601779931813
            ],
            [
              -89.4019648587144,
              43.076016871258396
            ],
            [
              -89.40196344087434,
              43.0760157980656
            ],
            [
              -89.40196213584326,
              43.07601459021333
            ],
            [
              -89.40196095635736,
              43.07601325948941
            ],
            [
              -89.40195991392757,
              43.076011818880744
            ],
            [
              -89.4019590187273,
              43.076010282446674
            ],
            [
              -89.40195827949304,
              43.076008665181725
            ],
            [
              -89.40195770343924,
              43.07600698286927
            ],
            [
              -89.40195729618776,
              43.0760052519275
            ],
            [
              -89.40195706171309,
              43.076003489249196
            ],
            [
              -89.40195700230355,
              43.076001712036856
            ],
            [
              -89.40196100230355,
              43.075751712036855
            ],
            [
              -89.40196101329886,
              43.075751308203806
            ],
            [
              -89.4019613190007,
              43.07574335995583
            ],
            [
              -89.40196072166928,
              43.0757432086962
            ],
            [
              -89.40195904323357,
              43.075742601307205
            ],
            [
              -89.40195743320751,
              43.07574183066854
            ],
            [
              -89.40195590742337,
              43.07574090435833
            ],
            [
              -89.40195448088501,
              43.075739831485464
            ],
            [
              -89.40195316762038,
              43.07573862260009
            ],
            [
              -89.40195198054349,
              43.075737289589846
            ],
            [
              -89.40195093132752,
              43.07573584556294
            ],
            [
              -89.40195003028998,
              43.07573430471926
            ],
            [
              -89.40194928629128,
              43.07573268221078
            ],
            [
              -89.40194870664754,
              43.07573099399249
            ],
            [
              -89.40194829705874,
              43.075729256665554
            ],
            [
              -89.40194806155256,
              43.07572748731406
            ],
            [
              -89.40194800244485,
              43.07572570333701
            ],
            [
              -89.40195100244485,
              43.075543703337004
            ],
            [
              -89.40195111736615,
              43.07554194782868
            ],
            [
              -89.40195140311168,
              43.07554021192377
            ],
            [
              -89.40195185695181,
              43.07553851220453
            ],
            [
              -89.40195247455127,
              43.07553686490756
            ],
            [
              -89.40195325001038,
              43.07553528576871
            ],
            [
              -89.40195417592157,
              43.075533789872715
            ],
            [
              -89.40195524344009,
              43.07553239150917
            ],
            [
              -89.4019564423684,
              43.07553110403596
            ],
            [
              -89.40195776125373,
              43.075529939751696
            ],
            [
              -89.40195918749741,
              43.075528909778235
            ],
            [
              -89.40196070747521,
              43.07552802395441
            ],
            [
              -89.40196230666753,
              43.07552729074207
            ],
            [
              -89.40196396979802,
              43.07552671714526
            ],
            [
              -89.40196568097963,
              43.07552630864325
            ],
            [
              -89.40196742386624,
              43.07552606913827
            ],
            [
              -89.4019691818089,
              43.0755260009182
            ],
            [
              -89.4021671818089,
              43.075528000918204
            ],
            [
              -89.40216893385488,
              43.0755281041847
            ],
            [
              -89.40217066751534,
              43.07552837759008
            ],
            [
              -89.40217236630802,
              43.07552881853504
            ],
            [
              -89.40217401408222,
              43.07552942282742
            ],
            [
              -89.40217559517221,
              43.075530184722105
            ],
            [
              -89.40217709454627,
              43.075531096975624
            ],
            [
              -89.40217849794958,
              43.075532150914995
            ],
            [
              -89.40217979203972,
              43.07553333652023
            ],
            [
              -89.40218096451353,
              43.07553464251956
            ],
            [
              -89.40218200422407,
              43.07553605649659
            ],
            [
              -89.40218290128664,
              43.07553756500838
            ],
            [
              -89.40218364717266,
              43.07553915371323
            ],
            [
              -89.40218423479088,
              43.07554080750702
            ],
            [
              -89.4021846585547,
              43.075542510666814
            ],
            [
              -89.40218476239181,
              43.07554321527609
            ],
            [
              -89.40224910975235,
              43.075544
            ],
            [
              -89.402311,
              43.075544
            ],
            [
              -89.40231135992802,
              43.07554400359892
            ],
            [
              -89.40236117998201,
              43.075545000000005
            ],
            [
              -89.40241227059748,
              43.075545000000005
            ],
            [
              -89.40241235031274,
              43.07554446608719
            ],
            [
              -89.40241278500056,
              43.075542742263345
            ],
            [
              -89.40241338761552,
              43.07554106972713
            ],
            [
              -89.40241415227926,
              43.07553946479363
            ],
            [
              -89.40241507153274,
              43.0755379431185
            ],
            [
              -89.40241613640892,
              43.0755365195452
            ],
            [
              -89.40241733652023,
              43.07553520796028
            ],
            [
              -89.40241866015995,
              43.07553402115784
            ],
            [
              -89.40242009441641,
              43.07553297071479
            ],
            [
              -89.40242162529884,
              43.07553206687788
            ],
            [
              -89.40242323787395,
              43.07553131846376
            ],
            [
              -89.40242491641155,
              43.07553073277299
            ],
            [
              -89.40242664453802,
              43.075530315518805
            ],
            [
              -89.40242840539602,
              43.0755300707714
            ],
            [
              -89.4024301818089,
              43.0755300009182
            ],
            [
              -89.40262818180891,
              43.0755320009182
            ],
            [
              -89.40262995151281,
              43.07553210610166
            ],
            [
              -89.40263170228636,
              43.07553238486231
            ],
            [
              -89.40263341714639,
              43.07553283449607
            ],
            [
              -89.40263507945818,
              43.075533450641345
            ],
            [
              -89.40263667309671,
              43.07553422732129
            ],
            [
              -89.4026381826031,
              43.07553515700184
            ],
            [
              -89.40263959333461,
              43.07553623066477
            ],
            [
              -89.40264089160664,
              43.07553743789515
            ],
            [
              -89.4026420648255,
              43.075538766982426
            ],
            [
              -89.40264310161054,
              43.075540205033974
            ],
            [
              -89.40264399190457,
              43.07554173810019
            ],
            [
              -89.40264472707143,
              43.075543351309776
            ],
            [
              -89.40264529997972,
              43.07554502901402
            ],
            [
              -89.40264570507206,
              43.075546754938614
            ],
            [
              -89.40264593841889,
              43.07554851234145
            ],
            [
              -89.40264599775666,
              43.07555028417511
            ]
          ]
        ]
      },
      "properties": {
        "building": "university",
        "name": "Education Building",
        "@id": "way/37751914",
        "addr:street": "Bascom Mall",
        "addr:housenumber": "1000",
        "person_counts": [
          0,
          0,
          0,
          0,
          0,
          0,
          0,
          0,
          0,
          0,
          0,
          0,
          0,
          0,
          0,
          0,
          0,
          0,
          0,
          0,
          0,
          72,
          72,
          72,
          72,
          72,
          72,
          72,
          72,
          72,
          72,
          72,
          72,
          72,
          72,
          72,
          72,
          72,
          72,
          72,
          72,
          72,
          72,
          72,
          72,
          72,
          0,
          0,
          0,
          83,
          83,
          83,
          83,
          83,
          83,
          83,
          83,
          83,
          83,
          83,
          83,
          83,
          83,
          83,
          83,
          83,
          83,
          83,
          83,
          83,
          83,
          83,
          83,
          83,
          0,
          0,
          0,
          0,
          0,
          0,
          0,
          0,
          0,
          0,
          0,
          0,
          0,
          0,
          0,
          0,
          0,
          0,
          0,
          0,
          0,
          0,
          0,
          0,
          0,
          0,
          0,
          0,
          0,
          0,
          0,
          0,
          0,
          0,
          0,
          0,
          0,
          0,
          0,
          0,
          0,
          0,
          0,
          0,
          0,
          0,
          0,
          0,
          0,
          0,
          0,
          0,
          0,
          0,
          0,
          0,
          0,
          0,
          0,
          0,
          0,
          0,
          0,
          0,
          0,
          0,
          0,
          0,
          0,
          0,
          0,
          0,
          0,
          0,
          0,
          0,
          0,
          0,
          0,
          0,
          0,
          0,
          0,
          0,
          0,
          0,
          0,
          59,
          59,
          59,
          59,
          59,
          59,
          59,
          59,
          59,
          59,
          59,
          59,
          59,
          59,
          59,
          59,
          59,
          59,
          59,
          59,
          59,
          59,
          59,
          59
        ],
        "instructor_counts": [
          0,
          0,
          0,
          0,
          0,
          0,
          0,
          0,
          0,
          0,
          0,
          0,
          0,
          0,
          0,
          0,
          0,
          0,
          0,
          0,
          0,
          2,
          2,
          2,
          2,
          2,
          2,
          2,
          2,
          2,
          2,
          2,
          2,
          2,
          2,
          2,
          2,
          2,
          2,
          2,
          2,
          2,
          2,
          2,
          2,
          2,
          0,
          0,
          0,
          2,
          2,
          2,
          2,
          2,
          2,
          2,
          2,
          2,
          2,
          2,
          2,
          2,
          2,
          2,
          2,
          2,
          2,
          2,
          2,
          2,
          2,
          2,
          2,
          2,
          0,
          0,
          0,
          0,
          0,
          0,
          0,
          0,
          0,
          0,
          0,
          0,
          0,
          0,
          0,
          0,
          0,
          0,
          0,
          0,
          0,
          0,
          0,
          0,
          0,
          0,
          0,
          0,
          0,
          0,
          0,
          0,
          0,
          0,
          0,
          0,
          0,
          0,
          0,
          0,
          0,
          0,
          0,
          0,
          0,
          0,
          0,
          0,
          0,
          0,
          0,
          0,
          0,
          0,
          0,
          0,
          0,
          0,
          0,
          0,
          0,
          0,
          0,
          0,
          0,
          0,
          0,
          0,
          0,
          0,
          0,
          0,
          0,
          0,
          0,
          0,
          0,
          0,
          0,
          0,
          0,
          0,
          0,
          0,
          0,
          0,
          0,
          3,
          3,
          3,
          3,
          3,
          3,
          3,
          3,
          3,
          3,
          3,
          3,
          3,
          3,
          3,
          3,
          3,
          3,
          3,
          3,
          3,
          3,
          3,
          3
        ]
      }
    },
    {
      "type": "Feature",
      "geometry": {
        "type": "Polygon",
        "coordinates": [
          [
            [
              -89.41233399963488,
              43.07449311464735
            ],
            [
              -89.41233299963488,
              43.074650114647355
            ],
            [
              -89.41233290247065,
              43.0746518712415
            ],
            [
              -89.41233263429008,
              43.0746536099603
            ],
            [
              -89.41233219765503,
              43.07465531419435
            ],
            [
              -89.41233159673652,
              43.07465696766368
            ],
            [
              -89.41233083727492,
              43.07465855457324
            ],
            [
              -89.41232992652512,
              43.07466005976382
            ],
            [
              -89.4123288731872,
              43.07466146885683
            ],
            [
              -89.41232768732336,
              43.07466276839168
            ],
            [
              -89.41232638026175,
              43.07466394595435
            ],
            [
              -89.41232496448829,
              43.074664990295965
            ],
            [
              -89.4123234535274,
              43.07466589144028
            ],
            [
              -89.4123218618128,
              43.07466664077898
            ],
            [
              -89.41232020454959,
              43.07466723115387
            ],
            [
              -89.41231849756905,
              43.07466765692529
            ],
            [
              -89.4123167571774,
              43.074667914026
            ],
            [
              -89.412315,
              43.074667999999996
            ],
            [
              -89.412139,
              43.074667999999996
            ],
            [
              -89.41213723569147,
              43.07466791332508
            ],
            [
              -89.4121354883742,
              43.07466765413505
            ],
            [
              -89.41213377487581,
              43.07466722492604
            ],
            [
              -89.41213211169821,
              43.07466662983158
            ],
            [
              -89.41213051485873,
              43.074665874582756
            ],
            [
              -89.4121289997358,
              43.07466496645302
            ],
            [
              -89.41212758092088,
              43.07466391418816
            ],
            [
              -89.41212627207794,
              43.07466272792206
            ],
            [
              -89.41212508581184,
              43.07466141907911
            ],
            [
              -89.41212403354697,
              43.074660000264196
            ],
            [
              -89.41212312541724,
              43.07465848514126
            ],
            [
              -89.4121223701684,
              43.07465688830178
            ],
            [
              -89.41212177507396,
              43.07465522512419
            ],
            [
              -89.41212134586495,
              43.0746535116258
            ],
            [
              -89.41212108667492,
              43.07465176430853
            ],
            [
              -89.412121,
              43.07465
            ],
            [
              -89.412121,
              43.07449
            ],
            [
              -89.41212108855376,
              43.0744882167183
            ],
            [
              -89.41212135334374,
              43.07448645098286
            ],
            [
              -89.41212179176456,
              43.07448472016729
            ],
            [
              -89.41212239950251,
              43.07448304130161
            ],
            [
              -89.41212317057784,
              43.074481430904704
            ],
            [
              -89.4121240974037,
              43.07447990482175
            ],
            [
              -89.41212517086079,
              43.07447847806835
            ],
            [
              -89.41212638038702,
              43.07447716468277
            ],
            [
              -89.41212771408149,
              43.07447597758781
            ],
            [
              -89.41212915882157,
              43.07447492846367
            ],
            [
              -89.41213070039203,
              43.074474027632995
            ],
            [
              -89.41213232362487,
              43.07447328395934
            ],
            [
              -89.41213401254862,
              43.074472704759934
            ],
            [
              -89.41213575054543,
              43.074472295733706
            ],
            [
              -89.41213752051462,
              43.07447206090517
            ],
            [
              -89.41213930504092,
              43.074472002584905
            ],
            [
              -89.41231630504093,
              43.074475002584904
            ],
            [
              -89.4123180558051,
              43.07447511778354
            ],
            [
              -89.41231978703628,
              43.07447540288784
            ],
            [
              -89.4123214822854,
              43.07447585518892
            ],
            [
              -89.41232312544528,
              43.07447647038931
            ],
            [
              -89.41232470090362,
              43.07447724264374
            ],
            [
              -89.4123261936914,
              43.074478164614746
            ],
            [
              -89.4123275896251,
              43.07447922754232
            ],
            [
              -89.41232887544139,
              43.0744804213272
            ],
            [
              -89.41233003892327,
              43.07448173462678
            ],
            [
              -89.41233106901606,
              43.07448315496291
            ],
            [
              -89.41233195593246,
              43.07448466884045
            ],
            [
              -89.41233269124554,
              43.07448626187546
            ],
            [
              -89.41233326796883,
              43.07448791893193
            ],
            [
              -89.41233368062264,
              43.07448962426553
            ],
            [
              -89.4123339252862,
              43.07449136167327
            ],
            [
              -89.41233399963488,
              43.07449311464735
            ]
          ]
        ]
      },
      "properties": {
        "building": "university",
        "name": "Plant Sciences",
        "@id": "way/173508078",
        "addr:street": "Linden Drive",
        "addr:housenumber": "1575",
        "person_counts": [
          0,
          0,
          0,
          0,
          0,
          0,
          0,
          0,
          0,
          0,
          0,
          0,
          0,
          0,
          0,
          0,
          0,
          0,
          0,
          0,
          0,
          0,
          0,
          0,
          0,
          0,
          0,
          0,
          0,
          0,
          0,
          0,
          0,
          0,
          0,
          0,
          0,
          0,
          0,
          0,
          0,
          0,
          0,
          0,
          0,
          0,
          0,
          0,
          0,
          67,
          67,
          67,
          67,
          67,
          67,
          67,
          67,
          67,
          67,
          67,
          67,
          67,
          67,
          67,
          67,
          67,
          67,
          67,
          67,
          67,
          67,
          67,
          67,
          67,
          0,
          0,
          0,
          0,
          0,
          0,
          0,
          0,
          0,
          0,
          0,
          0,
          0,
          0,
          0,
          0,
          0,
          0,
          0,
          0,
          0,
          0,
          0,
          0,
          0,
          0,
          0,
          0,
          0,
          0,
          0,
          0,
          0,
          0,
          0,
          0,
          0,
          0,
          0,
          0,
          0,
          0,
          0,
          0,
          0,
          0,
          0,
          0,
          0,
          0,
          0,
          0,
          0,
          0,
          0,
          0,
          0,
          0,
          0,
          0,
          0,
          0,
          0,
          0,
          0,
          0,
          0,
          0,
          0,
          0,
          0,
          0,
          0,
          0,
          0,
          0,
          0,
          0,
          0,
          0,
          0,
          0,
          0,
          0,
          0,
          0,
          0,
          0,
          0,
          0,
          0,
          0,
          0,
          0,
          0,
          0,
          0,
          0,
          0,
          0,
          0,
          0,
          0,
          0,
          0,
          0,
          0,
          0,
          0,
          0,
          0
        ],
        "instructor_counts": [
          0,
          0,
          0,
          0,
          0,
          0,
          0,
          0,
          0,
          0,
          0,
          0,
          0,
          0,
          0,
          0,
          0,
          0,
          0,
          0,
          0,
          0,
          0,
          0,
          0,
          0,
          0,
          0,
          0,
          0,
          0,
          0,
          0,
          0,
          0,
          0,
          0,
          0,
          0,
          0,
          0,
          0,
          0,
          0,
          0,
          0,
          0,
          0,
          0,
          3,
          3,
          3,
          3,
          3,
          3,
          3,
          3,
          3,
          3,
          3,
          3,
          3,
          3,
          3,
          3,
          3,
          3,
          3,
          3,
          3,
          3,
          3,
          3,
          3,
          0,
          0,
          0,
          0,
          0,
          0,
          0,
          0,
          0,
          0,
          0,
          0,
          0,
          0,
          0,
          0,
          0,
          0,
          0,
          0,
          0,
          0,
          0,
          0,
          0,
          0,
          0,
          0,
          0,
          0,
          0,
          0,
          0,
          0,
          0,
          0,
          0,
          0,
          0,
          0,
          0,
          0,
          0,
          0,
          0,
          0,
          0,
          0,
          0,
          0,
          0,
          0,
          0,
          0,
          0,
          0,
          0,
          0,
          0,
          0,
          0,
          0,
          0,
          0,
          0,
          0,
          0,
          0,
          0,
          0,
          0,
          0,
          0,
          0,
          0,
          0,
          0,
          0,
          0,
          0,
          0,
          0,
          0,
          0,
          0,
          0,
          0,
          0,
          0,
          0,
          0,
          0,
          0,
          0,
          0,
          0,
          0,
          0,
          0,
          0,
          0,
          0,
          0,
          0,
          0,
          0,
          0,
          0,
          0,
          0,
          0
        ]
      }
    },
    {
      "type": "Feature",
      "geometry": {
        "type": "Polygon",
        "coordinates": [
          [
            [
              -89.411672,
              43.074999999999996
            ],
            [
              -89.411649,
              43.074999999999996
            ],
            [
              -89.41164723569148,
              43.07499991332508
            ],
            [
              -89.4116454883742,
              43.07499965413505
            ],
            [
              -89.41164377487581,
              43.07499922492604
            ],
            [
              -89.41164211169821,
              43.07499862983158
            ],
            [
              -89.41164051485873,
              43.074997874582756
            ],
            [
              -89.4116389997358,
              43.07499696645302
            ],
            [
              -89.41163758092088,
              43.07499591418816
            ],
            [
              -89.41163627207794,
              43.07499472792206
            ],
            [
              -89.41163508581184,
              43.074993419079114
            ],
            [
              -89.41163403354697,
              43.074992000264196
            ],
            [
              -89.41163312541724,
              43.074990485141264
            ],
            [
              -89.4116323701684,
              43.07498888830178
            ],
            [
              -89.41163177507396,
              43.07498722512419
            ],
            [
              -89.41163134586495,
              43.0749855116258
            ],
            [
              -89.41163126997243,
              43.074985
            ],
            [
              -89.411527,
              43.074985
            ],
            [
              -89.4115252307267,
              43.0749849128354
            ],
            [
              -89.4115234785887,
              43.07498465218577
            ],
            [
              -89.41152176055544,
              43.0749842205755
            ],
            [
              -89.41152009326596,
              43.07498362218472
            ],
            [
              -89.4115184928679,
              43.07498286280881
            ],
            [
              -89.41151697486103,
              43.07498194980229
            ],
            [
              -89.4115155539472,
              43.0749808920076
            ],
            [
              -89.41151424388788,
              43.07497969966943
            ],
            [
              -89.41151305737095,
              43.074978384335516
            ],
            [
              -89.41151200588777,
              43.07497695874481
            ],
            [
              -89.4115110996219,
              43.0749754367041
            ],
            [
              -89.4115103473505,
              43.07497383295429
            ],
            [
              -89.41150975635927,
              43.07497216302761
            ],
            [
              -89.41150933237195,
              43.07497044309724
            ],
            [
              -89.41150907949482,
              43.07496868982062
            ],
            [
              -89.41150900017699,
              43.07496692017817
            ],
            [
              -89.41151100017699,
              43.07451592017817
            ],
            [
              -89.41151109416464,
              43.07451416123407
            ],
            [
              -89.41151135962377,
              43.074512419898525
            ],
            [
              -89.41151179401227,
              43.074510712847065
            ],
            [
              -89.4115123931703,
              43.07450905642692
            ],
            [
              -89.41151315136014,
              43.07450746650045
            ],
            [
              -89.41151406132117,
              43.074505958293244
            ],
            [
              -89.41151511433931,
              43.074504546248335
            ],
            [
              -89.41151630033058,
              43.07450324388788
            ],
            [
              -89.41151760793755,
              43.07450206368365
            ],
            [
              -89.41151902463824,
              43.07450101693764
            ],
            [
              -89.41152053686588,
              43.07450011367378
            ],
            [
              -89.41152213013895,
              43.07449936254199
            ],
            [
              -89.4115237891998,
              43.074498770735325
            ],
            [
              -89.41152549816078,
              43.0744983439211
            ],
            [
              -89.4115272406564,
              43.074498086186615
            ],
            [
              -89.411529,
              43.074498000000006
            ],
            [
              -89.411699,
              43.074498000000006
            ],
            [
              -89.41170076786271,
              43.07449808702533
            ],
            [
              -89.4117025186311,
              43.07449834725984
            ],
            [
              -89.41170423537616,
              43.07449877818719
            ],
            [
              -89.41170590149784,
              43.07449937564054
            ],
            [
              -89.41170750088563,
              43.074500133842825
            ],
            [
              -89.41170901807425,
              43.07450104546262
            ],
            [
              -89.41171043839329,
              43.074502101685034
            ],
            [
              -89.411711748109,
              43.07450329229695
            ],
            [
              -89.41171293455712,
              43.07450460578576
            ],
            [
              -89.41171398626527,
              43.07450602945072
            ],
            [
              -89.41171489306403,
              43.07450754952571
            ],
            [
              -89.4117156461851,
              43.07450915131241
            ],
            [
              -89.41171623834619,
              43.07451081932237
            ],
            [
              -89.41171666382141,
              43.07451253742679
            ],
            [
              -89.41171691849664,
              43.074514289012505
            ],
            [
              -89.4117169999093,
              43.074516057142574
            ],
            [
              -89.4117159999093,
              43.074831057142575
            ],
            [
              -89.41171591215243,
              43.07483277617435
            ],
            [
              -89.41171566060046,
              43.07483447896415
            ],
            [
              -89.41171524755366,
              43.074836149941056
            ],
            [
              -89.41171467678907,
              43.074837773825074
            ],
            [
              -89.41171395352599,
              43.07483933576682
            ],
            [
              -89.41171308437818,
              43.074840821483335
            ],
            [
              -89.41171207729344,
              43.07484221738871
            ],
            [
              -89.4117109414809,
              43.07484351071829
            ],
            [
              -89.41170968732686,
              43.074844689645396
            ],
            [
              -89.41170832629973,
              43.0748457433895
            ],
            [
              -89.41170687084522,
              43.074846662314805
            ],
            [
              -89.41170533427255,
              43.07484743801832
            ],
            [
              -89.4117037306327,
              43.074848063406726
            ],
            [
              -89.41170207458987,
              43.074848532761266
            ],
            [
              -89.41170038128755,
              43.07484884178998
            ],
            [
              -89.41169866620989,
              43.07484898766701
            ],
            [
              -89.41168911600919,
              43.07484934137815
            ],
            [
              -89.41168999960001,
              43.07498188000267
            ],
            [
              -89.4116899240019,
              43.074983652318174
            ],
            [
              -89.41168967431875,
              43.07498540858571
            ],
            [
              -89.41168925297555,
              43.0749871317477
            ],
            [
              -89.41168866406457,
              43.0749888050681
            ],
            [
              -89.41168791330554,
              43.07499041229497
            ],
            [
              -89.41168700799014,
              43.074991937818275
            ],
            [
              -89.41168595691114,
              43.074993366821516
            ],
            [
              -89.41168477027705,
              43.07499468542565
            ],
            [
              -89.41168345961293,
              43.07499588082387
            ],
            [
              -89.41168203764848,
              43.074996941405985
            ],
            [
              -89.41168051819437,
              43.07499785687121
            ],
            [
              -89.41167891600817,
              43.07499861832816
            ],
            [
              -89.41167724665094,
              43.07499921838128
            ],
            [
              -89.41167552633613,
              43.0749996512026
            ],
            [
              -89.41167377177214,
              43.0749999125884
            ],
            [
              -89.411672,
              43.074999999999996
            ]
          ]
        ]
      },
      "properties": {
        "building": "university",
        "name": "Moore Hall",
        "@id": "way/38856041",
        "addr:street": "Linden Drive",
        "addr:housenumber": "1575",
        "person_counts": [
          0,
          0,
          0,
          0,
          0,
          0,
          0,
          0,
          0,
          0,
          0,
          0,
          0,
          0,
          0,
          0,
          0,
          0,
          0,
          0,
          0,
          0,
          0,
          0,
          0,
          0,
          0,
          0,
          0,
          0,
          0,
          0,
          0,
          0,
          0,
          0,
          0,
          0,
          0,
          0,
          0,
          0,
          0,
          0,
          0,
          0,
          0,
          0,
          0,
          0,
          0,
          0,
          0,
          0,
          0,
          0,
          0,
          0,
          0,
          0,
          0,
          0,
          0,
          0,
          0,
          0,
          0,
          0,
          0,
          0,
          0,
          0,
          0,
          0,
          0,
          0,
          0,
          25,
          25,
          25,
          25,
          25,
          25,
          25,
          25,
          25,
          25,
          25,
          25,
          25,
          25,
          25,
          25,
          25,
          25,
          25,
          25,
          25,
          25,
          25,
          25,
          25,
          0,
          0,
          0,
          0,
          0,
          0,
          0,
          0,
          0,
          0,
          0,
          0,
          0,
          0,
          0,
          0,
          0,
          0,
          0,
          0,
          0,
          0,
          0,
          0,
          0,
          0,
          0,
          0,
          0,
          0,
          0,
          0,
          0,
          0,
          0,
          0,
          0,
          0,
          0,
          0,
          0,
          0,
          0,
          0,
          0,
          0,
          0,
          0,
          0,
          0,
          0,
          0,
          0,
          0,
          0,
          0,
          0,
          0,
          0,
          0,
          0,
          0,
          0,
          0,
          0,
          0,
          0,
          0,
          0,
          0,
          0,
          0,
          0,
          0,
          0,
          0,
          0,
          0,
          0,
          0,
          0,
          0,
          0
        ],
        "instructor_counts": [
          0,
          0,
          0,
          0,
          0,
          0,
          0,
          0,
          0,
          0,
          0,
          0,
          0,
          0,
          0,
          0,
          0,
          0,
          0,
          0,
          0,
          0,
          0,
          0,
          0,
          0,
          0,
          0,
          0,
          0,
          0,
          0,
          0,
          0,
          0,
          0,
          0,
          0,
          0,
          0,
          0,
          0,
          0,
          0,
          0,
          0,
          0,
          0,
          0,
          0,
          0,
          0,
          0,
          0,
          0,
          0,
          0,
          0,
          0,
          0,
          0,
          0,
          0,
          0,
          0,
          0,
          0,
          0,
          0,
          0,
          0,
          0,
          0,
          0,
          0,
          0,
          0,
          1,
          1,
          1,
          1,
          1,
          1,
          1,
          1,
          1,
          1,
          1,
          1,
          1,
          1,
          1,
          1,
          1,
          1,
          1,
          1,
          1,
          1,
          1,
          1,
          1,
          0,
          0,
          0,
          0,
          0,
          0,
          0,
          0,
          0,
          0,
          0,
          0,
          0,
          0,
          0,
          0,
          0,
          0,
          0,
          0,
          0,
          0,
          0,
          0,
          0,
          0,
          0,
          0,
          0,
          0,
          0,
          0,
          0,
          0,
          0,
          0,
          0,
          0,
          0,
          0,
          0,
          0,
          0,
          0,
          0,
          0,
          0,
          0,
          0,
          0,
          0,
          0,
          0,
          0,
          0,
          0,
          0,
          0,
          0,
          0,
          0,
          0,
          0,
          0,
          0,
          0,
          0,
          0,
          0,
          0,
          0,
          0,
          0,
          0,
          0,
          0,
          0,
          0,
          0,
          0,
          0,
          0,
          0
        ]
      }
    },
    {
      "type": "Feature",
      "geometry": {
        "type": "Polygon",
        "coordinates": [
          [
            [
              -89.40483432202095,
              43.07533206214557
            ],
            [
              -89.40483580613625,
              43.07533222007876
            ],
            [
              -89.40483758519046,
              43.07533259379339
            ],
            [
              -89.4048393174772,
              43.075333145045775
            ],
            [
              -89.40484098532767,
              43.075333868213306
            ],
            [
              -89.40484257173037,
              43.07533475591991
            ],
            [
              -89.40484406050446,
              43.07533579911126
            ],
            [
              -89.40484543646495,
              43.07533698714714
            ],
            [
              -89.40484668557747,
              43.075338307909966
            ],
            [
              -89.40484779510146,
              43.07533974792837
            ],
            [
              -89.40484875372015,
              43.07534129251463
            ],
            [
              -89.40484955165591,
              43.07534292591446
            ],
            [
              -89.4048501807701,
              43.07534463146771
            ],
            [
              -89.4048506346459,
              43.07534639177827
            ],
            [
              -89.40485090865394,
              43.07534818889153
            ],
            [
              -89.40485099999944,
              43.07535000447753
            ],
            [
              -89.4048509077507,
              43.07535182001786
            ],
            [
              -89.4048506328486,
              43.07535361699458
            ],
            [
              -89.40484263284861,
              43.075392616994584
            ],
            [
              -89.40484260044346,
              43.075392771523596
            ],
            [
              -89.4048306061706,
              43.07544874479689
            ],
            [
              -89.40481161181711,
              43.07553871805028
            ],
            [
              -89.40481116337135,
              43.0755404238993
            ],
            [
              -89.40481055012415,
              43.07554207766843
            ],
            [
              -89.40480977796386,
              43.0755436634783
            ],
            [
              -89.4048088543047,
              43.07554516610208
            ],
            [
              -89.4048077880156,
              43.07554657111169
            ],
            [
              -89.40480658933497,
              43.075547865016325
            ],
            [
              -89.40480526977245,
              43.07554903539201
            ],
            [
              -89.4048038419984,
              43.075550071000876
            ],
            [
              -89.40480231972221,
              43.07555096189908
            ],
            [
              -89.40480071756063,
              43.075551699532305
            ],
            [
              -89.40479905089754,
              43.075552276817824
            ],
            [
              -89.40479733573608,
              43.075552688212596
            ],
            [
              -89.40479558854514,
              43.07555292976644
            ],
            [
              -89.4047938261011,
              43.07555299915996
            ],
            [
              -89.40479206532682,
              43.07555289572686
            ],
            [
              -89.40457006532682,
              43.075528895726855
            ],
            [
              -89.4045683293332,
              43.07552862175375
            ],
            [
              -89.40456662833255,
              43.075528179790126
            ],
            [
              -89.4045649785407,
              43.07552757404927
            ],
            [
              -89.40456339568536,
              43.0755268103058
            ],
            [
              -89.4045618948561,
              43.075525895840585
            ],
            [
              -89.40456049036052,
              43.07552483937134
            ],
            [
              -89.40455919558786,
              43.07552365096952
            ],
            [
              -89.40455802288137,
              43.07552234196433
            ],
            [
              -89.40455698342062,
              43.075520924834684
            ],
            [
              -89.40455608711491,
              43.07551941309027
            ],
            [
              -89.40455534250884,
              43.075517821142746
            ],
            [
              -89.40455505716123,
              43.075517014028975
            ],
            [
              -89.40435240424813,
              43.075494592855605
            ],
            [
              -89.40434839222891,
              43.07550963792771
            ],
            [
              -89.4043478740176,
              43.075511266380936
            ],
            [
              -89.40434720371083,
              43.07551283835157
            ],
            [
              -89.40434638735046,
              43.075514339670534
            ],
            [
              -89.40434543229485,
              43.075515756805544
            ],
            [
              -89.40434434715245,
              43.075517076983125
            ],
            [
              -89.40434314170432,
              43.07551828830375
            ],
            [
              -89.40434182681584,
              43.075519379849055
            ],
            [
              -89.40434041433889,
              43.07552034178031
            ],
            [
              -89.40433891700496,
              43.07552116542707
            ],
            [
              -89.4043373483104,
              43.07552184336531
            ],
            [
              -89.40433572239479,
              43.075522369484375
            ],
            [
              -89.40433405391344,
              43.07552273904204
            ],
            [
              -89.40433235790539,
              43.07552294870728
            ],
            [
              -89.40433064965772,
              43.07552299659024
            ],
            [
              -89.4043289445679,
              43.075522882259335
            ],
            [
              -89.40425272263764,
              43.075514121117926
            ],
            [
              -89.40425188758,
              43.07551465282472
            ],
            [
              -89.40425026112398,
              43.075515470460786
            ],
            [
              -89.40424856040082,
              43.07551611963617
            ],
            [
              -89.40424680280562,
              43.07551659371108
            ],
            [
              -89.40424500631512,
              43.07551688783664
            ],
            [
              -89.40424318930395,
              43.07551699900453
            ],
            [
              -89.40424137035656,
              43.07551692607772
            ],
            [
              -89.40421299755025,
              43.07551434673169
            ],
            [
              -89.40419617166226,
              43.07558703456776
            ],
            [
              -89.40439571040723,
              43.07560608144796
            ],
            [
              -89.40439743050244,
              43.075606329922095
            ],
            [
              -89.40439911861705,
              43.07560674312428
            ],
            [
              -89.4044007590137,
              43.07560731720246
            ],
            [
              -89.40440233639994,
              43.07560804680483
            ],
            [
              -89.40440383607067,
              43.07560892512973
            ],
            [
              -89.40440524404534,
              43.07560994398903
            ],
            [
              -89.40440654719819,
              43.0756110938845
            ],
            [
              -89.4044077333807,
              43.07561236409631
            ],
            [
              -89.40440879153472,
              43.075613742783
            ],
            [
              -89.40440971179572,
              43.07561521709187
            ],
            [
              -89.40441048558462,
              43.075616773278774
            ],
            [
              -89.40441110568783,
              43.075618396836276
            ],
            [
              -89.40441156632448,
              43.07562007262887
            ],
            [
              -89.40441186320032,
              43.0756217850341
            ],
            [
              -89.40441199354775,
              43.0756235180882
            ],
            [
              -89.40441195615162,
              43.07562525563488
            ],
            [
              -89.40441175136053,
              43.075626981476
            ],
            [
              -89.40441138108365,
              43.07562867952252
            ],
            [
              -89.40440850214179,
              43.075639372735125
            ],
            [
              -89.40440893291846,
              43.07563994972905
            ],
            [
              -89.40440984325429,
              43.07564145650577
            ],
            [
              -89.40441060204803,
              43.07564304500173
            ],
            [
              -89.4044112020418,
              43.07564470002284
            ],
            [
              -89.40441163749658,
              43.07564640573868
            ],
            [
              -89.40441190424721,
              43.07564814583394
            ],
            [
              -89.40441199974221,
              43.07564990366444
            ],
            [
              -89.40441192306814,
              43.075651662416405
            ],
            [
              -89.40441167495841,
              43.07565340526722
            ],
            [
              -89.40439067495842,
              43.07576240526721
            ],
            [
              -89.40439025386999,
              43.07576412873967
            ],
            [
              -89.40438966515953,
              43.07576580238622
            ],
            [
              -89.40438891454637,
              43.075767409947325
            ],
            [
              -89.40438800932277,
              43.075768935805456
            ],
            [
              -89.40438695828301,
              43.07577036513684
            ],
            [
              -89.40438577163798,
              43.075771684055475
            ],
            [
              -89.40438446091598,
              43.075772879748015
            ],
            [
              -89.404384,
              43.07577322358796
            ],
            [
              -89.404384,
              43.07578
            ],
            [
              -89.40438391540968,
              43.075781743013465
            ],
            [
              -89.40438366243379,
              43.075783469644485
            ],
            [
              -89.40438324345,
              43.07578516366457
            ],
            [
              -89.40438266239634,
              43.075786809151765
            ],
            [
              -89.4043819247341,
              43.07578839064026
            ],
            [
              -89.40438103739646,
              43.075789893265764
            ],
            [
              -89.40438000872349,
              43.07579130290521
            ],
            [
              -89.40437884838359,
              43.075792606309506
            ],
            [
              -89.4043775672827,
              43.07579379122805
            ],
            [
              -89.40437617746178,
              43.07579484652389
            ],
            [
              -89.40437469198368,
              43.07579576227838
            ],
            [
              -89.40437312481029,
              43.07579652988441
            ],
            [
              -89.40437149067134,
              43.0757971421273
            ],
            [
              -89.40436980492598,
              43.07579759325264
            ],
            [
              -89.40436808341842,
              43.07579787902032
            ],
            [
              -89.40436634232897,
              43.075797996744456
            ],
            [
              -89.40436459802198,
              43.07579794531855
            ],
            [
              -89.40430713044161,
              43.07579345566383
            ],
            [
              -89.4043054622875,
              43.07579464720248
            ],
            [
              -89.4043039010266,
              43.07579564518218
            ],
            [
              -89.40430224543957,
              43.07579647736647
            ],
            [
              -89.40430051307102,
              43.07579713493647
            ],
            [
              -89.40429872227926,
              43.0757976109238
            ],
            [
              -89.40429689204169,
              43.07579790028431
            ],
            [
              -89.40429504175373,
              43.075797999951575
            ],
            [
              -89.4042931910233,
              43.075797908869404
            ],
            [
              -89.40420702747747,
              43.07578920548094
            ],
            [
              -89.40420597043973,
              43.07578998633816
            ],
            [
              -89.4042044503465,
              43.07579089313198
            ],
            [
              -89.40420284854157,
              43.07579164624517
            ],
            [
              -89.40420118051382,
              43.075792238395415
            ],
            [
              -89.40419946239244,
              43.075792663856845
            ],
            [
              -89.40419771079102,
              43.0757929185154
            ],
            [
              -89.40419594264691,
              43.07579299990863
            ],
            [
              -89.40419417505737,
              43.07579290724949
            ],
            [
              -89.40403717505737,
              43.07577690724949
            ],
            [
              -89.4040354307133,
              43.075776642567625
            ],
            [
              -89.40403372066072,
              43.07577620838681
            ],
            [
              -89.4040320613288,
              43.07577560887841
            ],
            [
              -89.40403046865937,
              43.075774849802116
            ],
            [
              -89.40402895795381,
              43.075773938450666
            ],
            [
              -89.40402754372606,
              43.07577288357977
            ],
            [
              -89.40402623956314,
              43.07577169532398
            ],
            [
              -89.40402505799464,
              43.075770385099325
            ],
            [
              -89.40402401037237,
              43.07576896549364
            ],
            [
              -89.40402310676122,
              43.07576745014561
            ],
            [
              -89.40402235584253,
              43.07576585361379
            ],
            [
              -89.40402210206585,
              43.0757651397998
            ],
            [
              -89.40393803187138,
              43.075755892078405
            ],
            [
              -89.40393630098716,
              43.075755615825386
            ],
            [
              -89.40393460517821,
              43.075755172533235
            ],
            [
              -89.40393296052474,
              43.07575456640541
            ],
            [
              -89.40393138262195,
              43.07575380318941
            ],
            [
              -89.40392988643198,
              43.075752890122295
            ],
            [
              -89.40392848614225,
              43.075751835862086
            ],
            [
              -89.40392719503075,
              43.075750650405624
            ],
            [
              -89.40392662085033,
              43.07575000960201
            ],
            [
              -89.40387459802199,
              43.075745945318545
            ],
            [
              -89.40387287065087,
              43.07574572588993
            ],
            [
              -89.4038711725639,
              43.075745340584206
            ],
            [
              -89.40386951965158,
              43.075744793007004
            ],
            [
              -89.40386792738173,
              43.07574408828251
            ],
            [
              -89.40386641065464,
              43.07574323300547
            ],
            [
              -89.4038649836637,
              43.07574223517946
            ],
            [
              -89.40386365976252,
              43.07574110414206
            ],
            [
              -89.40386245134009,
              43.0757398504774
            ],
            [
              -89.40386136970466,
              43.07573848591714
            ],
            [
              -89.40386042497809,
              43.07573702323071
            ],
            [
              -89.40385962600102,
              43.07573547610578
            ],
            [
              -89.40385898025022,
              43.07573385902019
            ],
            [
              -89.40385849376855,
              43.075732187106475
            ],
            [
              -89.40385817110847,
              43.07573047601023
            ],
            [
              -89.40385801528937,
              43.075728741743724
            ],
            [
              -89.40385802776942,
              43.07572700053606
            ],
            [
              -89.40385820843183,
              43.075725268681275
            ],
            [
              -89.40385855558596,
              43.0757235623859
            ],
            [
              -89.40388755558595,
              43.07560956238591
            ],
            [
              -89.40388808560829,
              43.07560784343008
            ],
            [
              -89.40388878455177,
              43.07560618595887
            ],
            [
              -89.40388964543617,
              43.07560460652515
            ],
            [
              -89.40389065966399,
              43.075603120902464
            ],
            [
              -89.4038918171063,
              43.07560174392748
            ],
            [
              -89.40389310620391,
              43.0756004893518
            ],
            [
              -89.40389451408285,
              43.07559936970466
            ],
            [
              -89.40389602668286,
              43.07559839616779
            ],
            [
              -89.40389762889785,
              43.075597578463736
            ],
            [
              -89.40389930472679,
              43.07559692475877
            ],
            [
              -89.40390103743346,
              43.075596441581325
            ],
            [
              -89.40390280971359,
              43.07559613375682
            ],
            [
              -89.40390460386774,
              43.07559600435944
            ],
            [
              -89.403906401978,
              43.075596054681455
            ],
            [
              -89.40395548440938,
              43.075599889246405
            ],
            [
              -89.40396266547357,
              43.07557307994008
            ],
            [
              -89.40396255150542,
              43.07557296402915
            ],
            [
              -89.40396142645109,
              43.07557156464255
            ],
            [
              -89.40396044641392,
              43.07557006013025
            ],
            [
              -89.40395962114599,
              43.07556846546322
            ],
            [
              -89.40395895885928,
              43.07556679650953
            ],
            [
              -89.40395846614402,
              43.075565069876454
            ],
            [
              -89.40395814790308,
              43.07556330274521
            ],
            [
              -89.40395800730319,
              43.07556151270002
            ],
            [
              -89.40395804574341,
              43.075559717553105
            ],
            [
              -89.4039590457434,
              43.075545717553105
            ],
            [
              -89.40395934954783,
              43.075543469909555
            ],
            [
              -89.40396134954784,
              43.07553346990955
            ],
            [
              -89.40396192370063,
              43.07553130790022
            ],
            [
              -89.40396392370063,
              43.07552530790022
            ],
            [
              -89.40396455039051,
              43.07552369176165
            ],
            [
              -89.40396532962738,
              43.075522143396704
            ],
            [
              -89.4039662541849,
              43.07552067716429
            ],
            [
              -89.40396731548911,
              43.075519306661654
            ],
            [
              -89.4039685036979,
              43.07551804459828
            ],
            [
              -89.40396980779231,
              43.075516902678025
            ],
            [
              -89.40397121567868,
              43.075515891490596
            ],
            [
              -89.40397271430089,
              43.07551502041333
            ],
            [
              -89.40397428976128,
              43.07551429752424
            ],
            [
              -89.40397592744971,
              43.07551372952712
            ],
            [
              -89.40397631645851,
              43.0755136353562
            ],
            [
              -89.40398139119807,
              43.07548826165837
            ],
            [
              -89.40396550518136,
              43.07548693782365
            ],
            [
              -89.40396373742028,
              43.07548670185226
            ],
            [
              -89.40396200168747,
              43.07548629210432
            ],
            [
              -89.40396031502239,
              43.07548571260226
            ],
            [
              -89.40395869398277,
              43.075484969034974
            ],
            [
              -89.40395715448214,
              43.07548406870195
            ],
            [
              -89.40395571163356,
              43.075483020441624
            ],
            [
              -89.40395437960126,
              43.075481834544625
            ],
            [
              -89.40395317146161,
              43.07548052265274
            ],
            [
              -89.40395209907474,
              43.07547909764461
            ],
            [
              -89.40395117296814,
              43.07547757350935
            ],
            [
              -89.40395040223325,
              43.07547596520917
            ],
            [
              -89.40394979443626,
              43.07547428853253
            ],
            [
              -89.40394935554383,
              43.07547255993912
            ],
            [
              -89.40394908986451,
              43.07547079639829
            ],
            [
              -89.40394900000643,
              43.07546901522248
            ],
            [
              -89.40394908685172,
              43.075467233897236
            ],
            [
              -89.40394934954783,
              43.07546546990957
            ],
            [
              -89.40395642761912,
              43.07543007955314
            ],
            [
              -89.40392234043222,
              43.07542692333213
            ],
            [
              -89.40392104081823,
              43.07542675509063
            ],
            [
              -89.4039098258982,
              43.07542488593729
            ],
            [
              -89.40389761946302,
              43.07542394698074
            ],
            [
              -89.40389619267367,
              43.07542377973338
            ],
            [
              -89.40387719267368,
              43.07542077973338
            ],
            [
              -89.40387550824788,
              43.07542043055257
            ],
            [
              -89.403873864847,
              43.07541992217178
            ],
            [
              -89.40387227748086,
              43.07541925923424
            ],
            [
              -89.40387076064746,
              43.07541844779482
            ],
            [
              -89.40386932820066,
              43.0754174952647
            ],
            [
              -89.40386799322353,
              43.07541641034372
            ],
            [
              -89.40386676790894,
              43.075415202940874
            ],
            [
              -89.40386566344816,
              43.075413884083844
            ],
            [
              -89.40386468992865,
              43.07541246581826
            ],
            [
              -89.40386385624197,
              43.075410961097695
            ],
            [
              -89.40386317000247,
              43.07540938366534
            ],
            [
              -89.40386263747786,
              43.075407747928494
            ],
            [
              -89.40386226353189,
              43.075406068826986
            ],
            [
              -89.40386205157995,
              43.075404361696684
            ],
            [
              -89.40386200355789,
              43.07540264212949
            ],
            [
              -89.4038621199043,
              43.075400925830856
            ],
            [
              -89.40386239955654,
              43.075399228476414
            ],
            [
              -89.40386534402718,
              43.07538548761343
            ],
            [
              -89.403874296151,
              43.075336748272626
            ],
            [
              -89.40387443710746,
              43.07533605730983
            ],
            [
              -89.40388539091038,
              43.075287263096854
            ],
            [
              -89.40388834954784,
              43.075272469909564
            ],
            [
              -89.40388876773694,
              43.075270799124134
            ],
            [
              -89.40388934369732,
              43.075269175955704
            ],
            [
              -89.40389007215569,
              43.075267615265325
            ],
            [
              -89.40389094644264,
              43.075266131342005
            ],
            [
              -89.40389195855356,
              43.07526473777192
            ],
            [
              -89.40389309922197,
              43.07526344731399
            ],
            [
              -89.40389435800442,
              43.075262271783124
            ],
            [
              -89.40389572337602,
              43.07526122194196
            ],
            [
              -89.40389718283602,
              43.07526030740241
            ],
            [
              -89.40389872302222,
              43.0752595365376
            ],
            [
              -89.40390032983333,
              43.07525891640525
            ],
            [
              -89.40390198855808,
              43.07525845268301
            ],
            [
              -89.40390368400988,
              43.075258149616545
            ],
            [
              -89.40390540066589,
              43.07525800998059
            ],
            [
              -89.40390712280916,
              43.07525803505359
            ],
            [
              -89.40392312280915,
              43.075259035053584
            ],
            [
              -89.40392437894695,
              43.07525915789779
            ],
            [
              -89.40393937894696,
              43.07526115789779
            ],
            [
              -89.4039397370293,
              43.075261209309446
            ],
            [
              -89.40395236343997,
              43.07526315183416
            ],
            [
              -89.40398976732389,
              43.075267307821264
            ],
            [
              -89.40399738970534,
              43.07523127474536
            ],
            [
              -89.40399783768272,
              43.0752295727663
            ],
            [
              -89.40399844973061,
              43.07522792267119
            ],
            [
              -89.40399921999787,
              43.075226340234835
            ],
            [
              -89.4040001411208,
              43.07522484058521
            ],
            [
              -89.40400120429355,
              43.07522343805884
            ],
            [
              -89.40400239935224,
              43.075222146063794
            ],
            [
              -89.4040037148722,
              43.07522097695145
            ],
            [
              -89.40400513827718,
              43.075219941898425
            ],
            [
              -89.4040066559595,
              43.07521905079976
            ],
            [
              -89.40400825341025,
              43.07521831217429
            ],
            [
              -89.40400991535792,
              43.07521773308323
            ],
            [
              -89.40401162591438,
              43.07521731906263
            ],
            [
              -89.40401336872685,
              43.075217074070515
            ],
            [
              -89.40401512713419,
              43.07521700044898
            ],
            [
              -89.40401688432613,
              43.075217098901845
            ],
            [
              -89.40403862056549,
              43.075219386927046
            ],
            [
              -89.40404370383084,
              43.075194394205745
            ],
            [
              -89.40404329784008,
              43.07519416140141
            ],
            [
              -89.40404187193141,
              43.07519314800655
            ],
            [
              -89.40404055112751,
              43.07519200098356
            ],
            [
              -89.40403934790339,
              43.0751907311661
            ],
            [
              -89.40403827362353,
              43.0751893505476
            ],
            [
              -89.40403733843449,
              43.07518787216804
            ],
            [
              -89.40403655116917,
              43.07518630999072
            ],
            [
              -89.4040359192633,
              43.07518467877043
            ],
            [
              -89.40403544868522,
              43.07518299391407
            ],
            [
              -89.40403514387958,
              43.07518127133513
            ],
            [
              -89.40403500772524,
              43.07517952730341
            ],
            [
              -89.4040350415082,
              43.07517777829129
            ],
            [
              -89.40403524490938,
              43.075176040818235
            ],
            [
              -89.40403816426434,
              43.07515852468848
            ],
            [
              -89.40403911009277,
              43.07515001223254
            ],
            [
              -89.404039537435,
              43.075147634358736
            ],
            [
              -89.404041537435,
              43.075139634358734
            ],
            [
              -89.40404203048257,
              43.07513799704424
            ],
            [
              -89.40404267666926,
              43.075136413902605
            ],
            [
              -89.40404347016369,
              43.0751348992207
            ],
            [
              -89.40404440380503,
              43.07513346666756
            ],
            [
              -89.40404546916778,
              43.07513212917107
            ],
            [
              -89.40404665663773,
              43.075130898801284
            ],
            [
              -89.4040479554987,
              43.07512978666151
            ],
            [
              -89.40404935402928,
              43.07512880278812
            ],
            [
              -89.40405083960864,
              43.07512795605993
            ],
            [
              -89.40405239883037,
              43.07512725411814
            ],
            [
              -89.40405401762347,
              43.07512670329731
            ],
            [
              -89.40405489094412,
              43.07512649610043
            ],
            [
              -89.40406074403137,
              43.075101829518445
            ],
            [
              -89.40402217888418,
              43.07509790763907
            ],
            [
              -89.40402043122339,
              43.07509764267081
            ],
            [
              -89.40401871797845,
              43.075097207563694
            ],
            [
              -89.4040170556712,
              43.07509660651371
            ],
            [
              -89.4040154603323,
              43.07509584531715
            ],
            [
              -89.40401394734654,
              43.07509493131469
            ],
            [
              -89.40401253130455,
              43.0750938733206
            ],
            [
              -89.40401122586206,
              43.075092681537754
            ],
            [
              -89.40401004360825,
              43.07509136745923
            ],
            [
              -89.40400899594431,
              43.075089943757476
            ],
            [
              -89.40400809297348,
              43.075088424162104
            ],
            [
              -89.40400734340365,
              43.07508682332748
            ],
            [
              -89.40400675446338,
              43.075085156691415
            ],
            [
              -89.40400633183216,
              43.075083440326274
            ],
            [
              -89.40400607958568,
              43.07508169078401
            ],
            [
              -89.40400600015653,
              43.0750799249365
            ],
            [
              -89.40400609431065,
              43.07507815981287
            ],
            [
              -89.40400636114009,
              43.07507641243527
            ],
            [
              -89.40403036114009,
              43.07495841243527
            ],
            [
              -89.40403080123743,
              43.07495668939121
            ],
            [
              -89.40403140921202,
              43.074955018184035
            ],
            [
              -89.40403217912943,
              43.07495341512643
            ],
            [
              -89.40403310347448,
              43.07495189586584
            ],
            [
              -89.40403417322463,
              43.07495047523177
            ],
            [
              -89.40403537793803,
              43.07494916709106
            ],
            [
              -89.40403670585549,
              43.07494798421248
            ],
            [
              -89.40403814401517,
              43.074946938142105
            ],
            [
              -89.40403967837922,
              43.07494603909065
            ],
            [
              -89.40404129397065,
              43.07494529583374
            ],
            [
              -89.40404297501969,
              43.07494471562634
            ],
            [
              -89.40404470511761,
              43.07494430413184
            ],
            [
              -89.4040464673769,
              43.07494406536684
            ],
            [
              -89.40404824459613,
              43.07494400166195
            ],
            [
              -89.40405001942786,
              43.07494411363896
            ],
            [
              -89.40410001679761,
              43.074949758503294
            ],
            [
              -89.40410114079675,
              43.074948940248625
            ],
            [
              -89.40410268104094,
              43.07494803770317
            ],
            [
              -89.40410430311235,
              43.074947292166634
            ],
            [
              -89.40410599105594,
              43.074946710972284
            ],
            [
              -89.40410772826868,
              43.07494629983689
            ],
            [
              -89.40410949766294,
              43.07494606280447
            ],
            [
              -89.40411128183455,
              43.074946002206545
            ],
            [
              -89.40411306323395,
              43.074946118639154
            ],
            [
              -89.40420306867614,
              43.07495650388248
            ],
            [
              -89.40420401241346,
              43.07495557249953
            ],
            [
              -89.40420541301535,
              43.074954442673466
            ],
            [
              -89.40420691942802,
              43.07495345833946
            ],
            [
              -89.40420851659576,
              43.074952629335364
            ],
            [
              -89.40421018855578,
              43.07495196394658
            ],
            [
              -89.40421191859784,
              43.07495146882331
            ],
            [
              -89.40421368943115,
              43.074951148913996
            ],
            [
              -89.40421548335725,
              43.07495100741597
            ],
            [
              -89.40421728244691,
              43.074951045743404
            ],
            [
              -89.4042312824469,
              43.0749520457434
            ],
            [
              -89.40423205835091,
              43.0749521180764
            ],
            [
              -89.40437105835092,
              43.074968118076406
            ],
            [
              -89.40437283449317,
              43.07496841316794
            ],
            [
              -89.40437457226966,
              43.07496888422334
            ],
            [
              -89.40437625429318,
              43.0749695265295
            ],
            [
              -89.40437786373435,
              43.07497033365987
            ],
            [
              -89.40437938449003,
              43.07497129753875
            ],
            [
              -89.40438080134439,
              43.07497240852213
            ],
            [
              -89.40438210012118,
              43.074973655494134
            ],
            [
              -89.40438326782558,
              43.07497502597826
            ],
            [
              -89.40438429277421,
              43.07497650626223
            ],
            [
              -89.4043850620864,
              43.07497789612821
            ],
            [
              -89.40446798776748,
              43.07498711009277
            ],
            [
              -89.40446971986646,
              43.07498738856639
            ],
            [
              -89.40447141662999,
              43.074987834333115
            ],
            [
              -89.40447306194031,
              43.07498844315854
            ],
            [
              -89.40447464016842,
              43.074989209259364
            ],
            [
              -89.40447613632254,
              43.07499012535831
            ],
            [
              -89.40447753619054,
              43.074991182753244
            ],
            [
              -89.40447882647489,
              43.07499237139984
            ],
            [
              -89.40447984917759,
              43.07499351678287
            ],
            [
              -89.40453095707863,
              43.07499910670955
            ],
            [
              -89.4045326914303,
              43.074999382584124
            ],
            [
              -89.40453439064409,
              43.07499982615488
            ],
            [
              -89.40453603854554,
              43.07500043319957
            ],
            [
              -89.4045376194487,
              43.07500119793988
            ],
            [
              -89.40453911830527,
              43.07500211309641
            ],
            [
              -89.40454052084799,
              43.075003169958
            ],
            [
              -89.40454181372637,
              43.075004358464625
            ],
            [
              -89.40454298463379,
              43.07500566730316
            ],
            [
              -89.40454402242466,
              43.075007084015056
            ],
            [
              -89.40454491722046,
              43.07500859511497
            ],
            [
              -89.40454566050387,
              43.075010186219075
            ],
            [
              -89.40454624519973,
              43.075011842182015
            ],
            [
              -89.40454666574243,
              43.075013547241056
            ],
            [
              -89.40454691812894,
              43.075015285166124
            ],
            [
              -89.40454696564785,
              43.07501630388888
            ],
            [
              -89.40487406715697,
              43.07505411909224
            ],
            [
              -89.40487578632259,
              43.07505440273427
            ],
            [
              -89.40487747000915,
              43.07505485126827
            ],
            [
              -89.40487910243999,
              43.075055460491356
            ],
            [
              -89.40488066831871,
              43.075056224694904
            ],
            [
              -89.40488215297252,
              43.075057136718094
            ],
            [
              -89.40488354248974,
              43.075058188014964
            ],
            [
              -89.40488482385015,
              43.075059368734536
            ],
            [
              -89.404885985047,
              43.075060667813084
            ],
            [
              -89.4048870151995,
              43.07506207307784
            ],
            [
              -89.40488790465481,
              43.075063571361014
            ],
            [
              -89.40488864507844,
              43.075065148623224
            ],
            [
              -89.40488922953237,
              43.07506679008502
            ],
            [
              -89.4048896525401,
              43.07506848036537
            ],
            [
              -89.40488991013791,
              43.07507020362582
            ],
            [
              -89.40488999991202,
              43.075071943718875
            ],
            [
              -89.40488992102121,
              43.075073684339294
            ],
            [
              -89.40488967420472,
              43.075075409176925
            ],
            [
              -89.40488926177531,
              43.07507710206948
            ],
            [
              -89.40488868759756,
              43.075078747154016
            ],
            [
              -89.40488795705171,
              43.07508032901557
            ],
            [
              -89.40488707698321,
              43.07508183283159
            ],
            [
              -89.40488605563857,
              43.07508324451086
            ],
            [
              -89.40488467773801,
              43.075084966886564
            ],
            [
              -89.40486362865448,
              43.07518064453897
            ],
            [
              -89.40483432202095,
              43.07533206214557
            ]
          ],
          [
            [
              -89.40463982582901,
              43.07519689753686
            ],
            [
              -89.40451200611857,
              43.075184273367924
            ],
            [
              -89.4045114912611,
              43.07518491578256
            ],
            [
              -89.4045102909561,
              43.07518615037636
            ],
            [
              -89.4045089781754,
              43.075187264629854
            ],
            [
              -89.40450756493242,
              43.0751882483464
            ],
            [
              -89.40450606415985,
              43.075189092523914
            ],
            [
              -89.4045044895914,
              43.07518978943725
            ],
            [
              -89.40450285563611,
              43.07519033270891
            ],
            [
              -89.40450117724644,
              43.07519071736733
            ],
            [
              -89.4044994697815,
              43.07519093989249
            ],
            [
              -89.40449774886645,
              43.075190998248026
            ],
            [
              -89.40449603024955,
              43.07519089189993
            ],
            [
              -89.40429444580772,
              43.07516869911735
            ],
            [
              -89.40427937756517,
              43.07524472525018
            ],
            [
              -89.40429741052213,
              43.07524716213626
            ],
            [
              -89.40429910511025,
              43.07524747435965
            ],
            [
              -89.40430076207946,
              43.07524794718673
            ],
            [
              -89.40430236624537,
              43.07524857628455
            ],
            [
              -89.40430390290756,
              43.075249355888104
            ],
            [
              -89.40430535798416,
              43.075250278853154
            ],
            [
              -89.40430671814093,
              43.07525133672173
            ],
            [
              -89.40430797091352,
              43.07525251979958
            ],
            [
              -89.4043091048216,
              43.07525381724508
            ],
            [
              -89.40430962812775,
              43.07525454644102
            ],
            [
              -89.40438503237438,
              43.07526311510541
            ],
            [
              -89.40438676804831,
              43.0752633988122
            ],
            [
              -89.4043884677507,
              43.07526385054805
            ],
            [
              -89.40439011525544,
              43.075264466000476
            ],
            [
              -89.40439169483466,
              43.075265239294104
            ],
            [
              -89.40439319140896,
              43.0752661630467
            ],
            [
              -89.40439459069138,
              43.07526722843969
            ],
            [
              -89.40439587932372,
              43.07526842530236
            ],
            [
              -89.40439704500407,
              43.075269742208896
            ],
            [
              -89.40439807660434,
              43.0752711665875
            ],
            [
              -89.4043989642764,
              43.0752726848404
            ],
            [
              -89.40439969954609,
              43.07527428247365
            ],
            [
              -89.40440027539421,
              43.07527594423551
            ],
            [
              -89.40440068632346,
              43.075277654262024
            ],
            [
              -89.40440092841088,
              43.075279396228495
            ],
            [
              -89.40440099934543,
              43.075281153505316
            ],
            [
              -89.40440089844992,
              43.0752829093167
            ],
            [
              -89.40440062668755,
              43.07528464690087
            ],
            [
              -89.40439867721835,
              43.075294069335335
            ],
            [
              -89.40459555911156,
              43.0753136722944
            ],
            [
              -89.40459555950731,
              43.07531367127569
            ],
            [
              -89.40459635174172,
              43.0753121043824
            ],
            [
              -89.4045972928659,
              43.07531062212899
            ],
            [
              -89.4045983739253,
              43.07530923861878
            ],
            [
              -89.40459958463386,
              43.07530796701556
            ],
            [
              -89.40460091347192,
              43.07530681941838
            ],
            [
              -89.40460234779592,
              43.07530580674636
            ],
            [
              -89.40460387395854,
              43.075304938634865
            ],
            [
              -89.40460547743868,
              43.075304223343785
            ],
            [
              -89.4046071429796,
              43.07530366767896
            ],
            [
              -89.40460885473401,
              43.07530327692742
            ],
            [
              -89.40461059641494,
              43.07530305480708
            ],
            [
              -89.40461235145068,
              43.07530300343137
            ],
            [
              -89.40461410314245,
              43.075303123289125
            ],
            [
              -89.40461511198049,
              43.07530324197595
            ],
            [
              -89.40463982582901,
              43.07519689753686
            ]
          ]
        ]
      },
      "properties": {
        "building": "university",
        "name": "Bascom Hall",
        "@id": "relation/17672451",
        "addr:street": "Lincoln Drive",
        "addr:housenumber": "500",
        "person_counts": [
          0,
          0,
          0,
          0,
          0,
          0,
          0,
          0,
          0,
          0,
          0,
          0,
          0,
          0,
          0,
          0,
          0,
          0,
          0,
          0,
          0,
          199,
          199,
          199,
          199,
          199,
          199,
          199,
          199,
          199,
          199,
          199,
          199,
          199,
          199,
          199,
          199,
          199,
          199,
          199,
          199,
          199,
          199,
          199,
          199,
          199,
          0,
          0,
          0,
          232,
          232,
          232,
          232,
          232,
          232,
          232,
          232,
          232,
          232,
          232,
          232,
          232,
          232,
          232,
          232,
          232,
          232,
          232,
          232,
          232,
          232,
          232,
          232,
          232,
          0,
          0,
          0,
          0,
          0,
          0,
          0,
          0,
          0,
          0,
          0,
          0,
          0,
          0,
          0,
          0,
          0,
          0,
          0,
          0,
          0,
          0,
          0,
          0,
          0,
          0,
          0,
          0,
          0,
          0,
          0,
          0,
          0,
          0,
          0,
          0,
          0,
          0,
          0,
          0,
          0,
          0,
          0,
          0,
          0,
          0,
          0,
          0,
          0,
          0,
          0,
          0,
          0,
          0,
          0,
          0,
          0,
          0,
          0,
          0,
          0,
          0,
          0,
          0,
          0,
          0,
          0,
          0,
          0,
          0,
          0,
          0,
          0,
          0,
          0,
          0,
          0,
          0,
          0,
          0,
          0,
          0,
          0,
          0,
          0,
          0,
          0,
          0,
          0,
          0,
          0,
          0,
          0,
          0,
          0,
          0,
          0,
          0,
          0,
          0,
          0,
          0,
          0,
          0,
          0,
          0,
          0,
          0,
          0,
          0,
          0
        ],
        "instructor_counts": [
          0,
          0,
          0,
          0,
          0,
          0,
          0,
          0,
          0,
          0,
          0,
          0,
          0,
          0,
          0,
          0,
          0,
          0,
          0,
          0,
          0,
          1,
          1,
          1,
          1,
          1,
          1,
          1,
          1,
          1,
          1,
          1,
          1,
          1,
          1,
          1,
          1,
          1,
          1,
          1,
          1,
          1,
          1,
          1,
          1,
          1,
          0,
          0,
          0,
          1,
          1,
          1,
          1,
          1,
          1,
          1,
          1,
          1,
          1,
          1,
          1,
          1,
          1,
          1,
          1,
          1,
          1,
          1,
          1,
          1,
          1,
          1,
          1,
          1,
          0,
          0,
          0,
          0,
          0,
          0,
          0,
          0,
          0,
          0,
          0,
          0,
          0,
          0,
          0,
          0,
          0,
          0,
          0,
          0,
          0,
          0,
          0,
          0,
          0,
          0,
          0,
          0,
          0,
          0,
          0,
          0,
          0,
          0,
          0,
          0,
          0,
          0,
          0,
          0,
          0,
          0,
          0,
          0,
          0,
          0,
          0,
          0,
          0,
          0,
          0,
          0,
          0,
          0,
          0,
          0,
          0,
          0,
          0,
          0,
          0,
          0,
          0,
          0,
          0,
          0,
          0,
          0,
          0,
          0,
          0,
          0,
          0,
          0,
          0,
          0,
          0,
          0,
          0,
          0,
          0,
          0,
          0,
          0,
          0,
          0,
          0,
          0,
          0,
          0,
          0,
          0,
          0,
          0,
          0,
          0,
          0,
          0,
          0,
          0,
          0,
          0,
          0,
          0,
          0,
          0,
          0,
          0,
          0,
          0,
          0
        ]
      }
    },
    {
      "type": "Feature",
      "geometry": {
        "type": "Polygon",
        "coordinates": [
          [
            [
              -89.41200300367197,
              43.072512636437814
            ],
            [
              -89.41200500367198,
              43.072413636437815
            ],
            [
              -89.41200512474377,
              43.072411884529735
            ],
            [
              -89.4120054159527,
              43.07241015275676
            ],
            [
              -89.41200587452705,
              43.07240845760194
            ],
            [
              -89.4120064961021,
              43.072406815199805
            ],
            [
              -89.41200727476166,
              43.072405241182786
            ],
            [
              -89.41200820309444,
              43.072403750532416
            ],
            [
              -89.41200927226456,
              43.07240235743674
            ],
            [
              -89.4120104720956,
              43.07240107515527
            ],
            [
              -89.41201179116757,
              43.07239991589281
            ],
            [
              -89.41201321692549,
              43.072398890683246
            ],
            [
              -89.41201473579895,
              43.07239800928454
            ],
            [
              -89.41201633333131,
              43.07239728008587
            ],
            [
              -89.41201799431717,
              43.07239671002778
            ],
            [
              -89.41201970294726,
              43.072396304536085
            ],
            [
              -89.41202144295879,
              43.072396067470265
            ],
            [
              -89.41202319779026,
              43.07239600108673
            ],
            [
              -89.4121873998782,
              43.072397805505275
            ],
            [
              -89.4121880044428,
              43.07237060009873
            ],
            [
              -89.41218812865044,
              43.07236885177631
            ],
            [
              -89.41218842230819,
              43.07236712382263
            ],
            [
              -89.41218888263171,
              43.07236543262155
            ],
            [
              -89.41218950525632,
              43.072363794208485
            ],
            [
              -89.41219028427855,
              43.0723622241183
            ],
            [
              -89.41219121231195,
              43.07236073723807
            ],
            [
              -89.41219228055722,
              43.072359347665895
            ],
            [
              -89.41219347888563,
              43.072358068577216
            ],
            [
              -89.41219479593502,
              43.072356912099934
            ],
            [
              -89.41219621921759,
              43.07235588919937
            ],
            [
              -89.41219773523824,
              43.07235500957433
            ],
            [
              -89.41219932962257,
              43.07235428156512
            ],
            [
              -89.41220098725316,
              43.07235371207447
            ],
            [
              -89.41220269241293,
              43.0723533065021
            ],
            [
              -89.41220442893415,
              43.072353068693516
            ],
            [
              -89.41220618035166,
              43.07235300090354
            ],
            [
              -89.41270518035167,
              43.07235800090354
            ],
            [
              -89.41270693249655,
              43.07235810403797
            ],
            [
              -89.41270866626692,
              43.07235837733031
            ],
            [
              -89.41271036517779,
              43.07235881818207
            ],
            [
              -89.4127120130756,
              43.07235942240155
            ],
            [
              -89.41271359429189,
              43.07236018424371
            ],
            [
              -89.41271509379214,
              43.07236109646484
            ],
            [
              -89.41271649731887,
              43.07236215039138
            ],
            [
              -89.41271779152709,
              43.072363336002404
            ],
            [
              -89.41271896411122,
              43.07236464202493
            ],
            [
              -89.41272000392217,
              43.072366056041055
            ],
            [
              -89.41272090107321,
              43.07236756460607
            ],
            [
              -89.41272164703409,
              43.072369153376286
            ],
            [
              -89.41272223471205,
              43.072370807245385
            ],
            [
              -89.41272265851939,
              43.0723725104881
            ],
            [
              -89.41272291442644,
              43.0723742469097
            ],
            [
              -89.412723,
              43.072376
            ],
            [
              -89.412723,
              43.07240319564636
            ],
            [
              -89.41288819670956,
              43.072405001074884
            ],
            [
              -89.41288996912378,
              43.07240510803109
            ],
            [
              -89.41289172237617,
              43.07240538909669
            ],
            [
              -89.41289343940556,
              43.07240584153658
            ],
            [
              -89.4128951035033,
              43.07240646094801
            ],
            [
              -89.4128966984758,
              43.0724072413034
            ],
            [
              -89.41289820880216,
              43.072408175008995
            ],
            [
              -89.41289961978515,
              43.07240925297876
            ],
            [
              -89.41290091769429,
              43.072410464722815
            ],
            [
              -89.41290208989945,
              43.07241179844951
            ],
            [
              -89.4129031249937,
              43.072413241180136
            ],
            [
              -89.41290401290443,
              43.072414778875284
            ],
            [
              -89.41290474499121,
              43.072416396571406
            ],
            [
              -89.41290531413001,
              43.072418078526475
            ],
            [
              -89.41290571478247,
              43.07241980837312
            ],
            [
              -89.41290594304975,
              43.07242156927796
            ],
            [
              -89.41290599671056,
              43.07242334410537
            ],
            [
              -89.412896,
              43.07294617206822
            ],
            [
              -89.412896,
              43.072975
            ],
            [
              -89.41289599423447,
              43.07297545555024
            ],
            [
              -89.41289199423447,
              43.07313345555024
            ],
            [
              -89.41289186548832,
              43.07313519643513
            ],
            [
              -89.41289156871528,
              43.073136916662314
            ],
            [
              -89.41289110670652,
              43.07313860005285
            ],
            [
              -89.41289048380732,
              43.07314023077427
            ],
            [
              -89.41288970587607,
              43.07314179348946
            ],
            [
              -89.41288878022934,
              43.07314327350091
            ],
            [
              -89.41288771557291,
              43.07314465688895
            ],
            [
              -89.41288652192,
              43.07314593064266
            ],
            [
              -89.41288521049705,
              43.073147082782256
            ],
            [
              -89.41288379363813,
              43.07314810247172
            ],
            [
              -89.41288228466898,
              43.07314898012077
            ],
            [
              -89.41288069778159,
              43.073149707475025
            ],
            [
              -89.41287904790083,
              43.07315027769363
            ],
            [
              -89.41287735054401,
              43.073150685413616
            ],
            [
              -89.41287562167494,
              43.07315092680034
            ],
            [
              -89.41287387755385,
              43.07315099958352
            ],
            [
              -89.41274440603641,
              43.0731501188249
            ],
            [
              -89.41274399000834,
              43.073162599666944
            ],
            [
              -89.41274384948026,
              43.07316432294096
            ],
            [
              -89.412743544262,
              43.07316602478212
            ],
            [
              -89.4127430771697,
              43.07316768948817
            ],
            [
              -89.412742452513,
              43.07316930169955
            ],
            [
              -89.41274167605539,
              43.07317084654099
            ],
            [
              -89.41274075496095,
              43.07317230975885
            ],
            [
              -89.41273969772824,
              43.073173677852594
            ],
            [
              -89.41273851411194,
              43.07317493819936
            ],
            [
              -89.41273721503282,
              43.0731760791704
            ],
            [
              -89.41273581247697,
              43.07317709023843
            ],
            [
              -89.41273431938522,
              43.07317796207473
            ],
            [
              -89.41273274953376,
              43.0731786866352
            ],
            [
              -89.41273111740698,
              43.0731792572346
            ],
            [
              -89.41272943806389,
              43.07317966860823
            ],
            [
              -89.41272772699912,
              43.07317991696052
            ],
            [
              -89.412726,
              43.07318
            ],
            [
              -89.412656,
              43.07318
            ],
            [
              -89.41265579311711,
              43.073179998811064
            ],
            [
              -89.41222089655463,
              43.073175
            ],
            [
              -89.412153,
              43.073175
            ],
            [
              -89.41215123569148,
              43.07317491332508
            ],
            [
              -89.41214948837421,
              43.07317465413505
            ],
            [
              -89.41214777487582,
              43.07317422492604
            ],
            [
              -89.41214611169822,
              43.07317362983159
            ],
            [
              -89.41214451485874,
              43.07317287458276
            ],
            [
              -89.4121429997358,
              43.073171966453025
            ],
            [
              -89.41214158092089,
              43.07317091418816
            ],
            [
              -89.41214027207795,
              43.073169727922064
            ],
            [
              -89.41213908581184,
              43.07316841907912
            ],
            [
              -89.41213803354698,
              43.0731670002642
            ],
            [
              -89.41213712541725,
              43.07316548514127
            ],
            [
              -89.41213637016841,
              43.073163888301785
            ],
            [
              -89.41213577507396,
              43.07316222512419
            ],
            [
              -89.41213534586495,
              43.0731605116258
            ],
            [
              -89.41213508667492,
              43.07315876430853
            ],
            [
              -89.412135,
              43.073157
            ],
            [
              -89.412135,
              43.07314387543403
            ],
            [
              -89.41200887500301,
              43.07314299956599
            ],
            [
              -89.41200709479129,
              43.07314289888767
            ],
            [
              -89.41200533327466,
              43.07314262257431
            ],
            [
              -89.41200360773823,
              43.07314217333727
            ],
            [
              -89.41200193511402,
              43.07314155558474
            ],
            [
              -89.41200033181488,
              43.0731407753785
            ],
            [
              -89.41199881357338,
              43.07313984037441
            ],
            [
              -89.41199739528744,
              43.07313875974732
            ],
            [
              -89.41199609087417,
              43.07313754410102
            ],
            [
              -89.4119949131333,
              43.07313620536418
            ],
            [
              -89.41199387362153,
              43.073134756673326
            ],
            [
              -89.41199298253922,
              43.07313321224391
            ],
            [
              -89.41199224863021,
              43.07313158723084
            ],
            [
              -89.41199167909608,
              43.073129897579754
            ],
            [
              -89.41199127952545,
              43.07312815987057
            ],
            [
              -89.41199105383917,
              43.073126391154766
            ],
            [
              -89.4119910042518,
              43.07312460878808
            ],
            [
              -89.41199900320655,
              43.07275665687043
            ],
            [
              -89.41200300241822,
              43.072512704957674
            ],
            [
              -89.41200300367197,
              43.072512636437814
            ]
          ]
        ]
      },
      "properties": {
        "building": "university",
        "name": "Mechanical Engineering Building",
        "@id": "way/56997835",
        "addr:street": "University Avenue",
        "addr:housenumber": "1513",
        "person_counts": [
          0,
          0,
          0,
          0,
          0,
          0,
          0,
          0,
          0,
          0,
          0,
          0,
          0,
          0,
          0,
          0,
          0,
          0,
          0,
          0,
          0,
          61,
          61,
          61,
          61,
          61,
          61,
          61,
          61,
          61,
          61,
          61,
          61,
          61,
          61,
          61,
          61,
          61,
          61,
          61,
          61,
          61,
          61,
          61,
          61,
          61,
          0,
          0,
          0,
          103,
          103,
          103,
          103,
          103,
          103,
          103,
          103,
          103,
          103,
          103,
          103,
          103,
          103,
          103,
          103,
          103,
          103,
          103,
          103,
          103,
          103,
          103,
          103,
          103,
          0,
          0,
          0,
          79,
          79,
          79,
          79,
          79,
          79,
          79,
          79,
          79,
          79,
          79,
          79,
          79,
          79,
          79,
          79,
          79,
          79,
          79,
          79,
          79,
          79,
          79,
          79,
          79,
          0,
          0,
          0,
          55,
          55,
          55,
          55,
          55,
          55,
          55,
          55,
          55,
          55,
          55,
          55,
          55,
          55,
          55,
          55,
          55,
          55,
          55,
          55,
          55,
          55,
          55,
          55,
          55,
          0,
          0,
          0,
          52,
          52,
          52,
          52,
          52,
          52,
          52,
          52,
          52,
          52,
          52,
          52,
          52,
          52,
          52,
          52,
          52,
          52,
          52,
          52,
          52,
          52,
          52,
          52,
          52,
          0,
          0,
          0,
          22,
          22,
          22,
          22,
          22,
          22,
          22,
          22,
          22,
          22,
          22,
          22,
          22,
          22,
          22,
          22,
          22,
          22,
          22,
          22,
          22,
          22,
          22,
          22
        ],
        "instructor_counts": [
          0,
          0,
          0,
          0,
          0,
          0,
          0,
          0,
          0,
          0,
          0,
          0,
          0,
          0,
          0,
          0,
          0,
          0,
          0,
          0,
          0,
          13,
          13,
          13,
          13,
          13,
          13,
          13,
          13,
          13,
          13,
          13,
          13,
          13,
          13,
          13,
          13,
          13,
          13,
          13,
          13,
          13,
          13,
          13,
          13,
          13,
          0,
          0,
          0,
          5,
          5,
          5,
          5,
          5,
          5,
          5,
          5,
          5,
          5,
          5,
          5,
          5,
          5,
          5,
          5,
          5,
          5,
          5,
          5,
          5,
          5,
          5,
          5,
          5,
          0,
          0,
          0,
          5,
          5,
          5,
          5,
          5,
          5,
          5,
          5,
          5,
          5,
          5,
          5,
          5,
          5,
          5,
          5,
          5,
          5,
          5,
          5,
          5,
          5,
          5,
          5,
          5,
          0,
          0,
          0,
          5,
          5,
          5,
          5,
          5,
          5,
          5,
          5,
          5,
          5,
          5,
          5,
          5,
          5,
          5,
          5,
          5,
          5,
          5,
          5,
          5,
          5,
          5,
          5,
          5,
          0,
          0,
          0,
          4,
          4,
          4,
          4,
          4,
          4,
          4,
          4,
          4,
          4,
          4,
          4,
          4,
          4,
          4,
          4,
          4,
          4,
          4,
          4,
          4,
          4,
          4,
          4,
          4,
          0,
          0,
          0,
          1,
          1,
          1,
          1,
          1,
          1,
          1,
          1,
          1,
          1,
          1,
          1,
          1,
          1,
          1,
          1,
          1,
          1,
          1,
          1,
          1,
          1,
          1,
          1
        ]
      }
    },
    {
      "type": "Feature",
      "geometry": {
        "type": "Polygon",
        "coordinates": [
          [
            [
              -89.400347,
              43.072934999999994
            ],
            [
              -89.40032869233036,
              43.072934999999994
            ],
            [
              -89.40032799732522,
              43.07297531029871
            ],
            [
              -89.40032788247166,
              43.07297705358409
            ],
            [
              -89.40032759915665,
              43.072978777523716
            ],
            [
              -89.40032715004915,
              43.072980465877265
            ],
            [
              -89.40032653937998,
              43.07298210273963
            ],
            [
              -89.40032577290191,
              43.07298367269079
            ],
            [
              -89.40032485783556,
              43.07298516094104
            ],
            [
              -89.40032380280127,
              43.07298655347036
            ],
            [
              -89.40032261773798,
              43.07298783716045
            ],
            [
              -89.40032131380956,
              43.07298899991834
            ],
            [
              -89.40031990329962,
              43.07299003079029
            ],
            [
              -89.40031839949586,
              43.07299092006499
            ],
            [
              -89.40031681656482,
              43.07299165936505
            ],
            [
              -89.40031516941848,
              43.07299224172591
            ],
            [
              -89.40031347357375,
              43.07299266166146
            ],
            [
              -89.40031174500628,
              43.072992915215686
            ],
            [
              -89.40031,
              43.072993
            ],
            [
              -89.400171,
              43.072993
            ],
            [
              -89.400171,
              43.072998
            ],
            [
              -89.40017091217268,
              43.07299977597005
            ],
            [
              -89.40017064954782,
              43.07300153460913
            ],
            [
              -89.40017021468825,
              43.07300325875542
            ],
            [
              -89.40016961183758,
              43.07300493158366
            ],
            [
              -89.4001688468788,
              43.07300653676943
            ],
            [
              -89.40016792727683,
              43.07300805864835
            ],
            [
              -89.40016686200568,
              43.073009482369045
            ],
            [
              -89.40016566146087,
              43.073010794038005
            ],
            [
              -89.40016433735808,
              43.07301198085519
            ],
            [
              -89.40016290261865,
              43.073013031238936
            ],
            [
              -89.40016137124361,
              43.073013934938984
            ],
            [
              -89.40015975817704,
              43.073014683136485
            ],
            [
              -89.40015807916019,
              43.07301526853009
            ],
            [
              -89.4001563505779,
              43.07301568540719
            ],
            [
              -89.4001545892987,
              43.07301592969965
            ],
            [
              -89.40015281251017,
              43.07301599902352
            ],
            [
              -89.40005681251017,
              43.07301499902352
            ],
            [
              -89.4000550608499,
              43.073014895242295
            ],
            [
              -89.40005332761802,
              43.07301462139639
            ],
            [
              -89.40005162928607,
              43.07301418008824
            ],
            [
              -89.40004998199387,
              43.07301357551176
            ],
            [
              -89.40004840139623,
              43.07301281341245
            ],
            [
              -89.40004690251409,
              43.07301190103279
            ],
            [
              -89.40004549959187,
              43.07301084704346
            ],
            [
              -89.400044205962,
              43.07300966146088
            ],
            [
              -89.40004303391831,
              43.07300835555204
            ],
            [
              -89.40004199459914,
              43.073006941727456
            ],
            [
              -89.40004109788148,
              43.0730054334232
            ],
            [
              -89.40004035228719,
              43.07300384497319
            ],
            [
              -89.40003976490186,
              43.07300219147303
            ],
            [
              -89.40003934130766,
              43.0730004886365
            ],
            [
              -89.40003908553012,
              43.07299875264626
            ],
            [
              -89.400039,
              43.072997
            ],
            [
              -89.400039,
              43.07299
            ],
            [
              -89.399897,
              43.07299
            ],
            [
              -89.399896899723,
              43.072989999720676
            ],
            [
              -89.399555844637,
              43.07298809969234
            ],
            [
              -89.39955499933119,
              43.073086155166656
            ],
            [
              -89.39955489813246,
              43.073087912290276
            ],
            [
              -89.39955462581187,
              43.07308965113072
            ],
            [
              -89.39955418497304,
              43.07309135506315
            ],
            [
              -89.39955357983078,
              43.073093007796466
            ],
            [
              -89.39955281617077,
              43.0730945935291
            ],
            [
              -89.39955190129426,
              43.07309609710004
            ],
            [
              -89.3995508439483,
              43.07309750413384
            ],
            [
              -89.39954965424204,
              43.07309880117801
            ],
            [
              -89.3995483435501,
              43.07309997583168
            ],
            [
              -89.39954692440385,
              43.07310101686412
            ],
            [
              -89.3995454103716,
              43.07310191432215
            ],
            [
              -89.3995438159288,
              43.073102659625285
            ],
            [
              -89.39954215631974,
              43.073103245647765
            ],
            [
              -89.39954044741172,
              43.07310366678671
            ],
            [
              -89.39953870554343,
              43.073103919015644
            ],
            [
              -89.39953694736865,
              43.073103999923056
            ],
            [
              -89.39919494736866,
              43.07310299992305
            ],
            [
              -89.39919317774617,
              43.07310290752331
            ],
            [
              -89.39919142578438,
              43.07310264156973
            ],
            [
              -89.39918970846271,
              43.073102204639866
            ],
            [
              -89.39918804242487,
              43.07310160096829
            ],
            [
              -89.39918644381757,
              43.073100836405594
            ],
            [
              -89.39918492813398,
              43.073099918361656
            ],
            [
              -89.3991835100636,
              43.07309885573387
            ],
            [
              -89.39918220334988,
              43.07309765882086
            ],
            [
              -89.39918102065711,
              43.07309633922273
            ],
            [
              -89.39917997344753,
              43.07309490972858
            ],
            [
              -89.39917907187035,
              43.0730933841926
            ],
            [
              -89.39917832466337,
              43.07309177739979
            ],
            [
              -89.39917773906826,
              43.07309010492264
            ],
            [
              -89.39917732076043,
              43.07308838297026
            ],
            [
              -89.39917707379396,
              43.07308662823125
            ],
            [
              -89.3991770005624,
              43.073084857711954
            ],
            [
              -89.3991790005624,
              43.072831857711954
            ],
            [
              -89.39917910024185,
              43.07283010298705
            ],
            [
              -89.39917937057646,
              43.07282836634814
            ],
            [
              -89.39917980898889,
              43.07282666435224
            ],
            [
              -89.39918041129933,
              43.072825013226065
            ],
            [
              -89.39918117176539,
              43.07282342871136
            ],
            [
              -89.39918208313684,
              43.072821925914766
            ],
            [
              -89.3991831367247,
              43.072820519163876
            ],
            [
              -89.39918432248417,
              43.07281922187054
            ],
            [
              -89.39918562911026,
              43.072818046403086
            ],
            [
              -89.3991870441457,
              43.072817003968346
            ],
            [
              -89.39918855409964,
              43.07281610450482
            ],
            [
              -89.39919014457624,
              43.07281535658794
            ],
            [
              -89.39919180041203,
              43.07281476734829
            ],
            [
              -89.39919350582035,
              43.07281434240365
            ],
            [
              -89.39919524454196,
              43.072814085805426
            ],
            [
              -89.399197,
              43.072814
            ],
            [
              -89.399277,
              43.072814
            ],
            [
              -89.399277,
              43.07279
            ],
            [
              -89.39927700114897,
              43.07278979662315
            ],
            [
              -89.399279,
              43.072612898307526
            ],
            [
              -89.399279,
              43.072576
            ],
            [
              -89.39927908667492,
              43.07257423569147
            ],
            [
              -89.39927934586495,
              43.0725724883742
            ],
            [
              -89.39927977507396,
              43.07257077487581
            ],
            [
              -89.39928037016841,
              43.072569111698215
            ],
            [
              -89.39928112541725,
              43.07256751485873
            ],
            [
              -89.39928203354698,
              43.0725659997358
            ],
            [
              -89.39928308581185,
              43.07256458092088
            ],
            [
              -89.39928427207795,
              43.072563272077936
            ],
            [
              -89.39928558092089,
              43.07256208581184
            ],
            [
              -89.3992869997358,
              43.072561033546975
            ],
            [
              -89.39928851485874,
              43.07256012541724
            ],
            [
              -89.39929011169822,
              43.07255937016841
            ],
            [
              -89.39929177487582,
              43.07255877507396
            ],
            [
              -89.39929348837421,
              43.07255834586495
            ],
            [
              -89.39929523569148,
              43.07255808667492
            ],
            [
              -89.399297,
              43.072558
            ],
            [
              -89.39951926665194,
              43.072558
            ],
            [
              -89.39952000200458,
              43.0725087313732
            ],
            [
              -89.399520114972,
              43.07250696879996
            ],
            [
              -89.39952040013397,
              43.07250522578283
            ],
            [
              -89.39952085474494,
              43.07250351910333
            ],
            [
              -89.39952147442798,
              43.07250186519312
            ],
            [
              -89.3995222532169,
              43.07250027997582
            ],
            [
              -89.39952318361361,
              43.07249877871368
            ],
            [
              -89.39952425666038,
              43.07249737586063
            ],
            [
              -89.39952546202609,
              43.07249608492315
            ],
            [
              -89.39952678810562,
              43.0724949183302
            ],
            [
              -89.39952822213169,
              43.07249388731356
            ],
            [
              -89.39952975029769,
              43.072493001799735
            ],
            [
              -89.39953135789065,
              43.07249227031431
            ],
            [
              -89.3995330294329,
              43.07249169989992
            ],
            [
              -89.39953474883106,
              43.07249129604845
            ],
            [
              -89.39953649953101,
              43.072491062648105
            ],
            [
              -89.39953826467728,
              43.07249100194605
            ],
            [
              -89.39965652924178,
              43.07249274113082
            ],
            [
              -89.39965700778042,
              43.07247647081707
            ],
            [
              -89.39965714669418,
              43.07247470664631
            ],
            [
              -89.3996574581676,
              43.072472964641776
            ],
            [
              -89.39965793919016,
              43.072471261640665
            ],
            [
              -89.3996585851126,
              43.07246961410319
            ],
            [
              -89.39965938969179,
              43.072468037953506
            ],
            [
              -89.39966034515112,
              43.072466548425744
            ],
            [
              -89.3996614422557,
              43.07246515991682
            ],
            [
              -89.39966267040157,
              43.07246388584725
            ],
            [
              -89.39966401771814,
              43.07246273853145
            ],
            [
              -89.39966547118307,
              43.07246172905871
            ],
            [
              -89.399667016748,
              43.072460867186
            ],
            [
              -89.39966863947438,
              43.0724601612437
            ],
            [
              -89.39967032367792,
              43.07245961805501
            ],
            [
              -89.39967205308007,
              43.07245924287008
            ],
            [
              -89.39967381096542,
              43.07245903931525
            ],
            [
              -89.3996755803433,
              43.07245900935794
            ],
            [
              -89.3996883884653,
              43.07245942252317
            ],
            [
              -89.39969400401571,
              43.07219361980315
            ],
            [
              -89.39969412679545,
              43.072191867264834
            ],
            [
              -89.39969441983762,
              43.07219013504322
            ],
            [
              -89.39969488035067,
              43.07218843963968
            ],
            [
              -89.39969550394768,
              43.07218679720485
            ],
            [
              -89.39969628468819,
              43.07218522338476
            ],
            [
              -89.39969721513478,
              43.07218373317183
            ],
            [
              -89.39969828642388,
              43.07218234076202
            ],
            [
              -89.39969948835027,
              43.0721810594196
            ],
            [
              -89.39970080946422,
              43.07217990135081
            ],
            [
              -89.39970223718066,
              43.07217887758755
            ],
            [
              -89.39970375789895,
              43.07217799788232
            ],
            [
              -89.39970535713256,
              43.072177270615306
            ],
            [
              -89.39970701964697,
              43.07217670271456
            ],
            [
              -89.39970872960485,
              43.07217629958996
            ],
            [
              -89.39971047071695,
              43.072176065081734
            ],
            [
              -89.39971222639718,
              43.07217600142383
            ],
            [
              -89.39985300000001,
              43.07217777216096
            ],
            [
              -89.39985300000001,
              43.072173
            ],
            [
              -89.3998530879643,
              43.07217122264885
            ],
            [
              -89.39985335099746,
              43.072169462669194
            ],
            [
              -89.39985378652864,
              43.07216773726274
            ],
            [
              -89.39985439030103,
              43.07216606329329
            ],
            [
              -89.39985515641348,
              43.0721644571219
            ],
            [
              -89.39985607737816,
              43.072162934446986
            ],
            [
              -89.39985714419373,
              43.07216151015089
            ],
            [
              -89.39985834643333,
              43.07216019815441
            ],
            [
              -89.39985967234651,
              43.072159011280746
            ],
            [
              -89.39986110897404,
              43.07215796113019
            ],
            [
              -89.39986264227457,
              43.072157057966706
            ],
            [
              -89.39986425726194,
              43.07215631061764
            ],
            [
              -89.39986593815156,
              43.07215572638746
            ],
            [
              -89.39986766851473,
              43.0721553109863
            ],
            [
              -89.39986943143921,
              43.07215506847421
            ],
            [
              -89.39987120969451,
              43.07215500122148
            ],
            [
              -89.4003862096945,
              43.07216100122148
            ],
            [
              -89.40038797032933,
              43.072161108163804
            ],
            [
              -89.40038971204369,
              43.072161386915894
            ],
            [
              -89.40039141811245,
              43.07216183480098
            ],
            [
              -89.40039307215275,
              43.07216244751815
            ],
            [
              -89.40039465828137,
              43.07216321918368
            ],
            [
              -89.40039616126718,
              43.0721641423875
            ],
            [
              -89.4003975666775,
              43.07216520826437
            ],
            [
              -89.40039886101658,
              43.07216640657901
            ],
            [
              -89.40040003185533,
              43.07216772582437
            ],
            [
              -89.4004010679505,
              43.07216915333215
            ],
            [
              -89.4004019593528,
              43.072170675394425
            ],
            [
              -89.40040269750239,
              43.07217227739531
            ],
            [
              -89.40040327531104,
              43.07217394395129
            ],
            [
              -89.40040368723022,
              43.072175659058935
            ],
            [
              -89.4004039293044,
              43.072177406248606
            ],
            [
              -89.40040399920903,
              43.07217916874258
            ],
            [
              -89.40040099920904,
              43.07249916874258
            ],
            [
              -89.40040089712728,
              43.07250092167508
            ],
            [
              -89.40040062473597,
              43.07250265632086
            ],
            [
              -89.40040018462717,
              43.07250435617299
            ],
            [
              -89.40039958098899,
              43.07250600505563
            ],
            [
              -89.40039881956565,
              43.07250758727797
            ],
            [
              -89.40039790760288,
              43.07250908778353
            ],
            [
              -89.40039685377896,
              43.07251049229346
            ],
            [
              -89.40039566812207,
              43.0725117874424
            ],
            [
              -89.40039436191499,
              43.07251296090569
            ],
            [
              -89.40039294758762,
              43.072514001516616
            ],
            [
              -89.40039143859872,
              43.072514899372685
            ],
            [
              -89.40038984930789,
              43.07251564592988
            ],
            [
              -89.40038819483884,
              43.07251623408395
            ],
            [
              -89.40038649093556,
              43.072516658237994
            ],
            [
              -89.40038475381245,
              43.07251691435575
            ],
            [
              -89.400383,
              43.072517
            ],
            [
              -89.40036787127698,
              43.072517
            ],
            [
              -89.40036499953642,
              43.072917129183274
            ],
            [
              -89.4003649010488,
              43.07291888479486
            ],
            [
              -89.40036463173479,
              43.0729206224202
            ],
            [
              -89.40036419416441,
              43.07292232547746
            ],
            [
              -89.4003635925133,
              43.072923977714666
            ],
            [
              -89.40036283252293,
              43.07292556336484
            ],
            [
              -89.40036192144574,
              43.07292706729642
            ],
            [
              -89.40036086797593,
              43.07292847515765
            ],
            [
              -89.40035968216662,
              43.072929773513586
            ],
            [
              -89.40035837533375,
              43.07293094997426
            ],
            [
              -89.40035695994818,
              43.072931993312906
            ],
            [
              -89.40035544951668,
              43.07293289357316
            ],
            [
              -89.400353858453,
              43.07293364216399
            ],
            [
              -89.40035220194038,
              43.07293423194174
            ],
            [
              -89.40035049578661,
              43.07293465727827
            ],
            [
              -89.4003487562732,
              43.07293491411467
            ],
            [
              -89.400347,
              43.072934999999994
            ]
          ]
        ]
      },
      "properties": {
        "building": "university",
        "name": "Vilas Communication Hall",
        "@id": "way/153060489",
        "addr:street": "University Avenue",
        "addr:housenumber": "821",
        "person_counts": [
          0,
          0,
          0,
          0,
          0,
          0,
          0,
          0,
          0,
          0,
          0,
          0,
          0,
          0,
          0,
          0,
          0,
          0,
          0,
          0,
          0,
          30,
          30,
          30,
          30,
          30,
          30,
          30,
          30,
          30,
          30,
          30,
          30,
          30,
          30,
          30,
          30,
          30,
          30,
          30,
          30,
          30,
          30,
          30,
          30,
          30,
          0,
          0,
          0,
          1,
          1,
          1,
          1,
          1,
          1,
          1,
          1,
          1,
          1,
          1,
          1,
          1,
          1,
          1,
          1,
          1,
          1,
          1,
          1,
          1,
          1,
          1,
          1,
          1,
          0,
          0,
          0,
          39,
          39,
          39,
          39,
          39,
          39,
          39,
          39,
          39,
          39,
          39,
          39,
          39,
          39,
          39,
          39,
          39,
          39,
          39,
          39,
          39,
          39,
          39,
          39,
          39,
          0,
          0,
          0,
          0,
          0,
          0,
          0,
          0,
          0,
          0,
          0,
          0,
          0,
          0,
          0,
          0,
          0,
          0,
          0,
          0,
          0,
          0,
          0,
          0,
          0,
          0,
          0,
          0,
          0,
          0,
          0,
          0,
          0,
          0,
          0,
          0,
          0,
          0,
          0,
          0,
          0,
          0,
          0,
          0,
          0,
          0,
          0,
          0,
          0,
          0,
          0,
          0,
          0,
          0,
          0,
          0,
          0,
          0,
          0,
          0,
          0,
          0,
          0,
          0,
          0,
          0,
          0,
          0,
          0,
          0,
          0,
          0,
          0,
          0,
          0,
          0,
          0,
          0,
          0,
          0,
          0,
          0,
          0
        ],
        "instructor_counts": [
          0,
          0,
          0,
          0,
          0,
          0,
          0,
          0,
          0,
          0,
          0,
          0,
          0,
          0,
          0,
          0,
          0,
          0,
          0,
          0,
          0,
          2,
          2,
          2,
          2,
          2,
          2,
          2,
          2,
          2,
          2,
          2,
          2,
          2,
          2,
          2,
          2,
          2,
          2,
          2,
          2,
          2,
          2,
          2,
          2,
          2,
          0,
          0,
          0,
          1,
          1,
          1,
          1,
          1,
          1,
          1,
          1,
          1,
          1,
          1,
          1,
          1,
          1,
          1,
          1,
          1,
          1,
          1,
          1,
          1,
          1,
          1,
          1,
          1,
          0,
          0,
          0,
          1,
          1,
          1,
          1,
          1,
          1,
          1,
          1,
          1,
          1,
          1,
          1,
          1,
          1,
          1,
          1,
          1,
          1,
          1,
          1,
          1,
          1,
          1,
          1,
          1,
          0,
          0,
          0,
          0,
          0,
          0,
          0,
          0,
          0,
          0,
          0,
          0,
          0,
          0,
          0,
          0,
          0,
          0,
          0,
          0,
          0,
          0,
          0,
          0,
          0,
          0,
          0,
          0,
          0,
          0,
          0,
          0,
          0,
          0,
          0,
          0,
          0,
          0,
          0,
          0,
          0,
          0,
          0,
          0,
          0,
          0,
          0,
          0,
          0,
          0,
          0,
          0,
          0,
          0,
          0,
          0,
          0,
          0,
          0,
          0,
          0,
          0,
          0,
          0,
          0,
          0,
          0,
          0,
          0,
          0,
          0,
          0,
          0,
          0,
          0,
          0,
          0,
          0,
          0,
          0,
          0,
          0,
          0
        ]
      }
    },
    {
      "type": "Feature",
      "geometry": {
        "type": "Polygon",
        "coordinates": [
          [
            [
              -89.4112647926405,
              43.07213899880558
            ],
            [
              -89.410849,
              43.07213420856778
            ],
            [
              -89.410849,
              43.072146
            ],
            [
              -89.41084891182867,
              43.07214777943647
            ],
            [
              -89.41084864817843,
              43.072149541440126
            ],
            [
              -89.41084821163224,
              43.072151268748954
            ],
            [
              -89.41084760646687,
              43.07215294444081
            ],
            [
              -89.410846838611,
              43.07215455209926
            ],
            [
              -89.41084591558716,
              43.07215607597438
            ],
            [
              -89.41084484643807,
              43.07215750113702
            ],
            [
              -89.41084364163798,
              43.072158813625144
            ],
            [
              -89.41084231299008,
              43.07216000058054
            ],
            [
              -89.4108408735109,
              43.072161050374824
            ],
            [
              -89.41083933730276,
              43.07216195272336
            ],
            [
              -89.4108377194156,
              43.072162698786
            ],
            [
              -89.41083603569956,
              43.072163281253715
            ],
            [
              -89.41083430264969,
              43.07216369442016
            ],
            [
              -89.41083253724437,
              43.072163934237636
            ],
            [
              -89.41083075677896,
              43.072163998356686
            ],
            [
              -89.41077448626133,
              43.07216323794429
            ],
            [
              -89.41077399265757,
              43.07218051407593
            ],
            [
              -89.41077385821892,
              43.07218225477661
            ],
            [
              -89.41077355577451,
              43.072183974264895
            ],
            [
              -89.41077308816969,
              43.07218565636427
            ],
            [
              -89.41077245980357,
              43.07218728524996
            ],
            [
              -89.41077167658763,
              43.0721888455978
            ],
            [
              -89.4107707458902,
              43.07219032272843
            ],
            [
              -89.41076967646705,
              43.07219170274536
            ],
            [
              -89.41076847837907,
              43.072192972665725
            ],
            [
              -89.41076716289754,
              43.072194120542434
            ],
            [
              -89.41076574239821,
              43.07219513557654
            ],
            [
              -89.41076423024478,
              43.07219600821886
            ],
            [
              -89.41076264066324,
              43.07219673025977
            ],
            [
              -89.41076098860795,
              43.0721972949065
            ],
            [
              -89.41075928962107,
              43.07219769684699
            ],
            [
              -89.41075755968623,
              43.07219793229988
            ],
            [
              -89.41075581507826,
              43.07219799905009
            ],
            [
              -89.40987981507826,
              43.072188999050084
            ],
            [
              -89.4098780632436,
              43.07218889550152
            ],
            [
              -89.40987632981798,
              43.07218862185472
            ],
            [
              -89.40987463127773,
              43.07218818071073
            ],
            [
              -89.40987298376766,
              43.07218757626265
            ],
            [
              -89.40987140294743,
              43.072186814255815
            ],
            [
              -89.40986990384292,
              43.07218590193317
            ],
            [
              -89.40986850070323,
              43.072184847966405
            ],
            [
              -89.40986720686529,
              43.07218366237356
            ],
            [
              -89.40986603462717,
              43.07218235642381
            ],
            [
              -89.40986499513109,
              43.0721809425303
            ],
            [
              -89.40986409825753,
              43.07217943413222
            ],
            [
              -89.40986335253135,
              43.072177845567005
            ],
            [
              -89.40986276504076,
              43.072176191934105
            ],
            [
              -89.40986234136987,
              43.07217448895144
            ],
            [
              -89.40986208554575,
              43.072172752806004
            ],
            [
              -89.409862,
              43.072171
            ],
            [
              -89.409862,
              43.07215373724038
            ],
            [
              -89.40981173532273,
              43.07215299805395
            ],
            [
              -89.40980998891794,
              43.072152887301336
            ],
            [
              -89.40980826152034,
              43.072152607491866
            ],
            [
              -89.40980656945594,
              43.0721521612701
            ],
            [
              -89.40980492871681,
              43.07215155285335
            ],
            [
              -89.40980335480994,
              43.07215078799192
            ],
            [
              -89.40980186261068,
              43.072149873914675
            ],
            [
              -89.40980046622214,
              43.072148819260775
            ],
            [
              -89.4097991788419,
              43.072147633997965
            ],
            [
              -89.40979801263724,
              43.07214632932845
            ],
            [
              -89.40979697863027,
              43.07214491758293
            ],
            [
              -89.40979608659359,
              43.07214341210415
            ],
            [
              -89.40979534495803,
              43.072141827120696
            ],
            [
              -89.40979476073298,
              43.07214017761262
            ],
            [
              -89.40979433944005,
              43.07213847916977
            ],
            [
              -89.409794085061,
              43.07213674784452
            ],
            [
              -89.409794,
              43.072135
            ],
            [
              -89.409794,
              43.072123797531745
            ],
            [
              -89.40936979639311,
              43.07211899884842
            ],
            [
              -89.40936802938356,
              43.07211889180458
            ],
            [
              -89.40936628143413,
              43.07211861170826
            ],
            [
              -89.40936456945128,
              43.07211816126863
            ],
            [
              -89.40936290999359,
              43.07211754484238
            ],
            [
              -89.40936131911161,
              43.0721167683917
            ],
            [
              -89.4093598121926,
              43.07211583942656
            ],
            [
              -89.40935840381174,
              43.072114766932046
            ],
            [
              -89.4093571075911,
              43.07211356128151
            ],
            [
              -89.40935593606797,
              43.0721122341362
            ],
            [
              -89.40935490057349,
              43.07211079833248
            ],
            [
              -89.40935401112314,
              43.07210926775768
            ],
            [
              -89.40935327631983,
              43.072107657215774
            ],
            [
              -89.4093527032707,
              43.072105982284185
            ],
            [
              -89.40935229751837,
              43.072104259163126
            ],
            [
              -89.40935206298734,
              43.07210250451891
            ],
            [
              -89.40935200194605,
              43.072100735322735
            ],
            [
              -89.40935400194606,
              43.07196473532273
            ],
            [
              -89.40935411431059,
              43.07196297463238
            ],
            [
              -89.40935439850229,
              43.07196123339966
            ],
            [
              -89.40935485179094,
              43.071959528352544
            ],
            [
              -89.40935546982182,
              43.07195787587134
            ],
            [
              -89.40935624665752,
              43.071956291831384
            ],
            [
              -89.40935717483502,
              43.07195479145049
            ],
            [
              -89.40935824543735,
              43.071953389142756
            ],
            [
              -89.40935944817925,
              43.071952098380116
            ],
            [
              -89.40936077150604,
              43.07195093156287
            ],
            [
              -89.40936220270457,
              43.07194989990059
            ],
            [
              -89.40936372802537,
              43.07194901330442
            ],
            [
              -89.40936533281473,
              43.071948280291856
            ],
            [
              -89.40936700165548,
              43.071947707904926
            ],
            [
              -89.40936871851517,
              43.071947301642524
            ],
            [
              -89.40937046689996,
              43.071947065407606
            ],
            [
              -89.40937223001318,
              43.071947001469674
            ],
            [
              -89.40966739480437,
              43.07195077354368
            ],
            [
              -89.40966960566652,
              43.07184981083915
            ],
            [
              -89.40930081396343,
              43.071845999038594
            ],
            [
              -89.40929903874535,
              43.0718458928332
            ],
            [
              -89.40929728267176,
              43.07184561196953
            ],
            [
              -89.40929556288434,
              43.071845159189174
            ],
            [
              -89.40929389617052,
              43.0718445389119
            ],
            [
              -89.40929229879971,
              43.07184375719244
            ],
            [
              -89.4092907863644,
              43.071842821661434
            ],
            [
              -89.409289373628,
              43.071841741450946
            ],
            [
              -89.40928807438074,
              43.07184052710529
            ],
            [
              -89.40928690130504,
              43.07183919047811
            ],
            [
              -89.40928586585169,
              43.07183774461671
            ],
            [
              -89.40928497812813,
              43.071836203634646
            ],
            [
              -89.40928424679973,
              43.071834582574006
            ],
            [
              -89.40928367900526,
              43.071832897258524
            ],
            [
              -89.40928328028716,
              43.07183116413917
            ],
            [
              -89.40928305453745,
              43.07182940013353
            ],
            [
              -89.40928300395977,
              43.07182762246069
            ],
            [
              -89.40928600395978,
              43.071684622460694
            ],
            [
              -89.40928612620554,
              43.07168287221438
            ],
            [
              -89.40928641826926,
              43.07168114218405
            ],
            [
              -89.40928687737603,
              43.07167944880661
            ],
            [
              -89.40928749916391,
              43.071677808170755
            ],
            [
              -89.40928827772531,
              43.071676235864075
            ],
            [
              -89.4092892056632,
              43.07167474682496
            ],
            [
              -89.40929027416125,
              43.07167335520071
            ],
            [
              -89.40929147306775,
              43.07167207421305
            ],
            [
              -89.40929279099194,
              43.07167091603258
            ],
            [
              -89.4092942154123,
              43.07166989166311
            ],
            [
              -89.4092957327955,
              43.07166901083712
            ],
            [
              -89.40929732872495,
              43.07166828192329
            ],
            [
              -89.4092989880378,
              43.07166771184698
            ],
            [
              -89.40930069496905,
              43.071667306024466
            ],
            [
              -89.4093024333012,
              43.071667068311434
            ],
            [
              -89.40930418651848,
              43.07166700096639
            ],
            [
              -89.40967227345918,
              43.071670815338834
            ],
            [
              -89.40967372781456,
              43.07157482788315
            ],
            [
              -89.40937482966062,
              43.07157199919399
            ],
            [
              -89.40937305599739,
              43.07157189471581
            ],
            [
              -89.40937130127499,
              43.07157161588582
            ],
            [
              -89.40936958258999,
              43.07157116542073
            ],
            [
              -89.4093679166879,
              43.0715705477095
            ],
            [
              -89.40936631979994,
              43.07156976877063
            ],
            [
              -89.40936480748492,
              43.07156883619346
            ],
            [
              -89.40936339447761,
              43.07156775906429
            ],
            [
              -89.40936209454523,
              43.071566547877794
            ],
            [
              -89.40936092035328,
              43.07156521443481
            ],
            [
              -89.40935988334215,
              43.07156377172735
            ],
            [
              -89.40935899361564,
              43.07156223381199
            ],
            [
              -89.40935825984255,
              43.071560615672944
            ],
            [
              -89.40935768917215,
              43.071558933076076
            ],
            [
              -89.40935728716464,
              43.071557202415256
            ],
            [
              -89.40935705773681,
              43.071555440552665
            ],
            [
              -89.40935700312406,
              43.07155366465448
            ],
            [
              -89.40936000312406,
              43.07139266465448
            ],
            [
              -89.40936012159243,
              43.07139091132991
            ],
            [
              -89.4093604104675,
              43.07138917791334
            ],
            [
              -89.4093608669959,
              43.0713874809267
            ],
            [
              -89.40936148682623,
              43.0713858365447
            ],
            [
              -89.40936226405064,
              43.07138426044064
            ],
            [
              -89.4093631912611,
              43.07138276763703
            ],
            [
              -89.40936425961993,
              43.07138137236243
            ],
            [
              -89.40936545894418,
              43.07138008791579
            ],
            [
              -89.40936677780256,
              43.071378926539715
            ],
            [
              -89.40936820362447,
              43.071377899303776
            ],
            [
              -89.4093697228198,
              43.071377015999
            ],
            [
              -89.40937132090848,
              43.07137628504453
            ],
            [
              -89.4093729826584,
              43.07137571340741
            ],
            [
              -89.40937469223074,
              43.07137530653616
            ],
            [
              -89.40937643333085,
              43.071375068308846
            ],
            [
              -89.40937818936354,
              43.0713750009961
            ],
            [
              -89.41127918936353,
              43.0713950009961
            ],
            [
              -89.41128096240098,
              43.07139510729248
            ],
            [
              -89.4112827163295,
              43.0713953878197
            ],
            [
              -89.41128443407014,
              43.071395839846105
            ],
            [
              -89.41128609889633,
              43.07139645897008
            ],
            [
              -89.41128769459678,
              43.071397239162884
            ],
            [
              -89.41128920563332,
              43.07139817282736
            ],
            [
              -89.41129061729215,
              43.07139925087193
            ],
            [
              -89.41129191582722,
              43.071400462799076
            ],
            [
              -89.411293088594,
              43.07140179680764
            ],
            [
              -89.41129412417261,
              43.07140323990767
            ],
            [
              -89.41129501247912,
              43.07140477804691
            ],
            [
              -89.41129574486355,
              43.071406396247696
            ],
            [
              -89.41129631419433,
              43.07140807875274
            ],
            [
              -89.41129671492756,
              43.0714098091786
            ],
            [
              -89.4112969431611,
              43.071411570675174
            ],
            [
              -89.41129699667252,
              43.071413346089855
            ],
            [
              -89.41129399667253,
              43.07156934608985
            ],
            [
              -89.41129387762544,
              43.07157109535407
            ],
            [
              -89.41129358895624,
              43.071572824737665
            ],
            [
              -89.41129313340382,
              43.07157451783232
            ],
            [
              -89.41129251529043,
              43.07157615857402
            ],
            [
              -89.4112917404807,
              43.07157773139549
            ],
            [
              -89.41129081632599,
              43.07157922137388
            ],
            [
              -89.41128975159465,
              43.07158061437233
            ],
            [
              -89.41128855638878,
              43.07158189717413
            ],
            [
              -89.41128724204847,
              43.07158305760812
            ],
            [
              -89.4112858210441,
              43.07158408466415
            ],
            [
              -89.41128430685811,
              43.07158496859757
            ],
            [
              -89.411282713857,
              43.07158570102164
            ],
            [
              -89.41128105715514,
              43.07158627498717
            ],
            [
              -89.41127935247121,
              43.071586685048395
            ],
            [
              -89.41127761597919,
              43.07158692731467
            ],
            [
              -89.41127586415482,
              43.07158699948738
            ],
            [
              -89.41102860148048,
              43.07158513335399
            ],
            [
              -89.41102639989187,
              43.07168420484122
            ],
            [
              -89.41127620147992,
              43.07168700112765
            ],
            [
              -89.4112779759794,
              43.071687108786925
            ],
            [
              -89.41127973120429,
              43.071687390964975
            ],
            [
              -89.41128145003339,
              43.07168784490933
            ],
            [
              -89.41128311570044,
              43.07168846619199
            ],
            [
              -89.41128471195782,
              43.07168924875272
            ],
            [
              -89.41128622323491,
              43.07169018495806
            ],
            [
              -89.41128763479007,
              43.071691265675845
            ],
            [
              -89.41128893285435,
              43.07169248036429
            ],
            [
              -89.41129010476587,
              43.07169381717479
            ],
            [
              -89.41129113909328,
              43.07169526306749
            ],
            [
              -89.4112920257473,
              43.07169680393853
            ],
            [
              -89.4112927560791,
              43.07169842475757
            ],
            [
              -89.41129332296472,
              43.07170010971442
            ],
            [
              -89.41129372087451,
              43.07170184237327
            ],
            [
              -89.41129394592707,
              43.071703605833015
            ],
            [
              -89.41129399592714,
              43.07170538289207
            ],
            [
              -89.41129099592713,
              43.07184638289207
            ],
            [
              -89.41129087310611,
              43.07184813355982
            ],
            [
              -89.41129058038453,
              43.07184986394609
            ],
            [
              -89.41129012054498,
              43.07185155760195
            ],
            [
              -89.41128949795865,
              43.07185319842761
            ],
            [
              -89.41128871854383,
              43.071854770825496
            ],
            [
              -89.41128778970956,
              43.07185625984849
            ],
            [
              -89.41128672028529,
              43.07185765134204
            ],
            [
              -89.41128552043689,
              43.07185893207871
            ],
            [
              -89.41128420157006,
              43.07186008988389
            ],
            [
              -89.41128277622184,
              43.071861113751574
            ],
            [
              -89.4112812579415,
              43.07186199394893
            ],
            [
              -89.4112796611617,
              43.07186272210886
            ],
            [
              -89.41127800106136,
              43.07186329130953
            ],
            [
              -89.41127629342125,
              43.071863696140156
            ],
            [
              -89.41127455447409,
              43.07186393275244
            ],
            [
              -89.41127280075021,
              43.07186399889718
            ],
            [
              -89.41101967792682,
              43.0718611967995
            ],
            [
              -89.41101832186557,
              43.071937136229124
            ],
            [
              -89.41126813432463,
              43.0719390005012
            ],
            [
              -89.41126991005048,
              43.07193910162836
            ],
            [
              -89.41127166712724,
              43.07193937750932
            ],
            [
              -89.41127338839937,
              43.07193982545044
            ],
            [
              -89.41127505706095,
              43.071940441078205
            ],
            [
              -89.41127665681972,
              43.071941218381816
            ],
            [
              -89.41127817205616,
              43.07194214977193
            ],
            [
              -89.411279587976,
              43.07194322615477
            ],
            [
              -89.41128089075467,
              43.07194443702088
            ],
            [
              -89.41128206767227,
              43.07194577054778
            ],
            [
              -89.41128310723776,
              43.07194721371534
            ],
            [
              -89.41128399930118,
              43.07194875243295
            ],
            [
              -89.41128473515269,
              43.07195037167708
            ],
            [
              -89.4112853076077,
              43.07195205563797
            ],
            [
              -89.41128571107694,
              43.07195378787397
            ],
            [
              -89.41128594162109,
              43.07195555147212
            ],
            [
              -89.41128599698916,
              43.07195732921321
            ],
            [
              -89.41128299698916,
              43.07212132921322
            ],
            [
              -89.41128287894368,
              43.072123084076075
            ],
            [
              -89.4112825901941,
              43.07212481904064
            ],
            [
              -89.41128213349735,
              43.07212651754188
            ],
            [
              -89.41128151321386,
              43.07212816336288
            ],
            [
              -89.41128073526598,
              43.07212974078972
            ],
            [
              -89.41127980708133,
              43.072131234761486
            ],
            [
              -89.41127873752204,
              43.07213263101408
            ],
            [
              -89.4112775368,
              43.07213391621639
            ],
            [
              -89.41127621637945,
              43.0721350780976
            ],
            [
              -89.41127478886746,
              43.07213610556433
            ],
            [
              -89.41127326789359,
              43.07213698880658
            ],
            [
              -89.41127166797975,
              43.07213771939132
            ],
            [
              -89.41127000440156,
              43.07213829034312
            ],
            [
              -89.41126829304247,
              43.07213869621065
            ],
            [
              -89.41126655024216,
              43.07213893311879
            ],
            [
              -89.4112647926405,
              43.07213899880558
            ]
          ]
        ]
      },
      "properties": {
        "building": "university",
        "name": "Engineering Hall",
        "@id": "way/56997838",
        "addr:street": "Engineering Drive",
        "addr:housenumber": "1415",
        "person_counts": [
          0,
          0,
          0,
          0,
          0,
          0,
          0,
          0,
          0,
          0,
          0,
          0,
          0,
          0,
          0,
          0,
          0,
          0,
          0,
          0,
          0,
          117,
          117,
          117,
          117,
          117,
          117,
          117,
          117,
          117,
          117,
          117,
          117,
          117,
          117,
          117,
          117,
          117,
          117,
          117,
          117,
          117,
          117,
          117,
          117,
          117,
          0,
          0,
          0,
          89,
          89,
          89,
          89,
          89,
          89,
          89,
          89,
          89,
          89,
          89,
          89,
          89,
          89,
          89,
          89,
          89,
          89,
          89,
          89,
          89,
          89,
          89,
          89,
          89,
          0,
          0,
          0,
          177,
          177,
          177,
          177,
          177,
          177,
          177,
          177,
          177,
          177,
          177,
          177,
          177,
          177,
          177,
          177,
          177,
          177,
          177,
          177,
          177,
          177,
          177,
          177,
          177,
          0,
          0,
          0,
          22,
          22,
          22,
          22,
          22,
          22,
          22,
          22,
          22,
          22,
          22,
          22,
          22,
          22,
          22,
          22,
          22,
          22,
          22,
          22,
          22,
          22,
          22,
          22,
          22,
          0,
          0,
          0,
          180,
          180,
          180,
          180,
          180,
          180,
          180,
          180,
          180,
          180,
          180,
          180,
          180,
          180,
          180,
          180,
          180,
          180,
          180,
          180,
          180,
          180,
          180,
          180,
          180,
          0,
          0,
          0,
          0,
          0,
          0,
          0,
          0,
          0,
          0,
          0,
          0,
          0,
          0,
          0,
          0,
          0,
          0,
          0,
          0,
          0,
          0,
          0,
          0,
          0,
          0,
          0
        ],
        "instructor_counts": [
          0,
          0,
          0,
          0,
          0,
          0,
          0,
          0,
          0,
          0,
          0,
          0,
          0,
          0,
          0,
          0,
          0,
          0,
          0,
          0,
          0,
          8,
          8,
          8,
          8,
          8,
          8,
          8,
          8,
          8,
          8,
          8,
          8,
          8,
          8,
          8,
          8,
          8,
          8,
          8,
          8,
          8,
          8,
          8,
          8,
          8,
          0,
          0,
          0,
          5,
          5,
          5,
          5,
          5,
          5,
          5,
          5,
          5,
          5,
          5,
          5,
          5,
          5,
          5,
          5,
          5,
          5,
          5,
          5,
          5,
          5,
          5,
          5,
          5,
          0,
          0,
          0,
          7,
          7,
          7,
          7,
          7,
          7,
          7,
          7,
          7,
          7,
          7,
          7,
          7,
          7,
          7,
          7,
          7,
          7,
          7,
          7,
          7,
          7,
          7,
          7,
          7,
          0,
          0,
          0,
          1,
          1,
          1,
          1,
          1,
          1,
          1,
          1,
          1,
          1,
          1,
          1,
          1,
          1,
          1,
          1,
          1,
          1,
          1,
          1,
          1,
          1,
          1,
          1,
          1,
          0,
          0,
          0,
          4,
          4,
          4,
          4,
          4,
          4,
          4,
          4,
          4,
          4,
          4,
          4,
          4,
          4,
          4,
          4,
          4,
          4,
          4,
          4,
          4,
          4,
          4,
          4,
          4,
          0,
          0,
          0,
          0,
          0,
          0,
          0,
          0,
          0,
          0,
          0,
          0,
          0,
          0,
          0,
          0,
          0,
          0,
          0,
          0,
          0,
          0,
          0,
          0,
          0,
          0,
          0
        ]
      }
    },
    {
      "type": "Feature",
      "geometry": {
        "type": "Polygon",
        "coordinates": [
          [
            [
              -89.415538,
              43.076273
            ],
            [
              -89.415523,
              43.076273
            ],
            [
              -89.41552264712664,
              43.076272996540794
            ],
            [
              -89.41548999999999,
              43.076272356401056
            ],
            [
              -89.41548999999999,
              43.076293
            ],
            [
              -89.41548991245809,
              43.076294773089174
            ],
            [
              -89.41548965068385,
              43.07629652893173
            ],
            [
              -89.41548921722357,
              43.07629825044879
            ],
            [
              -89.41548861629343,
              43.076299920895366
            ],
            [
              -89.41548785373861,
              43.07630152402323
            ],
            [
              -89.4154869369764,
              43.076303044238955
            ],
            [
              -89.41548587492402,
              43.07630446675558
            ],
            [
              -89.41548467791192,
              43.076305777736465
            ],
            [
              -89.41548335758333,
              43.07630696442985
            ],
            [
              -89.41548192678088,
              43.07630801529291
            ],
            [
              -89.41548039942184,
              43.07630892010404
            ],
            [
              -89.41547879036264,
              43.07630967006224
            ],
            [
              -89.4154771152544,
              43.07631025787276
            ],
            [
              -89.41547539039071,
              43.07631067781804
            ],
            [
              -89.4154736325491,
              43.076310925813324
            ],
            [
              -89.41547185882787,
              43.07631099944639
            ],
            [
              -89.41521685882788,
              43.07630899944639
            ],
            [
              -89.41521507971254,
              43.07630889727622
            ],
            [
              -89.41521331941894,
              43.07630861968567
            ],
            [
              -89.41521159520059,
              43.076308169395546
            ],
            [
              -89.41520992395745,
              43.07630755081937
            ],
            [
              -89.41520832207024,
              43.07630677002013
            ],
            [
              -89.41520680523986,
              43.076305834650846
            ],
            [
              -89.41520538833355,
              43.07630475387953
            ],
            [
              -89.41520408523914,
              43.076303538299406
            ],
            [
              -89.41520290872893,
              43.07630219982497
            ],
            [
              -89.41520187033447,
              43.07630075157532
            ],
            [
              -89.41520098023364,
              43.076299207745464
            ],
            [
              -89.41520024715074,
              43.0762975834673
            ],
            [
              -89.41519967827111,
              43.07629589466119
            ],
            [
              -89.41519927917062,
              43.07629415788
            ],
            [
              -89.41519905376107,
              43.07629239014681
            ],
            [
              -89.4151990042518,
              43.07629060878808
            ],
            [
              -89.41519960444285,
              43.076263
            ],
            [
              -89.415159,
              43.076263
            ],
            [
              -89.41515845479573,
              43.076262991741224
            ],
            [
              -89.41514346256523,
              43.07626253743121
            ],
            [
              -89.41514299221959,
              43.07627852918293
            ],
            [
              -89.41514285789165,
              43.07628025736697
            ],
            [
              -89.41514255795582,
              43.07628196461696
            ],
            [
              -89.41514209519356,
              43.07628363510047
            ],
            [
              -89.41514147389638,
              43.076285253326
            ],
            [
              -89.41514069982598,
              43.07628680428669
            ],
            [
              -89.41513978016083,
              43.07628827359947
            ],
            [
              -89.41513872342956,
              43.07628964763844
            ],
            [
              -89.41513753943195,
              43.07629091366123
            ],
            [
              -89.41513623914798,
              43.07629205992719
            ],
            [
              -89.41513483463605,
              43.07629307580625
            ],
            [
              -89.41513333892108,
              43.07629395187748
            ],
            [
              -89.41513176587385,
              43.076294680016524
            ],
            [
              -89.41513013008225,
              43.076295253470846
            ],
            [
              -89.41512844671603,
              43.07629566692245
            ],
            [
              -89.41512673138615,
              43.07629591653711
            ],
            [
              -89.415125,
              43.076296
            ],
            [
              -89.41509828025524,
              43.076296
            ],
            [
              -89.41509821700564,
              43.0762962511634
            ],
            [
              -89.4150976159104,
              43.07629792181492
            ],
            [
              -89.41509685314891,
              43.076299525119914
            ],
            [
              -89.41509593614255,
              43.076301045478864
            ],
            [
              -89.41509487381343,
              43.07630246809928
            ],
            [
              -89.41509367649758,
              43.07630377913961
            ],
            [
              -89.41509235584442,
              43.07630496584396
            ],
            [
              -89.41509092470338,
              43.07630601666617
            ],
            [
              -89.4150893969989,
              43.07630692138215
            ],
            [
              -89.41508778759493,
              43.076307671189376
            ],
            [
              -89.41508611215033,
              43.07630825879251
            ],
            [
              -89.41508438696656,
              43.07630867847441
            ],
            [
              -89.41508262882891,
              43.07630892615174
            ],
            [
              -89.41508085484342,
              43.0763089994147
            ],
            [
              -89.41495685484342,
              43.0763079994147
            ],
            [
              -89.41495510031271,
              43.07630789947452
            ],
            [
              -89.41495336388981,
              43.07630762891666
            ],
            [
              -89.41495166212628,
              43.07630719032007
            ],
            [
              -89.41495001124333,
              43.07630658786545
            ],
            [
              -89.41494842697719,
              43.0763058272954
            ],
            [
              -89.41494692442903,
              43.076304915859666
            ],
            [
              -89.41494551792115,
              43.07630386224604
            ],
            [
              -89.41494422086039,
              43.076302676497576
            ],
            [
              -89.4149430456103,
              43.07630136991681
            ],
            [
              -89.41494200337338,
              43.07629995495807
            ],
            [
              -89.4149411040842,
              43.07629844510872
            ],
            [
              -89.41494035631482,
              43.07629685476064
            ],
            [
              -89.41493976719293,
              43.07629519907304
            ],
            [
              -89.4149396742201,
              43.076294825910374
            ],
            [
              -89.4147588181911,
              43.0762929990818
            ],
            [
              -89.41475701534758,
              43.076292890253065
            ],
            [
              -89.41475523248587,
              43.07629260130215
            ],
            [
              -89.41475348755617,
              43.07629213513825
            ],
            [
              -89.4147517981267,
              43.0762914964548
            ],
            [
              -89.41475018120695,
              43.07629069168217
            ],
            [
              -89.41474865307634,
              43.07628972892294
            ],
            [
              -89.41474722912038,
              43.07628861787035
            ],
            [
              -89.41474592367567,
              43.07628736971066
            ],
            [
              -89.41474474988567,
              43.07628599701058
            ],
            [
              -89.41474371956832,
              43.07628451359067
            ],
            [
              -89.414742843097,
              43.07628293438628
            ],
            [
              -89.41474212929622,
              43.0762812752971
            ],
            [
              -89.41474158535262,
              43.07627955302714
            ],
            [
              -89.41474121674271,
              43.076277784916506
            ],
            [
              -89.41474102717774,
              43.076275988766845
            ],
            [
              -89.41474101856627,
              43.07627418266211
            ],
            [
              -89.41474116760074,
              43.07627090390379
            ],
            [
              -89.41473945855986,
              43.07627064817843
            ],
            [
              -89.41473773125105,
              43.07627021163224
            ],
            [
              -89.41473605555919,
              43.076269606466866
            ],
            [
              -89.41473444790073,
              43.07626883861099
            ],
            [
              -89.41473292402563,
              43.07626791558716
            ],
            [
              -89.41473149886298,
              43.076266846438074
            ],
            [
              -89.41473018637485,
              43.076265641637974
            ],
            [
              -89.41472899941947,
              43.07626431299008
            ],
            [
              -89.41472794962517,
              43.076262873510906
            ],
            [
              -89.41472704727664,
              43.07626133730276
            ],
            [
              -89.41472630121399,
              43.076259719415596
            ],
            [
              -89.41472571874628,
              43.07625803569955
            ],
            [
              -89.41472530557984,
              43.07625630264969
            ],
            [
              -89.41472506576235,
              43.076254537244374
            ],
            [
              -89.4147250016433,
              43.07625275677896
            ],
            [
              -89.4147260016433,
              43.076178756778965
            ],
            [
              -89.41472611046221,
              43.07617700891046
            ],
            [
              -89.41472638861805,
              43.076175279889014
            ],
            [
              -89.4147268334779,
              43.076173586081005
            ],
            [
              -89.41472744083084,
              43.07617194351951
            ],
            [
              -89.41472820492787,
              43.07617036775253
            ],
            [
              -89.41472911853626,
              43.076168873695785
            ],
            [
              -89.41473017300808,
              43.076167475491566
            ],
            [
              -89.41473135836202,
              43.076166186374856
            ],
            [
              -89.41473266337788,
              43.076165018548046
            ],
            [
              -89.41473407570277,
              43.07616398306541
            ],
            [
              -89.41473558196805,
              43.076163089728546
            ],
            [
              -89.41473716791586,
              43.07616234699348
            ],
            [
              -89.41473881853412,
              43.07616176189073
            ],
            [
              -89.41474051819856,
              43.0761613399587
            ],
            [
              -89.41474225082068,
              43.07616108519127
            ],
            [
              -89.41474323633916,
              43.07616103719301
            ],
            [
              -89.41474500157867,
              43.07602776161031
            ],
            [
              -89.41474511110371,
              43.076026003155086
            ],
            [
              -89.41474539201765,
              43.076024263831115
            ],
            [
              -89.41474584162914,
              43.07602256030242
            ],
            [
              -89.41474645563056,
              43.07602090889006
            ],
            [
              -89.41474722813932,
              43.0760193254158
            ],
            [
              -89.41474815175422,
              43.0760178250505
            ],
            [
              -89.41474921762634,
              43.07601642216876
            ],
            [
              -89.4147504155438,
              43.076015130211246
            ],
            [
              -89.41475173402972,
              43.07601396155586
            ],
            [
              -89.414753160452,
              43.07601292739919
            ],
            [
              -89.41475468114444,
              43.07601203764922
            ],
            [
              -89.4147562815377,
              43.07601130083043
            ],
            [
              -89.41475794629882,
              43.076010724002074
            ],
            [
              -89.41475965947814,
              43.076010312690606
            ],
            [
              -89.41476140466214,
              43.07601007083669
            ],
            [
              -89.41476316513067,
              43.076010000757464
            ],
            [
              -89.41496350852258,
              43.076011838770235
            ],
            [
              -89.41496378274627,
              43.076010749650116
            ],
            [
              -89.41496438365357,
              43.0760090792319
            ],
            [
              -89.41496514617978,
              43.076007476128545
            ],
            [
              -89.41496606290822,
              43.076005955932644
            ],
            [
              -89.4149671249223,
              43.076004533430385
            ],
            [
              -89.41496832189235,
              43.076003222457736
            ],
            [
              -89.41496964217603,
              43.076002035765875
            ],
            [
              -89.41497107293162,
              43.076000984897156
            ],
            [
              -89.41497260024285,
              43.07600008007287
            ],
            [
              -89.41497420925434,
              43.07599933009378
            ],
            [
              -89.41497588431602,
              43.07599874225457
            ],
            [
              -89.41497760913542,
              43.075998322272845
            ],
            [
              -89.41497936693607,
              43.07599807423357
            ],
            [
              -89.41498114062071,
              43.07599800054929
            ],
            [
              -89.41510914062071,
              43.07599900054929
            ],
            [
              -89.41511089545848,
              43.075999100077176
            ],
            [
              -89.41511263222293,
              43.075999370282005
            ],
            [
              -89.41511433435389,
              43.075999808587355
            ],
            [
              -89.41511598562143,
              43.07600041081397
            ],
            [
              -89.41511757028061,
              43.07600117121956
            ],
            [
              -89.4151190732216,
              43.076002082553615
            ],
            [
              -89.41512048011376,
              43.07600313612651
            ],
            [
              -89.41512177754227,
              43.07600432189235
            ],
            [
              -89.41512295313608,
              43.076005628544785
            ],
            [
              -89.4151239956858,
              43.0760070436248
            ],
            [
              -89.41512489525068,
              43.076008553639504
            ],
            [
              -89.4151256432533,
              43.07601014419082
            ],
            [
              -89.41512623256139,
              43.07601180011272
            ],
            [
              -89.41512661357683,
              43.07601332912793
            ],
            [
              -89.4151623395622,
              43.07601400320313
            ],
            [
              -89.41516408084154,
              43.07601412067958
            ],
            [
              -89.41516580255932,
              43.076014406235686
            ],
            [
              -89.41516748853005,
              43.07601485718699
            ],
            [
              -89.4151691229043,
              43.0760154692942
            ],
            [
              -89.41517069031765,
              43.07601623680302
            ],
            [
              -89.4151721760352,
              43.076017152498274
            ],
            [
              -89.41517356609002,
              43.076018207771696
            ],
            [
              -89.41517484741452,
              43.0760193927029
            ],
            [
              -89.41517600796323,
              43.0760206961526
            ],
            [
              -89.41517703682608,
              43.07602210586733
            ],
            [
              -89.41517792433096,
              43.07602360859468
            ],
            [
              -89.41517866213464,
              43.07602519020784
            ],
            [
              -89.41517924330115,
              43.07602683583838
            ],
            [
              -89.4151796623671,
              43.076028530016096
            ],
            [
              -89.41517991539293,
              43.07603025681439
            ],
            [
              -89.41517999999999,
              43.076032
            ],
            [
              -89.41517999999999,
              43.0760473185589
            ],
            [
              -89.41520046372528,
              43.076047683982566
            ],
            [
              -89.41520100591424,
              43.07602653861319
            ],
            [
              -89.41520113569328,
              43.07602479397511
            ],
            [
              -89.41520143422413,
              43.076023070175815
            ],
            [
              -89.41520189868675,
              43.07602138349887
            ],
            [
              -89.41520252469367,
              43.07601974987713
            ],
            [
              -89.41520330633146,
              43.07601818474231
            ],
            [
              -89.41520423621652,
              43.07601670287915
            ],
            [
              -89.41520530556488,
              43.07601531828579
            ],
            [
              -89.41520650427512,
              43.076014044041536
            ],
            [
              -89.41520782102386,
              43.07601289218329
            ],
            [
              -89.41520924337267,
              43.07601187359187
            ],
            [
              -89.41521075788562,
              43.076010997889185
            ],
            [
              -89.41521235025614,
              43.07601027334742
            ],
            [
              -89.41521400544221,
              43.07600970681081
            ],
            [
              -89.41521570780841,
              43.07600930363103
            ],
            [
              -89.4152174412737,
              43.07600906761666
            ],
            [
              -89.41521918946319,
              43.07600900099715
            ],
            [
              -89.41539134510421,
              43.076010813161794
            ],
            [
              -89.41539600330204,
              43.075767655235666
            ],
            [
              -89.4153961221574,
              43.075765906499555
            ],
            [
              -89.4153964105325,
              43.07576417761425
            ],
            [
              -89.4153968656929,
              43.07576248497324
            ],
            [
              -89.41539748332274,
              43.07576084462634
            ],
            [
              -89.41539825756557,
              43.07575927212749
            ],
            [
              -89.41539918107996,
              43.07575778238732
            ],
            [
              -89.41540024510901,
              43.075756389531705
            ],
            [
              -89.4154014395635,
              43.075755106767865
            ],
            [
              -89.41540275311745,
              43.075753946259105
            ],
            [
              -89.41540417331562,
              43.0757529190095
            ],
            [
              -89.41540568669153,
              43.07575203475956
            ],
            [
              -89.41540727889516,
              43.075751301893824
            ],
            [
              -89.41540893482906,
              43.075750727361424
            ],
            [
              -89.41541063879149,
              43.075750316610126
            ],
            [
              -89.41541237462528,
              43.07575007353473
            ],
            [
              -89.41541412587105,
              43.0757500004401
            ],
            [
              -89.41555712587106,
              43.07575100044011
            ],
            [
              -89.41555888170663,
              43.075751098626306
            ],
            [
              -89.41556061958119,
              43.07575136768217
            ],
            [
              -89.41556232290664,
              43.075751805039545
            ],
            [
              -89.41556397542463,
              43.07575240652383
            ],
            [
              -89.41556556136179,
              43.075753166393824
            ],
            [
              -89.41556706558023,
              43.075754077396525
            ],
            [
              -89.41556847372213,
              43.07575513083634
            ],
            [
              -89.41556977234667,
              43.07575631665815
            ],
            [
              -89.41557094905842,
              43.0757576235432
            ],
            [
              -89.41557199262559,
              43.0757590390172
            ],
            [
              -89.41557289308724,
              43.07576054956937
            ],
            [
              -89.41557364184847,
              43.07576214078139
            ],
            [
              -89.41557423176225,
              43.07576379746506
            ],
            [
              -89.41557465719787,
              43.07576550380723
            ],
            [
              -89.41557491409448,
              43.075767243520765
            ],
            [
              -89.415575,
              43.075769
            ],
            [
              -89.415575,
              43.075781132839516
            ],
            [
              -89.41569213332969,
              43.07578200049381
            ],
            [
              -89.41569390749284,
              43.07578210135561
            ],
            [
              -89.41569566306482,
              43.07578237666444
            ],
            [
              -89.41569738293519,
              43.07578282373705
            ],
            [
              -89.4156990503414,
              43.07578343821609
            ],
            [
              -89.41570064903229,
              43.075784214112616
            ],
            [
              -89.4157021634264,
              43.07578514386444
            ],
            [
              -89.41570357876387,
              43.07578621840984
            ],
            [
              -89.41570488125028,
              43.0757874272759
            ],
            [
              -89.41570605819109,
              43.07578875868053
            ],
            [
              -89.41570709811539,
              43.075790199647365
            ],
            [
              -89.41570799088768,
              43.07579173613219
            ],
            [
              -89.41570872780667,
              43.07579335315983
            ],
            [
              -89.41570930169004,
              43.07579503497012
            ],
            [
              -89.41570970694454,
              43.07579676517149
            ],
            [
              -89.41570993962037,
              43.07579852690073
            ],
            [
              -89.4157099974498,
              43.07580030298737
            ],
            [
              -89.4157053055809,
              43.076079
            ],
            [
              -89.41571,
              43.076079
            ],
            [
              -89.41571178296556,
              43.076079088522285
            ],
            [
              -89.4157135483942,
              43.07607935321846
            ],
            [
              -89.41571527892151,
              43.07607979148502
            ],
            [
              -89.41571695752636,
              43.07608039901126
            ],
            [
              -89.41571856769829,
              43.07608116982166
            ],
            [
              -89.41572009359999,
              43.076082096334694
            ],
            [
              -89.41572152022295,
              43.07608316943734
            ],
            [
              -89.41572283353518,
              43.07608437857476
            ],
            [
              -89.41572402061921,
              43.07608571185413
            ],
            [
              -89.4157250697991,
              43.07608715616155
            ],
            [
              -89.4157259707553,
              43.07608869729109
            ],
            [
              -89.4157267146262,
              43.0760903200845
            ],
            [
              -89.41572729409522,
              43.07609200858028
            ],
            [
              -89.4157277034628,
              43.07609374617072
            ],
            [
              -89.4157279387025,
              43.0760955157652
            ],
            [
              -89.41572799750053,
              43.07609729995834
            ],
            [
              -89.41572599750052,
              43.076217299958344
            ],
            [
              -89.41572588357519,
              43.07621904395161
            ],
            [
              -89.41572560105348,
              43.07622076867564
            ],
            [
              -89.41572515259885,
              43.07622245787069
            ],
            [
              -89.41572454243907,
              43.076224095611984
            ],
            [
              -89.41572377632639,
              43.07622566645979
            ],
            [
              -89.4157228614833,
              43.076227155605054
            ],
            [
              -89.41572180653442,
              43.076228549008924
            ],
            [
              -89.41572062142522,
              43.07622983353517
            ],
            [
              -89.41571931732827,
              43.076230997074006
            ],
            [
              -89.41571790653785,
              43.07623202865622
            ],
            [
              -89.41571640235411,
              43.07623291855664
            ],
            [
              -89.41571481895764,
              43.076233658385775
            ],
            [
              -89.41571317127585,
              43.076234241168926
            ],
            [
              -89.41571147484215,
              43.076234661411945
            ],
            [
              -89.41570974564958,
              43.076234915153016
            ],
            [
              -89.415708,
              43.076235
            ],
            [
              -89.41570672933872,
              43.076235
            ],
            [
              -89.41570599793424,
              43.07628327269597
            ],
            [
              -89.41570588550204,
              43.076285027021754
            ],
            [
              -89.41570560247857,
              43.076286762013886
            ],
            [
              -89.41570515156332,
              43.076288461124065
            ],
            [
              -89.41570453705708,
              43.076290108146246
            ],
            [
              -89.41570376482102,
              43.07629168737119
            ],
            [
              -89.41570284222068,
              43.07629318373632
            ],
            [
              -89.41570177805579,
              43.07629458296934
            ],
            [
              -89.41570058247632,
              43.07629587172443
            ],
            [
              -89.41569926688564,
              43.076297037709494
            ],
            [
              -89.41569784383184,
              43.07629806980341
            ],
            [
              -89.41569632688794,
              43.07629895816209
            ],
            [
              -89.41569473052247,
              43.07629969431242
            ],
            [
              -89.41569306996155,
              43.076300271233016
            ],
            [
              -89.41569136104351,
              43.07630068342123
            ],
            [
              -89.41568962006798,
              43.07630092694563
            ],
            [
              -89.41568786364029,
              43.07630099948349
            ],
            [
              -89.41555586364028,
              43.076299999483496
            ],
            [
              -89.41555410851416,
              43.07629990034305
            ],
            [
              -89.41555237142893,
              43.07629963046999
            ],
            [
              -89.41555066895285,
              43.07629919243835
            ],
            [
              -89.41554901732404,
              43.07629859042605
            ],
            [
              -89.41554743229565,
              43.07629783017506
            ],
            [
              -89.41554592898564,
              43.07629691893661
            ],
            [
              -89.41554452173246,
              43.07629586540206
            ],
            [
              -89.41554322395845,
              43.07629467961997
            ],
            [
              -89.41554204804173,
              43.07629337290027
            ],
            [
              -89.41554100519811,
              43.07629195770638
            ],
            [
              -89.41554010537419,
              43.076290447536365
            ],
            [
              -89.41553935715247,
              43.07628885679416
            ],
            [
              -89.41553876766942,
              43.076287200652175
            ],
            [
              -89.41553834254752,
              43.076285494906614
            ],
            [
              -89.41553808584156,
              43.0762837558268
            ],
            [
              -89.415538,
              43.076282
            ],
            [
              -89.415538,
              43.076273
            ]
          ]
        ]
      },
      "properties": {
        "building": "university",
        "name": "Animal Science Building",
        "@id": "way/37550805",
        "addr:street": "Observatory Drive",
        "addr:housenumber": "1675",
        "person_counts": [
          0,
          0,
          0,
          0,
          0,
          0,
          0,
          0,
          0,
          0,
          0,
          0,
          0,
          0,
          0,
          0,
          0,
          0,
          0,
          0,
          0,
          0,
          0,
          0,
          0,
          0,
          0,
          0,
          0,
          0,
          0,
          0,
          0,
          0,
          0,
          0,
          0,
          0,
          0,
          0,
          0,
          0,
          0,
          0,
          0,
          0,
          0,
          0,
          0,
          76,
          76,
          76,
          76,
          76,
          76,
          76,
          76,
          76,
          76,
          76,
          76,
          76,
          76,
          76,
          76,
          76,
          76,
          76,
          76,
          76,
          76,
          76,
          76,
          76,
          0,
          0,
          0,
          20,
          20,
          20,
          20,
          20,
          20,
          20,
          20,
          20,
          20,
          20,
          20,
          20,
          20,
          20,
          20,
          20,
          20,
          20,
          20,
          20,
          20,
          20,
          20,
          20,
          0,
          0,
          0,
          0,
          0,
          0,
          0,
          0,
          0,
          0,
          0,
          0,
          0,
          0,
          0,
          0,
          0,
          0,
          0,
          0,
          0,
          0,
          0,
          0,
          0,
          0,
          0,
          0,
          0,
          0,
          0,
          20,
          20,
          20,
          20,
          20,
          20,
          20,
          20,
          20,
          20,
          20,
          20,
          20,
          20,
          20,
          20,
          20,
          20,
          20,
          20,
          20,
          20,
          20,
          20,
          20,
          0,
          0,
          0,
          0,
          0,
          0,
          0,
          0,
          0,
          0,
          0,
          0,
          0,
          0,
          0,
          0,
          0,
          0,
          0,
          0,
          0,
          0,
          0,
          0,
          0,
          0,
          0
        ],
        "instructor_counts": [
          0,
          0,
          0,
          0,
          0,
          0,
          0,
          0,
          0,
          0,
          0,
          0,
          0,
          0,
          0,
          0,
          0,
          0,
          0,
          0,
          0,
          0,
          0,
          0,
          0,
          0,
          0,
          0,
          0,
          0,
          0,
          0,
          0,
          0,
          0,
          0,
          0,
          0,
          0,
          0,
          0,
          0,
          0,
          0,
          0,
          0,
          0,
          0,
          0,
          1,
          1,
          1,
          1,
          1,
          1,
          1,
          1,
          1,
          1,
          1,
          1,
          1,
          1,
          1,
          1,
          1,
          1,
          1,
          1,
          1,
          1,
          1,
          1,
          1,
          0,
          0,
          0,
          1,
          1,
          1,
          1,
          1,
          1,
          1,
          1,
          1,
          1,
          1,
          1,
          1,
          1,
          1,
          1,
          1,
          1,
          1,
          1,
          1,
          1,
          1,
          1,
          1,
          0,
          0,
          0,
          0,
          0,
          0,
          0,
          0,
          0,
          0,
          0,
          0,
          0,
          0,
          0,
          0,
          0,
          0,
          0,
          0,
          0,
          0,
          0,
          0,
          0,
          0,
          0,
          0,
          0,
          0,
          0,
          1,
          1,
          1,
          1,
          1,
          1,
          1,
          1,
          1,
          1,
          1,
          1,
          1,
          1,
          1,
          1,
          1,
          1,
          1,
          1,
          1,
          1,
          1,
          1,
          1,
          0,
          0,
          0,
          0,
          0,
          0,
          0,
          0,
          0,
          0,
          0,
          0,
          0,
          0,
          0,
          0,
          0,
          0,
          0,
          0,
          0,
          0,
          0,
          0,
          0,
          0,
          0
        ]
      }
    },
    {
      "type": "Feature",
      "geometry": {
        "type": "Polygon",
        "coordinates": [
          [
            [
              -89.40420535438881,
              43.074616356919314
            ],
            [
              -89.404205036243,
              43.07461689501878
            ],
            [
              -89.40420401674655,
              43.07461829295428
            ],
            [
              -89.40420286774243,
              43.07461958654857
            ],
            [
              -89.40420159984684,
              43.07462076384951
            ],
            [
              -89.40420022477453,
              43.074621813979405
            ],
            [
              -89.40419875523045,
              43.07462272723561
            ],
            [
              -89.40419720479245,
              43.07462349518008
            ],
            [
              -89.40419558778581,
              43.074624110717394
            ],
            [
              -89.40419391915084,
              43.07462456816031
            ],
            [
              -89.4041922143049,
              43.07462486328228
            ],
            [
              -89.40419048899989,
              43.07462499335653
            ],
            [
              -89.40418875917676,
              43.07462495718123
            ],
            [
              -89.40418704081823,
              43.07462475509063
            ],
            [
              -89.40416982589821,
              43.0746218859373
            ],
            [
              -89.40416023434709,
              43.07462114812567
            ],
            [
              -89.40416014880992,
              43.074621469764026
            ],
            [
              -89.40415953373375,
              43.074623115872996
            ],
            [
              -89.40415876107714,
              43.0746246941617
            ],
            [
              -89.40415783820416,
              43.0746261895877
            ],
            [
              -89.40415677391057,
              43.07462758789832
            ],
            [
              -89.40415557834,
              43.0746288757665
            ],
            [
              -89.40415426288723,
              43.074630040917754
            ],
            [
              -89.40415284008964,
              43.074631072247215
            ],
            [
              -89.40415132350768,
              43.07463195992543
            ],
            [
              -89.40414972759568,
              43.0746326954921
            ],
            [
              -89.40414806756401,
              43.074633271936634
            ],
            [
              -89.40414635923418,
              43.074633683765036
            ],
            [
              -89.404144618888,
              43.074633927052226
            ],
            [
              -89.40414286311247,
              43.07463399947949
            ],
            [
              -89.40414110864158,
              43.07463390035651
            ],
            [
              -89.4038899349308,
              43.074607361247445
            ],
            [
              -89.40388945609158,
              43.074607955484076
            ],
            [
              -89.40388824438072,
              43.07460919375385
            ],
            [
              -89.40388691923721,
              43.0746103097959
            ],
            [
              -89.40388549293722,
              43.07461129327116
            ],
            [
              -89.40388397869411,
              43.07461213506864
            ],
            [
              -89.40388239053591,
              43.0746128273899
            ],
            [
              -89.40388074317539,
              43.074613363821214
            ],
            [
              -89.40387905187383,
              43.07461373939306
            ],
            [
              -89.40387733229952,
              43.074613950626116
            ],
            [
              -89.4038756003827,
              43.07461399556351
            ],
            [
              -89.40387387216798,
              43.074613873788934
            ],
            [
              -89.4038471487937,
              43.07461069243485
            ],
            [
              -89.40384693137783,
              43.07461105255967
            ],
            [
              -89.40384586712298,
              43.074612476188385
            ],
            [
              -89.40384466764841,
              43.07461378791162
            ],
            [
              -89.4038433446503,
              43.074614974938626
            ],
            [
              -89.40384191102933,
              43.074616025694574
            ],
            [
              -89.40384038076492,
              43.07461692993344
            ],
            [
              -89.4038387687788,
              43.074617678837896
            ],
            [
              -89.40383709078964,
              43.07461826510529
            ],
            [
              -89.40383536315966,
              43.07461868301889
            ],
            [
              -89.40383360273516,
              43.07461892850356
            ],
            [
              -89.40383182668224,
              43.074618999165565
            ],
            [
              -89.40383005231935,
              43.07461889431586
            ],
            [
              -89.40353605231935,
              43.07458689431586
            ],
            [
              -89.40353433365611,
              43.07458662265367
            ],
            [
              -89.40353264925287,
              43.074586186317376
            ],
            [
              -89.40353101484943,
              43.074585589384306
            ],
            [
              -89.40352944571843,
              43.07458483743246
            ],
            [
              -89.40352795652255,
              43.07458393748843
            ],
            [
              -89.40352656117749,
              43.0745828979617
            ],
            [
              -89.40352527272199,
              43.07458172856608
            ],
            [
              -89.40352410319599,
              43.07458044022894
            ],
            [
              -89.40352306352806,
              43.074579044989086
            ],
            [
              -89.40352250942017,
              43.07457812828033
            ],
            [
              -89.40349396762562,
              43.07457488489459
            ],
            [
              -89.40349221678402,
              43.074574597933875
            ],
            [
              -89.40349050269789,
              43.07457414000203
            ],
            [
              -89.40348884202032,
              43.07457351554803
            ],
            [
              -89.40348725088546,
              43.07457273063872
            ],
            [
              -89.40348574475182,
              43.07457179289981
            ],
            [
              -89.40348433825213,
              43.07457071144181
            ],
            [
              -89.4034830450511,
              43.07456949677153
            ],
            [
              -89.40348187771271,
              43.07456816069
            ],
            [
              -89.40348084757811,
              43.07456671617779
            ],
            [
              -89.40347996465552,
              43.07456517726893
            ],
            [
              -89.40347948520714,
              43.074564110177036
            ],
            [
              -89.4032360726824,
              43.074537896520525
            ],
            [
              -89.40323434101728,
              43.07453762418354
            ],
            [
              -89.40323264405413,
              43.07453718469795
            ],
            [
              -89.40323099788702,
              43.07453658223187
            ],
            [
              -89.40322941812829,
              43.0745358224991
            ],
            [
              -89.40322791976044,
              43.074534912705
            ],
            [
              -89.40322651699405,
              43.07453386147808
            ],
            [
              -89.40322522313306,
              43.07453267878824
            ],
            [
              -89.40322405044849,
              43.07453137585217
            ],
            [
              -89.40322301006212,
              43.07452996502696
            ],
            [
              -89.40322211184105,
              43.07452845969297
            ],
            [
              -89.40322136430404,
              43.07452687412684
            ],
            [
              -89.40322077454077,
              43.074525223366166
            ],
            [
              -89.40322034814457,
              43.07452352306683
            ],
            [
              -89.40322008915942,
              43.07452178935456
            ],
            [
              -89.40322000004154,
              43.07452003867198
            ],
            [
              -89.40322008163614,
              43.07451828762262
            ],
            [
              -89.40322033316934,
              43.07451655281353
            ],
            [
              -89.40324433316934,
              43.074393552813525
            ],
            [
              -89.403244772512,
              43.07439178332889
            ],
            [
              -89.40324533270613,
              43.07439022304673
            ],
            [
              -89.40324220893305,
              43.07438991066942
            ],
            [
              -89.40324041308426,
              43.0743896389919
            ],
            [
              -89.40323865375649,
              43.07438918771887
            ],
            [
              -89.40323694886273,
              43.074388561445076
            ],
            [
              -89.40323531576178,
              43.07438776654707
            ],
            [
              -89.40323377108143,
              43.07438681111828
            ],
            [
              -89.4032323305492,
              43.07438570488664
            ],
            [
              -89.4032310088322,
              43.0743844591155
            ],
            [
              -89.4032298193878,
              43.074383086488965
            ],
            [
              -89.40322877432662,
              43.07438160098276
            ],
            [
              -89.40322788428918,
              43.07438001772191
            ],
            [
              -89.40322734122272,
              43.07437877225494
            ],
            [
              -89.4032259650377,
              43.074377943210216
            ],
            [
              -89.40322454637311,
              43.07437688576361
            ],
            [
              -89.40322323838458,
              43.07437569413927
            ],
            [
              -89.40322205371118,
              43.07437437985183
            ],
            [
              -89.40322100380034,
              43.07437295560123
            ],
            [
              -89.40322009879736,
              43.07437143514993
            ],
            [
              -89.40321934744723,
              43.07436983319002
            ],
            [
              -89.40321875701022,
              43.0743681652012
            ],
            [
              -89.40321833319173,
              43.074366447301195
            ],
            [
              -89.4032180800871,
              43.074364696090015
            ],
            [
              -89.40321800014206,
              43.07436292848956
            ],
            [
              -89.40321809412912,
              43.074361161580114
            ],
            [
              -89.40321836114009,
              43.07435941243527
            ],
            [
              -89.40324236114009,
              43.07424141243527
            ],
            [
              -89.40324279354905,
              43.07423971435477
            ],
            [
              -89.40324338901861,
              43.0742380663648
            ],
            [
              -89.40324414190566,
              43.07423648408291
            ],
            [
              -89.40324504507532,
              43.07423498250391
            ],
            [
              -89.4032460899685,
              43.074233575857846
            ],
            [
              -89.40324726668307,
              43.0742322774751
            ],
            [
              -89.40324856406761,
              43.07423109966006
            ],
            [
              -89.4032499698272,
              43.07423005357455
            ],
            [
              -89.40325147063986,
              43.07422914913202
            ],
            [
              -89.4032530522828,
              43.07422839490362
            ],
            [
              -89.40325469976727,
              43.07422779803694
            ],
            [
              -89.40325639748053,
              43.074227364188324
            ],
            [
              -89.40325764634972,
              43.0742271718526
            ],
            [
              -89.40325828987015,
              43.07422633670975
            ],
            [
              -89.40325948075632,
              43.07422506676616
            ],
            [
              -89.40326078875795,
              43.07422391781084
            ],
            [
              -89.4032622016389,
              43.07422290059208
            ],
            [
              -89.40326370618189,
              43.07422202462579
            ],
            [
              -89.4032652883122,
              43.074221298106494
            ],
            [
              -89.40326693322923,
              43.07422072783066
            ],
            [
              -89.40326862554507,
              43.07422031913311
            ],
            [
              -89.40327034942838,
              43.07422007583717
            ],
            [
              -89.40327208875252,
              43.07422000021881
            ],
            [
              -89.40327382724638,
              43.074220092985435
            ],
            [
              -89.40330650072266,
              43.07422342701363
            ],
            [
              -89.40331433752124,
              43.07418353058453
            ],
            [
              -89.40331476397606,
              43.074181811601576
            ],
            [
              -89.4033153572993,
              43.07418014284947
            ],
            [
              -89.40331611174682,
              43.07417854048402
            ],
            [
              -89.4033170200145,
              43.07417702001833
            ],
            [
              -89.40331807330905,
              43.07417559617261
            ],
            [
              -89.40331926143315,
              43.07417428273163
            ],
            [
              -89.40332057288413,
              43.07417309241133
            ],
            [
              -89.40332199496531,
              43.074172036735625
            ],
            [
              -89.403323513909,
              43.07417112592493
            ],
            [
              -89.40332511500975,
              43.07417036879713
            ],
            [
              -89.40332678276667,
              43.07416977268227
            ],
            [
              -89.4033285010336,
              43.074169343351564
            ],
            [
              -89.40333025317534,
              43.074169084961525
            ],
            [
              -89.40333050236922,
              43.07416907299554
            ],
            [
              -89.40333142651917,
              43.07416821397296
            ],
            [
              -89.40333287610969,
              43.07416711689398
            ],
            [
              -89.40333442896684,
              43.07416617162704
            ],
            [
              -89.40333606925105,
              43.07416538781415
            ],
            [
              -89.40333778023093,
              43.07416477345041
            ],
            [
              -89.40333954445397,
              43.07416433480253
            ],
            [
              -89.40334134392461,
              43.07416407634484
            ],
            [
              -89.40334316028769,
              43.07416400071369
            ],
            [
              -89.4033449750158,
              43.07416410868052
            ],
            [
              -89.4034989750158,
              43.07418110868052
            ],
            [
              -89.40350067463325,
              43.07418137907294
            ],
            [
              -89.40350234065943,
              43.074181810545184
            ],
            [
              -89.40350395786456,
              43.07418239915301
            ],
            [
              -89.40350551146508,
              43.0741831395157
            ],
            [
              -89.40350698725898,
              43.07418402486533
            ],
            [
              -89.4035083717554,
              43.074185047108564
            ],
            [
              -89.40350965229811,
              43.07418619690067
            ],
            [
              -89.4035108171812,
              43.07418746373095
            ],
            [
              -89.403511855756,
              43.0741888360188
            ],
            [
              -89.40351198588192,
              43.07418904721334
            ],
            [
              -89.40351293527978,
              43.07418938970517
            ],
            [
              -89.4035145370186,
              43.07419015325543
            ],
            [
              -89.40351605579615,
              43.07419107080163
            ],
            [
              -89.4035174768532,
              43.07419213342722
            ],
            [
              -89.40351878638016,
              43.07419333080578
            ],
            [
              -89.40351997165128,
              43.07419465130138
            ],
            [
              -89.4035210211483,
              43.074196082081684
            ],
            [
              -89.40352192467238,
              43.07419760924262
            ],
            [
              -89.40352267344323,
              43.07419921794349
            ],
            [
              -89.40352326018443,
              43.07420089255121
            ],
            [
              -89.40352367919412,
              43.07420261679225
            ],
            [
              -89.40352392640045,
              43.07420437391071
            ],
            [
              -89.40352399940112,
              43.07420614683124
            ],
            [
              -89.40352389748668,
              43.07420791832488
            ],
            [
              -89.40352362164755,
              43.07420967117657
            ],
            [
              -89.40351261801432,
              43.07426248861612
            ],
            [
              -89.40352616596462,
              43.07426413079192
            ],
            [
              -89.40352786140247,
              43.07426441905659
            ],
            [
              -89.40352952159185,
              43.074264867807386
            ],
            [
              -89.40353113137785,
              43.07426547294793
            ],
            [
              -89.40353267606567,
              43.07426622895423
            ],
            [
              -89.40353414155479,
              43.074267128925165
            ],
            [
              -89.40353551446759,
              43.074268164645424
            ],
            [
              -89.40353678227157,
              43.07426932666052
            ],
            [
              -89.4035379333937,
              43.0742706043631
            ],
            [
              -89.40353895732603,
              43.07427198608977
            ],
            [
              -89.40353984472172,
              43.074273459227555
            ],
            [
              -89.40354058748022,
              43.074275010329046
            ],
            [
              -89.40354117882134,
              43.07427662523514
            ],
            [
              -89.40354161334709,
              43.074278289204315
            ],
            [
              -89.40354188709091,
              43.07427998704717
            ],
            [
              -89.40354199755396,
              43.074281703265086
            ],
            [
              -89.4035419437279,
              43.07428342219172
            ],
            [
              -89.40354172610407,
              43.074285128136005
            ],
            [
              -89.40353905208495,
              43.074300280911004
            ],
            [
              -89.4035397103619,
              43.07430038656153
            ],
            [
              -89.40354139809992,
              43.07430082849694
            ],
            [
              -89.40354303512635,
              43.0743014317473
            ],
            [
              -89.4035446060624,
              43.07430219064549
            ],
            [
              -89.40354609615017,
              43.07430309806214
            ],
            [
              -89.40354749139125,
              43.07430414547268
            ],
            [
              -89.4035487786783,
              43.07430532303738
            ],
            [
              -89.40354994591807,
              43.07430661969379
            ],
            [
              -89.40355098214513,
              43.074308023260684
            ],
            [
              -89.4035518776248,
              43.07430952055246
            ],
            [
              -89.40355262394466,
              43.07431109750307
            ],
            [
              -89.4035532140935,
              43.07431273929809
            ],
            [
              -89.4035536425273,
              43.07431443051393
            ],
            [
              -89.40355390522116,
              43.07431615526274
            ],
            [
              -89.40355399970726,
              43.07431789734165
            ],
            [
              -89.40355392509797,
              43.074319640384964
            ],
            [
              -89.4035536820942,
              43.07432136801794
            ],
            [
              -89.4035534892512,
              43.07432238044374
            ],
            [
              -89.40357219367324,
              43.074324402543425
            ],
            [
              -89.4035730810703,
              43.07432292897538
            ],
            [
              -89.40357420119709,
              43.07432144175454
            ],
            [
              -89.40357546895869,
              43.07432007819658
            ],
            [
              -89.40357687079121,
              43.074318852890336
            ],
            [
              -89.40357839169631,
              43.0743177789455
            ],
            [
              -89.40358001540164,
              43.07431686785231
            ],
            [
              -89.40367901540165,
              43.074267867852306
            ],
            [
              -89.40368053277538,
              43.07426720193447
            ],
            [
              -89.40368210495824,
              43.074266678378656
            ],
            [
              -89.4036837186261,
              43.074266301621954
            ],
            [
              -89.40368536010331,
              43.074266074857356
            ],
            [
              -89.40368701547848,
              43.07426600000665
            ],
            [
              -89.40368867072249,
              43.07426607770421
            ],
            [
              -89.40380667072249,
              43.07427707770421
            ],
            [
              -89.40380839797189,
              43.07427732363762
            ],
            [
              -89.40381009329845,
              43.074277735634645
            ],
            [
              -89.40381174077514,
              43.07427830982473
            ],
            [
              -89.40381332492447,
              43.074279040813536
            ],
            [
              -89.40381483086387,
              43.074279921733655
            ],
            [
              -89.40381624444551,
              43.07428094430915
            ],
            [
              -89.40381755238928,
              43.074282098933246
            ],
            [
              -89.40389155238928,
              43.07435409893325
            ],
            [
              -89.40389277357228,
              43.07435541169958
            ],
            [
              -89.40389385809749,
              43.074356839442
            ],
            [
              -89.40389479520455,
              43.07435836799482
            ],
            [
              -89.40389557559571,
              43.07435998219214
            ],
            [
              -89.40389619152813,
              43.07436166601832
            ],
            [
              -89.4038966368907,
              43.07436340276687
            ],
            [
              -89.40389690726467,
              43.07436517520623
            ],
            [
              -89.40389699996742,
              43.07436696575072
            ],
            [
              -89.4038969140792,
              43.07436875663502
            ],
            [
              -89.40389665045217,
              43.07437053009044
            ],
            [
              -89.40389365045216,
              43.07438553009044
            ],
            [
              -89.40389360465585,
              43.0743857518119
            ],
            [
              -89.40388403731762,
              43.07443064470667
            ],
            [
              -89.40388465766496,
              43.074431202206526
            ],
            [
              -89.40388582153336,
              43.07443246894559
            ],
            [
              -89.40388654952453,
              43.07443343156636
            ],
            [
              -89.40391374779936,
              43.07443608505659
            ],
            [
              -89.40391544764356,
              43.07443633325854
            ],
            [
              -89.40391711608574,
              43.07443674237367
            ],
            [
              -89.40391873792932,
              43.07443730867565
            ],
            [
              -89.40392029840211,
              43.074438027006465
            ],
            [
              -89.40392178329094,
              43.07443889082337
            ],
            [
              -89.40392317907107,
              43.07443989225851
            ],
            [
              -89.40392447302938,
              43.07444102219054
            ],
            [
              -89.40392565338016,
              43.07444227032777
            ],
            [
              -89.40392670937247,
              43.074443625301846
            ],
            [
              -89.40392763138807,
              43.07444507477131
            ],
            [
              -89.40392800197631,
              43.07444580239171
            ],
            [
              -89.40414139706637,
              43.07446835634432
            ],
            [
              -89.40414331847754,
              43.074458200313856
            ],
            [
              -89.40407799758135,
              43.07445088827324
            ],
            [
              -89.40407626418913,
              43.0744506080583
            ],
            [
              -89.40407456634671,
              43.07445016028589
            ],
            [
              -89.40407292021067,
              43.07444954921699
            ],
            [
              -89.40407134144559,
              43.074448780666515
            ],
            [
              -89.40406984507491,
              43.07444786194794
            ],
            [
              -89.40406844533803,
              43.07444680180376
            ],
            [
              -89.40406715555478,
              43.07444561032224
            ],
            [
              -89.40406598799868,
              43.07444429884149
            ],
            [
              -89.40406495378012,
              43.074442879841484
            ],
            [
              -89.40406406274072,
              43.07444136682536
            ],
            [
              -89.40406332335952,
              43.074439774190914
            ],
            [
              -89.40406274267247,
              43.074438117093585
            ],
            [
              -89.40406232620535,
              43.07443641130222
            ],
            [
              -89.40406207792124,
              43.07443467304907
            ],
            [
              -89.4040620001828,
              43.07443291887526
            ],
            [
              -89.4040620937298,
              43.07443116547343
            ],
            [
              -89.40406235767203,
              43.07442942952886
            ],
            [
              -89.40407543889393,
              43.074364792903
            ],
            [
              -89.40406708240378,
              43.074363897564766
            ],
            [
              -89.4040653528402,
              43.074363626633975
            ],
            [
              -89.40406365777599,
              43.074363188968626
            ],
            [
              -89.40406201324515,
              43.07436258870871
            ],
            [
              -89.4040604348037,
              43.07436183153221
            ],
            [
              -89.40405893738249,
              43.07436092460146
            ],
            [
              -89.404057535146,
              43.07435987649532
            ],
            [
              -89.4040562413583,
              43.0743586971281
            ],
            [
              -89.40405506825766,
              43.07435739765569
            ],
            [
              -89.40405402694071,
              43.07435599037012
            ],
            [
              -89.40405312725751,
              43.07435448858325
            ],
            [
              -89.40405237771839,
              43.074352906500835
            ],
            [
              -89.40405178541342,
              43.074351259088175
            ],
            [
              -89.40405135594534,
              43.07434956192854
            ],
            [
              -89.40405109337661,
              43.07434783107577
            ],
            [
              -89.40405100019092,
              43.07434608290241
            ],
            [
              -89.40405107726974,
              43.07434433394486
            ],
            [
              -89.40405132388396,
              43.074342600746924
            ],
            [
              -89.40405632388395,
              43.074316600746926
            ],
            [
              -89.40405674862423,
              43.074314862876875
            ],
            [
              -89.40405734378022,
              43.0743131757533
            ],
            [
              -89.40405810347278,
              43.07431155604226
            ],
            [
              -89.40405902019732,
              43.07431001974389
            ],
            [
              -89.40406008489813,
              43.07430858203432
            ],
            [
              -89.40406128705767,
              43.074307257115805
            ],
            [
              -89.40406261480054,
              43.07430605807641
            ],
            [
              -89.40406405501079,
              43.07430499676069
            ],
            [
              -89.40406559346147,
              43.07430408365274
            ],
            [
              -89.40406721495516,
              43.07430332777259
            ],
            [
              -89.40406890347415,
              43.07430273658712
            ],
            [
              -89.40407064233857,
              43.07430231593628
            ],
            [
              -89.40407241437127,
              43.07430206997542
            ],
            [
              -89.4040742020674,
              43.074302001134235
            ],
            [
              -89.40407598776746,
              43.07430211009277
            ],
            [
              -89.40413898776747,
              43.07430911009277
            ],
            [
              -89.40414073191116,
              43.07430939111477
            ],
            [
              -89.4041424401063,
              43.074309841758726
            ],
            [
              -89.40414409589825,
              43.07431045768371
            ],
            [
              -89.4041456833372,
              43.074311232956674
            ],
            [
              -89.40414718713174,
              43.0743121601096
            ],
            [
              -89.4041485927962,
              43.074313230211466
            ],
            [
              -89.40414988679018,
              43.074314432954246
            ],
            [
              -89.40415105664894,
              43.07431575675222
            ],
            [
              -89.40415209110354,
              43.07431718885357
            ],
            [
              -89.40415298018932,
              43.07431871546323
            ],
            [
              -89.40415371534196,
              43.07432032187575
            ],
            [
              -89.4041542894799,
              43.074321992616966
            ],
            [
              -89.40415469707264,
              43.074323711593046
            ],
            [
              -89.40415493419391,
              43.07432546224552
            ],
            [
              -89.4041549985596,
              43.074327227710796
            ],
            [
              -89.4041548895497,
              43.07432899098259
            ],
            [
              -89.40415460821426,
              43.074330735075755
            ],
            [
              -89.40415176419955,
              43.074344142573594
            ],
            [
              -89.40422262343547,
              43.07435142716794
            ],
            [
              -89.40424936352694,
              43.07422040071978
            ],
            [
              -89.40424980430244,
              43.074218679475116
            ],
            [
              -89.40425041262803,
              43.07421701007217
            ],
            [
              -89.40425118257639,
              43.07421540877714
            ],
            [
              -89.40425210664534,
              43.074213891192606
            ],
            [
              -89.40425317583102,
              43.07421247210549
            ],
            [
              -89.40425437971555,
              43.074211165342994
            ],
            [
              -89.40425570656866,
              43.07420998363783
            ],
            [
              -89.40425714346183,
              43.07420893850422
            ],
            [
              -89.40425867639438,
              43.074208040125654
            ],
            [
              -89.40426029042982,
              43.074207297255676
            ],
            [
              -89.40426196984147,
              43.07420671713262
            ],
            [
              -89.40426369826558,
              43.07420630540903
            ],
            [
              -89.40426545886088,
              43.07420606609663
            ],
            [
              -89.40426723447261,
              43.074206001527216
            ],
            [
              -89.40426900779971,
              43.07420611232994
            ],
            [
              -89.40446500779971,
              43.07422811232994
            ],
            [
              -89.40446674094594,
              43.074228393031966
            ],
            [
              -89.40446843850019,
              43.074228841249585
            ],
            [
              -89.40447008431164,
              43.07422945271839
            ],
            [
              -89.40447166272179,
              43.074230221620766
            ],
            [
              -89.40447315871337,
              43.07423114064124
            ],
            [
              -89.40447455805328,
              43.074232201036104
            ],
            [
              -89.40447584742796,
              43.07423339271659
            ],
            [
              -89.40447701457009,
              43.07423470434485
            ],
            [
              -89.4044780483753,
              43.074236123441835
            ],
            [
              -89.40447893900777,
              43.07423763650603
            ],
            [
              -89.4044796779939,
              43.07423922914188
            ],
            [
              -89.40448025830284,
              43.07424088619679
            ],
            [
              -89.40448067441345,
              43.074242591905275
            ],
            [
              -89.40448092236676,
              43.07424433003893
            ],
            [
              -89.40448099980372,
              43.07424608406087
            ],
            [
              -89.40448090598758,
              43.07424783728304
            ],
            [
              -89.40448064181092,
              43.074249573025
            ],
            [
              -89.4044646461583,
              43.074328551559795
            ],
            [
              -89.40446265309369,
              43.07433851688278
            ],
            [
              -89.40441167420005,
              43.0745954105233
            ],
            [
              -89.40440869169937,
              43.07461131719362
            ],
            [
              -89.40440865045217,
              43.07461153009044
            ],
            [
              -89.40440665045216,
              43.07462153009045
            ],
            [
              -89.40440621668917,
              43.07462325220085
            ],
            [
              -89.40440561533902,
              43.074624923186356
            ],
            [
              -89.40440485225521,
              43.07462652678159
            ],
            [
              -89.40440393486564,
              43.07462804737718
            ],
            [
              -89.40440287210015,
              43.07462947017164
            ],
            [
              -89.40440167430368,
              43.0746307813155
            ],
            [
              -89.40440035313561,
              43.07463196804609
            ],
            [
              -89.40439892145618,
              43.07463301881178
            ],
            [
              -89.40439739320132,
              43.074633923384425
            ],
            [
              -89.40439578324708,
              43.074634672958915
            ],
            [
              -89.40439410726474,
              43.0746352602389
            ],
            [
              -89.40439238156831,
              43.07463567950779
            ],
            [
              -89.4043906229557,
              43.07463592668444
            ],
            [
              -89.40438884854527,
              43.074635999362805
            ],
            [
              -89.40438707560908,
              43.07463589683547
            ],
            [
              -89.40420535438881,
              43.074616356919314
            ]
          ]
        ]
      },
      "properties": {
        "building": "university",
        "name": "Birge Hall",
        "@id": "way/38855394",
        "addr:street": "Bascom Mall",
        "addr:housenumber": "430",
        "person_counts": [
          0,
          0,
          0,
          0,
          0,
          0,
          0,
          0,
          0,
          0,
          0,
          0,
          0,
          0,
          0,
          0,
          0,
          0,
          0,
          0,
          0,
          29,
          29,
          29,
          29,
          29,
          29,
          29,
          29,
          29,
          29,
          29,
          29,
          29,
          29,
          29,
          29,
          29,
          29,
          29,
          29,
          29,
          29,
          29,
          29,
          29,
          0,
          0,
          0,
          196,
          196,
          196,
          196,
          196,
          196,
          196,
          196,
          196,
          196,
          196,
          196,
          196,
          196,
          196,
          196,
          196,
          196,
          196,
          196,
          196,
          196,
          196,
          196,
          196,
          0,
          0,
          0,
          160,
          160,
          160,
          160,
          160,
          160,
          160,
          160,
          160,
          160,
          160,
          160,
          160,
          160,
          160,
          160,
          160,
          160,
          160,
          160,
          160,
          160,
          160,
          160,
          160,
          0,
          0,
          0,
          0,
          0,
          0,
          0,
          0,
          0,
          0,
          0,
          0,
          0,
          0,
          0,
          0,
          0,
          0,
          0,
          0,
          0,
          0,
          0,
          0,
          0,
          0,
          0,
          0,
          0,
          0,
          0,
          0,
          0,
          0,
          0,
          0,
          0,
          0,
          0,
          0,
          0,
          0,
          0,
          0,
          0,
          0,
          0,
          0,
          0,
          0,
          0,
          0,
          0,
          0,
          0,
          0,
          0,
          0,
          0,
          0,
          0,
          0,
          0,
          0,
          0,
          0,
          0,
          0,
          0,
          0,
          0,
          0,
          0,
          0,
          0,
          0,
          0,
          0,
          0,
          0,
          0,
          0,
          0
        ],
        "instructor_counts": [
          0,
          0,
          0,
          0,
          0,
          0,
          0,
          0,
          0,
          0,
          0,
          0,
          0,
          0,
          0,
          0,
          0,
          0,
          0,
          0,
          0,
          2,
          2,
          2,
          2,
          2,
          2,
          2,
          2,
          2,
          2,
          2,
          2,
          2,
          2,
          2,
          2,
          2,
          2,
          2,
          2,
          2,
          2,
          2,
          2,
          2,
          0,
          0,
          0,
          4,
          4,
          4,
          4,
          4,
          4,
          4,
          4,
          4,
          4,
          4,
          4,
          4,
          4,
          4,
          4,
          4,
          4,
          4,
          4,
          4,
          4,
          4,
          4,
          4,
          0,
          0,
          0,
          3,
          3,
          3,
          3,
          3,
          3,
          3,
          3,
          3,
          3,
          3,
          3,
          3,
          3,
          3,
          3,
          3,
          3,
          3,
          3,
          3,
          3,
          3,
          3,
          3,
          0,
          0,
          0,
          0,
          0,
          0,
          0,
          0,
          0,
          0,
          0,
          0,
          0,
          0,
          0,
          0,
          0,
          0,
          0,
          0,
          0,
          0,
          0,
          0,
          0,
          0,
          0,
          0,
          0,
          0,
          0,
          0,
          0,
          0,
          0,
          0,
          0,
          0,
          0,
          0,
          0,
          0,
          0,
          0,
          0,
          0,
          0,
          0,
          0,
          0,
          0,
          0,
          0,
          0,
          0,
          0,
          0,
          0,
          0,
          0,
          0,
          0,
          0,
          0,
          0,
          0,
          0,
          0,
          0,
          0,
          0,
          0,
          0,
          0,
          0,
          0,
          0,
          0,
          0,
          0,
          0,
          0,
          0
        ]
      }
    },
    {
      "type": "Feature",
      "geometry": {
        "type": "Polygon",
        "coordinates": [
          [
            [
              -89.40538422116444,
              43.075041999999996
            ],
            [
              -89.40538377476368,
              43.075042586884216
            ],
            [
              -89.40538257303086,
              43.075043880950865
            ],
            [
              -89.40538125027213,
              43.07504505102762
            ],
            [
              -89.40537981922014,
              43.07504608585152
            ],
            [
              -89.40537829364997,
              43.075046975461504
            ],
            [
              -89.4053766882465,
              43.07504771129435
            ],
            [
              -89.40537501846309,
              43.07504828626705
            ],
            [
              -89.40537330037277,
              43.075048694845
            ],
            [
              -89.40537155051362,
              43.07504893309532
            ],
            [
              -89.40536978572948,
              43.075048998724625
            ],
            [
              -89.40528578572948,
              43.07504799872462
            ],
            [
              -89.40528406800875,
              43.075047896016585
            ],
            [
              -89.40528236794496,
              43.07504762975258
            ],
            [
              -89.40528070107538,
              43.07504720236605
            ],
            [
              -89.40527908263394,
              43.075046617762986
            ],
            [
              -89.40527752741197,
              43.075045881286215
            ],
            [
              -89.405276049623,
              43.075044999666574
            ],
            [
              -89.40527466277291,
              43.0750439809614
            ],
            [
              -89.40527337953644,
              43.075042834480875
            ],
            [
              -89.4052722116414,
              43.07504157070296
            ],
            [
              -89.40527116976146,
              43.07504020117763
            ],
            [
              -89.40527110090298,
              43.075040090046194
            ],
            [
              -89.40513011612661,
              43.0750409996254
            ],
            [
              -89.40513,
              43.075041
            ],
            [
              -89.405077,
              43.075041
            ],
            [
              -89.40507555042379,
              43.075040941536415
            ],
            [
              -89.40507411026394,
              43.07504076652542
            ],
            [
              -89.40490811026393,
              43.075013766525416
            ],
            [
              -89.40490640378937,
              43.07501340329991
            ],
            [
              -89.40490474049633,
              43.075012876569964
            ],
            [
              -89.40490313601148,
              43.075012191284216
            ],
            [
              -89.40490160540901,
              43.075011353880946
            ],
            [
              -89.40490016306894,
              43.075010372227574
            ],
            [
              -89.40489882254214,
              43.07500925554676
            ],
            [
              -89.40489759642284,
              43.07500801432975
            ],
            [
              -89.40489649623049,
              43.075006660237804
            ],
            [
              -89.40489553230142,
              43.07500520599266
            ],
            [
              -89.40489471369177,
              43.07500366525698
            ],
            [
              -89.40489404809242,
              43.07500205250602
            ],
            [
              -89.40489354175664,
              43.07500038289161
            ],
            [
              -89.4048931994415,
              43.074998672099824
            ],
            [
              -89.40489302436308,
              43.07499693620359
            ],
            [
              -89.4048930181662,
              43.074995191511704
            ],
            [
              -89.40489318090911,
              43.07499345441558
            ],
            [
              -89.40489481782092,
              43.07498199603293
            ],
            [
              -89.40473813830404,
              43.07494758087894
            ],
            [
              -89.4047364421028,
              43.074947120449146
            ],
            [
              -89.40473479889191,
              43.07494649678885
            ],
            [
              -89.40473322433812,
              43.07494571584419
            ],
            [
              -89.4047317334536,
              43.07494478506087
            ],
            [
              -89.40473034045282,
              43.07494371331322
            ],
            [
              -89.40472905861697,
              43.074942510819525
            ],
            [
              -89.40472790016739,
              43.07494118904466
            ],
            [
              -89.40472687614901,
              43.07493976059074
            ],
            [
              -89.4047259963251,
              43.07493823907699
            ],
            [
              -89.40472526908407,
              43.07493663900989
            ],
            [
              -89.40472470135964,
              43.07493497564487
            ],
            [
              -89.40472429856463,
              43.07493326484085
            ],
            [
              -89.40472406453937,
              43.07493152290905
            ],
            [
              -89.40472400151512,
              43.074929766457466
            ],
            [
              -89.40472411009277,
              43.07492801223253
            ],
            [
              -89.40472588380462,
              43.07491204882598
            ],
            [
              -89.40458612244615,
              43.07491299958352
            ],
            [
              -89.40458580075021,
              43.074912998897176
            ],
            [
              -89.40431480075021,
              43.074909998897176
            ],
            [
              -89.40431299791473,
              43.07490988831056
            ],
            [
              -89.40431121523879,
              43.07490959760162
            ],
            [
              -89.40430947067266,
              43.07490912969758
            ],
            [
              -89.40430778178285,
              43.074908489309905
            ],
            [
              -89.40430616557525,
              43.07490768288683
            ],
            [
              -89.40430463832391,
              43.074906718548455
            ],
            [
              -89.40430321540713,
              43.07490560600496
            ],
            [
              -89.40430191115267,
              43.07490435645886
            ],
            [
              -89.40430073869341,
              43.07490298249217
            ],
            [
              -89.40429970983517,
              43.07490149793975
            ],
            [
              -89.4042988349378,
              43.07489991774995
            ],
            [
              -89.4042981228109,
              43.07489825783416
            ],
            [
              -89.4042651228109,
              43.07480925783416
            ],
            [
              -89.40426501054958,
              43.07480894630764
            ],
            [
              -89.40425808158523,
              43.074789149266635
            ],
            [
              -89.40423515744884,
              43.07472835047011
            ],
            [
              -89.4042346170834,
              43.07472667270911
            ],
            [
              -89.40423424340493,
              43.07472495014092
            ],
            [
              -89.40423403999668,
              43.07472319928345
            ],
            [
              -89.40423400880917,
              43.074721436925905
            ],
            [
              -89.40423415014145,
              43.07471967996774
            ],
            [
              -89.40423446263827,
              43.074717945256666
            ],
            [
              -89.40423494330305,
              43.074716249427034
            ],
            [
              -89.40423558752666,
              43.07471460874037
            ],
            [
              -89.40423638913154,
              43.074713038929424
            ],
            [
              -89.404237340431,
              43.074711555047315
            ],
            [
              -89.4042384323029,
              43.07471017132317
            ],
            [
              -89.40423965427718,
              43.074708901025694
            ],
            [
              -89.40424099463613,
              43.07470775633593
            ],
            [
              -89.40424244052691,
              43.07470674823046
            ],
            [
              -89.40424397808468,
              43.07470588637612
            ],
            [
              -89.4042455925656,
              43.07470517903735
            ],
            [
              -89.40424726848822,
              43.07470463299691
            ],
            [
              -89.40424898978189,
              43.07470425349085
            ],
            [
              -89.40425073994093,
              43.0747040441583
            ],
            [
              -89.40430773994093,
              43.0747000441583
            ],
            [
              -89.4043095139227,
              43.074700007338066
            ],
            [
              -89.40431128291058,
              43.074700145355806
            ],
            [
              -89.40431302971501,
              43.074700456870374
            ],
            [
              -89.40431473736196,
              43.07470093885473
            ],
            [
              -89.40431638925791,
              43.07470158662535
            ],
            [
              -89.40431796935111,
              43.07470239388772
            ],
            [
              -89.40431946228749,
              43.07470335279752
            ],
            [
              -89.40432176837096,
              43.074705
            ],
            [
              -89.4043949460247,
              43.074705
            ],
            [
              -89.40439650306199,
              43.07469877185081
            ],
            [
              -89.40441047085822,
              43.07463890986692
            ],
            [
              -89.40441094262009,
              43.074637251453176
            ],
            [
              -89.4044115708937,
              43.07463564578582
            ],
            [
              -89.40441234991427,
              43.07463410759781
            ],
            [
              -89.40441327253382,
              43.07463265100295
            ],
            [
              -89.40441433028674,
              43.07463128936639
            ],
            [
              -89.40441551346754,
              43.07463003518195
            ],
            [
              -89.4044168112198,
              43.07462889995753
            ],
            [
              -89.40441821163587,
              43.074627894109504
            ],
            [
              -89.40441970186608,
              43.07462702686714
            ],
            [
              -89.40442126823667,
              43.0746263061879
            ],
            [
              -89.40442289637525,
              43.07462573868445
            ],
            [
              -89.40442457134267,
              43.074625329563986
            ],
            [
              -89.40442627777009,
              43.07462508258043
            ],
            [
              -89.404428,
              43.074625000000005
            ],
            [
              -89.40454776613576,
              43.074625000000005
            ],
            [
              -89.40456226348097,
              43.07458837512789
            ],
            [
              -89.40456300789235,
              43.07458673849331
            ],
            [
              -89.40456391186554,
              43.07458518428819
            ],
            [
              -89.40456496638109,
              43.074583728019675
            ],
            [
              -89.40456616091757,
              43.074582384217734
            ],
            [
              -89.40456748355642,
              43.07458116629018
            ],
            [
              -89.40456892110099,
              43.07458008638895
            ],
            [
              -89.40457045920812,
              43.074579155288774
            ],
            [
              -89.40457208253127,
              43.074578382279746
            ],
            [
              -89.40457377487373,
              43.074577775074594
            ],
            [
              -89.40457551935005,
              43.07457733973172
            ],
            [
              -89.40457729855467,
              43.07457708059477
            ],
            [
              -89.40457909473552,
              43.074577000249306
            ],
            [
              -89.40476909473553,
              43.0745780002493
            ],
            [
              -89.40477089479832,
              43.07457810000728
            ],
            [
              -89.40477267585361,
              43.07457837932747
            ],
            [
              -89.40477442003488,
              43.074578835407905
            ],
            [
              -89.40477610984556,
              43.07457946367344
            ],
            [
              -89.40477772833445,
              43.074580257821694
            ],
            [
              -89.4047792592658,
              43.07458120988623
            ],
            [
              -89.40478068728223,
              43.07458231031651
            ],
            [
              -89.40478199805871,
              43.07458354807365
            ],
            [
              -89.4047831784463,
              43.074584910741194
            ],
            [
              -89.40478421660403,
              43.07458638464968
            ],
            [
              -89.40478510211774,
              43.074587955013705
            ],
            [
              -89.40478582610446,
              43.07458960608031
            ],
            [
              -89.40480044332882,
              43.07462807246022
            ],
            [
              -89.40530110526136,
              43.07463100030778
            ],
            [
              -89.40530143889386,
              43.07463100535157
            ],
            [
              -89.40534221947965,
              43.074632
            ],
            [
              -89.405454,
              43.074632
            ],
            [
              -89.40545578296556,
              43.074632088522286
            ],
            [
              -89.4054575483942,
              43.07463235321846
            ],
            [
              -89.40545927892151,
              43.07463279148502
            ],
            [
              -89.40546095752636,
              43.07463339901126
            ],
            [
              -89.4054625676983,
              43.074634169821664
            ],
            [
              -89.40546409359999,
              43.074635096334696
            ],
            [
              -89.40546552022295,
              43.07463616943734
            ],
            [
              -89.40546683353519,
              43.074637378574764
            ],
            [
              -89.40546802061921,
              43.07463871185413
            ],
            [
              -89.4054690697991,
              43.07464015616155
            ],
            [
              -89.4054699707553,
              43.07464169729109
            ],
            [
              -89.4054707146262,
              43.0746433200845
            ],
            [
              -89.40547129409522,
              43.07464500858028
            ],
            [
              -89.40547170346281,
              43.07464674617072
            ],
            [
              -89.4054719387025,
              43.074648515765205
            ],
            [
              -89.40547199750053,
              43.07465029995834
            ],
            [
              -89.40547099750052,
              43.07471029995835
            ],
            [
              -89.40547099513446,
              43.0747104184915
            ],
            [
              -89.4054693515553,
              43.074781092395874
            ],
            [
              -89.40548127760668,
              43.07478330092391
            ],
            [
              -89.40548303982119,
              43.074783719947845
            ],
            [
              -89.40548475100002,
              43.07478431395797
            ],
            [
              -89.40548639381495,
              43.07478507693904
            ],
            [
              -89.40548795163005,
              43.07478600116473
            ],
            [
              -89.40548940867012,
              43.07478707727591
            ],
            [
              -89.40549075018046,
              43.07478829437534
            ],
            [
              -89.4054919625763,
              43.07478964013807
            ],
            [
              -89.40549303358033,
              43.07479110093628
            ],
            [
              -89.40549395234703,
              43.074792661977206
            ],
            [
              -89.40549470957254,
              43.07479430745299
            ],
            [
              -89.40549529758881,
              43.074796020700745
            ],
            [
              -89.40549571044133,
              43.0747977843713
            ],
            [
              -89.40549594394933,
              43.07479958060487
            ],
            [
              -89.4054959957482,
              43.07480139121192
            ],
            [
              -89.40549399574819,
              43.07489339121192
            ],
            [
              -89.40549387422847,
              43.0748951241366
            ],
            [
              -89.40549358622494,
              43.0748968372767
            ],
            [
              -89.40549313442008,
              43.07489851467569
            ],
            [
              -89.40549252302215,
              43.074900140709985
            ],
            [
              -89.40549175772576,
              43.07490170023441
            ],
            [
              -89.40549084565905,
              43.074903178723275
            ],
            [
              -89.40548979531715,
              43.074904562405656
            ],
            [
              -89.40548861648317,
              43.07490583839368
            ],
            [
              -89.40548732013697,
              43.07490699480257
            ],
            [
              -89.40548591835295,
              43.07490802086132
            ],
            [
              -89.40548442418758,
              43.07490890701303
            ],
            [
              -89.40548285155779,
              43.07490964500393
            ],
            [
              -89.40548121511135,
              43.074910227960224
            ],
            [
              -89.40547953009042,
              43.07491065045217
            ],
            [
              -89.40546812812788,
              43.074912930844675
            ],
            [
              -89.40546697658714,
              43.07493193126699
            ],
            [
              -89.40546298337374,
              43.07502477347844
            ],
            [
              -89.40546282770384,
              43.07502648454741
            ],
            [
              -89.40546250960429,
              43.07502817297946
            ],
            [
              -89.40546203197333,
              43.07502982339116
            ],
            [
              -89.40546139916268,
              43.075031420745475
            ],
            [
              -89.40546061693794,
              43.075032950488776
            ],
            [
              -89.40545969242602,
              43.07503439868346
            ],
            [
              -89.40545863405022,
              43.075035752134895
            ],
            [
              -89.40545745145349,
              43.075036998511685
            ],
            [
              -89.40545615541056,
              43.07503812645798
            ],
            [
              -89.4054547577298,
              43.07503912569698
            ],
            [
              -89.40545327114556,
              43.07503998712454
            ],
            [
              -89.40545170920225,
              43.07504070289212
            ],
            [
              -89.40545008613086,
              43.0750412664783
            ],
            [
              -89.40544841671932,
              43.075041672748206
            ],
            [
              -89.40544671617778,
              43.075041918000274
            ],
            [
              -89.405445,
              43.075041999999996
            ],
            [
              -89.40538422116444,
              43.075041999999996
            ]
          ]
        ]
      },
      "properties": {
        "building": "university",
        "name": "Van Vleck Hall",
        "@id": "way/38855396",
        "addr:street": "Lincoln Drive",
        "addr:housenumber": "480",
        "person_counts": [
          0,
          0,
          0,
          0,
          0,
          0,
          0,
          0,
          0,
          0,
          0,
          0,
          0,
          0,
          0,
          0,
          0,
          0,
          0,
          0,
          0,
          0,
          0,
          0,
          0,
          0,
          0,
          0,
          0,
          0,
          0,
          0,
          0,
          0,
          0,
          0,
          0,
          0,
          0,
          0,
          0,
          0,
          0,
          0,
          0,
          0,
          0,
          0,
          0,
          234,
          234,
          234,
          234,
          234,
          234,
          234,
          234,
          234,
          234,
          234,
          234,
          234,
          234,
          234,
          234,
          234,
          234,
          234,
          234,
          234,
          234,
          234,
          234,
          234,
          0,
          0,
          0,
          175,
          175,
          175,
          175,
          175,
          175,
          175,
          175,
          175,
          175,
          175,
          175,
          175,
          175,
          175,
          175,
          175,
          175,
          175,
          175,
          175,
          175,
          175,
          175,
          175,
          0,
          0,
          0,
          60,
          60,
          60,
          60,
          60,
          60,
          60,
          60,
          60,
          60,
          60,
          60,
          60,
          60,
          60,
          60,
          60,
          60,
          60,
          60,
          60,
          60,
          60,
          60,
          60,
          0,
          0,
          0,
          149,
          149,
          149,
          149,
          149,
          149,
          149,
          149,
          149,
          149,
          149,
          149,
          149,
          149,
          149,
          149,
          149,
          149,
          149,
          149,
          149,
          149,
          149,
          149,
          149,
          0,
          0,
          0,
          59,
          59,
          59,
          59,
          59,
          59,
          59,
          59,
          59,
          59,
          59,
          59,
          59,
          59,
          59,
          59,
          59,
          59,
          59,
          59,
          59,
          59,
          59,
          59
        ],
        "instructor_counts": [
          0,
          0,
          0,
          0,
          0,
          0,
          0,
          0,
          0,
          0,
          0,
          0,
          0,
          0,
          0,
          0,
          0,
          0,
          0,
          0,
          0,
          0,
          0,
          0,
          0,
          0,
          0,
          0,
          0,
          0,
          0,
          0,
          0,
          0,
          0,
          0,
          0,
          0,
          0,
          0,
          0,
          0,
          0,
          0,
          0,
          0,
          0,
          0,
          0,
          8,
          8,
          8,
          8,
          8,
          8,
          8,
          8,
          8,
          8,
          8,
          8,
          8,
          8,
          8,
          8,
          8,
          8,
          8,
          8,
          8,
          8,
          8,
          8,
          8,
          0,
          0,
          0,
          3,
          3,
          3,
          3,
          3,
          3,
          3,
          3,
          3,
          3,
          3,
          3,
          3,
          3,
          3,
          3,
          3,
          3,
          3,
          3,
          3,
          3,
          3,
          3,
          3,
          0,
          0,
          0,
          2,
          2,
          2,
          2,
          2,
          2,
          2,
          2,
          2,
          2,
          2,
          2,
          2,
          2,
          2,
          2,
          2,
          2,
          2,
          2,
          2,
          2,
          2,
          2,
          2,
          0,
          0,
          0,
          5,
          5,
          5,
          5,
          5,
          5,
          5,
          5,
          5,
          5,
          5,
          5,
          5,
          5,
          5,
          5,
          5,
          5,
          5,
          5,
          5,
          5,
          5,
          5,
          5,
          0,
          0,
          0,
          3,
          3,
          3,
          3,
          3,
          3,
          3,
          3,
          3,
          3,
          3,
          3,
          3,
          3,
          3,
          3,
          3,
          3,
          3,
          3,
          3,
          3,
          3,
          3
        ]
      }
    },
    {
      "type": "Feature",
      "geometry": {
        "type": "Polygon",
        "coordinates": [
          [
            [
              -89.40949470386037,
              43.07587112853085
            ],
            [
              -89.40949451290132,
              43.07587215912097
            ],
            [
              -89.40949401070547,
              43.075873885227196
            ],
            [
              -89.40949333884132,
              43.07587555263295
            ],
            [
              -89.40949250401015,
              43.07587714470717
            ],
            [
              -89.40949151453876,
              43.07587864557018
            ],
            [
              -89.40949038029635,
              43.07588004025206
            ],
            [
              -89.40948911259608,
              43.07588131484196
            ],
            [
              -89.40948772408224,
              43.07588245662685
            ],
            [
              -89.4094862286042,
              43.07588345421834
            ],
            [
              -89.40948464107812,
              43.07588429766625
            ],
            [
              -89.40948297733834,
              43.07588497855784
            ],
            [
              -89.40948125397935,
              43.07588549010176
            ],
            [
              -89.40947948819029,
              43.07588582719577
            ],
            [
              -89.4094776975835,
              43.07588598647762
            ],
            [
              -89.40947590001886,
              43.075885966358605
            ],
            [
              -89.40944312803093,
              43.075883959910364
            ],
            [
              -89.409442966848,
              43.075884310220495
            ],
            [
              -89.40944208395051,
              43.07588582214013
            ],
            [
              -89.40944105834167,
              43.075887241131134
            ],
            [
              -89.40943989972492,
              43.07588855376824
            ],
            [
              -89.40943861906207,
              43.075889747632395
            ],
            [
              -89.40943722846967,
              43.075890811428295
            ],
            [
              -89.40943574110429,
              43.07589173509122
            ],
            [
              -89.40943417103811,
              43.07589250988226
            ],
            [
              -89.40943253312575,
              43.075893128471016
            ],
            [
              -89.40943084286371,
              43.075893585004934
            ],
            [
              -89.40942911624381,
              43.075893875164674
            ],
            [
              -89.40942736960184,
              43.075893996205004
            ],
            [
              -89.40942561946301,
              43.07589394698074
            ],
            [
              -89.40904983748455,
              43.07586504067471
            ],
            [
              -89.4087790569964,
              43.07588096893871
            ],
            [
              -89.40877725158403,
              43.0758809844342
            ],
            [
              -89.40877545370145,
              43.07588081898885
            ],
            [
              -89.40877368143711,
              43.07588047426721
            ],
            [
              -89.40877195262169,
              43.07587995373751
            ],
            [
              -89.40877028464877,
              43.07587926263679
            ],
            [
              -89.40876869429974,
              43.07587840791818
            ],
            [
              -89.40876719757509,
              43.07587739818099
            ],
            [
              -89.40876580953328,
              43.07587624358415
            ],
            [
              -89.40876454413939,
              43.07587495574402
            ],
            [
              -89.40876341412448,
              43.07587354761752
            ],
            [
              -89.40876329364674,
              43.07587336208
            ],
            [
              -89.40870046737483,
              43.07587499393122
            ],
            [
              -89.40869874597672,
              43.075874956264244
            ],
            [
              -89.40869703605306,
              43.075874754295775
            ],
            [
              -89.40869535324977,
              43.075874389873846
            ],
            [
              -89.40869371296469,
              43.07587386633295
            ],
            [
              -89.40869213020656,
              43.075873188463525
            ],
            [
              -89.40869061945779,
              43.075872362468154
            ],
            [
              -89.40868919454184,
              43.07587139590476
            ],
            [
              -89.40868786849684,
              43.075870297617506
            ],
            [
              -89.40868665345624,
              43.0758690776558
            ],
            [
              -89.40868556053775,
              43.07586774718243
            ],
            [
              -89.40868459974169,
              43.075866318371325
            ],
            [
              -89.40868377985943,
              43.07586480429626
            ],
            [
              -89.40868310839298,
              43.07586321881115
            ],
            [
              -89.4086825914863,
              43.07586157642334
            ],
            [
              -89.40868223386914,
              43.075859892160835
            ],
            [
              -89.40867769328483,
              43.075832
            ],
            [
              -89.40862369233037,
              43.075832
            ],
            [
              -89.40862299732521,
              43.07587231029871
            ],
            [
              -89.40862288177307,
              43.07587405965812
            ],
            [
              -89.40862259658635,
              43.07587578947868
            ],
            [
              -89.40862214447044,
              43.07587748335053
            ],
            [
              -89.40862152971432,
              43.075879125204835
            ],
            [
              -89.40862075814987,
              43.07588069946622
            ],
            [
              -89.40861983709647,
              43.075882191200535
            ],
            [
              -89.40861877529164,
              43.0758835862565
            ],
            [
              -89.40861758280818,
              43.07588487140001
            ],
            [
              -89.4086162709585,
              43.07588603443958
            ],
            [
              -89.40861485218741,
              43.075887064342105
            ],
            [
              -89.408613339954,
              43.075887951337464
            ],
            [
              -89.40861174860403,
              43.07588868701122
            ],
            [
              -89.40861009323373,
              43.075889264384436
            ],
            [
              -89.40860838954673,
              43.07588967797989
            ],
            [
              -89.40860665370494,
              43.075889923874016
            ],
            [
              -89.40860490217536,
              43.07588999973417
            ],
            [
              -89.40842090217537,
              43.075888999734175
            ],
            [
              -89.40841914444533,
              43.07588890410335
            ],
            [
              -89.40841740446197,
              43.07588863723635
            ],
            [
              -89.4084156988666,
              43.075888201685515
            ],
            [
              -89.40841404397166,
              43.07588760161648
            ],
            [
              -89.40841245560469,
              43.07588684276834
            ],
            [
              -89.40841094895696,
              43.0758859323988
            ],
            [
              -89.40840953843815,
              43.07588487921467
            ],
            [
              -89.40840823753858,
              43.07588369328871
            ],
            [
              -89.40840705870012,
              43.07588238596318
            ],
            [
              -89.40840601319731,
              43.07588096974147
            ],
            [
              -89.40840511102938,
              43.075879458168394
            ],
            [
              -89.40840436082476,
              43.075877865700775
            ],
            [
              -89.40840376975844,
              43.07587620756908
            ],
            [
              -89.40840334348344,
              43.07587449963181
            ],
            [
              -89.40840308607667,
              43.075872758223795
            ],
            [
              -89.408403,
              43.075871
            ],
            [
              -89.408403,
              43.075830962065375
            ],
            [
              -89.40796308796571,
              43.075830033980914
            ],
            [
              -89.40796287458275,
              43.07583048514127
            ],
            [
              -89.40796196645302,
              43.0758320002642
            ],
            [
              -89.40796091418815,
              43.07583341907912
            ],
            [
              -89.40795972792205,
              43.075834727922064
            ],
            [
              -89.40795841907911,
              43.07583591418816
            ],
            [
              -89.40795700026419,
              43.075836966453025
            ],
            [
              -89.40795548514126,
              43.07583787458276
            ],
            [
              -89.40795388830178,
              43.07583862983159
            ],
            [
              -89.40795222512418,
              43.07583922492604
            ],
            [
              -89.40795051162578,
              43.07583965413505
            ],
            [
              -89.40794876430851,
              43.07583991332508
            ],
            [
              -89.407947,
              43.07584
            ],
            [
              -89.407763,
              43.07584
            ],
            [
              -89.4077612313352,
              43.07583991289549
            ],
            [
              -89.40775947978803,
              43.07583965242498
            ],
            [
              -89.40775776231044,
              43.075839221109376
            ],
            [
              -89.40775609552469,
              43.07583862312307
            ],
            [
              -89.40775449556236,
              43.07583786425354
            ],
            [
              -89.40775297790836,
              43.075836951845346
            ],
            [
              -89.40775155725096,
              43.07583589472902
            ],
            [
              -89.40775024733968,
              43.07583470313562
            ],
            [
              -89.4077490608522,
              43.07583338859774
            ],
            [
              -89.40774800927167,
              43.07583196383783
            ],
            [
              -89.4077471027756,
              43.07583044264511
            ],
            [
              -89.40774635013732,
              43.07582883974213
            ],
            [
              -89.40774575864103,
              43.07582717064221
            ],
            [
              -89.40774533401144,
              43.07582545149937
            ],
            [
              -89.4077450803582,
              43.075823698951965
            ],
            [
              -89.40774500013626,
              43.07582192996162
            ],
            [
              -89.40774600013626,
              43.075564929961615
            ],
            [
              -89.40774609323,
              43.075563170358386
            ],
            [
              -89.40774635792312,
              43.07556142828848
            ],
            [
              -89.40774679167905,
              43.07555972044605
            ],
            [
              -89.40774739034114,
              43.07555806319722
            ],
            [
              -89.40774814817247,
              43.07555647242331
            ],
            [
              -89.40774905791079,
              43.075554963368575
            ],
            [
              -89.40775011083814,
              43.075553550494206
            ],
            [
              -89.40775129686438,
              43.07555224733967
            ],
            [
              -89.40775260462391,
              43.07555106639301
            ],
            [
              -89.40775402158454,
              43.075550018971164
            ],
            [
              -89.40775553416766,
              43.07554911511149
            ],
            [
              -89.40775712787827,
              43.07554836347563
            ],
            [
              -89.40775878744395,
              43.07554777126646
            ],
            [
              -89.40776049696122,
              43.075547344159055
            ],
            [
              -89.40776224004786,
              43.07554708624639
            ],
            [
              -89.407764,
              43.075547
            ],
            [
              -89.407949,
              43.075547
            ],
            [
              -89.40795077430427,
              43.07554708766223
            ],
            [
              -89.40795253132636,
              43.075547349795066
            ],
            [
              -89.40795425395247,
              43.07554778384527
            ],
            [
              -89.40795592540377,
              43.075548385585094
            ],
            [
              -89.40795752939992,
              43.075549149153424
            ],
            [
              -89.40795905031761,
              43.075550067112935
            ],
            [
              -89.40796047334271,
              43.07555113052246
            ],
            [
              -89.40796178461461,
              43.07555232902414
            ],
            [
              -89.40796297136121,
              43.075553650944265
            ],
            [
              -89.40796402202328,
              43.075555083407
            ],
            [
              -89.40796492636711,
              43.075556612459806
            ],
            [
              -89.4079656755842,
              43.075558223209335
            ],
            [
              -89.40796626237696,
              43.075559899966485
            ],
            [
              -89.40796668102989,
              43.07556162639922
            ],
            [
              -89.40796692746521,
              43.075563385691666
            ],
            [
              -89.40796699928256,
              43.075565160707875
            ],
            [
              -89.40796616143174,
              43.075659
            ],
            [
              -89.407971,
              43.075659
            ],
            [
              -89.407971,
              43.075652
            ],
            [
              -89.40797108720844,
              43.07565023028298
            ],
            [
              -89.4079713479887,
              43.07564847771422
            ],
            [
              -89.40797177981389,
              43.075646759275784
            ],
            [
              -89.40797237849968,
              43.07564509161906
            ],
            [
              -89.40797313824493,
              43.075643490903346
            ],
            [
              -89.4079740516878,
              43.075641972639296
            ],
            [
              -89.40797510997724,
              43.07564055153863
            ],
            [
              -89.40797630285857,
              43.07563924137156
            ],
            [
              -89.407977618773,
              43.075638054833384
            ],
            [
              -89.40797904496954,
              43.07563700342144
            ],
            [
              -89.40798056762858,
              43.07563609732374
            ],
            [
              -89.40798217199584,
              43.0756353453202
            ],
            [
              -89.40798384252528,
              43.07563475469761
            ],
            [
              -89.40798556302974,
              43.075634331179
            ],
            [
              -89.40798731683785,
              43.07563407886819
            ],
            [
              -89.40798908695551,
              43.07563400021004
            ],
            [
              -89.40819604347797,
              43.075635000000005
            ],
            [
              -89.408372,
              43.075635000000005
            ],
            [
              -89.40837381092481,
              43.075635091327484
            ],
            [
              -89.40837560347327,
              43.07563536438319
            ],
            [
              -89.40837735945549,
              43.07563581639628
            ],
            [
              -89.40837906105264,
              43.07563644277996
            ],
            [
              -89.40838069099779,
              43.075637237178
            ],
            [
              -89.40838223275104,
              43.075638191529244
            ],
            [
              -89.40838367066746,
              43.07563929614942
            ],
            [
              -89.40838499015582,
              43.07564053982939
            ],
            [
              -89.40838617782659,
              43.075641909948914
            ],
            [
              -89.40838722162789,
              43.07564339260472
            ],
            [
              -89.40838811096776,
              43.07564497275155
            ],
            [
              -89.40838883682162,
              43.07564663435486
            ],
            [
              -89.40838939182385,
              43.07564836055355
            ],
            [
              -89.40838977034258,
              43.07565013383101
            ],
            [
              -89.4083899685368,
              43.07565193619292
            ],
            [
              -89.40838998439531,
              43.075653749349804
            ],
            [
              -89.40838976561822,
              43.075659
            ],
            [
              -89.40840615584122,
              43.075659
            ],
            [
              -89.40840700068048,
              43.075561843484174
            ],
            [
              -89.40840710165256,
              43.07556008972285
            ],
            [
              -89.4084073730939,
              43.07555835415558
            ],
            [
              -89.40840781241924,
              43.07555665331244
            ],
            [
              -89.4084084154443,
              43.07555500339277
            ],
            [
              -89.4084091764257,
              43.075553420110914
            ],
            [
              -89.40841008811562,
              43.075551918546516
            ],
            [
              -89.40841114183084,
              43.075550513000934
            ],
            [
              -89.40841232753546,
              43.075549216861006
            ],
            [
              -89.40841363393646,
              43.075548042471574
            ],
            [
              -89.4084150485913,
              43.07554700101787
            ],
            [
              -89.40841655802637,
              43.075546102419004
            ],
            [
              -89.40841814786536,
              43.07554535523352
            ],
            [
              -89.40841980296615,
              43.07554476657784
            ],
            [
              -89.40842150756507,
              43.07554434205849
            ],
            [
              -89.40842324542699,
              43.075544085718725
            ],
            [
              -89.408425,
              43.075544
            ],
            [
              -89.408614,
              43.075544
            ],
            [
              -89.40861578864181,
              43.075544089088226
            ],
            [
              -89.40861755957842,
              43.07554435547106
            ],
            [
              -89.40861929527985,
              43.07554479651165
            ],
            [
              -89.40862097856493,
              43.075545407844274
            ],
            [
              -89.40862259277135,
              43.07554618341754
            ],
            [
              -89.40862412192057,
              43.075547115554286
            ],
            [
              -89.40862555087601,
              43.07554819502758
            ],
            [
              -89.40862686549289,
              43.075549411152046
            ],
            [
              -89.40862805275822,
              43.075550751889644
            ],
            [
              -89.40862910091961,
              43.07555220396882
            ],
            [
              -89.40862999960166,
              43.075553753015896
            ],
            [
              -89.40863073990857,
              43.07555538369733
            ],
            [
              -89.40863131451228,
              43.0755570798715
            ],
            [
              -89.40863171772497,
              43.07555882474851
            ],
            [
              -89.40863194555534,
              43.07556060105636
            ],
            [
              -89.4086319957482,
              43.07556239121192
            ],
            [
              -89.40863196510317,
              43.07556380088283
            ],
            [
              -89.4086329997358,
              43.07556303354698
            ],
            [
              -89.40863451485873,
              43.07556212541724
            ],
            [
              -89.40863611169821,
              43.075561370168415
            ],
            [
              -89.40863777487581,
              43.07556077507396
            ],
            [
              -89.4086394883742,
              43.07556034586495
            ],
            [
              -89.40864123569148,
              43.07556008667492
            ],
            [
              -89.408643,
              43.07556
            ],
            [
              -89.40868877541347,
              43.07556
            ],
            [
              -89.40868909544268,
              43.07555956919575
            ],
            [
              -89.4086902843458,
              43.07555825982189
            ],
            [
              -89.40869159600798,
              43.07555707344385
            ],
            [
              -89.40869301776623,
              43.07555602151514
            ],
            [
              -89.40869453589463,
              43.07555511419123
            ],
            [
              -89.40869613573692,
              43.0755543602316
            ],
            [
              -89.40869780184798,
              43.075553766915085
            ],
            [
              -89.40869951814287,
              43.07555333996968
            ],
            [
              -89.40870126805218,
              43.07555308351717
            ],
            [
              -89.40870303468202,
              43.07555300003341
            ],
            [
              -89.40922203468202,
              43.075554000033414
            ],
            [
              -89.40922379666347,
              43.075554089891114
            ],
            [
              -89.40922554138447,
              43.0755543518104
            ],
            [
              -89.40922725208355,
              43.07555478327504
            ],
            [
              -89.4092289123261,
              43.07555538013996
            ],
            [
              -89.40923050616226,
              43.0755561366711
            ],
            [
              -89.40923201828011,
              43.07555704560052
            ],
            [
              -89.4092334341528,
              43.07555809819616
            ],
            [
              -89.4092347401781,
              43.07555928434579
            ],
            [
              -89.4092359238091,
              43.075560592654135
            ],
            [
              -89.40923697367472,
              43.07556201055231
            ],
            [
              -89.40923787968894,
              43.07556352441866
            ],
            [
              -89.40923863314772,
              43.07556511970952
            ],
            [
              -89.4092392268126,
              43.07556678109902
            ],
            [
              -89.4092396549803,
              43.07556849262626
            ],
            [
              -89.40923991353742,
              43.07557023784868
            ],
            [
              -89.40924,
              43.075572
            ],
            [
              -89.40924,
              43.07559624159978
            ],
            [
              -89.409278,
              43.075596755113295
            ],
            [
              -89.409278,
              43.075567
            ],
            [
              -89.40927808667492,
              43.07556523569147
            ],
            [
              -89.40927834586495,
              43.0755634883742
            ],
            [
              -89.40927877507396,
              43.07556177487581
            ],
            [
              -89.4092793701684,
              43.075560111698216
            ],
            [
              -89.40928012541724,
              43.075558514858734
            ],
            [
              -89.40928103354697,
              43.0755569997358
            ],
            [
              -89.40928208581184,
              43.075555580920884
            ],
            [
              -89.40928327207794,
              43.07555427207794
            ],
            [
              -89.40928458092088,
              43.07555308581184
            ],
            [
              -89.4092859997358,
              43.07555203354698
            ],
            [
              -89.40928751485873,
              43.07555112541724
            ],
            [
              -89.40928911169821,
              43.075550370168415
            ],
            [
              -89.40929077487581,
              43.07554977507396
            ],
            [
              -89.4092924883742,
              43.07554934586495
            ],
            [
              -89.40929423569148,
              43.07554908667492
            ],
            [
              -89.409296,
              43.075549
            ],
            [
              -89.409623,
              43.075549
            ],
            [
              -89.40962476820945,
              43.07554908705956
            ],
            [
              -89.40962651931451,
              43.07554934739608
            ],
            [
              -89.40962823637625,
              43.075549778491244
            ],
            [
              -89.40962990278503,
              43.07555037617496
            ],
            [
              -89.40963150242119,
              43.07555113466566
            ],
            [
              -89.40963301981104,
              43.07555204662624
            ],
            [
              -89.4096344402764,
              43.07555310323506
            ],
            [
              -89.40963575007672,
              43.075554294271235
            ],
            [
              -89.40963693654193,
              43.07555560821353
            ],
            [
              -89.409637988195,
              43.07555703235181
            ],
            [
              -89.40963889486301,
              43.07555855290998
            ],
            [
              -89.40963964777549,
              43.07556015517926
            ],
            [
              -89.40964023964932,
              43.07556182366043
            ],
            [
              -89.40964066475911,
              43.07556354221381
            ],
            [
              -89.40964091899268,
              43.07556529421533
            ],
            [
              -89.40964099989073,
              43.07556706271739
            ],
            [
              -89.40963999989073,
              43.07585406271739
            ],
            [
              -89.40963990668439,
              43.075855830479135
            ],
            [
              -89.40963964028786,
              43.07585758053682
            ],
            [
              -89.40963920327769,
              43.0758592959642
            ],
            [
              -89.40963859988054,
              43.07586096016998
            ],
            [
              -89.40963783593236,
              43.075862557058265
            ],
            [
              -89.40963691882193,
              43.07586407118424
            ],
            [
              -89.40963585741937,
              43.075865487903556
            ],
            [
              -89.40963466199038,
              43.07586679351396
            ],
            [
              -89.40963334409692,
              43.07586797538783
            ],
            [
              -89.40963191648542,
              43.07586902209429
            ],
            [
              -89.40963039296348,
              43.075869923509785
            ],
            [
              -89.40962878826633,
              43.075870670916
            ],
            [
              -89.4096271179143,
              43.075871257084145
            ],
            [
              -89.40962539806273,
              43.07587167634492
            ],
            [
              -89.40962364534572,
              43.0758719246433
            ],
            [
              -89.40962187671522,
              43.0758719995778
            ],
            [
              -89.40949470386037,
              43.07587112853085
            ]
          ]
        ]
      },
      "properties": {
        "building": "university",
        "name": "Nancy Nicholas Hall",
        "@id": "way/38855398",
        "addr:street": "Linden Drive",
        "addr:housenumber": "1300",
        "person_counts": [
          0,
          0,
          0,
          0,
          0,
          0,
          0,
          0,
          0,
          0,
          0,
          0,
          0,
          0,
          0,
          0,
          0,
          0,
          0,
          0,
          0,
          29,
          29,
          29,
          29,
          29,
          29,
          29,
          29,
          29,
          29,
          29,
          29,
          29,
          29,
          29,
          29,
          29,
          29,
          29,
          29,
          29,
          29,
          29,
          29,
          29,
          0,
          0,
          0,
          0,
          0,
          0,
          0,
          0,
          0,
          0,
          0,
          0,
          0,
          0,
          0,
          0,
          0,
          0,
          0,
          0,
          0,
          0,
          0,
          0,
          0,
          0,
          0,
          0,
          0,
          0,
          0,
          12,
          12,
          12,
          12,
          12,
          12,
          12,
          12,
          12,
          12,
          12,
          12,
          12,
          12,
          12,
          12,
          12,
          12,
          12,
          12,
          12,
          12,
          12,
          12,
          12,
          0,
          0,
          0,
          0,
          0,
          0,
          0,
          0,
          0,
          0,
          0,
          0,
          0,
          0,
          0,
          0,
          0,
          0,
          0,
          0,
          0,
          0,
          0,
          0,
          0,
          0,
          0,
          0,
          0,
          0,
          0,
          0,
          0,
          0,
          0,
          0,
          0,
          0,
          0,
          0,
          0,
          0,
          0,
          0,
          0,
          0,
          0,
          0,
          0,
          0,
          0,
          0,
          0,
          0,
          0,
          0,
          0,
          0,
          0,
          0,
          0,
          0,
          0,
          0,
          0,
          0,
          0,
          0,
          0,
          0,
          0,
          0,
          0,
          0,
          0,
          0,
          0,
          0,
          0,
          0,
          0,
          0,
          0
        ],
        "instructor_counts": [
          0,
          0,
          0,
          0,
          0,
          0,
          0,
          0,
          0,
          0,
          0,
          0,
          0,
          0,
          0,
          0,
          0,
          0,
          0,
          0,
          0,
          2,
          2,
          2,
          2,
          2,
          2,
          2,
          2,
          2,
          2,
          2,
          2,
          2,
          2,
          2,
          2,
          2,
          2,
          2,
          2,
          2,
          2,
          2,
          2,
          2,
          0,
          0,
          0,
          0,
          0,
          0,
          0,
          0,
          0,
          0,
          0,
          0,
          0,
          0,
          0,
          0,
          0,
          0,
          0,
          0,
          0,
          0,
          0,
          0,
          0,
          0,
          0,
          0,
          0,
          0,
          0,
          1,
          1,
          1,
          1,
          1,
          1,
          1,
          1,
          1,
          1,
          1,
          1,
          1,
          1,
          1,
          1,
          1,
          1,
          1,
          1,
          1,
          1,
          1,
          1,
          1,
          0,
          0,
          0,
          0,
          0,
          0,
          0,
          0,
          0,
          0,
          0,
          0,
          0,
          0,
          0,
          0,
          0,
          0,
          0,
          0,
          0,
          0,
          0,
          0,
          0,
          0,
          0,
          0,
          0,
          0,
          0,
          0,
          0,
          0,
          0,
          0,
          0,
          0,
          0,
          0,
          0,
          0,
          0,
          0,
          0,
          0,
          0,
          0,
          0,
          0,
          0,
          0,
          0,
          0,
          0,
          0,
          0,
          0,
          0,
          0,
          0,
          0,
          0,
          0,
          0,
          0,
          0,
          0,
          0,
          0,
          0,
          0,
          0,
          0,
          0,
          0,
          0,
          0,
          0,
          0,
          0,
          0,
          0
        ]
      }
    },
    {
      "type": "Feature",
      "geometry": {
        "type": "Polygon",
        "coordinates": [
          [
            [
              -89.40700329028483,
              43.07467800234086
            ],
            [
              -89.40718929028483,
              43.07468100234086
            ],
            [
              -89.40719103493988,
              43.074681115397134
            ],
            [
              -89.4071927603974,
              43.074681397176036
            ],
            [
              -89.40719445037945,
              43.07468184501927
            ],
            [
              -89.40719608894287,
              43.07468245470191
            ],
            [
              -89.40719766062948,
              43.07468322047222
            ],
            [
              -89.40719915061204,
              43.074684135105954
            ],
            [
              -89.40720054483415,
              43.0746851899745
            ],
            [
              -89.40720183014277,
              43.07468637512628
            ],
            [
              -89.40720299441233,
              43.0746876793806
            ],
            [
              -89.40720402665917,
              43.074689090433196
            ],
            [
              -89.40720491714511,
              43.074690594972246
            ],
            [
              -89.40720565746935,
              43.074692178803986
            ],
            [
              -89.40720624064768,
              43.07469382698662
            ],
            [
              -89.40720666117845,
              43.07469552397124
            ],
            [
              -89.40720691509436,
              43.07469725374859
            ],
            [
              -89.407207,
              43.074699
            ],
            [
              -89.407207,
              43.07496
            ],
            [
              -89.40720691219629,
              43.074961775732085
            ],
            [
              -89.40720664964174,
              43.07496353414018
            ],
            [
              -89.40720621489783,
              43.07496525806931
            ],
            [
              -89.40720561220591,
              43.07496693070089
            ],
            [
              -89.40720484744583,
              43.07496853571676
            ],
            [
              -89.40720392807856,
              43.07497005745845
            ],
            [
              -89.40720286307342,
              43.074971481079885
            ],
            [
              -89.40720166282057,
              43.07497279269226
            ],
            [
              -89.40720033902963,
              43.074973979499525
            ],
            [
              -89.40719890461548,
              43.07497502992322
            ],
            [
              -89.4071973735722,
              43.074975933715464
            ],
            [
              -89.40719576083661,
              43.074976682058875
            ],
            [
              -89.40719408214251,
              43.074977267652635
            ],
            [
              -89.40719235386719,
              43.07497768478371
            ],
            [
              -89.40719059287164,
              43.074977929382584
            ],
            [
              -89.40718881633609,
              43.07497799906296
            ],
            [
              -89.40679681633608,
              43.07497399906296
            ],
            [
              -89.40679504304785,
              43.07497389330429
            ],
            [
              -89.40679328882018,
              43.074973613266145
            ],
            [
              -89.40679157073914,
              43.0749731616761
            ],
            [
              -89.4067899055387,
              43.07497254293259
            ],
            [
              -89.40678830943777,
              43.07497176306215
            ],
            [
              -89.40678679798229,
              43.07497082966064
            ],
            [
              -89.40678538589371,
              43.07496975181934
            ],
            [
              -89.40678408692565,
              43.07496854003633
            ],
            [
              -89.40678291373,
              43.074967206114295
            ],
            [
              -89.40678187773356,
              43.07496576304553
            ],
            [
              -89.4067809890269,
              43.074964224885434
            ],
            [
              -89.40678025626592,
              43.07496260661555
            ],
            [
              -89.40677968658767,
              43.07496092399773
            ],
            [
              -89.40677928554078,
              43.074959193420526
            ],
            [
              -89.40677905703141,
              43.07495743173965
            ],
            [
              -89.40677900328524,
              43.07495565611373
            ],
            [
              -89.40678200328524,
              43.07479865611373
            ],
            [
              -89.40678212050771,
              43.074796920635784
            ],
            [
              -89.40678240469511,
              43.07479520457567
            ],
            [
              -89.40678285319359,
              43.07479352395855
            ],
            [
              -89.40678346181492,
              43.07479189447861
            ],
            [
              -89.40678422487558,
              43.0747903313525
            ],
            [
              -89.40678513524985,
              43.074788849177246
            ],
            [
              -89.40678618443631,
              43.0747874617939
            ],
            [
              -89.40678736263733,
              43.07478618215834
            ],
            [
              -89.40678865885045,
              43.074785022220254
            ],
            [
              -89.40679006097115,
              43.07478399281154
            ],
            [
              -89.40679155590598,
              43.07478310354517
            ],
            [
              -89.40679312969469,
              43.074782362725436
            ],
            [
              -89.4067947676407,
              43.07478177727036
            ],
            [
              -89.40679645444831,
              43.07478135264713
            ],
            [
              -89.40679817436552,
              43.07478109282103
            ],
            [
              -89.40679991133113,
              43.074781000218394
            ],
            [
              -89.406985,
              43.074780088451554
            ],
            [
              -89.406985,
              43.074696
            ],
            [
              -89.4069850884624,
              43.07469421763616
            ],
            [
              -89.4069853529801,
              43.07469245279144
            ],
            [
              -89.4069857909531,
              43.07469072281279
            ],
            [
              -89.40698639807651,
              43.07468904470443
            ],
            [
              -89.40698716838281,
              43.07468743496076
            ],
            [
              -89.40698809430054,
              43.074685909404195
            ],
            [
              -89.40698916672872,
              43.074684483029664
            ],
            [
              -89.40699037512628,
              43.07468316985723
            ],
            [
              -89.40699170761569,
              43.074681982794274
            ],
            [
              -89.4069931510997,
              43.07468093350862
            ],
            [
              -89.40699469139008,
              43.07468003231384
            ],
            [
              -89.4069963133471,
              43.074679288067955
            ],
            [
              -89.40699800102826,
              43.074678708086246
            ],
            [
              -89.40699973784508,
              43.07467829806945
            ],
            [
              -89.40700150672615,
              43.07467806204769
            ],
            [
              -89.40700329028483,
              43.07467800234086
            ]
          ]
        ]
      },
      "properties": {
        "building": "university",
        "name": "Bardeen Medical Laboratories",
        "@id": "way/38855411",
        "addr:street": "Linden Drive",
        "addr:housenumber": "1215",
        "person_counts": [
          0,
          0,
          0,
          0,
          0,
          0,
          0,
          0,
          0,
          0,
          0,
          0,
          0,
          0,
          0,
          0,
          0,
          0,
          0,
          0,
          0,
          0,
          0,
          0,
          0,
          0,
          0,
          0,
          0,
          0,
          0,
          0,
          0,
          0,
          0,
          0,
          0,
          0,
          0,
          0,
          0,
          0,
          0,
          0,
          0,
          0,
          0,
          0,
          0,
          0,
          0,
          0,
          0,
          0,
          0,
          0,
          0,
          0,
          0,
          0,
          0,
          0,
          0,
          0,
          0,
          0,
          0,
          0,
          0,
          0,
          0,
          0,
          0,
          0,
          0,
          0,
          0,
          81,
          81,
          81,
          81,
          81,
          81,
          81,
          81,
          81,
          81,
          81,
          81,
          81,
          81,
          81,
          81,
          81,
          81,
          81,
          81,
          81,
          81,
          81,
          81,
          81,
          0,
          0,
          0,
          0,
          0,
          0,
          0,
          0,
          0,
          0,
          0,
          0,
          0,
          0,
          0,
          0,
          0,
          0,
          0,
          0,
          0,
          0,
          0,
          0,
          0,
          0,
          0,
          0,
          0,
          0,
          0,
          76,
          76,
          76,
          76,
          76,
          76,
          76,
          76,
          76,
          76,
          76,
          76,
          76,
          76,
          76,
          76,
          76,
          76,
          76,
          76,
          76,
          76,
          76,
          76,
          76,
          0,
          0,
          0,
          0,
          0,
          0,
          0,
          0,
          0,
          0,
          0,
          0,
          0,
          0,
          0,
          0,
          0,
          0,
          0,
          0,
          0,
          0,
          0,
          0,
          0,
          0,
          0
        ],
        "instructor_counts": [
          0,
          0,
          0,
          0,
          0,
          0,
          0,
          0,
          0,
          0,
          0,
          0,
          0,
          0,
          0,
          0,
          0,
          0,
          0,
          0,
          0,
          0,
          0,
          0,
          0,
          0,
          0,
          0,
          0,
          0,
          0,
          0,
          0,
          0,
          0,
          0,
          0,
          0,
          0,
          0,
          0,
          0,
          0,
          0,
          0,
          0,
          0,
          0,
          0,
          0,
          0,
          0,
          0,
          0,
          0,
          0,
          0,
          0,
          0,
          0,
          0,
          0,
          0,
          0,
          0,
          0,
          0,
          0,
          0,
          0,
          0,
          0,
          0,
          0,
          0,
          0,
          0,
          2,
          2,
          2,
          2,
          2,
          2,
          2,
          2,
          2,
          2,
          2,
          2,
          2,
          2,
          2,
          2,
          2,
          2,
          2,
          2,
          2,
          2,
          2,
          2,
          2,
          0,
          0,
          0,
          0,
          0,
          0,
          0,
          0,
          0,
          0,
          0,
          0,
          0,
          0,
          0,
          0,
          0,
          0,
          0,
          0,
          0,
          0,
          0,
          0,
          0,
          0,
          0,
          0,
          0,
          0,
          0,
          1,
          1,
          1,
          1,
          1,
          1,
          1,
          1,
          1,
          1,
          1,
          1,
          1,
          1,
          1,
          1,
          1,
          1,
          1,
          1,
          1,
          1,
          1,
          1,
          1,
          0,
          0,
          0,
          0,
          0,
          0,
          0,
          0,
          0,
          0,
          0,
          0,
          0,
          0,
          0,
          0,
          0,
          0,
          0,
          0,
          0,
          0,
          0,
          0,
          0,
          0,
          0
        ]
      }
    },
    {
      "type": "Feature",
      "geometry": {
        "type": "Polygon",
        "coordinates": [
          [
            [
              -89.405535,
              43.07257053194379
            ],
            [
              -89.405535,
              43.072647
            ],
            [
              -89.40553491446988,
              43.07264875264626
            ],
            [
              -89.40553465869235,
              43.072650488636505
            ],
            [
              -89.40553423509814,
              43.07265219147303
            ],
            [
              -89.40553364771282,
              43.07265384497319
            ],
            [
              -89.40553290211852,
              43.0726554334232
            ],
            [
              -89.40553200540087,
              43.07265694172746
            ],
            [
              -89.4055309660817,
              43.07265835555204
            ],
            [
              -89.405529794038,
              43.07265966146088
            ],
            [
              -89.40552850040814,
              43.072660847043466
            ],
            [
              -89.40552709748592,
              43.072661901032795
            ],
            [
              -89.40552559860377,
              43.07266281341245
            ],
            [
              -89.40552401800613,
              43.07266357551176
            ],
            [
              -89.40552237071394,
              43.07266418008824
            ],
            [
              -89.40552067238198,
              43.07266462139639
            ],
            [
              -89.40551893915011,
              43.0726648952423
            ],
            [
              -89.40551718748983,
              43.07266499902352
            ],
            [
              -89.40543718330619,
              43.07266583240043
            ],
            [
              -89.40543687458276,
              43.07266648514126
            ],
            [
              -89.40543596645303,
              43.072668000264194
            ],
            [
              -89.40543491418816,
              43.07266941907911
            ],
            [
              -89.40543372792206,
              43.07267072792206
            ],
            [
              -89.40543241907912,
              43.072671914188156
            ],
            [
              -89.4054310002642,
              43.07267296645302
            ],
            [
              -89.40542948514127,
              43.072673874582755
            ],
            [
              -89.40542788830179,
              43.07267462983158
            ],
            [
              -89.40542622512419,
              43.07267522492604
            ],
            [
              -89.4054245116258,
              43.07267565413505
            ],
            [
              -89.40542276430853,
              43.07267591332508
            ],
            [
              -89.405421,
              43.072675999999994
            ],
            [
              -89.4053984277303,
              43.072675999999994
            ],
            [
              -89.40539741907911,
              43.07267691418816
            ],
            [
              -89.40539600026419,
              43.07267796645302
            ],
            [
              -89.40539448514126,
              43.072678874582756
            ],
            [
              -89.40539288830178,
              43.07267962983158
            ],
            [
              -89.40539122512418,
              43.07268022492604
            ],
            [
              -89.40538951162578,
              43.07268065413505
            ],
            [
              -89.40538776430851,
              43.07268091332508
            ],
            [
              -89.405386,
              43.072680999999996
            ],
            [
              -89.40535873002757,
              43.072680999999996
            ],
            [
              -89.40535865413506,
              43.0726815116258
            ],
            [
              -89.40535822492605,
              43.072683225124194
            ],
            [
              -89.4053576298316,
              43.07268488830179
            ],
            [
              -89.40535687458276,
              43.07268648514127
            ],
            [
              -89.40535596645303,
              43.0726880002642
            ],
            [
              -89.40535491418817,
              43.07268941907912
            ],
            [
              -89.40535372792206,
              43.072690727922065
            ],
            [
              -89.40535241907912,
              43.07269191418816
            ],
            [
              -89.4053510002642,
              43.072692966453026
            ],
            [
              -89.40534948514127,
              43.07269387458276
            ],
            [
              -89.40534788830179,
              43.07269462983159
            ],
            [
              -89.40534622512419,
              43.07269522492604
            ],
            [
              -89.4053445116258,
              43.07269565413505
            ],
            [
              -89.40534276430853,
              43.072695913325084
            ],
            [
              -89.405341,
              43.072696
            ],
            [
              -89.405237,
              43.072696
            ],
            [
              -89.40523523569148,
              43.072695913325084
            ],
            [
              -89.40523348837421,
              43.07269565413505
            ],
            [
              -89.40523177487582,
              43.07269522492604
            ],
            [
              -89.40523011169822,
              43.07269462983159
            ],
            [
              -89.40522851485873,
              43.07269387458276
            ],
            [
              -89.4052269997358,
              43.072692966453026
            ],
            [
              -89.40522558092088,
              43.07269191418816
            ],
            [
              -89.40522427207794,
              43.072690727922065
            ],
            [
              -89.40522308581184,
              43.07268941907912
            ],
            [
              -89.40522203354698,
              43.0726880002642
            ],
            [
              -89.40522112541724,
              43.07268648514127
            ],
            [
              -89.40522037016841,
              43.07268488830179
            ],
            [
              -89.40521977507396,
              43.072683225124194
            ],
            [
              -89.40521934586495,
              43.0726815116258
            ],
            [
              -89.40521908667492,
              43.07267976430853
            ],
            [
              -89.405219,
              43.072678
            ],
            [
              -89.405219,
              43.072677
            ],
            [
              -89.405204,
              43.072677
            ],
            [
              -89.40520223569148,
              43.07267691332508
            ],
            [
              -89.4052004883742,
              43.07267665413505
            ],
            [
              -89.40519877487581,
              43.07267622492604
            ],
            [
              -89.40519711169821,
              43.072675629831586
            ],
            [
              -89.40519551485873,
              43.07267487458276
            ],
            [
              -89.4051939997358,
              43.072673966453024
            ],
            [
              -89.40519258092088,
              43.07267291418816
            ],
            [
              -89.40519127207794,
              43.072671727922064
            ],
            [
              -89.40519008581184,
              43.07267041907912
            ],
            [
              -89.40518977500157,
              43.072669999999995
            ],
            [
              -89.405188,
              43.072669999999995
            ],
            [
              -89.40518623569147,
              43.07266991332508
            ],
            [
              -89.4051844883742,
              43.07266965413505
            ],
            [
              -89.40518277487581,
              43.07266922492604
            ],
            [
              -89.40518111169821,
              43.07266862983158
            ],
            [
              -89.40517951485873,
              43.072667874582756
            ],
            [
              -89.4051779997358,
              43.07266696645302
            ],
            [
              -89.40517658092088,
              43.07266591418816
            ],
            [
              -89.40517527207794,
              43.07266472792206
            ],
            [
              -89.40517408581184,
              43.07266341907911
            ],
            [
              -89.40517303354697,
              43.072662000264195
            ],
            [
              -89.40517212541724,
              43.07266048514126
            ],
            [
              -89.4051713701684,
              43.07265888830178
            ],
            [
              -89.40517077507396,
              43.07265722512419
            ],
            [
              -89.40517034586495,
              43.0726555116258
            ],
            [
              -89.40517008667491,
              43.07265376430853
            ],
            [
              -89.40517,
              43.072652
            ],
            [
              -89.40517,
              43.072590050069444
            ],
            [
              -89.40484599999999,
              43.07259095006944
            ],
            [
              -89.40484599999999,
              43.0727224350824
            ],
            [
              -89.404846897375,
              43.07272296530785
            ],
            [
              -89.4048483073712,
              43.07272399488105
            ],
            [
              -89.40484961099048,
              43.07272515621088
            ],
            [
              -89.40485079596877,
              43.07272643837184
            ],
            [
              -89.40485185115806,
              43.07272782930168
            ],
            [
              -89.4048527666314,
              43.07272931591488
            ],
            [
              -89.40485353377625,
              43.07273088422576
            ],
            [
              -89.40485414537551,
              43.072732519480056
            ],
            [
              -89.40485459567539,
              43.072734206293696
            ],
            [
              -89.4048548804396,
              43.07273592879756
            ],
            [
              -89.40485499698916,
              43.072737670786786
            ],
            [
              -89.40485754892644,
              43.07287717669189
            ],
            [
              -89.4048613079002,
              43.072875923700636
            ],
            [
              -89.40486323712608,
              43.07287539770527
            ],
            [
              -89.40486521279075,
              43.072875088945224
            ],
            [
              -89.40486721051191,
              43.072875001231026
            ],
            [
              -89.40503821051192,
              43.07287700123103
            ],
            [
              -89.40503975048473,
              43.07287708531878
            ],
            [
              -89.40504127760668,
              43.07287730092391
            ],
            [
              -89.40506827760667,
              43.07288230092391
            ],
            [
              -89.40507002804343,
              43.07288271651715
            ],
            [
              -89.40507172825022,
              43.07288330477167
            ],
            [
              -89.40507336124207,
              43.072884059810825
            ],
            [
              -89.40507491070548,
              43.072884974091814
            ],
            [
              -89.40507636116135,
              43.072886038480995
            ],
            [
              -89.40507769811967,
              43.072887242345175
            ],
            [
              -89.40507890822433,
              43.0728885736578
            ],
            [
              -89.40507997938639,
              43.0728900191191
            ],
            [
              -89.40508090090499,
              43.072891564288994
            ],
            [
              -89.40508166357422,
              43.07289319373129
            ],
            [
              -89.40508225977504,
              43.07289489116792
            ],
            [
              -89.40508268355143,
              43.07289663964158
            ],
            [
              -89.40508293066986,
              43.072898421685075
            ],
            [
              -89.40508299866165,
              43.07290021949587
            ],
            [
              -89.40507999866166,
              43.073146219495875
            ],
            [
              -89.4050798912492,
              43.07314797565227
            ],
            [
              -89.40507961289676,
              43.073149712932505
            ],
            [
              -89.4050791662638,
              43.073151414737936
            ],
            [
              -89.40507855561766,
              43.07315306480884
            ],
            [
              -89.40507778679266,
              43.0731546473798
            ],
            [
              -89.40507686713448,
              43.07315614733031
            ],
            [
              -89.40507580542987,
              43.073157550329256
            ],
            [
              -89.4050746118228,
              43.07315884297184
            ],
            [
              -89.40507329771744,
              43.07316001290766
            ],
            [
              -89.40507187566925,
              43.07316104895866
            ],
            [
              -89.40507035926507,
              43.07316194122603
            ],
            [
              -89.4050687629932,
              43.073162681184705
            ],
            [
              -89.40506710210505,
              43.073163261764805
            ],
            [
              -89.40506539246938,
              43.07316367741925
            ],
            [
              -89.40506365042074,
              43.073163924176725
            ],
            [
              -89.40506189260334,
              43.07316399967961
            ],
            [
              -89.40422389260334,
              43.073158999679606
            ],
            [
              -89.4042221180382,
              43.07315890134687
            ],
            [
              -89.40422036182075,
              43.07315862848977
            ],
            [
              -89.40421864107273,
              43.07315818376846
            ],
            [
              -89.40421697257014,
              43.07315757151863
            ],
            [
              -89.40421537257959,
              43.07315679770923
            ],
            [
              -89.40421385669974,
              43.073155869884324
            ],
            [
              -89.40421243970927,
              43.07315479708949
            ],
            [
              -89.40421113542274,
              43.07315358978364
            ],
            [
              -89.40420995655595,
              43.07315225973708
            ],
            [
              -89.40420891460192,
              43.073150819916755
            ],
            [
              -89.40420801971894,
              43.073149284359786
            ],
            [
              -89.40420728063138,
              43.07314766803669
            ],
            [
              -89.40420670454483,
              43.07314598670536
            ],
            [
              -89.40420629707565,
              43.073144256757494
            ],
            [
              -89.40420606219637,
              43.07314249505875
            ],
            [
              -89.40420600219686,
              43.07314071878432
            ],
            [
              -89.40421000219686,
              43.07288471878432
            ],
            [
              -89.4042101144378,
              43.07288297350924
            ],
            [
              -89.40421039551973,
              43.07288124736437
            ],
            [
              -89.4042108427892,
              43.07287955664465
            ],
            [
              -89.40421145202397,
              43.07287791731059
            ],
            [
              -89.40421221747282,
              43.07287634483763
            ],
            [
              -89.40421313190986,
              43.07287485407002
            ],
            [
              -89.40421418670272,
              43.07287345908071
            ],
            [
              -89.4042153718941,
              43.07287217303851
            ],
            [
              -89.40421667629569,
              43.07287100808374
            ],
            [
              -89.40421808759388,
              43.072869975213656
            ],
            [
              -89.40421959246588,
              43.072869084178635
            ],
            [
              -89.40422117670559,
              43.0728683433901
            ],
            [
              -89.4042228253577,
              43.07286775984115
            ],
            [
              -89.40422452285881,
              43.072867339040535
            ],
            [
              -89.40422625318438,
              43.07286708496064
            ],
            [
              -89.404228,
              43.072867
            ],
            [
              -89.404267,
              43.072867
            ],
            [
              -89.404267,
              43.072492999999994
            ],
            [
              -89.404224,
              43.072492999999994
            ],
            [
              -89.40422223569148,
              43.07249291332508
            ],
            [
              -89.40422048837421,
              43.07249265413505
            ],
            [
              -89.40421877487582,
              43.07249222492604
            ],
            [
              -89.40421711169822,
              43.07249162983158
            ],
            [
              -89.40421551485873,
              43.072490874582755
            ],
            [
              -89.4042139997358,
              43.07248996645302
            ],
            [
              -89.40421258092088,
              43.072488914188156
            ],
            [
              -89.40421127207794,
              43.07248772792206
            ],
            [
              -89.40421008581184,
              43.07248641907911
            ],
            [
              -89.40420903354698,
              43.072485000264194
            ],
            [
              -89.40420812541724,
              43.07248348514126
            ],
            [
              -89.40420737016841,
              43.07248188830178
            ],
            [
              -89.40420677507396,
              43.07248022512419
            ],
            [
              -89.40420634586495,
              43.072478511625796
            ],
            [
              -89.40420608667492,
              43.072476764308526
            ],
            [
              -89.404206,
              43.072475
            ],
            [
              -89.404206,
              43.072321
            ],
            [
              -89.40420608667492,
              43.072319235691474
            ],
            [
              -89.40420634586495,
              43.0723174883742
            ],
            [
              -89.40420677507396,
              43.07231577487581
            ],
            [
              -89.40420737016841,
              43.07231411169822
            ],
            [
              -89.40420812541724,
              43.07231251485874
            ],
            [
              -89.40420903354698,
              43.072310999735805
            ],
            [
              -89.40421008581184,
              43.07230958092089
            ],
            [
              -89.40421127207794,
              43.07230827207794
            ],
            [
              -89.40421258092088,
              43.07230708581184
            ],
            [
              -89.4042139997358,
              43.07230603354698
            ],
            [
              -89.40421551485873,
              43.072305125417245
            ],
            [
              -89.40421711169822,
              43.07230437016842
            ],
            [
              -89.40421877487582,
              43.07230377507396
            ],
            [
              -89.40422048837421,
              43.07230334586495
            ],
            [
              -89.40422223569148,
              43.07230308667492
            ],
            [
              -89.404224,
              43.072303000000005
            ],
            [
              -89.40422501888456,
              43.072303000000005
            ],
            [
              -89.40422500805927,
              43.07230246141934
            ],
            [
              -89.40422515181763,
              43.072300667107754
            ],
            [
              -89.40422547406996,
              43.072298896126675
            ],
            [
              -89.40422597159352,
              43.07229716618712
            ],
            [
              -89.40422663941273,
              43.07229549458967
            ],
            [
              -89.40422747084895,
              43.07229389805143
            ],
            [
              -89.40422845758725,
              43.07229239253887
            ],
            [
              -89.40422958975958,
              43.07229099310814
            ],
            [
              -89.40423085604344,
              43.07228971375451
            ],
            [
              -89.40423224377514,
              43.072288567272366
            ],
            [
              -89.4042337390764,
              43.07228756512733
            ],
            [
              -89.40425373907641,
              43.072275565127335
            ],
            [
              -89.40425509167397,
              43.07227483032531
            ],
            [
              -89.40425650210615,
              43.07227421377423
            ],
            [
              -89.40428750210614,
              43.07226221377423
            ],
            [
              -89.40428896742222,
              43.072261717836916
            ],
            [
              -89.40429046990955,
              43.07226134954784
            ],
            [
              -89.40433046990957,
              43.072253349547836
            ],
            [
              -89.40433158947788,
              43.072253162136256
            ],
            [
              -89.40436858947787,
              43.072248162136255
            ],
            [
              -89.40437040033305,
              43.072248009991675
            ],
            [
              -89.40440040033305,
              43.07224700999168
            ],
            [
              -89.404401,
              43.072247000000004
            ],
            [
              -89.404436,
              43.072247000000004
            ],
            [
              -89.40443776430853,
              43.07224708667492
            ],
            [
              -89.4044395116258,
              43.07224734586495
            ],
            [
              -89.40444122512419,
              43.07224777507396
            ],
            [
              -89.40444288830179,
              43.07224837016842
            ],
            [
              -89.40444448514127,
              43.072249125417244
            ],
            [
              -89.4044460002642,
              43.07225003354698
            ],
            [
              -89.40444741907912,
              43.07225108581184
            ],
            [
              -89.40444872792206,
              43.07225227207794
            ],
            [
              -89.40444991418816,
              43.072253580920886
            ],
            [
              -89.40445096645303,
              43.072254999735804
            ],
            [
              -89.40445187458276,
              43.072256514858736
            ],
            [
              -89.4044526298316,
              43.07225811169822
            ],
            [
              -89.40445322492604,
              43.07225977487581
            ],
            [
              -89.40445365413505,
              43.0722614883742
            ],
            [
              -89.40445391332509,
              43.07226323569147
            ],
            [
              -89.404454,
              43.072265
            ],
            [
              -89.404455,
              43.072265
            ],
            [
              -89.40445676430852,
              43.07226508667492
            ],
            [
              -89.40445851162579,
              43.07226534586495
            ],
            [
              -89.40446022512418,
              43.07226577507396
            ],
            [
              -89.40446188830178,
              43.072266370168414
            ],
            [
              -89.40446348514126,
              43.07226712541724
            ],
            [
              -89.4044650002642,
              43.072268033546976
            ],
            [
              -89.40446641907911,
              43.07226908581184
            ],
            [
              -89.40446772792205,
              43.07227027207794
            ],
            [
              -89.40446891418816,
              43.072271580920884
            ],
            [
              -89.40446996645302,
              43.0722729997358
            ],
            [
              -89.40447087458276,
              43.072274514858734
            ],
            [
              -89.40447162983159,
              43.072276111698216
            ],
            [
              -89.40447222492604,
              43.07227777487581
            ],
            [
              -89.40447265413505,
              43.0722794883742
            ],
            [
              -89.40447291332508,
              43.07228123569147
            ],
            [
              -89.404473,
              43.072283
            ],
            [
              -89.404473,
              43.072303000000005
            ],
            [
              -89.40447476430852,
              43.07230308667492
            ],
            [
              -89.40447651162579,
              43.07230334586495
            ],
            [
              -89.40447822512418,
              43.07230377507396
            ],
            [
              -89.40447988830178,
              43.07230437016842
            ],
            [
              -89.40448148514126,
              43.072305125417245
            ],
            [
              -89.4044830002642,
              43.07230603354698
            ],
            [
              -89.40448441907911,
              43.07230708581184
            ],
            [
              -89.40448572792205,
              43.07230827207794
            ],
            [
              -89.40448691418815,
              43.07230958092089
            ],
            [
              -89.40448796645302,
              43.072310999735805
            ],
            [
              -89.40448887458275,
              43.07231251485874
            ],
            [
              -89.40448962983159,
              43.07231411169822
            ],
            [
              -89.40449022492604,
              43.07231577487581
            ],
            [
              -89.40449065413505,
              43.0723174883742
            ],
            [
              -89.40449091332508,
              43.072319235691474
            ],
            [
              -89.404491,
              43.072321
            ],
            [
              -89.404491,
              43.07235493142882
            ],
            [
              -89.40472174578886,
              43.07235405406841
            ],
            [
              -89.40473148267697,
              43.07231285954183
            ],
            [
              -89.4047319572271,
              43.0723112082911
            ],
            [
              -89.40473258704672,
              43.072309609806176
            ],
            [
              -89.4047333663978,
              43.072308078650174
            ],
            [
              -89.40473428818002,
              43.072306628772814
            ],
            [
              -89.40473534399541,
              43.07230527338332
            ],
            [
              -89.40473652422487,
              43.07230402483006
            ],
            [
              -89.40473781811583,
              43.07230289448808
            ],
            [
              -89.4047392138802,
              43.072301892655446
            ],
            [
              -89.40474069880177,
              43.072301028459435
            ],
            [
              -89.40474225935203,
              43.07230030977336
            ],
            [
              -89.4047438813135,
              43.07229974314488
            ],
            [
              -89.40474554990915,
              43.0722993337363
            ],
            [
              -89.4047472499371,
              43.072299085277564
            ],
            [
              -89.40474896590915,
              43.07229900003228
            ],
            [
              -89.405259,
              43.072298034058626
            ],
            [
              -89.405259,
              43.072291
            ],
            [
              -89.40525908667492,
              43.07228923569147
            ],
            [
              -89.40525934586495,
              43.0722874883742
            ],
            [
              -89.40525977507396,
              43.07228577487581
            ],
            [
              -89.4052603701684,
              43.07228411169822
            ],
            [
              -89.40526112541724,
              43.072282514858735
            ],
            [
              -89.40526203354698,
              43.0722809997358
            ],
            [
              -89.40526308581184,
              43.072279580920885
            ],
            [
              -89.40526427207794,
              43.07227827207794
            ],
            [
              -89.40526558092088,
              43.07227708581184
            ],
            [
              -89.4052669997358,
              43.07227603354698
            ],
            [
              -89.40526851485873,
              43.07227512541724
            ],
            [
              -89.40527011169821,
              43.072274370168415
            ],
            [
              -89.40527177487581,
              43.07227377507396
            ],
            [
              -89.4052734883742,
              43.07227334586495
            ],
            [
              -89.40527523569148,
              43.07227308667492
            ],
            [
              -89.405277,
              43.072273
            ],
            [
              -89.40535177500159,
              43.072273
            ],
            [
              -89.40535208581184,
              43.07227258092089
            ],
            [
              -89.40535327207795,
              43.07227127207794
            ],
            [
              -89.40535458092089,
              43.072270085811844
            ],
            [
              -89.4053559997358,
              43.07226903354698
            ],
            [
              -89.40535751485874,
              43.072268125417246
            ],
            [
              -89.40535911169822,
              43.07226737016842
            ],
            [
              -89.40536077487582,
              43.07226677507396
            ],
            [
              -89.40536248837421,
              43.07226634586495
            ],
            [
              -89.40536423569148,
              43.07226608667492
            ],
            [
              -89.405366,
              43.072266000000006
            ],
            [
              -89.405455,
              43.072266000000006
            ],
            [
              -89.40545676430852,
              43.07226608667492
            ],
            [
              -89.4054585116258,
              43.07226634586495
            ],
            [
              -89.40546022512419,
              43.07226677507396
            ],
            [
              -89.40546188830179,
              43.07226737016842
            ],
            [
              -89.40546348514127,
              43.072268125417246
            ],
            [
              -89.4054650002642,
              43.07226903354698
            ],
            [
              -89.40546641907912,
              43.072270085811844
            ],
            [
              -89.40546772792206,
              43.07227127207794
            ],
            [
              -89.40546891418816,
              43.07227258092089
            ],
            [
              -89.40546996645303,
              43.072273999735806
            ],
            [
              -89.40547087458276,
              43.07227551485874
            ],
            [
              -89.4054716298316,
              43.07227711169822
            ],
            [
              -89.40547222492604,
              43.07227877487581
            ],
            [
              -89.40547265413505,
              43.072280488374204
            ],
            [
              -89.40547291332508,
              43.072282235691475
            ],
            [
              -89.405473,
              43.072284
            ],
            [
              -89.405473,
              43.072295000000004
            ],
            [
              -89.40553,
              43.072295000000004
            ],
            [
              -89.40553175964357,
              43.07229508621607
            ],
            [
              -89.40553350243052,
              43.07229534403839
            ],
            [
              -89.40553521166571,
              43.07229577099711
            ],
            [
              -89.40553687097541,
              43.07229636300217
            ],
            [
              -89.40553846446416,
              43.07229711438241
            ],
            [
              -89.40553997686705,
              43.072298017939936
            ],
            [
              -89.4055413936959,
              43.07229906501906
            ],
            [
              -89.40554270137811,
              43.072300245589226
            ],
            [
              -89.40554388738666,
              43.07230154834109
            ],
            [
              -89.4055449403601,
              43.07230296079485
            ],
            [
              -89.40554585021141,
              43.07230446941981
            ],
            [
              -89.4055466082246,
              43.07230605976402
            ],
            [
              -89.40554720713826,
              43.07230771659265
            ],
            [
              -89.40554764121502,
              43.072309424034025
            ],
            [
              -89.40554790629665,
              43.07231116573159
            ],
            [
              -89.40554799984375,
              43.07231292500065
            ],
            [
              -89.40554899984375,
              43.07255292500065
            ],
            [
              -89.40554892008018,
              43.072554694321724
            ],
            [
              -89.40554866682041,
              43.07255644723894
            ],
            [
              -89.40554824251642,
              43.07255816678114
            ],
            [
              -89.40554765127617,
              43.07255983630031
            ],
            [
              -89.40554689882384,
              43.07256143963271
            ],
            [
              -89.40554599244444,
              43.072562961255414
            ],
            [
              -89.40554494091323,
              43.07256438643659
            ],
            [
              -89.40554375441077,
              43.07256570137811
            ],
            [
              -89.40554244442438,
              43.07256689334914
            ],
            [
              -89.40554102363693,
              43.072567950809436
            ],
            [
              -89.40553950580397,
              43.072568863521006
            ],
            [
              -89.40553790562068,
              43.07256962264729
            ],
            [
              -89.40553623857949,
              43.072570220838685
            ],
            [
              -89.405535,
              43.07257053194379
            ]
          ]
        ]
      },
      "properties": {
        "building": "university",
        "name": "Chemistry Building",
        "@id": "way/153060482",
        "addr:street": "University Avenue",
        "addr:housenumber": "1101",
        "person_counts": [
          0,
          0,
          0,
          0,
          0,
          0,
          0,
          0,
          0,
          0,
          0,
          0,
          0,
          0,
          0,
          0,
          0,
          0,
          0,
          0,
          0,
          0,
          0,
          0,
          0,
          0,
          0,
          0,
          0,
          0,
          0,
          0,
          0,
          0,
          0,
          0,
          0,
          0,
          0,
          0,
          0,
          0,
          0,
          0,
          0,
          0,
          0,
          0,
          0,
          130,
          130,
          130,
          130,
          130,
          130,
          130,
          130,
          130,
          130,
          130,
          130,
          130,
          130,
          130,
          130,
          130,
          130,
          130,
          130,
          130,
          130,
          130,
          130,
          130,
          0,
          0,
          0,
          119,
          119,
          119,
          119,
          119,
          119,
          119,
          119,
          119,
          119,
          119,
          119,
          119,
          119,
          119,
          119,
          119,
          119,
          119,
          119,
          119,
          119,
          119,
          119,
          119,
          0,
          0,
          0,
          923,
          923,
          923,
          923,
          923,
          923,
          923,
          923,
          923,
          923,
          923,
          923,
          923,
          923,
          923,
          923,
          923,
          923,
          923,
          923,
          923,
          923,
          923,
          923,
          923,
          0,
          0,
          0,
          408,
          408,
          408,
          408,
          408,
          408,
          408,
          408,
          408,
          408,
          408,
          408,
          408,
          408,
          408,
          408,
          408,
          408,
          408,
          408,
          408,
          408,
          408,
          408,
          408,
          0,
          0,
          0,
          0,
          0,
          0,
          0,
          0,
          0,
          0,
          0,
          0,
          0,
          0,
          0,
          0,
          0,
          0,
          0,
          0,
          0,
          0,
          0,
          0,
          0,
          0,
          0
        ],
        "instructor_counts": [
          0,
          0,
          0,
          0,
          0,
          0,
          0,
          0,
          0,
          0,
          0,
          0,
          0,
          0,
          0,
          0,
          0,
          0,
          0,
          0,
          0,
          0,
          0,
          0,
          0,
          0,
          0,
          0,
          0,
          0,
          0,
          0,
          0,
          0,
          0,
          0,
          0,
          0,
          0,
          0,
          0,
          0,
          0,
          0,
          0,
          0,
          0,
          0,
          0,
          3,
          3,
          3,
          3,
          3,
          3,
          3,
          3,
          3,
          3,
          3,
          3,
          3,
          3,
          3,
          3,
          3,
          3,
          3,
          3,
          3,
          3,
          3,
          3,
          3,
          0,
          0,
          0,
          2,
          2,
          2,
          2,
          2,
          2,
          2,
          2,
          2,
          2,
          2,
          2,
          2,
          2,
          2,
          2,
          2,
          2,
          2,
          2,
          2,
          2,
          2,
          2,
          2,
          0,
          0,
          0,
          9,
          9,
          9,
          9,
          9,
          9,
          9,
          9,
          9,
          9,
          9,
          9,
          9,
          9,
          9,
          9,
          9,
          9,
          9,
          9,
          9,
          9,
          9,
          9,
          9,
          0,
          0,
          0,
          6,
          6,
          6,
          6,
          6,
          6,
          6,
          6,
          6,
          6,
          6,
          6,
          6,
          6,
          6,
          6,
          6,
          6,
          6,
          6,
          6,
          6,
          6,
          6,
          6,
          0,
          0,
          0,
          0,
          0,
          0,
          0,
          0,
          0,
          0,
          0,
          0,
          0,
          0,
          0,
          0,
          0,
          0,
          0,
          0,
          0,
          0,
          0,
          0,
          0,
          0,
          0
        ]
      }
    },
    {
      "type": "Feature",
      "geometry": {
        "type": "Polygon",
        "coordinates": [
          [
            [
              -89.40226350684006,
              43.072654404935946
            ],
            [
              -89.40226459540223,
              43.07265523240591
            ],
            [
              -89.4022659118723,
              43.072656458726
            ],
            [
              -89.40226709934504,
              43.07265781034095
            ],
            [
              -89.40226814595684,
              43.072659273747306
            ],
            [
              -89.40226904125144,
              43.072660834324765
            ],
            [
              -89.40226977628433,
              43.072662476482215
            ],
            [
              -89.40227034371206,
              43.07266418381353
            ],
            [
              -89.40227073786569,
              43.072665939261434
            ],
            [
              -89.40227095480742,
              43.07266772528795
            ],
            [
              -89.40227099236984,
              43.07266952404961
            ],
            [
              -89.40226799236983,
              43.07277252404961
            ],
            [
              -89.4022678584948,
              43.07277425259035
            ],
            [
              -89.402267558945,
              43.07277596023361
            ],
            [
              -89.40226709649937,
              43.07277763113745
            ],
            [
              -89.40226647544806,
              43.072779249800746
            ],
            [
              -89.40226570155262,
              43.072780801207024
            ],
            [
              -89.40226478199254,
              43.072782270963756
            ],
            [
              -89.40226372529865,
              43.072783645435884
            ],
            [
              -89.402262541274,
              43.07278491187231
            ],
            [
              -89.40226124090287,
              43.072786058524194
            ],
            [
              -89.40225983624894,
              43.072787074753954
            ],
            [
              -89.40225965177784,
              43.0727871828268
            ],
            [
              -89.40225699513447,
              43.072901418491504
            ],
            [
              -89.40225699458259,
              43.07290144158485
            ],
            [
              -89.4022530718131,
              43.07306129444143
            ],
            [
              -89.40225307629937,
              43.073061307900225
            ],
            [
              -89.4022535308116,
              43.073062917029965
            ],
            [
              -89.40225383404594,
              43.07306456139271
            ],
            [
              -89.40225398338566,
              43.07306622679884
            ],
            [
              -89.4022539775421,
              43.073067898877106
            ],
            [
              -89.4022509775421,
              43.073127898877104
            ],
            [
              -89.40225079423837,
              43.0731297138682
            ],
            [
              -89.40225042817063,
              43.07313150098525
            ],
            [
              -89.40224988309875,
              43.073133241872824
            ],
            [
              -89.40224916462114,
              43.07313491865035
            ],
            [
              -89.40224828011725,
              43.07313651409567
            ],
            [
              -89.4022472386718,
              43.07313801182205
            ],
            [
              -89.40224605098145,
              43.073139396446386
            ],
            [
              -89.40224472924491,
              43.073140653747245
            ],
            [
              -89.40224328703769,
              43.07314177081093
            ],
            [
              -89.40224173917267,
              43.073142736164115
            ],
            [
              -89.40224010154789,
              43.0731435398917
            ],
            [
              -89.40223839098336,
              43.073144173738626
            ],
            [
              -89.40223662504823,
              43.073144631194666
            ],
            [
              -89.40223482188034,
              43.07314490756131
            ],
            [
              -89.402233,
              43.073145
            ],
            [
              -89.4021665325474,
              43.073145
            ],
            [
              -89.40216599377055,
              43.07316547352028
            ],
            [
              -89.40216586135071,
              43.073167229832045
            ],
            [
              -89.40216555791581,
              43.07316896479409
            ],
            [
              -89.40216508637114,
              43.07317066179488
            ],
            [
              -89.40216445123153,
              43.07317230458632
            ],
            [
              -89.40216365857817,
              43.073173877439366
            ],
            [
              -89.4021627160004,
              43.0731753652946
            ],
            [
              -89.40216163252302,
              43.073176753906424
            ],
            [
              -89.40216041851986,
              43.07317802997945
            ],
            [
              -89.4021590856145,
              43.07317918129582
            ],
            [
              -89.40215764656898,
              43.07318019683213
            ],
            [
              -89.40215611516155,
              43.07318106686507
            ],
            [
              -89.40215450605479,
              43.07318178306441
            ],
            [
              -89.40215283465525,
              43.073182338572856
            ],
            [
              -89.40215111696588,
              43.07318272807163
            ],
            [
              -89.40214936943286,
              43.07318294783145
            ],
            [
              -89.40214760878808,
              43.073182995748205
            ],
            [
              -89.40210160878809,
              43.0731819957482
            ],
            [
              -89.40210006919727,
              43.07318189614486
            ],
            [
              -89.40209854379108,
              43.073181665067786
            ],
            [
              -89.40205254379109,
              43.07317266506779
            ],
            [
              -89.40205042745114,
              43.073172115685765
            ],
            [
              -89.40200742745114,
              43.073158115685764
            ],
            [
              -89.40200589377942,
              43.07315753788466
            ],
            [
              -89.4020044190192,
              43.07315682298229
            ],
            [
              -89.40200301539646,
              43.0731559769053
            ],
            [
              -89.40196701539647,
              43.0731319769053
            ],
            [
              -89.40196540555658,
              43.07313076840157
            ],
            [
              -89.40194640555657,
              43.07311476840157
            ],
            [
              -89.40194491830958,
              43.07311336403558
            ],
            [
              -89.4019436,
              43.0731118
            ],
            [
              -89.4019316,
              43.0730958
            ],
            [
              -89.40193076780888,
              43.07309459063885
            ],
            [
              -89.40191376780888,
              43.07306759063886
            ],
            [
              -89.40191284648284,
              43.07306594127722
            ],
            [
              -89.40191210310654,
              43.07306420443321
            ],
            [
              -89.40191154586908,
              43.07306239924018
            ],
            [
              -89.40191118090911,
              43.07306054558442
            ],
            [
              -89.40190838868277,
              43.073040999999996
            ],
            [
              -89.40181555562411,
              43.073040999999996
            ],
            [
              -89.40181499437763,
              43.07306344985944
            ],
            [
              -89.40181486590971,
              43.07306519300483
            ],
            [
              -89.4018145689806,
              43.07306691547195
            ],
            [
              -89.40181410639012,
              43.073068601019315
            ],
            [
              -89.4018134825001,
              43.07307023375356
            ],
            [
              -89.40181270319334,
              43.073071798279315
            ],
            [
              -89.40181177581808,
              43.073073279844365
            ],
            [
              -89.40181070911872,
              43.07307466447873
            ],
            [
              -89.40180951315337,
              43.07307593912643
            ],
            [
              -89.40180819919902,
              43.07307709176856
            ],
            [
              -89.40180677964524,
              43.07307811153662
            ],
            [
              -89.40180526787724,
              43.07307898881503
            ],
            [
              -89.4018036781498,
              43.07307971533174
            ],
            [
              -89.40180202545277,
              43.0730802842363
            ],
            [
              -89.40180032536976,
              43.07308069016438
            ],
            [
              -89.40179859393118,
              43.07308092928842
            ],
            [
              -89.4017968474631,
              43.073080999353664
            ],
            [
              -89.40169685629327,
              43.07308015197087
            ],
            [
              -89.40169664385412,
              43.07308156292181
            ],
            [
              -89.40169620198256,
              43.07308330016945
            ],
            [
              -89.4016955895098,
              43.07308498485251
            ],
            [
              -89.40169481251009,
              43.073086600263075
            ],
            [
              -89.40169387868931,
              43.07308813038027
            ],
            [
              -89.40169279730868,
              43.07308956002911
            ],
            [
              -89.40169157909284,
              43.07309087503101
            ],
            [
              -89.40169023612344,
              43.0730920623444
            ],
            [
              -89.40168878171946,
              43.07309311019406
            ],
            [
              -89.40168723030497,
              43.07309400818791
            ],
            [
              -89.40168559726618,
              43.07309474742007
            ],
            [
              -89.40168389879881,
              43.07309532055918
            ],
            [
              -89.40168215174745,
              43.07309572192112
            ],
            [
              -89.40168037343854,
              43.07309594752537
            ],
            [
              -89.4016785815085,
              43.07309599513448
            ],
            [
              -89.4015495815085,
              43.07309299513448
            ],
            [
              -89.40154784565979,
              43.073092870613266
            ],
            [
              -89.40154612994935,
              43.07309257904173
            ],
            [
              -89.40154445041524,
              43.07309212314542
            ],
            [
              -89.40154282275736,
              43.07309150718596
            ],
            [
              -89.40154126219066,
              43.07309073692117
            ],
            [
              -89.40153978330295,
              43.07308981955133
            ],
            [
              -89.40153839991855,
              43.07308876365178
            ],
            [
              -89.401537124969,
              43.073087579092835
            ],
            [
              -89.40153597037222,
              43.07308627694747
            ],
            [
              -89.40153494692112,
              43.07308486938784
            ],
            [
              -89.40153406418268,
              43.07308336957147
            ],
            [
              -89.40153333040855,
              43.07308179151831
            ],
            [
              -89.40153275245785,
              43.073080149979624
            ],
            [
              -89.40153233573317,
              43.07307846030013
            ],
            [
              -89.4015320841299,
              43.07307673827456
            ],
            [
              -89.40153203857628,
              43.07307579705507
            ],
            [
              -89.40128579546774,
              43.07307299883792
            ],
            [
              -89.40128402749365,
              43.07307289159631
            ],
            [
              -89.40128227861896,
              43.07307261111362
            ],
            [
              -89.40128056577774,
              43.07307216010572
            ],
            [
              -89.4012789055551,
              43.07307154293963
            ],
            [
              -89.40127731402669,
              43.073070765591254
            ],
            [
              -89.40127580660298,
              43.073069835587525
            ],
            [
              -89.40127439788009,
              43.07306876193349
            ],
            [
              -89.4012731014984,
              43.073067555025155
            ],
            [
              -89.40127193001058,
              43.07306622654879
            ],
            [
              -89.4012708947599,
              43.073064789367784
            ],
            [
              -89.40127000577053,
              43.07306325739812
            ],
            [
              -89.40126927165038,
              43.07306164547356
            ],
            [
              -89.4012686995078,
              43.073059969202085
            ],
            [
              -89.40126829488274,
              43.07305824481473
            ],
            [
              -89.40126806169312,
              43.07305648900842
            ],
            [
              -89.40126800219686,
              43.07305471878432
            ],
            [
              -89.40126871655286,
              43.073009
            ],
            [
              -89.4012667039263,
              43.073009
            ],
            [
              -89.40125495986443,
              43.073042030174015
            ],
            [
              -89.40125432762702,
              43.073043576846075
            ],
            [
              -89.4012535546939,
              43.0730450582282
            ],
            [
              -89.40125264772547,
              43.07304646155528
            ],
            [
              -89.40125161453712,
              43.073047774734796
            ],
            [
              -89.40121961453711,
              43.073084774734795
            ],
            [
              -89.4012182161647,
              43.073086219883514
            ],
            [
              -89.4012166653202,
              43.073087500032585
            ],
            [
              -89.40121498136001,
              43.073088599204226
            ],
            [
              -89.40118198136001,
              43.07310759920423
            ],
            [
              -89.40118014720751,
              43.073108520212614
            ],
            [
              -89.40117822013312,
              43.073109226439286
            ],
            [
              -89.40114522013312,
              43.07311922643928
            ],
            [
              -89.40114321993788,
              43.07311970965838
            ],
            [
              -89.40111050347146,
              43.07312565810682
            ],
            [
              -89.40110999174124,
              43.07314254520428
            ],
            [
              -89.40110984843683,
              43.07314433094457
            ],
            [
              -89.40110952833352,
              43.07314609359553
            ],
            [
              -89.40110903460206,
              43.0731478156971
            ],
            [
              -89.40110837213318,
              43.07314948019087
            ],
            [
              -89.40110754748898,
              43.07315107058909
            ],
            [
              -89.40110656883806,
              43.07315257113796
            ],
            [
              -89.40110544587449,
              43.07315396697369
            ],
            [
              -89.40110418972188,
              43.07315524426973
            ],
            [
              -89.40110281282313,
              43.073156390373725
            ],
            [
              -89.4011013288172,
              43.07315739393288
            ],
            [
              -89.40109975240404,
              43.07315824500636
            ],
            [
              -89.40109809919889,
              43.0731589351638
            ],
            [
              -89.4010963855777,
              43.07315945756879
            ],
            [
              -89.40109462851487,
              43.07315980704662
            ],
            [
              -89.4010928454151,
              43.073159980135515
            ],
            [
              -89.40109105394102,
              43.07315997512092
            ],
            [
              -89.40105305394101,
              43.07315797512093
            ],
            [
              -89.40105046990956,
              43.07315765045217
            ],
            [
              -89.40103979138226,
              43.0731555147467
            ],
            [
              -89.40103954461054,
              43.07315609054737
            ],
            [
              -89.40103877330101,
              43.07315767196488
            ],
            [
              -89.40103785127859,
              43.07315917052231
            ],
            [
              -89.40103678735312,
              43.07316057190104
            ],
            [
              -89.40103559169037,
              43.073161862710975
            ],
            [
              -89.40103427571479,
              43.07316303061851
            ],
            [
              -89.40103285200047,
              43.073164064464365
            ],
            [
              -89.4010313341509,
              43.073164954370206
            ],
            [
              -89.40102973666905,
              43.07316569183304
            ],
            [
              -89.40102807481873,
              43.07316626980645
            ],
            [
              -89.40102636447884,
              43.07316668276794
            ],
            [
              -89.40102462199157,
              43.07316692677169
            ],
            [
              -89.40102286400626,
              43.07316699948626
            ],
            [
              -89.40102110732037,
              43.07316690021687
            ],
            [
              -89.40101936871892,
              43.073166629912016
            ],
            [
              -89.40101766481413,
              43.07316619115446
            ],
            [
              -89.40098866481414,
              43.073157191154465
            ],
            [
              -89.40098707692307,
              43.07315661538462
            ],
            [
              -89.40096307692308,
              43.073146615384616
            ],
            [
              -89.40096171429104,
              43.07314597958157
            ],
            [
              -89.40093471429104,
              43.07313197958157
            ],
            [
              -89.40093285993716,
              43.07313087209217
            ],
            [
              -89.40091085993716,
              43.073115872092174
            ],
            [
              -89.4009095158566,
              43.07311486053571
            ],
            [
              -89.40090827207793,
              43.07311372792206
            ],
            [
              -89.40089027207793,
              43.07309572792206
            ],
            [
              -89.400889029948,
              43.07309435066725
            ],
            [
              -89.40087602994801,
              43.07307835066725
            ],
            [
              -89.40087456512734,
              43.0730762609236
            ],
            [
              -89.40085656512734,
              43.0730462609236
            ],
            [
              -89.40085572936852,
              43.07304469847718
            ],
            [
              -89.40085505128073,
              43.07304306142844
            ],
            [
              -89.40085453743501,
              43.07304136564125
            ],
            [
              -89.400846537435,
              43.073009365641255
            ],
            [
              -89.40084618842481,
              43.0730075976507
            ],
            [
              -89.4008460179481,
              43.07300580362271
            ],
            [
              -89.40084602771364,
              43.07300400153965
            ],
            [
              -89.40084802771364,
              43.07296800153965
            ],
            [
              -89.40084818694595,
              43.072966412509786
            ],
            [
              -89.40084848639398,
              43.07296484384738
            ],
            [
              -89.40084892370064,
              43.0729633079002
            ],
            [
              -89.40085592370065,
              43.0729423079002
            ],
            [
              -89.40085690031056,
              43.07293995015528
            ],
            [
              -89.40086590031055,
              43.07292195015528
            ],
            [
              -89.4008667389719,
              43.072920455314495
            ],
            [
              -89.40086771601412,
              43.072919047021074
            ],
            [
              -89.40086882257778,
              43.07291773804487
            ],
            [
              -89.400870048629,
              43.07291654025514
            ],
            [
              -89.40087138305047,
              43.07291546451298
            ],
            [
              -89.40087281374217,
              43.07291452057277
            ],
            [
              -89.40087432773116,
              43.072913716993796
            ],
            [
              -89.4008759112892,
              43.07291306106258
            ],
            [
              -89.40087755005723,
              43.07291255872684
            ],
            [
              -89.40087922917556,
              43.07291221454156
            ],
            [
              -89.4008809334186,
              43.07291203162767
            ],
            [
              -89.40088264733298,
              43.072912011643766
            ],
            [
              -89.4008843553776,
              43.072912154771046
            ],
            [
              -89.4008860420646,
              43.072912459711695
            ],
            [
              -89.40088769209979,
              43.072912923700635
            ],
            [
              -89.40089324316513,
              43.07291477405575
            ],
            [
              -89.40090239759651,
              43.07290421125031
            ],
            [
              -89.40090353442709,
              43.07290301502822
            ],
            [
              -89.4009285344271,
              43.07287901502822
            ],
            [
              -89.4009297308139,
              43.0728779641372
            ],
            [
              -89.40093101539647,
              43.072877023094705
            ],
            [
              -89.40094039750286,
              43.072870768357106
            ],
            [
              -89.40090616489451,
              43.072834
            ],
            [
              -89.40087,
              43.072834
            ],
            [
              -89.40086820185148,
              43.072833909959854
            ],
            [
              -89.40086642169246,
              43.072833640740214
            ],
            [
              -89.40086467733248,
              43.07283319503448
            ],
            [
              -89.40086298622293,
              43.07283257730169
            ],
            [
              -89.40086136528242,
              43.07283179372193
            ],
            [
              -89.40085983072763,
              43.07283085213451
            ],
            [
              -89.40085839791091,
              43.07282976195948
            ],
            [
              -89.40085708116683,
              43.07282853410347
            ],
            [
              -89.40085589366872,
              43.07282718085051
            ],
            [
              -89.40085484729686,
              43.072825715739164
            ],
            [
              -89.40085395251961,
              43.07282415342709
            ],
            [
              -89.40085321828876,
              43.07282250954437
            ],
            [
              -89.40085265194988,
              43.07282080053717
            ],
            [
              -89.40085225916889,
              43.07281904350319
            ],
            [
              -89.40085204387535,
              43.07281725602059
            ],
            [
              -89.40085200822315,
              43.07281545597219
            ],
            [
              -89.40086600822316,
              43.07235245597219
            ],
            [
              -89.40086614834269,
              43.072350693849266
            ],
            [
              -89.40086646062662,
              43.07234895396725
            ],
            [
              -89.4008669420632,
              43.07234725310586
            ],
            [
              -89.40086758800943,
              43.07234560766848
            ],
            [
              -89.40086839223565,
              43.072344033524004
            ],
            [
              -89.40086934698579,
              43.07234254585373
            ],
            [
              -89.40087044305207,
              43.072341159005
            ],
            [
              -89.40087166986383,
              43.07233988635283
            ],
            [
              -89.40087301558953,
              43.072338740170885
            ],
            [
              -89.40087446725072,
              43.07233773151314
            ],
            [
              -89.40087601084736,
              43.07233687010726
            ],
            [
              -89.40087763149272,
              43.07233616426078
            ],
            [
              -89.40087931355706,
              43.07233562078102
            ],
            [
              -89.40088104081823,
              43.07233524490937
            ],
            [
              -89.4008861216228,
              43.07233439810861
            ],
            [
              -89.40088839925663,
              43.07232699579867
            ],
            [
              -89.40089119914565,
              43.07230832987185
            ],
            [
              -89.40089160292625,
              43.0723063802787
            ],
            [
              -89.40089221954997,
              43.07230448720515
            ],
            [
              -89.40089304147277,
              43.072302673811876
            ],
            [
              -89.40090504147277,
              43.07227967381188
            ],
            [
              -89.40090571112637,
              43.072278499981934
            ],
            [
              -89.4009064669598,
              43.07227737970139
            ],
            [
              -89.4009254669598,
              43.07225137970139
            ],
            [
              -89.40092687347054,
              43.072249683579095
            ],
            [
              -89.40092847668082,
              43.07224817201697
            ],
            [
              -89.40095247668081,
              43.07222817201697
            ],
            [
              -89.40095440936115,
              43.07222676780888
            ],
            [
              -89.40098140936115,
              43.07220976780888
            ],
            [
              -89.4009827476765,
              43.07220900315166
            ],
            [
              -89.4009841465035,
              43.07220835579423
            ],
            [
              -89.4010181465035,
              43.07219435579423
            ],
            [
              -89.4010196969468,
              43.072193798906234
            ],
            [
              -89.40102129181135,
              43.072193386103876
            ],
            [
              -89.40105929181134,
              43.072185386103875
            ],
            [
              -89.4010619110889,
              43.07218503296706
            ],
            [
              -89.4010949110889,
              43.07218303296706
            ],
            [
              -89.401096,
              43.072183
            ],
            [
              -89.401159,
              43.072183
            ],
            [
              -89.40116074387481,
              43.07218308467414
            ],
            [
              -89.40116247134283,
              43.07218333789992
            ],
            [
              -89.40116416615162,
              43.072183757294944
            ],
            [
              -89.40116581235603,
              43.07218433891344
            ],
            [
              -89.40116739446817,
              43.07218507728339
            ],
            [
              -89.40116889760317,
              43.072185965458054
            ],
            [
              -89.40117030761917,
              43.07218699508125
            ],
            [
              -89.40117161125038,
              43.07218815646606
            ],
            [
              -89.40117279623196,
              43.072189438685896
            ],
            [
              -89.40117385141531,
              43.07219082967732
            ],
            [
              -89.40117476687301,
              43.07219231635355
            ],
            [
              -89.40117553399223,
              43.0721938847276
            ],
            [
              -89.40117614555571,
              43.07219552004382
            ],
            [
              -89.40117659580973,
              43.07219720691677
            ],
            [
              -89.40117688051818,
              43.07219892947595
            ],
            [
              -89.40117699700247,
              43.07220067151511
            ],
            [
              -89.40117694416668,
              43.07220241664474
            ],
            [
              -89.4011754546267,
              43.07222128415119
            ],
            [
              -89.40122426467727,
              43.07222200194605
            ],
            [
              -89.40122601108206,
              43.07222211269867
            ],
            [
              -89.40122773847966,
              43.07222239250814
            ],
            [
              -89.40122943054406,
              43.07222283872991
            ],
            [
              -89.40123107128319,
              43.072223447146655
            ],
            [
              -89.40123264519006,
              43.07222421200808
            ],
            [
              -89.40123413738932,
              43.07222512608533
            ],
            [
              -89.40123553377786,
              43.07222618073923
            ],
            [
              -89.40123682115811,
              43.07222736600204
            ],
            [
              -89.40123798736276,
              43.07222867067156
            ],
            [
              -89.40123902136973,
              43.07223008241707
            ],
            [
              -89.40123991340641,
              43.07223158789586
            ],
            [
              -89.40124065504197,
              43.07223317287931
            ],
            [
              -89.40124123926702,
              43.07223482238739
            ],
            [
              -89.40124166055995,
              43.07223652083023
            ],
            [
              -89.401241914939,
              43.072238252155486
            ],
            [
              -89.401242,
              43.07224
            ],
            [
              -89.401242,
              43.072302
            ],
            [
              -89.40124191171974,
              43.0723037805325
            ],
            [
              -89.40124164774488,
              43.07230554359991
            ],
            [
              -89.40124121066476,
              43.07230727190843
            ],
            [
              -89.40124060476663,
              43.07230894850524
            ],
            [
              -89.4012398359937,
              43.07231055694473
            ],
            [
              -89.40123891188684,
              43.07231208144985
            ],
            [
              -89.40123784151048,
              43.07231350706686
            ],
            [
              -89.40123663536389,
              43.07231481981199
            ],
            [
              -89.40123530527804,
              43.07231600680864
            ],
            [
              -89.40123386429966,
              43.07231705641366
            ],
            [
              -89.40123232656316,
              43.07231795833155
            ],
            [
              -89.4012307071521,
              43.072318703715474
            ],
            [
              -89.40122902195112,
              43.07231928525403
            ],
            [
              -89.40122728749026,
              43.072319697242946
            ],
            [
              -89.40122552078266,
              43.072319935641055
            ],
            [
              -89.40122373915783,
              43.07231999810994
            ],
            [
              -89.40117258972057,
              43.07231925681375
            ],
            [
              -89.40116933113686,
              43.07246263449706
            ],
            [
              -89.40118190474824,
              43.07246542863292
            ],
            [
              -89.40118326723334,
              43.07246578790387
            ],
            [
              -89.40118459744133,
              43.07246625264893
            ],
            [
              -89.40121759744133,
              43.07247925264893
            ],
            [
              -89.40121910062196,
              43.072479925799435
            ],
            [
              -89.4012205359803,
              43.07248073353087
            ],
            [
              -89.40122189149882,
              43.07248166908051
            ],
            [
              -89.40124689149881,
              43.07250066908051
            ],
            [
              -89.40124805831375,
              43.07250163597855
            ],
            [
              -89.40124913966542,
              43.07250269759405
            ],
            [
              -89.40125012788977,
              43.0725038464028
            ],
            [
              -89.40126512788977,
              43.0725228464028
            ],
            [
              -89.40126605149027,
              43.072524128189585
            ],
            [
              -89.40126685913783,
              43.07252548602634
            ],
            [
              -89.40126754461055,
              43.07252690945263
            ],
            [
              -89.40127354461055,
              43.07254090945263
            ],
            [
              -89.40127408164005,
              43.0725423239474
            ],
            [
              -89.40127435872883,
              43.07254329203208
            ],
            [
              -89.40145522930669,
              43.07254677031242
            ],
            [
              -89.40145945538947,
              43.07253690945262
            ],
            [
              -89.40146021782054,
              43.07253534420359
            ],
            [
              -89.40146112790782,
              43.07253385993716
            ],
            [
              -89.40147612790781,
              43.07251185993716
            ],
            [
              -89.4014771241727,
              43.072510534337475
            ],
            [
              -89.40147823820047,
              43.072509306045816
            ],
            [
              -89.40147946053645,
              43.072508185486576
            ],
            [
              -89.40148078080679,
              43.07250718216985
            ],
            [
              -89.4015097808068,
              43.07248718216985
            ],
            [
              -89.40151107558795,
              43.07248636814568
            ],
            [
              -89.4015124347982,
              43.07248566697451
            ],
            [
              -89.40151384862487,
              43.07248508371838
            ],
            [
              -89.40154684862487,
              43.07247308371838
            ],
            [
              -89.40154922847641,
              43.072472399556545
            ],
            [
              -89.40156340633813,
              43.07246936144332
            ],
            [
              -89.40156748434501,
              43.072325
            ],
            [
              -89.40152,
              43.072325
            ],
            [
              -89.40151820016459,
              43.07232490979041
            ],
            [
              -89.40151641836945,
              43.07232464006584
            ],
            [
              -89.40151467247402,
              43.0723241935298
            ],
            [
              -89.40151297997792,
              43.072323574658064
            ],
            [
              -89.40151135784552,
              43.07232278965376
            ],
            [
              -89.40150982233592,
              43.072321846385215
            ],
            [
              -89.40150838883999,
              43.07232075430707
            ],
            [
              -89.40150707172604,
              43.072319524365554
            ],
            [
              -89.40150588419591,
              43.07231816888871
            ],
            [
              -89.40150483815256,
              43.07231670146288
            ],
            [
              -89.40150394408076,
              43.07231513679649
            ],
            [
              -89.40150321094207,
              43.072313490572654
            ],
            [
              -89.40150264608492,
              43.07231177929194
            ],
            [
              -89.40150225517108,
              43.072310020107
            ],
            [
              -89.40150204211875,
              43.07230823065066
            ],
            [
              -89.40150200906345,
              43.07230642885916
            ],
            [
              -89.40150400906344,
              43.07224342885915
            ],
            [
              -89.40150415153413,
              43.07224166927778
            ],
            [
              -89.40150446568197,
              43.072239932114684
            ],
            [
              -89.40150494848528,
              43.07223823407892
            ],
            [
              -89.40150559530021,
              43.07223659150321
            ],
            [
              -89.40150639990527,
              43.072235020186824
            ],
            [
              -89.40150735456133,
              43.07223353524362
            ],
            [
              -89.4015084500859,
              43.07223215095666
            ],
            [
              -89.40150967594161,
              43.07223088064084
            ],
            [
              -89.40151102033742,
              43.07222973651481
            ],
            [
              -89.40151247034217,
              43.07222872958345
            ],
            [
              -89.40151401200882,
              43.07222786953203
            ],
            [
              -89.40151563050871,
              43.072227164633034
            ],
            [
              -89.40151731027416,
              43.0722266216666
            ],
            [
              -89.40151903514817,
              43.07222624585531
            ],
            [
              -89.4015207885399,
              43.07222604081392
            ],
            [
              -89.40152255358416,
              43.07222600851466
            ],
            [
              -89.4015694818615,
              43.07222745246166
            ],
            [
              -89.40157000622945,
              43.07220752647973
            ],
            [
              -89.40157014645122,
              43.07220570853853
            ],
            [
              -89.4015704698687,
              43.07220391411008
            ],
            [
              -89.40157097316332,
              43.072202161607045
            ],
            [
              -89.40157165117074,
              43.07220046901192
            ],
            [
              -89.40157249693391,
              43.07219885369245
            ],
            [
              -89.40157350177445,
              43.07219733222348
            ],
            [
              -89.40157465538167,
              43.072195920216835
            ],
            [
              -89.40157594591834,
              43.072194632161164
            ],
            [
              -89.40157736014227,
              43.072193481273224
            ],
            [
              -89.40157888354204,
              43.07219247936232
            ],
            [
              -89.40158050048602,
              43.07219163670907
            ],
            [
              -89.40158219438271,
              43.072190961959976
            ],
            [
              -89.401583947851,
              43.07219046203865
            ],
            [
              -89.40158574289848,
              43.072190142074795
            ],
            [
              -89.40158756110614,
              43.07219000535157
            ],
            [
              -89.40162856110614,
              43.07218900535157
            ],
            [
              -89.4016301389081,
              43.072189036067016
            ],
            [
              -89.40163170795594,
              43.072189204860926
            ],
            [
              -89.40167770795594,
              43.07219620486093
            ],
            [
              -89.40167914956281,
              43.07219648483148
            ],
            [
              -89.40168056354929,
              43.072196881386766
            ],
            [
              -89.40172056354929,
              43.07220988138676
            ],
            [
              -89.40172195769622,
              43.07221039908246
            ],
            [
              -89.40172330434926,
              43.07221103009758
            ],
            [
              -89.40174830434927,
              43.07222403009758
            ],
            [
              -89.4017504622875,
              43.07222535279752
            ],
            [
              -89.40176446228749,
              43.07223535279751
            ],
            [
              -89.401765172653,
              43.07223588717516
            ],
            [
              -89.401789172653,
              43.07225488717516
            ],
            [
              -89.40179076346449,
              43.07225630771991
            ],
            [
              -89.40179217509001,
              43.072257906451284
            ],
            [
              -89.40181017509002,
              43.07228090645128
            ],
            [
              -89.40181140049437,
              43.0722826820188
            ],
            [
              -89.4018124046708,
              43.072284591438994
            ],
            [
              -89.4018264046708,
              43.07231559143899
            ],
            [
              -89.40182699940394,
              43.07231708220768
            ],
            [
              -89.40182745897613,
              43.07231862002827
            ],
            [
              -89.40182777973337,
              43.07232019267367
            ],
            [
              -89.40183077973337,
              43.072339192673674
            ],
            [
              -89.40183094484885,
              43.07234059202286
            ],
            [
              -89.401831,
              43.072342
            ],
            [
              -89.401831,
              43.07235027905287
            ],
            [
              -89.401923,
              43.07235171655287
            ],
            [
              -89.401923,
              43.072325
            ],
            [
              -89.40192308793243,
              43.072323222969935
            ],
            [
              -89.40192335087065,
              43.07232146330194
            ],
            [
              -89.40192378624563,
              43.07231973818844
            ],
            [
              -89.40192438980368,
              43.07231806448427
            ],
            [
              -89.40192515564786,
              43.07231645854197
            ],
            [
              -89.40192607629565,
              43.07231493605204
            ],
            [
              -89.40192714275209,
              43.072313511889604
            ],
            [
              -89.4019283445976,
              43.07231219996913
            ],
            [
              -89.40192967008983,
              43.07231101310844
            ],
            [
              -89.40193110627835,
              43.07230996290347
            ],
            [
              -89.40193263913123,
              43.072309059615016
            ],
            [
              -89.40193425367205,
              43.07230831206845
            ],
            [
              -89.40193593412634,
              43.072307727567505
            ],
            [
              -89.40193766407559,
              43.07230731182292
            ],
            [
              -89.40193942661773,
              43.07230706889663
            ],
            [
              -89.40194120453224,
              43.07230700116207
            ],
            [
              -89.40202920453224,
              43.07230800116207
            ],
            [
              -89.40203095503456,
              43.07230810648609
            ],
            [
              -89.40203268698004,
              43.07230838165223
            ],
            [
              -89.40203438392935,
              43.07230882404865
            ],
            [
              -89.40203602977533,
              43.072309429476206
            ],
            [
              -89.40203760889591,
              43.07231019218828
            ],
            [
              -89.40203910630235,
              43.072311104945356
            ],
            [
              -89.40204050778154,
              43.072312159083694
            ],
            [
              -89.40204180003086,
              43.0723133445976
            ],
            [
              -89.40204297078454,
              43.072314650234375
            ],
            [
              -89.40204400892993,
              43.07231606360115
            ],
            [
              -89.4020449046132,
              43.07231757128249
            ],
            [
              -89.40204564933265,
              43.07231915896775
            ],
            [
              -89.40204623601953,
              43.07232081158689
            ],
            [
              -89.40204665910512,
              43.07232251345355
            ],
            [
              -89.40204691457356,
              43.0723242484139
            ],
            [
              -89.402047,
              43.072326
            ],
            [
              -89.402047,
              43.072352393825426
            ],
            [
              -89.40225539813267,
              43.072357004403585
            ],
            [
              -89.4022571733605,
              43.07235713168995
            ],
            [
              -89.40225892734014,
              43.072357433668586
            ],
            [
              -89.40226064292355,
              43.07235790738716
            ],
            [
              -89.40226230333805,
              43.07235854821428
            ],
            [
              -89.40226389235033,
              43.072359349884806
            ],
            [
              -89.40226539442519,
              43.07236030456109
            ],
            [
              -89.40226679487736,
              43.07236140290958
            ],
            [
              -89.4022680800151,
              43.07236263419211
            ],
            [
              -89.40226923727407,
              43.07236398637086
            ],
            [
              -89.40227025534016,
              43.072365446226044
            ],
            [
              -89.40227112426005,
              43.07236699948516
            ],
            [
              -89.40227183553866,
              43.07236863096254
            ],
            [
              -89.40227238222202,
              43.0723703247078
            ],
            [
              -89.40227275896545,
              43.072372064161755
            ],
            [
              -89.40227296208562,
              43.07237383231839
            ],
            [
              -89.4022729895967,
              43.07237561189105
            ],
            [
              -89.40226350684006,
              43.072654404935946
            ]
          ]
        ]
      },
      "properties": {
        "building": "university",
        "name": "Grainger Hall",
        "@id": "way/153060483",
        "addr:street": "University Avenue",
        "addr:housenumber": "975",
        "person_counts": [
          0,
          0,
          0,
          0,
          0,
          0,
          0,
          0,
          0,
          0,
          0,
          0,
          0,
          0,
          0,
          0,
          0,
          0,
          0,
          0,
          0,
          89,
          89,
          89,
          89,
          89,
          89,
          89,
          89,
          89,
          89,
          89,
          89,
          89,
          89,
          89,
          89,
          89,
          89,
          89,
          89,
          89,
          89,
          89,
          89,
          89,
          0,
          0,
          0,
          247,
          247,
          247,
          247,
          247,
          247,
          247,
          247,
          247,
          247,
          247,
          247,
          247,
          247,
          247,
          247,
          247,
          247,
          247,
          247,
          247,
          247,
          247,
          247,
          247,
          0,
          0,
          0,
          124,
          124,
          124,
          124,
          124,
          124,
          124,
          124,
          124,
          124,
          124,
          124,
          124,
          124,
          124,
          124,
          124,
          124,
          124,
          124,
          124,
          124,
          124,
          124,
          124,
          0,
          0,
          0,
          65,
          65,
          65,
          65,
          65,
          65,
          65,
          65,
          65,
          65,
          65,
          65,
          65,
          65,
          65,
          65,
          65,
          65,
          65,
          65,
          65,
          65,
          65,
          65,
          65,
          0,
          0,
          0,
          123,
          123,
          123,
          123,
          123,
          123,
          123,
          123,
          123,
          123,
          123,
          123,
          123,
          123,
          123,
          123,
          123,
          123,
          123,
          123,
          123,
          123,
          123,
          123,
          123,
          0,
          0,
          0,
          87,
          87,
          87,
          87,
          87,
          87,
          87,
          87,
          87,
          87,
          87,
          87,
          87,
          87,
          87,
          87,
          87,
          87,
          87,
          87,
          87,
          87,
          87,
          87
        ],
        "instructor_counts": [
          0,
          0,
          0,
          0,
          0,
          0,
          0,
          0,
          0,
          0,
          0,
          0,
          0,
          0,
          0,
          0,
          0,
          0,
          0,
          0,
          0,
          6,
          6,
          6,
          6,
          6,
          6,
          6,
          6,
          6,
          6,
          6,
          6,
          6,
          6,
          6,
          6,
          6,
          6,
          6,
          6,
          6,
          6,
          6,
          6,
          6,
          0,
          0,
          0,
          5,
          5,
          5,
          5,
          5,
          5,
          5,
          5,
          5,
          5,
          5,
          5,
          5,
          5,
          5,
          5,
          5,
          5,
          5,
          5,
          5,
          5,
          5,
          5,
          5,
          0,
          0,
          0,
          5,
          5,
          5,
          5,
          5,
          5,
          5,
          5,
          5,
          5,
          5,
          5,
          5,
          5,
          5,
          5,
          5,
          5,
          5,
          5,
          5,
          5,
          5,
          5,
          5,
          0,
          0,
          0,
          2,
          2,
          2,
          2,
          2,
          2,
          2,
          2,
          2,
          2,
          2,
          2,
          2,
          2,
          2,
          2,
          2,
          2,
          2,
          2,
          2,
          2,
          2,
          2,
          2,
          0,
          0,
          0,
          7,
          7,
          7,
          7,
          7,
          7,
          7,
          7,
          7,
          7,
          7,
          7,
          7,
          7,
          7,
          7,
          7,
          7,
          7,
          7,
          7,
          7,
          7,
          7,
          7,
          0,
          0,
          0,
          5,
          5,
          5,
          5,
          5,
          5,
          5,
          5,
          5,
          5,
          5,
          5,
          5,
          5,
          5,
          5,
          5,
          5,
          5,
          5,
          5,
          5,
          5,
          5
        ]
      }
    },
    {
      "type": "Feature",
      "geometry": {
        "type": "Polygon",
        "coordinates": [
          [
            [
              -89.40718797677422,
              43.07321099998502
            ],
            [
              -89.40641297677422,
              43.07320999998502
            ],
            [
              -89.40641113360218,
              43.07320990297627
            ],
            [
              -89.40640931005436,
              43.073209617726896
            ],
            [
              -89.40640752530442,
              43.07320914723617
            ],
            [
              -89.40640579811809,
              43.07320849645104
            ],
            [
              -89.40640414665586,
              43.07320767221419
            ],
            [
              -89.406402588282,
              43.07320668319204
            ],
            [
              -89.40635238591064,
              43.07317108514689
            ],
            [
              -89.40622326663741,
              43.073172998025015
            ],
            [
              -89.40622143623143,
              43.07317293194434
            ],
            [
              -89.40621962201699,
              43.073172680193174
            ],
            [
              -89.40621784277877,
              43.073172245378196
            ],
            [
              -89.40621611693932,
              43.073171632001554
            ],
            [
              -89.4062144623683,
              43.07317084641426
            ],
            [
              -89.4062128961974,
              43.073169896750414
            ],
            [
              -89.40621143464304,
              43.07316879284301
            ],
            [
              -89.4062100928384,
              43.0731675461221
            ],
            [
              -89.40607109283842,
              43.0730245461221
            ],
            [
              -89.40606990652016,
              43.073023197045394
            ],
            [
              -89.40606886058683,
              43.073021736435095
            ],
            [
              -89.40606796545696,
              43.073020178840316
            ],
            [
              -89.40606723004692,
              43.073018539776236
            ],
            [
              -89.40606666168212,
              43.07301683556955
            ],
            [
              -89.40606626602404,
              43.07301508319582
            ],
            [
              -89.40606604701382,
              43.07301330011043
            ],
            [
              -89.40606600683303,
              43.073011504074664
            ],
            [
              -89.40606614588188,
              43.0730097129788
            ],
            [
              -89.40606646277533,
              43.07300794466392
            ],
            [
              -89.4060669543568,
              43.073006216744176
            ],
            [
              -89.40606761572967,
              43.073004546431356
            ],
            [
              -89.406068440306,
              43.07300295036342
            ],
            [
              -89.4060694198722,
              43.073001444438766
            ],
            [
              -89.40607054467081,
              43.0730000436579
            ],
            [
              -89.40607180349777,
              43.07299876197397
            ],
            [
              -89.40607318381389,
              43.07299761215382
            ],
            [
              -89.40607467186986,
              43.07299660565077
            ],
            [
              -89.4060762528432,
              43.072995752490606
            ],
            [
              -89.4063778190733,
              43.072851959321284
            ],
            [
              -89.40664,
              43.072709302052345
            ],
            [
              -89.40664,
              43.072353
            ],
            [
              -89.40664008688076,
              43.07235123360272
            ],
            [
              -89.40664034668437,
              43.0723494842572
            ],
            [
              -89.40664077690282,
              43.072347768850626
            ],
            [
              -89.40664137338304,
              43.07234610394253
            ],
            [
              -89.40664213036695,
              43.07234450560495
            ],
            [
              -89.40664304054708,
              43.072342989267334
            ],
            [
              -89.40664409513707,
              43.072341569567506
            ],
            [
              -89.40664528395651,
              43.07234026021043
            ],
            [
              -89.40664659552925,
              43.07233907383588
            ],
            [
              -89.40664801719413,
              43.072338021896414
            ],
            [
              -89.4066495352272,
              43.072337114546855
            ],
            [
              -89.40665113497427,
              43.07233636054623
            ],
            [
              -89.4066528009923,
              43.072335767173215
            ],
            [
              -89.40665451719855,
              43.07233534015589
            ],
            [
              -89.40665626702572,
              43.07233508361643
            ],
            [
              -89.40665803358202,
              43.07233500003132
            ],
            [
              -89.40719403358203,
              43.07233600003132
            ],
            [
              -89.40719580364222,
              43.07233609059256
            ],
            [
              -89.40719755621537,
              43.07233635479293
            ],
            [
              -89.40719927430952,
              43.07233679007091
            ],
            [
              -89.40720094126705,
              43.07233739220629
            ],
            [
              -89.40720254092612,
              43.07233815536112
            ],
            [
              -89.40720405777738,
              43.0723390721363
            ],
            [
              -89.40720547711429,
              43.072340133643316
            ],
            [
              -89.40720678517583,
              43.07234132959041
            ],
            [
              -89.40720796927978,
              43.07234264838238
            ],
            [
              -89.40720901794577,
              43.072344077233
            ],
            [
              -89.40720992100654,
              43.07234560228896
            ],
            [
              -89.40721066970656,
              43.072347208764214
            ],
            [
              -89.40721125678684,
              43.072348881083315
            ],
            [
              -89.40721167655542,
              43.07235060303243
            ],
            [
              -89.40721192494246,
              43.072352357916564
            ],
            [
              -89.40721199953974,
              43.07235412872138
            ],
            [
              -89.40720599953974,
              43.073193128721385
            ],
            [
              -89.40720590094213,
              43.07319488580784
            ],
            [
              -89.4072056312317,
              43.073196624868096
            ],
            [
              -89.40720519298661,
              43.07319832927871
            ],
            [
              -89.40720459039598,
              43.07319998274743
            ],
            [
              -89.40720382921988,
              43.07320156946897
            ],
            [
              -89.4072029167343,
              43.07320307427606
            ],
            [
              -89.40720186166158,
              43.07320448278443
            ],
            [
              -89.40720067408702,
              43.073205781530355
            ],
            [
              -89.4071993653625,
              43.07320695809928
            ],
            [
              -89.40719794799794,
              43.07320800124452
            ],
            [
              -89.40719643554175,
              43.07320890099479
            ],
            [
              -89.4071948424513,
              43.07320964874951
            ],
            [
              -89.40719318395475,
              43.073210237360975
            ],
            [
              -89.40719147590544,
              43.07321066120272
            ],
            [
              -89.40718973463038,
              43.07321091622331
            ],
            [
              -89.40718797677422,
              43.07321099998502
            ]
          ]
        ]
      },
      "properties": {
        "building": "university",
        "name": "Morgridge Hall",
        "@id": "way/1391651477",
        "person_counts": [
          0,
          0,
          0,
          0,
          0,
          0,
          0,
          0,
          0,
          0,
          0,
          0,
          0,
          0,
          0,
          0,
          0,
          0,
          0,
          0,
          0,
          0,
          0,
          0,
          0,
          0,
          0,
          0,
          0,
          0,
          0,
          0,
          0,
          0,
          0,
          0,
          0,
          0,
          0,
          0,
          0,
          0,
          0,
          0,
          0,
          0,
          0,
          0,
          0,
          0,
          0,
          0,
          0,
          0,
          0,
          0,
          0,
          0,
          0,
          0,
          0,
          0,
          0,
          0,
          0,
          0,
          0,
          0,
          0,
          0,
          0,
          0,
          0,
          0,
          0,
          0,
          0,
          73,
          73,
          73,
          73,
          73,
          73,
          73,
          73,
          73,
          73,
          73,
          73,
          73,
          73,
          73,
          73,
          73,
          73,
          73,
          73,
          73,
          73,
          73,
          73,
          73,
          0,
          0,
          0,
          0,
          0,
          0,
          0,
          0,
          0,
          0,
          0,
          0,
          0,
          0,
          0,
          0,
          0,
          0,
          0,
          0,
          0,
          0,
          0,
          0,
          0,
          0,
          0,
          0,
          0,
          0,
          0,
          79,
          79,
          79,
          79,
          79,
          79,
          79,
          79,
          79,
          79,
          79,
          79,
          79,
          79,
          79,
          79,
          79,
          79,
          79,
          79,
          79,
          79,
          79,
          79,
          79,
          0,
          0,
          0,
          0,
          0,
          0,
          0,
          0,
          0,
          0,
          0,
          0,
          0,
          0,
          0,
          0,
          0,
          0,
          0,
          0,
          0,
          0,
          0,
          0,
          0,
          0,
          0
        ],
        "instructor_counts": [
          0,
          0,
          0,
          0,
          0,
          0,
          0,
          0,
          0,
          0,
          0,
          0,
          0,
          0,
          0,
          0,
          0,
          0,
          0,
          0,
          0,
          0,
          0,
          0,
          0,
          0,
          0,
          0,
          0,
          0,
          0,
          0,
          0,
          0,
          0,
          0,
          0,
          0,
          0,
          0,
          0,
          0,
          0,
          0,
          0,
          0,
          0,
          0,
          0,
          0,
          0,
          0,
          0,
          0,
          0,
          0,
          0,
          0,
          0,
          0,
          0,
          0,
          0,
          0,
          0,
          0,
          0,
          0,
          0,
          0,
          0,
          0,
          0,
          0,
          0,
          0,
          0,
          1,
          1,
          1,
          1,
          1,
          1,
          1,
          1,
          1,
          1,
          1,
          1,
          1,
          1,
          1,
          1,
          1,
          1,
          1,
          1,
          1,
          1,
          1,
          1,
          1,
          0,
          0,
          0,
          0,
          0,
          0,
          0,
          0,
          0,
          0,
          0,
          0,
          0,
          0,
          0,
          0,
          0,
          0,
          0,
          0,
          0,
          0,
          0,
          0,
          0,
          0,
          0,
          0,
          0,
          0,
          0,
          1,
          1,
          1,
          1,
          1,
          1,
          1,
          1,
          1,
          1,
          1,
          1,
          1,
          1,
          1,
          1,
          1,
          1,
          1,
          1,
          1,
          1,
          1,
          1,
          1,
          0,
          0,
          0,
          0,
          0,
          0,
          0,
          0,
          0,
          0,
          0,
          0,
          0,
          0,
          0,
          0,
          0,
          0,
          0,
          0,
          0,
          0,
          0,
          0,
          0,
          0,
          0
        ]
      }
    },
    {
      "type": "Feature",
      "geometry": {
        "type": "Polygon",
        "coordinates": [
          [
            [
              -89.406596,
              43.072699
            ],
            [
              -89.406407,
              43.072699
            ],
            [
              -89.406407,
              43.072708
            ],
            [
              -89.40640691332509,
              43.07270976430853
            ],
            [
              -89.40640665413505,
              43.0727115116258
            ],
            [
              -89.40640622492604,
              43.07271322512419
            ],
            [
              -89.4064056298316,
              43.07271488830178
            ],
            [
              -89.40640487458276,
              43.072716485141264
            ],
            [
              -89.40640396645303,
              43.072718000264196
            ],
            [
              -89.40640291418816,
              43.072719419079114
            ],
            [
              -89.40640172792206,
              43.07272072792206
            ],
            [
              -89.40640041907912,
              43.07272191418816
            ],
            [
              -89.4063990002642,
              43.07272296645302
            ],
            [
              -89.40639748514127,
              43.072723874582756
            ],
            [
              -89.40639588830179,
              43.07272462983158
            ],
            [
              -89.40639422512419,
              43.07272522492604
            ],
            [
              -89.4063925116258,
              43.07272565413505
            ],
            [
              -89.40639076430853,
              43.07272591332508
            ],
            [
              -89.406389,
              43.072725999999996
            ],
            [
              -89.406184,
              43.072725999999996
            ],
            [
              -89.406184,
              43.072956
            ],
            [
              -89.40618391332508,
              43.072957764308526
            ],
            [
              -89.40618365413505,
              43.0729595116258
            ],
            [
              -89.40618322492604,
              43.07296122512419
            ],
            [
              -89.40618262983159,
              43.07296288830178
            ],
            [
              -89.40618187458276,
              43.07296448514126
            ],
            [
              -89.40618096645302,
              43.072966000264195
            ],
            [
              -89.40617991418816,
              43.07296741907911
            ],
            [
              -89.40617872792205,
              43.07296872792206
            ],
            [
              -89.40617741907911,
              43.07296991418816
            ],
            [
              -89.4061760002642,
              43.07297096645302
            ],
            [
              -89.40617448514126,
              43.072971874582755
            ],
            [
              -89.40617288830178,
              43.07297262983158
            ],
            [
              -89.40617122512418,
              43.07297322492604
            ],
            [
              -89.40616951162579,
              43.07297365413505
            ],
            [
              -89.40616776430852,
              43.07297391332508
            ],
            [
              -89.406166,
              43.072973999999995
            ],
            [
              -89.405894,
              43.072973999999995
            ],
            [
              -89.40589223569148,
              43.07297391332508
            ],
            [
              -89.40589048837421,
              43.07297365413505
            ],
            [
              -89.40588877487582,
              43.07297322492604
            ],
            [
              -89.40588711169822,
              43.07297262983158
            ],
            [
              -89.40588551485874,
              43.072971874582755
            ],
            [
              -89.4058839997358,
              43.07297096645302
            ],
            [
              -89.40588258092089,
              43.07296991418816
            ],
            [
              -89.40588127207795,
              43.07296872792206
            ],
            [
              -89.40588008581184,
              43.07296741907911
            ],
            [
              -89.40587903354698,
              43.072966000264195
            ],
            [
              -89.40587812541725,
              43.07296448514126
            ],
            [
              -89.40587737016841,
              43.07296288830178
            ],
            [
              -89.40587677507396,
              43.07296122512419
            ],
            [
              -89.40587634586495,
              43.0729595116258
            ],
            [
              -89.40587608667492,
              43.072957764308526
            ],
            [
              -89.405876,
              43.072956
            ],
            [
              -89.405876,
              43.072637
            ],
            [
              -89.40587608667492,
              43.07263523569147
            ],
            [
              -89.40587634586495,
              43.0726334883742
            ],
            [
              -89.40587677507396,
              43.07263177487581
            ],
            [
              -89.40587737016841,
              43.07263011169822
            ],
            [
              -89.40587812541725,
              43.072628514858735
            ],
            [
              -89.40587903354698,
              43.0726269997358
            ],
            [
              -89.40588008581184,
              43.072625580920885
            ],
            [
              -89.40588127207795,
              43.07262427207794
            ],
            [
              -89.40588258092089,
              43.07262308581184
            ],
            [
              -89.4058839997358,
              43.07262203354698
            ],
            [
              -89.40588551485874,
              43.07262112541724
            ],
            [
              -89.40588711169822,
              43.072620370168416
            ],
            [
              -89.40588877487582,
              43.07261977507396
            ],
            [
              -89.40589048837421,
              43.07261934586495
            ],
            [
              -89.40589223569148,
              43.07261908667492
            ],
            [
              -89.405894,
              43.072619
            ],
            [
              -89.405947,
              43.072619
            ],
            [
              -89.405947,
              43.072602999999994
            ],
            [
              -89.405861,
              43.072602999999994
            ],
            [
              -89.40585923569148,
              43.07260291332508
            ],
            [
              -89.40585748837421,
              43.072602654135046
            ],
            [
              -89.40585577487582,
              43.07260222492604
            ],
            [
              -89.40585411169822,
              43.07260162983158
            ],
            [
              -89.40585251485874,
              43.072600874582754
            ],
            [
              -89.4058509997358,
              43.07259996645302
            ],
            [
              -89.40584958092089,
              43.072598914188156
            ],
            [
              -89.40584827207795,
              43.07259772792206
            ],
            [
              -89.40584708581184,
              43.07259641907911
            ],
            [
              -89.40584603354698,
              43.072595000264194
            ],
            [
              -89.40584512541724,
              43.07259348514126
            ],
            [
              -89.40584437016841,
              43.07259188830178
            ],
            [
              -89.40584377507396,
              43.07259022512419
            ],
            [
              -89.40584334586495,
              43.072588511625796
            ],
            [
              -89.40584308667492,
              43.072586764308525
            ],
            [
              -89.405843,
              43.072585
            ],
            [
              -89.405843,
              43.072463
            ],
            [
              -89.40584308667492,
              43.07246123569147
            ],
            [
              -89.40584334586495,
              43.0724594883742
            ],
            [
              -89.40584377507396,
              43.07245777487581
            ],
            [
              -89.40584437016841,
              43.072456111698216
            ],
            [
              -89.40584512541724,
              43.072454514858734
            ],
            [
              -89.40584603354698,
              43.0724529997358
            ],
            [
              -89.40584708581184,
              43.072451580920884
            ],
            [
              -89.40584827207795,
              43.07245027207794
            ],
            [
              -89.40584958092089,
              43.07244908581184
            ],
            [
              -89.4058509997358,
              43.072448033546976
            ],
            [
              -89.40585251485874,
              43.07244712541724
            ],
            [
              -89.40585411169822,
              43.072446370168414
            ],
            [
              -89.40585577487582,
              43.07244577507396
            ],
            [
              -89.40585748837421,
              43.07244534586495
            ],
            [
              -89.40585923569148,
              43.07244508667492
            ],
            [
              -89.405861,
              43.072445
            ],
            [
              -89.40607204912686,
              43.072445
            ],
            [
              -89.40607200000001,
              43.072444
            ],
            [
              -89.40607200000001,
              43.072362
            ],
            [
              -89.40607208667493,
              43.07236023569147
            ],
            [
              -89.40607234586496,
              43.0723584883742
            ],
            [
              -89.40607277507397,
              43.07235677487581
            ],
            [
              -89.40607337016841,
              43.072355111698215
            ],
            [
              -89.40607412541725,
              43.07235351485873
            ],
            [
              -89.40607503354698,
              43.0723519997358
            ],
            [
              -89.40607608581185,
              43.07235058092088
            ],
            [
              -89.40607727207795,
              43.072349272077936
            ],
            [
              -89.40607858092089,
              43.07234808581184
            ],
            [
              -89.40607999973581,
              43.072347033546976
            ],
            [
              -89.40608151485874,
              43.07234612541724
            ],
            [
              -89.40608311169822,
              43.072345370168414
            ],
            [
              -89.40608477487582,
              43.07234477507396
            ],
            [
              -89.40608648837421,
              43.07234434586495
            ],
            [
              -89.40608823569148,
              43.07234408667492
            ],
            [
              -89.40609,
              43.072344
            ],
            [
              -89.40611200000001,
              43.072344
            ],
            [
              -89.40611200000001,
              43.072287
            ],
            [
              -89.40611208667492,
              43.072285235691474
            ],
            [
              -89.40611234586495,
              43.072283488374204
            ],
            [
              -89.40611277507396,
              43.07228177487581
            ],
            [
              -89.40611337016841,
              43.07228011169822
            ],
            [
              -89.40611412541725,
              43.07227851485874
            ],
            [
              -89.40611503354698,
              43.072276999735806
            ],
            [
              -89.40611608581185,
              43.07227558092089
            ],
            [
              -89.40611727207795,
              43.07227427207794
            ],
            [
              -89.40611858092089,
              43.072273085811844
            ],
            [
              -89.40611999973581,
              43.07227203354698
            ],
            [
              -89.40612151485874,
              43.072271125417245
            ],
            [
              -89.40612311169822,
              43.07227037016842
            ],
            [
              -89.40612477487582,
              43.07226977507396
            ],
            [
              -89.40612648837421,
              43.07226934586495
            ],
            [
              -89.40612823569148,
              43.07226908667492
            ],
            [
              -89.40613,
              43.072269000000006
            ],
            [
              -89.406381,
              43.072269000000006
            ],
            [
              -89.40638276430852,
              43.07226908667492
            ],
            [
              -89.40638451162579,
              43.07226934586495
            ],
            [
              -89.40638622512418,
              43.07226977507396
            ],
            [
              -89.40638788830178,
              43.07227037016842
            ],
            [
              -89.40638948514126,
              43.072271125417245
            ],
            [
              -89.4063910002642,
              43.07227203354698
            ],
            [
              -89.40639241907911,
              43.072273085811844
            ],
            [
              -89.40639372792205,
              43.07227427207794
            ],
            [
              -89.40639491418816,
              43.07227558092089
            ],
            [
              -89.40639596645302,
              43.072276999735806
            ],
            [
              -89.40639687458275,
              43.07227851485874
            ],
            [
              -89.40639762983159,
              43.07228011169822
            ],
            [
              -89.40639822492604,
              43.07228177487581
            ],
            [
              -89.40639865413505,
              43.072283488374204
            ],
            [
              -89.40639891332508,
              43.072285235691474
            ],
            [
              -89.406399,
              43.072287
            ],
            [
              -89.406399,
              43.072297000000006
            ],
            [
              -89.406596,
              43.072297000000006
            ],
            [
              -89.40659776430851,
              43.07229708667492
            ],
            [
              -89.40659951162579,
              43.07229734586495
            ],
            [
              -89.40660122512418,
              43.07229777507396
            ],
            [
              -89.40660288830178,
              43.07229837016842
            ],
            [
              -89.40660448514126,
              43.072299125417246
            ],
            [
              -89.40660600026419,
              43.07230003354698
            ],
            [
              -89.40660741907911,
              43.072301085811844
            ],
            [
              -89.40660872792205,
              43.07230227207794
            ],
            [
              -89.40660991418815,
              43.07230358092089
            ],
            [
              -89.40661096645302,
              43.072304999735806
            ],
            [
              -89.40661187458275,
              43.07230651485874
            ],
            [
              -89.40661262983159,
              43.07230811169822
            ],
            [
              -89.40661322492603,
              43.07230977487581
            ],
            [
              -89.40661365413504,
              43.072311488374204
            ],
            [
              -89.40661391332507,
              43.072313235691475
            ],
            [
              -89.40661399999999,
              43.072315
            ],
            [
              -89.40661399999999,
              43.072681
            ],
            [
              -89.40661391332507,
              43.07268276430853
            ],
            [
              -89.40661365413504,
              43.0726845116258
            ],
            [
              -89.40661322492603,
              43.072686225124194
            ],
            [
              -89.40661262983159,
              43.072687888301786
            ],
            [
              -89.40661187458275,
              43.07268948514127
            ],
            [
              -89.40661096645302,
              43.0726910002642
            ],
            [
              -89.40660991418815,
              43.07269241907912
            ],
            [
              -89.40660872792205,
              43.072693727922065
            ],
            [
              -89.40660741907911,
              43.07269491418816
            ],
            [
              -89.40660600026419,
              43.072695966453026
            ],
            [
              -89.40660448514126,
              43.07269687458276
            ],
            [
              -89.40660288830178,
              43.07269762983159
            ],
            [
              -89.40660122512418,
              43.07269822492604
            ],
            [
              -89.40659951162579,
              43.07269865413505
            ],
            [
              -89.40659776430851,
              43.072698913325084
            ],
            [
              -89.406596,
              43.072699
            ]
          ]
        ]
      },
      "properties": {
        "building": "university",
        "name": "Brogden Psychology",
        "@id": "way/153063309",
        "addr:street": "West Johnson Street",
        "addr:housenumber": "1202",
        "person_counts": [
          0,
          0,
          0,
          0,
          0,
          0,
          0,
          0,
          0,
          0,
          0,
          0,
          0,
          0,
          0,
          0,
          0,
          0,
          0,
          0,
          0,
          30,
          30,
          30,
          30,
          30,
          30,
          30,
          30,
          30,
          30,
          30,
          30,
          30,
          30,
          30,
          30,
          30,
          30,
          30,
          30,
          30,
          30,
          30,
          30,
          30,
          0,
          0,
          0,
          0,
          0,
          0,
          0,
          0,
          0,
          0,
          0,
          0,
          0,
          0,
          0,
          0,
          0,
          0,
          0,
          0,
          0,
          0,
          0,
          0,
          0,
          0,
          0,
          0,
          0,
          0,
          0,
          15,
          15,
          15,
          15,
          15,
          15,
          15,
          15,
          15,
          15,
          15,
          15,
          15,
          15,
          15,
          15,
          15,
          15,
          15,
          15,
          15,
          15,
          15,
          15,
          15,
          0,
          0,
          0,
          0,
          0,
          0,
          0,
          0,
          0,
          0,
          0,
          0,
          0,
          0,
          0,
          0,
          0,
          0,
          0,
          0,
          0,
          0,
          0,
          0,
          0,
          0,
          0,
          0,
          0,
          0,
          0,
          49,
          49,
          49,
          49,
          49,
          49,
          49,
          49,
          49,
          49,
          49,
          49,
          49,
          49,
          49,
          49,
          49,
          49,
          49,
          49,
          49,
          49,
          49,
          49,
          49,
          0,
          0,
          0,
          0,
          0,
          0,
          0,
          0,
          0,
          0,
          0,
          0,
          0,
          0,
          0,
          0,
          0,
          0,
          0,
          0,
          0,
          0,
          0,
          0,
          0,
          0,
          0
        ],
        "instructor_counts": [
          0,
          0,
          0,
          0,
          0,
          0,
          0,
          0,
          0,
          0,
          0,
          0,
          0,
          0,
          0,
          0,
          0,
          0,
          0,
          0,
          0,
          2,
          2,
          2,
          2,
          2,
          2,
          2,
          2,
          2,
          2,
          2,
          2,
          2,
          2,
          2,
          2,
          2,
          2,
          2,
          2,
          2,
          2,
          2,
          2,
          2,
          0,
          0,
          0,
          0,
          0,
          0,
          0,
          0,
          0,
          0,
          0,
          0,
          0,
          0,
          0,
          0,
          0,
          0,
          0,
          0,
          0,
          0,
          0,
          0,
          0,
          0,
          0,
          0,
          0,
          0,
          0,
          1,
          1,
          1,
          1,
          1,
          1,
          1,
          1,
          1,
          1,
          1,
          1,
          1,
          1,
          1,
          1,
          1,
          1,
          1,
          1,
          1,
          1,
          1,
          1,
          1,
          0,
          0,
          0,
          0,
          0,
          0,
          0,
          0,
          0,
          0,
          0,
          0,
          0,
          0,
          0,
          0,
          0,
          0,
          0,
          0,
          0,
          0,
          0,
          0,
          0,
          0,
          0,
          0,
          0,
          0,
          0,
          2,
          2,
          2,
          2,
          2,
          2,
          2,
          2,
          2,
          2,
          2,
          2,
          2,
          2,
          2,
          2,
          2,
          2,
          2,
          2,
          2,
          2,
          2,
          2,
          2,
          0,
          0,
          0,
          0,
          0,
          0,
          0,
          0,
          0,
          0,
          0,
          0,
          0,
          0,
          0,
          0,
          0,
          0,
          0,
          0,
          0,
          0,
          0,
          0,
          0,
          0,
          0
        ]
      }
    },
    {
      "type": "Feature",
      "geometry": {
        "type": "Polygon",
        "coordinates": [
          [
            [
              -89.4093623587412,
              43.07491593747191
            ],
            [
              -89.40936272792206,
              43.074916272077935
            ],
            [
              -89.40936391418816,
              43.07491758092088
            ],
            [
              -89.40936496645303,
              43.0749189997358
            ],
            [
              -89.40936587458276,
              43.07492051485873
            ],
            [
              -89.4093666298316,
              43.074922111698214
            ],
            [
              -89.40936722492604,
              43.074923774875806
            ],
            [
              -89.40936765413505,
              43.0749254883742
            ],
            [
              -89.40936791332508,
              43.07492723569147
            ],
            [
              -89.409368,
              43.074929
            ],
            [
              -89.409368,
              43.074959
            ],
            [
              -89.40936791332508,
              43.07496076430853
            ],
            [
              -89.40936765413505,
              43.0749625116258
            ],
            [
              -89.40936722492604,
              43.07496422512419
            ],
            [
              -89.4093666298316,
              43.07496588830178
            ],
            [
              -89.40936587458276,
              43.074967485141265
            ],
            [
              -89.40936496645303,
              43.0749690002642
            ],
            [
              -89.40936391418816,
              43.074970419079115
            ],
            [
              -89.40936272792206,
              43.07497172792206
            ],
            [
              -89.40936141907912,
              43.07497291418816
            ],
            [
              -89.4093600002642,
              43.07497396645302
            ],
            [
              -89.40935848514127,
              43.07497487458276
            ],
            [
              -89.40935688830179,
              43.074975629831584
            ],
            [
              -89.40935522512419,
              43.07497622492604
            ],
            [
              -89.4093535116258,
              43.07497665413505
            ],
            [
              -89.40935176430852,
              43.07497691332508
            ],
            [
              -89.40935,
              43.074977
            ],
            [
              -89.40927556624752,
              43.074977
            ],
            [
              -89.40927495501005,
              43.074978017368636
            ],
            [
              -89.4092738989446,
              43.07497943762821
            ],
            [
              -89.40927270850503,
              43.074980747309525
            ],
            [
              -89.40927139520043,
              43.07498193375065
            ],
            [
              -89.40926997172775,
              43.07498298548116
            ],
            [
              -89.40926845184906,
              43.07498389233298
            ],
            [
              -89.4092668502584,
              43.074984645538734
            ],
            [
              -89.4092651824399,
              43.07498523781647
            ],
            [
              -89.40926346451788,
              43.07498566344009
            ],
            [
              -89.40926171310112,
              43.074985918294686
            ],
            [
              -89.40925994512222,
              43.07498599991634
            ],
            [
              -89.40894999999999,
              43.07498505496171
            ],
            [
              -89.40894999999999,
              43.074987
            ],
            [
              -89.40894991244774,
              43.0749887731937
            ],
            [
              -89.40894965064267,
              43.07499052913772
            ],
            [
              -89.40894921713165,
              43.074992250750185
            ],
            [
              -89.40894861613188,
              43.07499392128321
            ],
            [
              -89.40894785348989,
              43.074995524485786
            ],
            [
              -89.40894693662472,
              43.07499704476192
            ],
            [
              -89.40894587445561,
              43.074998467322324
            ],
            [
              -89.40894467731542,
              43.074999778328284
            ],
            [
              -89.40894335684992,
              43.075000965026305
            ],
            [
              -89.40894192590467,
              43.075002015872144
            ],
            [
              -89.40894039839993,
              43.07500292064315
            ],
            [
              -89.40893878919532,
              43.07500367053769
            ],
            [
              -89.40893711394523,
              43.075004258260755
            ],
            [
              -89.40893538894652,
              43.07500467809496
            ],
            [
              -89.40893363098004,
              43.07500492595616
            ],
            [
              -89.40893185714735,
              43.07500499943313
            ],
            [
              -89.40867985714736,
              43.07500299943313
            ],
            [
              -89.40867808865045,
              43.07500289823295
            ],
            [
              -89.40867633866425,
              43.07500262369486
            ],
            [
              -89.40867462413678,
              43.075002178477654
            ],
            [
              -89.4086729616726,
              43.07500156689311
            ],
            [
              -89.40867136737207,
              43.07500079486419
            ],
            [
              -89.4086698566754,
              43.074999869867725
            ],
            [
              -89.40866844421319,
              43.07499880086197
            ],
            [
              -89.40866714366459,
              43.07499759819985
            ],
            [
              -89.40866596762494,
              43.07499627352873
            ],
            [
              -89.40866492748377,
              43.07499483967756
            ],
            [
              -89.40866403331448,
              43.07499331053267
            ],
            [
              -89.40866329377675,
              43.074991700903276
            ],
            [
              -89.40866271603277,
              43.07499002637805
            ],
            [
              -89.40866230567774,
              43.07498830317418
            ],
            [
              -89.40866206668584,
              43.07498654798026
            ],
            [
              -89.4086620013716,
              43.07498477779471
            ],
            [
              -89.40866300129174,
              43.074903784262624
            ],
            [
              -89.40866400121675,
              43.074817790711826
            ],
            [
              -89.40866410697095,
              43.074816040532895
            ],
            [
              -89.40866438250515,
              43.07481430894658
            ],
            [
              -89.40866482520492,
              43.07481261238325
            ],
            [
              -89.40866543086968,
              43.07481096694091
            ],
            [
              -89.40866619375245,
              43.074809388232545
            ],
            [
              -89.4086671066146,
              43.0748078912379
            ],
            [
              -89.40866816079428,
              43.07480649016137
            ],
            [
              -89.40866934628883,
              43.07480519829724
            ],
            [
              -89.40867065184952,
              43.0748040279035
            ],
            [
              -89.40867206508841,
              43.07480299008555
            ],
            [
              -89.40867357259583,
              43.07480209469086
            ],
            [
              -89.4086751600676,
              43.07480135021547
            ],
            [
              -89.40867681244085,
              43.07480076372343
            ],
            [
              -89.40867851403682,
              43.074800340779724
            ],
            [
              -89.40868024870976,
              43.074800085397506
            ],
            [
              -89.408682,
              43.0748
            ],
            [
              -89.40870014574658,
              43.0748
            ],
            [
              -89.40870200059486,
              43.07457185366338
            ],
            [
              -89.40870210064227,
              43.074570099212565
            ],
            [
              -89.40870237129195,
              43.07456836287853
            ],
            [
              -89.4087028099643,
              43.0745666612106
            ],
            [
              -89.4087034124782,
              43.07456501042772
            ],
            [
              -89.40870417309102,
              43.074563426263815
            ],
            [
              -89.40870508455319,
              43.07456192381786
            ],
            [
              -89.4087061381774,
              43.07456051740996
            ],
            [
              -89.40870732392133,
              43.07455922044486
            ],
            [
              -89.40870863048345,
              43.07455804528419
            ],
            [
              -89.40871004541063,
              43.074557003128646
            ],
            [
              -89.40871155521695,
              43.0745561039112
            ],
            [
              -89.40871314551215,
              43.074555356202474
            ],
            [
              -89.4087148011388,
              43.07455476712902
            ],
            [
              -89.40871650631682,
              43.074554342305426
            ],
            [
              -89.40871739965897,
              43.074554210486426
            ],
            [
              -89.40871800464697,
              43.0745275910147
            ],
            [
              -89.40871812916673,
              43.074525847485624
            ],
            [
              -89.4087184222128,
              43.074524124255284
            ],
            [
              -89.40871888102168,
              43.07452243757416
            ],
            [
              -89.40871950126669,
              43.07452080334806
            ],
            [
              -89.40872027709877,
              43.074519236988145
            ],
            [
              -89.40872120120163,
              43.07451775326556
            ],
            [
              -89.40872226486076,
              43.07451636617217
            ],
            [
              -89.4087234580456,
              43.07451508878861
            ],
            [
              -89.4087247695041,
              43.074513933160915
            ],
            [
              -89.40872618686893,
              43.074512910186925
            ],
            [
              -89.40872769677397,
              43.074512029513556
            ],
            [
              -89.40872928498044,
              43.07451129944575
            ],
            [
              -89.40873093651119,
              43.07451072686823
            ],
            [
              -89.40873263579186,
              43.074510317180554
            ],
            [
              -89.40873436679784,
              43.07451007424616
            ],
            [
              -89.40873611320531,
              43.074510000355986
            ],
            [
              -89.4088951132053,
              43.07451100035598
            ],
            [
              -89.40889686989686,
              43.07451109738886
            ],
            [
              -89.4088986087241,
              43.0745113654569
            ],
            [
              -89.40890031307488,
              43.07451180199909
            ],
            [
              -89.40890196666642,
              43.07451240284485
            ],
            [
              -89.40890355370092,
              43.07451316225393
            ],
            [
              -89.4089050590164,
              43.07451407297119
            ],
            [
              -89.40890646823163,
              43.07451512629597
            ],
            [
              -89.40890776788345,
              43.07451631216519
            ],
            [
              -89.40890894555545,
              43.07451761924945
            ],
            [
              -89.40890998999659,
              43.07451903506136
            ],
            [
              -89.40891089122864,
              43.07452054607474
            ],
            [
              -89.40891164064155,
              43.074522137853904
            ],
            [
              -89.40891223107569,
              43.07452379519158
            ],
            [
              -89.40891265689027,
              43.07452550225414
            ],
            [
              -89.40891291401721,
              43.07452724273292
            ],
            [
              -89.408913,
              43.074529
            ],
            [
              -89.408913,
              43.074549049436996
            ],
            [
              -89.4089137753928,
              43.07454908777009
            ],
            [
              -89.40891553347157,
              43.0745493502244
            ],
            [
              -89.40891725709109,
              43.07454978480342
            ],
            [
              -89.40891892944225,
              43.074550387269035
            ],
            [
              -89.40892053421587,
              43.07455115174586
            ],
            [
              -89.40892205576183,
              43.07455207077853
            ],
            [
              -89.4089234792417,
              43.074553135404436
            ],
            [
              -89.40892479077331,
              43.07455433524109
            ],
            [
              -89.40892597756634,
              43.07455565858742
            ],
            [
              -89.40892702804689,
              43.07455709253784
            ],
            [
              -89.40892793197045,
              43.07455862310812
            ],
            [
              -89.40892868052174,
              43.0745602353718
            ],
            [
              -89.4089292664007,
              43.074561913605706
            ],
            [
              -89.40892968389372,
              43.074563641443305
            ],
            [
              -89.4089299289293,
              43.07456540203433
            ],
            [
              -89.4089299991178,
              43.07456717820909
            ],
            [
              -89.4089281769702,
              43.07475121511704
            ],
            [
              -89.40899421427054,
              43.07475200127538
            ],
            [
              -89.40899593661347,
              43.07475210448301
            ],
            [
              -89.40899764116156,
              43.07475237212598
            ],
            [
              -89.40899931225236,
              43.07475280174501
            ],
            [
              -89.40900093453084,
              43.074753389392484
            ],
            [
              -89.40900249309045,
              43.074754129668726
            ],
            [
              -89.40900397361017,
              43.074755015771615
            ],
            [
              -89.40900536248606,
              43.07475603955908
            ],
            [
              -89.40900664695623,
              43.0747571916239
            ],
            [
              -89.40900781521816,
              43.074758461380185
            ],
            [
              -89.40900885653714,
              43.07475983716061
            ],
            [
              -89.40900976134485,
              43.07476130632364
            ],
            [
              -89.40901052132735,
              43.074762855369656
            ],
            [
              -89.40901112950145,
              43.07476447006506
            ],
            [
              -89.40901158027884,
              43.07476613557301
            ],
            [
              -89.40901186951751,
              43.07476783658976
            ],
            [
              -89.40901199455976,
              43.07476955748528
            ],
            [
              -89.4090119542566,
              43.07477128244692
            ],
            [
              -89.4090115190472,
              43.0747773753785
            ],
            [
              -89.40902406714831,
              43.07479062059634
            ],
            [
              -89.40902522822283,
              43.07479197468027
            ],
            [
              -89.40902624957808,
              43.07479343703138
            ],
            [
              -89.40902712118447,
              43.07479499328959
            ],
            [
              -89.40902783448296,
              43.07479662817265
            ],
            [
              -89.40902838246903,
              43.074798325626205
            ],
            [
              -89.40902875976157,
              43.074800068981496
            ],
            [
              -89.40902896265557,
              43.074801841119005
            ],
            [
              -89.4090298849499,
              43.07481613668114
            ],
            [
              -89.40925914633664,
              43.07481800059485
            ],
            [
              -89.40926090078744,
              43.07481810064227
            ],
            [
              -89.40926263712149,
              43.074818371291954
            ],
            [
              -89.40926433878941,
              43.07481880996429
            ],
            [
              -89.40926598957229,
              43.074819412478206
            ],
            [
              -89.4092675737362,
              43.07482017309102
            ],
            [
              -89.40926907618216,
              43.07482108455319
            ],
            [
              -89.40927048259006,
              43.074822138177396
            ],
            [
              -89.40927177955516,
              43.074823323921336
            ],
            [
              -89.40927295471582,
              43.07482463048344
            ],
            [
              -89.40927399687136,
              43.07482604541063
            ],
            [
              -89.40927489608882,
              43.074827555216956
            ],
            [
              -89.40927557538213,
              43.074829
            ],
            [
              -89.40935,
              43.074829
            ],
            [
              -89.4093517439536,
              43.07482908468181
            ],
            [
              -89.40935347149815,
              43.07482933793045
            ],
            [
              -89.40935516637909,
              43.0748297573631
            ],
            [
              -89.4093568126491,
              43.07483033903326
            ],
            [
              -89.40935839481827,
              43.07483107746796
            ],
            [
              -89.40935989799983,
              43.0748319657192
            ],
            [
              -89.40936130805025,
              43.074832995429325
            ],
            [
              -89.40936261170219,
              43.07483415690972
            ],
            [
              -89.4093637966895,
              43.07483543923191
            ],
            [
              -89.40936485186252,
              43.0748368303304
            ],
            [
              -89.40936576729302,
              43.074838317116225
            ],
            [
              -89.40936653436766,
              43.074839885600085
            ],
            [
              -89.40936714586894,
              43.07484152102398
            ],
            [
              -89.40936759604321,
              43.07484320800004
            ],
            [
              -89.40936788065471,
              43.074844930655374
            ],
            [
              -89.40936799702554,
              43.074846672781355
            ],
            [
              -89.40936899702554,
              43.07490167278136
            ],
            [
              -89.40936894530007,
              43.07490340221441
            ],
            [
              -89.40936872776813,
              43.07490511869163
            ],
            [
              -89.40936834643956,
              43.07490680635355
            ],
            [
              -89.40936780483771,
              43.07490844960692
            ],
            [
              -89.40936710796673,
              43.07491003326883
            ],
            [
              -89.40936626226537,
              43.07491154270694
            ],
            [
              -89.40936527554756,
              43.07491296397475
            ],
            [
              -89.4093641569301,
              43.07491428394035
            ],
            [
              -89.40936291674853,
              43.074915490407875
            ],
            [
              -89.4093623587412,
              43.07491593747191
            ]
          ]
        ]
      },
      "properties": {
        "building": "university",
        "name": "Nutritional Sciences",
        "@id": "way/38855842",
        "addr:street": "Linden Drive",
        "addr:housenumber": "1415",
        "person_counts": [
          0,
          0,
          0,
          0,
          0,
          0,
          0,
          0,
          0,
          0,
          0,
          0,
          0,
          0,
          0,
          0,
          0,
          0,
          0,
          0,
          0,
          29,
          29,
          29,
          29,
          29,
          29,
          29,
          29,
          29,
          29,
          29,
          29,
          29,
          29,
          29,
          29,
          29,
          29,
          29,
          29,
          29,
          29,
          29,
          29,
          29,
          0,
          0,
          0,
          0,
          0,
          0,
          0,
          0,
          0,
          0,
          0,
          0,
          0,
          0,
          0,
          0,
          0,
          0,
          0,
          0,
          0,
          0,
          0,
          0,
          0,
          0,
          0,
          0,
          0,
          0,
          0,
          0,
          0,
          0,
          0,
          0,
          0,
          0,
          0,
          0,
          0,
          0,
          0,
          0,
          0,
          0,
          0,
          0,
          0,
          0,
          0,
          0,
          0,
          0,
          0,
          0,
          0,
          0,
          0,
          0,
          0,
          0,
          0,
          0,
          0,
          0,
          0,
          0,
          0,
          0,
          0,
          0,
          0,
          0,
          0,
          0,
          0,
          0,
          0,
          0,
          0,
          0,
          0,
          0,
          0,
          0,
          0,
          0,
          0,
          0,
          0,
          0,
          0,
          0,
          0,
          0,
          0,
          0,
          0,
          0,
          0,
          0,
          0,
          0,
          0,
          0,
          0,
          0,
          0,
          0,
          0,
          0,
          0,
          0,
          0,
          0,
          0,
          0,
          0,
          0,
          0,
          0,
          0,
          0,
          0,
          0,
          0,
          0,
          0,
          0,
          0,
          0,
          0,
          0,
          0,
          0,
          0,
          0,
          0
        ],
        "instructor_counts": [
          0,
          0,
          0,
          0,
          0,
          0,
          0,
          0,
          0,
          0,
          0,
          0,
          0,
          0,
          0,
          0,
          0,
          0,
          0,
          0,
          0,
          2,
          2,
          2,
          2,
          2,
          2,
          2,
          2,
          2,
          2,
          2,
          2,
          2,
          2,
          2,
          2,
          2,
          2,
          2,
          2,
          2,
          2,
          2,
          2,
          2,
          0,
          0,
          0,
          0,
          0,
          0,
          0,
          0,
          0,
          0,
          0,
          0,
          0,
          0,
          0,
          0,
          0,
          0,
          0,
          0,
          0,
          0,
          0,
          0,
          0,
          0,
          0,
          0,
          0,
          0,
          0,
          0,
          0,
          0,
          0,
          0,
          0,
          0,
          0,
          0,
          0,
          0,
          0,
          0,
          0,
          0,
          0,
          0,
          0,
          0,
          0,
          0,
          0,
          0,
          0,
          0,
          0,
          0,
          0,
          0,
          0,
          0,
          0,
          0,
          0,
          0,
          0,
          0,
          0,
          0,
          0,
          0,
          0,
          0,
          0,
          0,
          0,
          0,
          0,
          0,
          0,
          0,
          0,
          0,
          0,
          0,
          0,
          0,
          0,
          0,
          0,
          0,
          0,
          0,
          0,
          0,
          0,
          0,
          0,
          0,
          0,
          0,
          0,
          0,
          0,
          0,
          0,
          0,
          0,
          0,
          0,
          0,
          0,
          0,
          0,
          0,
          0,
          0,
          0,
          0,
          0,
          0,
          0,
          0,
          0,
          0,
          0,
          0,
          0,
          0,
          0,
          0,
          0,
          0,
          0,
          0,
          0,
          0,
          0
        ]
      }
    },
    {
      "type": "Feature",
      "geometry": {
        "type": "Polygon",
        "coordinates": [
          [
            [
              -89.40426100548446,
              43.07167855569098
            ],
            [
              -89.40426255006942,
              43.071616
            ],
            [
              -89.404257,
              43.071616
            ],
            [
              -89.40425522220367,
              43.07161591199152
            ],
            [
              -89.40425346179192,
              43.07161564882669
            ],
            [
              -89.40425173597933,
              43.071615213078935
            ],
            [
              -89.4042500616421,
              43.071614609009295
            ],
            [
              -89.40424845515315,
              43.071613842524805
            ],
            [
              -89.40424693222185,
              43.0716129211207
            ],
            [
              -89.40424550774054,
              43.07161185380715
            ],
            [
              -89.40424419563881,
              43.07161065102108
            ],
            [
              -89.40424300874734,
              43.07160932452423
            ],
            [
              -89.40424195867242,
              43.071607887288025
            ],
            [
              -89.40424105568242,
              43.0716063533668
            ],
            [
              -89.40424030860744,
              43.071604737760346
            ],
            [
              -89.40423972475291,
              43.071603056267215
            ],
            [
              -89.40423930982818,
              43.07160132533026
            ],
            [
              -89.4042390678907,
              43.07159956187584
            ],
            [
              -89.4042390013063,
              43.07159778314827
            ],
            [
              -89.40424100130629,
              43.07143178314827
            ],
            [
              -89.40424110774428,
              43.07143003348386
            ],
            [
              -89.40424138386354,
              43.0714283024689
            ],
            [
              -89.40424182704544,
              43.071426606519495
            ],
            [
              -89.4042424330871,
              43.07142496171917
            ],
            [
              -89.40424319624111,
              43.071423383666385
            ],
            [
              -89.4042441092701,
              43.07142188732662
            ],
            [
              -89.40424516351534,
              43.07142048689042
            ],
            [
              -89.40424634897892,
              43.07141919563881
            ],
            [
              -89.40424765441847,
              43.07141802581738
            ],
            [
              -89.40424906745388,
              43.07141698852014
            ],
            [
              -89.4042505746846,
              43.071416093584304
            ],
            [
              -89.40425216181681,
              43.07141534949698
            ],
            [
              -89.40425381379895,
              43.07141476331474
            ],
            [
              -89.40425551496443,
              43.07141434059664
            ],
            [
              -89.40425724918026,
              43.07141408535152
            ],
            [
              -89.404259,
              43.071414000000004
            ],
            [
              -89.40426626275962,
              43.071414000000004
            ],
            [
              -89.40426700194605,
              43.07136373532274
            ],
            [
              -89.4042671137044,
              43.071361979992595
            ],
            [
              -89.40426739624785,
              43.07136024395024
            ],
            [
              -89.40426784687853,
              43.07135854377206
            ],
            [
              -89.40426846129365,
              43.07135689569199
            ],
            [
              -89.40426923362658,
              43.07135531544653
            ],
            [
              -89.40427015650276,
              43.07135381812446
            ],
            [
              -89.40427122111024,
              43.071352418022755
            ],
            [
              -89.40427241728374,
              43.07135112851013
            ],
            [
              -89.40427373360176,
              43.07134996189933
            ],
            [
              -89.40427515749556,
              43.071348929329595
            ],
            [
              -89.40427667536932,
              43.07134804066029
            ],
            [
              -89.40427827272977,
              43.071347304376765
            ],
            [
              -89.40427993432473,
              43.07134672750933
            ],
            [
              -89.40428164428867,
              43.07134631556613
            ],
            [
              -89.4042833862942,
              43.07134607248055
            ],
            [
              -89.404285143708,
              43.071346000573676
            ],
            [
              -89.404786143708,
              43.07135000057367
            ],
            [
              -89.40478793974702,
              43.07135010482239
            ],
            [
              -89.40478971640881,
              43.07135038783643
            ],
            [
              -89.40479145594522,
              43.07135084678859
            ],
            [
              -89.40479314097904,
              43.071351477094126
            ],
            [
              -89.40479475467745,
              43.07135227245656
            ],
            [
              -89.40479628092034,
              43.071353224930554
            ],
            [
              -89.40479770446113,
              43.07135432500129
            ],
            [
              -89.40479901107926,
              43.07135556167952
            ],
            [
              -89.40480018772219,
              43.07135692261135
            ],
            [
              -89.40480122263571,
              43.07135839420165
            ],
            [
              -89.40480210548151,
              43.07135996174984
            ],
            [
              -89.40480282744029,
              43.07136160959678
            ],
            [
              -89.40480338130001,
              43.07136332128116
            ],
            [
              -89.40480376152784,
              43.07136507970398
            ],
            [
              -89.40480396432547,
              43.07136686729933
            ],
            [
              -89.40480398766701,
              43.071368666209885
            ],
            [
              -89.40480299537278,
              43.0713954581541
            ],
            [
              -89.40479899826414,
              43.07168324997589
            ],
            [
              -89.40479888783922,
              43.071685006292164
            ],
            [
              -89.40479860643964,
              43.071686743432004
            ],
            [
              -89.40479815675508,
              43.07168844479155
            ],
            [
              -89.40479754308369,
              43.071690094108966
            ],
            [
              -89.40479677129102,
              43.07169167561983
            ],
            [
              -89.40479584875399,
              43.071693174207816
            ],
            [
              -89.40479478429036,
              43.0716945755492
            ],
            [
              -89.4047935880744,
              43.071695866249755
            ],
            [
              -89.40479227153975,
              43.07169703397277
            ],
            [
              -89.40479084727004,
              43.071698067556966
            ],
            [
              -89.40478932887864,
              43.071698957123196
            ],
            [
              -89.40478773087857,
              43.071699694168856
            ],
            [
              -89.40478606854374,
              43.07170027164915
            ],
            [
              -89.40478435776303,
              43.07170068404443
            ],
            [
              -89.40478261488832,
              43.07170092741297
            ],
            [
              -89.40478085657826,
              43.07170099942861
            ],
            [
              -89.40427885657826,
              43.07169699942861
            ],
            [
              -89.40427707431506,
              43.071696896696274
            ],
            [
              -89.40427531099381,
              43.07169661792364
            ],
            [
              -89.40427358395937,
              43.07169616585284
            ],
            [
              -89.40427191019963,
              43.07169554493066
            ],
            [
              -89.40427030617849,
              43.07169476126478
            ],
            [
              -89.40426878767386,
              43.07169382256371
            ],
            [
              -89.40426736962246,
              43.07169273806094
            ],
            [
              -89.40426606597292,
              43.07169151842416
            ],
            [
              -89.40426488954853,
              43.07169017565028
            ],
            [
              -89.40426385192116,
              43.07168872294747
            ],
            [
              -89.40426296329741,
              43.07168717460518
            ],
            [
              -89.40426223241818,
              43.07168554585365
            ],
            [
              -89.40426166647276,
              43.07168385271402
            ],
            [
              -89.40426127102805,
              43.07168211184082
            ],
            [
              -89.40426104997381,
              43.07168034035809
            ],
            [
              -89.40426100548446,
              43.07167855569098
            ]
          ]
        ]
      },
      "properties": {
        "building": "university",
        "name": "Noland Hall",
        "@id": "way/139958467",
        "addr:street": "North Mills Street",
        "addr:housenumber": "250",
        "person_counts": [
          0,
          0,
          0,
          0,
          0,
          0,
          0,
          0,
          0,
          0,
          0,
          0,
          0,
          0,
          0,
          0,
          0,
          0,
          0,
          0,
          0,
          0,
          0,
          0,
          0,
          0,
          0,
          0,
          0,
          0,
          0,
          0,
          0,
          0,
          0,
          0,
          0,
          0,
          0,
          0,
          0,
          0,
          0,
          0,
          0,
          0,
          0,
          0,
          0,
          58,
          58,
          58,
          58,
          58,
          58,
          58,
          58,
          58,
          58,
          58,
          58,
          58,
          58,
          58,
          58,
          58,
          58,
          58,
          58,
          58,
          58,
          58,
          58,
          58,
          0,
          0,
          0,
          25,
          25,
          25,
          25,
          25,
          25,
          25,
          25,
          25,
          25,
          25,
          25,
          25,
          25,
          25,
          25,
          25,
          25,
          25,
          25,
          25,
          25,
          25,
          25,
          25,
          0,
          0,
          0,
          115,
          115,
          115,
          115,
          115,
          115,
          115,
          115,
          115,
          115,
          115,
          115,
          115,
          115,
          115,
          115,
          115,
          115,
          115,
          115,
          115,
          115,
          115,
          115,
          115,
          0,
          0,
          0,
          200,
          200,
          200,
          200,
          200,
          200,
          200,
          200,
          200,
          200,
          200,
          200,
          200,
          200,
          200,
          200,
          200,
          200,
          200,
          200,
          200,
          200,
          200,
          200,
          200,
          0,
          0,
          0,
          0,
          0,
          0,
          0,
          0,
          0,
          0,
          0,
          0,
          0,
          0,
          0,
          0,
          0,
          0,
          0,
          0,
          0,
          0,
          0,
          0,
          0,
          0,
          0
        ],
        "instructor_counts": [
          0,
          0,
          0,
          0,
          0,
          0,
          0,
          0,
          0,
          0,
          0,
          0,
          0,
          0,
          0,
          0,
          0,
          0,
          0,
          0,
          0,
          0,
          0,
          0,
          0,
          0,
          0,
          0,
          0,
          0,
          0,
          0,
          0,
          0,
          0,
          0,
          0,
          0,
          0,
          0,
          0,
          0,
          0,
          0,
          0,
          0,
          0,
          0,
          0,
          2,
          2,
          2,
          2,
          2,
          2,
          2,
          2,
          2,
          2,
          2,
          2,
          2,
          2,
          2,
          2,
          2,
          2,
          2,
          2,
          2,
          2,
          2,
          2,
          2,
          0,
          0,
          0,
          1,
          1,
          1,
          1,
          1,
          1,
          1,
          1,
          1,
          1,
          1,
          1,
          1,
          1,
          1,
          1,
          1,
          1,
          1,
          1,
          1,
          1,
          1,
          1,
          1,
          0,
          0,
          0,
          23,
          23,
          23,
          23,
          23,
          23,
          23,
          23,
          23,
          23,
          23,
          23,
          23,
          23,
          23,
          23,
          23,
          23,
          23,
          23,
          23,
          23,
          23,
          23,
          23,
          0,
          0,
          0,
          7,
          7,
          7,
          7,
          7,
          7,
          7,
          7,
          7,
          7,
          7,
          7,
          7,
          7,
          7,
          7,
          7,
          7,
          7,
          7,
          7,
          7,
          7,
          7,
          7,
          0,
          0,
          0,
          0,
          0,
          0,
          0,
          0,
          0,
          0,
          0,
          0,
          0,
          0,
          0,
          0,
          0,
          0,
          0,
          0,
          0,
          0,
          0,
          0,
          0,
          0,
          0
        ]
      }
    },
    {
      "type": "Feature",
      "geometry": {
        "type": "Polygon",
        "coordinates": [
          [
            [
              -89.41123699793424,
              43.073648272695976
            ],
            [
              -89.41123523577068,
              43.07376457549018
            ],
            [
              -89.41123605216917,
              43.07376506835927
            ],
            [
              -89.41123747534901,
              43.07376613218239
            ],
            [
              -89.41123878670933,
              43.073767331138
            ],
            [
              -89.41123997347185,
              43.07376865354309
            ],
            [
              -89.41124102407235,
              43.07377008651171
            ],
            [
              -89.41124192827344,
              43.073771616080556
            ],
            [
              -89.4112426772643,
              43.073773227345015
            ],
            [
              -89.41124326374651,
              43.07377490460441
            ],
            [
              -89.41124368200522,
              43.07377663151498
            ],
            [
              -89.41124392796476,
              43.073778391249164
            ],
            [
              -89.41124399922845,
              43.073780166659525
            ],
            [
              -89.41124299922845,
              43.07388816665952
            ],
            [
              -89.41124289733567,
              43.073889919733276
            ],
            [
              -89.41124262510613,
              43.073891654536084
            ],
            [
              -89.41124218513075,
              43.07389335455708
            ],
            [
              -89.41124158159694,
              43.07389500361641
            ],
            [
              -89.41124082024884,
              43.07389658601926
            ],
            [
              -89.4112399083325,
              43.073898086705206
            ],
            [
              -89.41123885452704,
              43.07389949139157
            ],
            [
              -89.411237668862,
              43.07390078670934
            ],
            [
              -89.41123636262185,
              43.073901960330396
            ],
            [
              -89.4112357904558,
              43.07390238135093
            ],
            [
              -89.41123399805394,
              43.07402426467727
            ],
            [
              -89.41123388638425,
              43.07402601922217
            ],
            [
              -89.41123360408189,
              43.074027754504066
            ],
            [
              -89.41123315383996,
              43.07402945396872
            ],
            [
              -89.41123253995367,
              43.074031101403556
            ],
            [
              -89.41123176827941,
              43.07403268109236
            ],
            [
              -89.41123084617877,
              43.07403417796521
            ],
            [
              -89.41122978244843,
              43.07403557774222
            ],
            [
              -89.41122858723618,
              43.07403686706979
            ],
            [
              -89.41122727194411,
              43.07403803364799
            ],
            [
              -89.41122584911986,
              43.074039066347865
            ],
            [
              -89.41122433233689,
              43.07403995531767
            ],
            [
              -89.41122273606501,
              43.07404069207681
            ],
            [
              -89.41122107553238,
              43.07404126959673
            ],
            [
              -89.41121936658013,
              43.074041682368005
            ],
            [
              -89.41121762551136,
              43.07404192645288
            ],
            [
              -89.41121586893551,
              43.074041999522834
            ],
            [
              -89.41080386893552,
              43.074038999522834
            ],
            [
              -89.41080384874483,
              43.07403899936449
            ],
            [
              -89.41056584874484,
              43.07403699936449
            ],
            [
              -89.41056407705861,
              43.07403689699127
            ],
            [
              -89.41056232406379,
              43.07403662065529
            ],
            [
              -89.4105606067999,
              43.074036173042614
            ],
            [
              -89.41055894195912,
              43.07403555850413
            ],
            [
              -89.41055734572407,
              43.07403478301328
            ],
            [
              -89.41055583361053,
              43.074033854108016
            ],
            [
              -89.41055442031654,
              43.074032780817504
            ],
            [
              -89.41055311957969,
              43.074031573574366
            ],
            [
              -89.41055194404338,
              43.07403024411328
            ],
            [
              -89.41055090513412,
              43.0740288053569
            ],
            [
              -89.41055001295032,
              43.07402727129026
            ],
            [
              -89.41054927616422,
              43.07402565682483
            ],
            [
              -89.41054870193754,
              43.07402397765358
            ],
            [
              -89.4105482958519,
              43.07402225009842
            ],
            [
              -89.41054806185451,
              43.07402049095158
            ],
            [
              -89.41054800221993,
              43.074018717312356
            ],
            [
              -89.41055100236622,
              43.073827708146474
            ],
            [
              -89.41055400236623,
              43.07364270814647
            ],
            [
              -89.41055411654912,
              43.073640954960965
            ],
            [
              -89.41055440110485,
              43.073639221258226
            ],
            [
              -89.41055485332248,
              43.07363752355497
            ],
            [
              -89.41055546889383,
              43.073635878024945
            ],
            [
              -89.41055624195442,
              43.07363430034485
            ],
            [
              -89.41055716513945,
              43.07363280554501
            ],
            [
              -89.41055822965386,
              43.073631407866145
            ],
            [
              -89.4105594253562,
              43.07363012062372
            ],
            [
              -89.4105607408552,
              43.07362895608109
            ],
            [
              -89.4105621636183,
              43.07362792533267
            ],
            [
              -89.41056368009107,
              43.07362703819824
            ],
            [
              -89.4105652758263,
              43.07362630312939
            ],
            [
              -89.41056693562169,
              43.073625727129006
            ],
            [
              -89.4105686436646,
              43.07362531568455
            ],
            [
              -89.4105703836828,
              43.0736250727158
            ],
            [
              -89.4105721390994,
              43.07362500053747
            ],
            [
              -89.4112191390994,
              43.07363000053747
            ],
            [
              -89.4112209109888,
              43.073630101728526
            ],
            [
              -89.41122266430015,
              43.07363037692125
            ],
            [
              -89.41122438198826,
              43.07363082344032
            ],
            [
              -89.41122604735428,
              43.073631436944794
            ],
            [
              -89.411227644208,
              43.07363221147036
            ],
            [
              -89.41122915702532,
              43.07363313948733
            ],
            [
              -89.41123057109904,
              43.07363421197378
            ],
            [
              -89.41123187268198,
              43.07363541850332
            ],
            [
              -89.41123304912054,
              43.07363674734644
            ],
            [
              -89.41123408897772,
              43.07363818558451
            ],
            [
              -89.41123498214435,
              43.07363971923541
            ],
            [
              -89.41123571993731,
              43.07364133338944
            ],
            [
              -89.41123629518403,
              43.07364301235428
            ],
            [
              -89.41123670229209,
              43.07364473980753
            ],
            [
              -89.41123693730373,
              43.0736464989554
            ],
            [
              -89.41123699793424,
              43.073648272695976
            ]
          ]
        ]
      },
      "properties": {
        "building": "university",
        "name": "DeLuca Biochemistry Building",
        "@id": "way/412585896",
        "addr:street": "Henry Mall",
        "addr:housenumber": "420",
        "person_counts": [
          0,
          0,
          0,
          0,
          0,
          0,
          0,
          0,
          0,
          0,
          0,
          0,
          0,
          0,
          0,
          0,
          0,
          0,
          0,
          0,
          0,
          0,
          0,
          0,
          0,
          0,
          0,
          0,
          0,
          0,
          0,
          0,
          0,
          0,
          0,
          0,
          0,
          0,
          0,
          0,
          0,
          0,
          0,
          0,
          0,
          0,
          0,
          0,
          0,
          93,
          93,
          93,
          93,
          93,
          93,
          93,
          93,
          93,
          93,
          93,
          93,
          93,
          93,
          93,
          93,
          93,
          93,
          93,
          93,
          93,
          93,
          93,
          93,
          93,
          0,
          0,
          0,
          0,
          0,
          0,
          0,
          0,
          0,
          0,
          0,
          0,
          0,
          0,
          0,
          0,
          0,
          0,
          0,
          0,
          0,
          0,
          0,
          0,
          0,
          0,
          0,
          0,
          0,
          0,
          0,
          0,
          0,
          0,
          0,
          0,
          0,
          0,
          0,
          0,
          0,
          0,
          0,
          0,
          0,
          0,
          0,
          0,
          0,
          0,
          0,
          0,
          0,
          0,
          0,
          0,
          0,
          0,
          0,
          133,
          133,
          133,
          133,
          133,
          133,
          133,
          133,
          133,
          133,
          133,
          133,
          133,
          133,
          133,
          133,
          133,
          133,
          133,
          133,
          133,
          133,
          133,
          133,
          133,
          0,
          0,
          0,
          0,
          0,
          0,
          0,
          0,
          0,
          0,
          0,
          0,
          0,
          0,
          0,
          0,
          0,
          0,
          0,
          0,
          0,
          0,
          0,
          0,
          0,
          0,
          0
        ],
        "instructor_counts": [
          0,
          0,
          0,
          0,
          0,
          0,
          0,
          0,
          0,
          0,
          0,
          0,
          0,
          0,
          0,
          0,
          0,
          0,
          0,
          0,
          0,
          0,
          0,
          0,
          0,
          0,
          0,
          0,
          0,
          0,
          0,
          0,
          0,
          0,
          0,
          0,
          0,
          0,
          0,
          0,
          0,
          0,
          0,
          0,
          0,
          0,
          0,
          0,
          0,
          3,
          3,
          3,
          3,
          3,
          3,
          3,
          3,
          3,
          3,
          3,
          3,
          3,
          3,
          3,
          3,
          3,
          3,
          3,
          3,
          3,
          3,
          3,
          3,
          3,
          0,
          0,
          0,
          0,
          0,
          0,
          0,
          0,
          0,
          0,
          0,
          0,
          0,
          0,
          0,
          0,
          0,
          0,
          0,
          0,
          0,
          0,
          0,
          0,
          0,
          0,
          0,
          0,
          0,
          0,
          0,
          0,
          0,
          0,
          0,
          0,
          0,
          0,
          0,
          0,
          0,
          0,
          0,
          0,
          0,
          0,
          0,
          0,
          0,
          0,
          0,
          0,
          0,
          0,
          0,
          0,
          0,
          0,
          0,
          2,
          2,
          2,
          2,
          2,
          2,
          2,
          2,
          2,
          2,
          2,
          2,
          2,
          2,
          2,
          2,
          2,
          2,
          2,
          2,
          2,
          2,
          2,
          2,
          2,
          0,
          0,
          0,
          0,
          0,
          0,
          0,
          0,
          0,
          0,
          0,
          0,
          0,
          0,
          0,
          0,
          0,
          0,
          0,
          0,
          0,
          0,
          0,
          0,
          0,
          0,
          0
        ]
      }
    }
  ],
  "metadata": {
    "total_buildings": 31,
    "total_meetings": 523,
    "max_persons": 923,
    "total_chunks": 185,
    "chunk_duration_minutes": 5,
    "start_time": 1765886400000,
    "end_time": 1765941900000,
    "total_persons": [
      525,
      525,
      525,
      525,
      525,
      525,
      525,
      525,
      525,
      525,
      525,
      525,
      525,
      525,
      525,
      525,
      525,
      525,
      525,
      525,
      525,
      3563,
      3563,
      3563,
      3582,
      3582,
      3582,
      3582,
      3582,
      3582,
      3582,
      3582,
      3582,
      3582,
      3681,
      3681,
      3681,
      3681,
      3681,
      3681,
      3681,
      3681,
      3681,
      3681,
      3681,
      3582,
      544,
      643,
      643,
      3243,
      3243,
      3243,
      3243,
      3243,
      3243,
      3243,
      3243,
      3243,
      3243,
      3243,
      3243,
      3243,
      3243,
      3243,
      3243,
      3243,
      3243,
      3243,
      3243,
      3243,
      3243,
      3144,
      3144,
      3144,
      544,
      544,
      544,
      3094,
      3094,
      3094,
      3094,
      3094,
      3094,
      3094,
      3094,
      3094,
      3094,
      3094,
      3121,
      3121,
      3121,
      3121,
      3121,
      3121,
      3121,
      3121,
      3121,
      3121,
      3121,
      3094,
      3094,
      3094,
      544,
      544,
      544,
      2466,
      2466,
      2466,
      2466,
      2466,
      2466,
      2466,
      2466,
      2466,
      2466,
      2466,
      2466,
      2466,
      2466,
      2466,
      2466,
      2466,
      2466,
      2466,
      2466,
      2466,
      2466,
      2466,
      2558,
      2558,
      636,
      636,
      663,
      2623,
      2623,
      2623,
      2623,
      2623,
      2623,
      2623,
      2623,
      2623,
      2623,
      2623,
      2623,
      2623,
      2623,
      2623,
      2623,
      2623,
      2623,
      2596,
      2596,
      2596,
      2596,
      2596,
      2596,
      2596,
      92,
      92,
      62,
      643,
      643,
      643,
      643,
      643,
      643,
      643,
      643,
      643,
      643,
      643,
      643,
      643,
      643,
      643,
      643,
      643,
      643,
      643,
      643,
      643,
      643,
      643,
      643
    ],
    "total_instructors": [
      3,
      3,
      3,
      3,
      3,
      3,
      3,
      3,
      3,
      3,
      3,
      3,
      3,
      3,
      3,
      3,
      3,
      3,
      3,
      3,
      3,
      107,
      107,
      107,
      112,
      112,
      112,
      112,
      112,
      112,
      112,
      112,
      112,
      112,
      121,
      121,
      121,
      121,
      121,
      121,
      121,
      121,
      121,
      121,
      121,
      112,
      8,
      30,
      30,
      113,
      113,
      113,
      113,
      113,
      113,
      113,
      113,
      113,
      113,
      113,
      113,
      113,
      113,
      113,
      113,
      113,
      113,
      113,
      113,
      113,
      113,
      91,
      91,
      91,
      8,
      8,
      8,
      84,
      84,
      84,
      84,
      84,
      84,
      84,
      84,
      84,
      84,
      84,
      87,
      87,
      87,
      87,
      87,
      87,
      87,
      87,
      87,
      87,
      87,
      84,
      84,
      84,
      8,
      8,
      8,
      63,
      63,
      63,
      63,
      63,
      63,
      63,
      63,
      63,
      63,
      63,
      63,
      63,
      63,
      63,
      63,
      63,
      63,
      63,
      63,
      63,
      63,
      63,
      66,
      66,
      11,
      11,
      12,
      75,
      75,
      75,
      75,
      75,
      75,
      75,
      75,
      75,
      75,
      75,
      75,
      75,
      75,
      75,
      75,
      75,
      75,
      74,
      74,
      74,
      74,
      74,
      74,
      74,
      3,
      3,
      2,
      26,
      26,
      26,
      26,
      26,
      26,
      26,
      26,
      26,
      26,
      26,
      26,
      26,
      26,
      26,
      26,
      26,
      26,
      26,
      26,
      26,
      26,
      26,
      26
    ]
  }
}